Suburb,Type,Regionname,Rooms,Distance,Price,pred_Random_Forest,pred_Gradient_Boosting,pred_HistGradientBoosting,suburbio_nuevo
Abbotsford,h,Northern Metropolitan,3,2.5,1465000.0,1335580.1441523784,1398576.1981459265,1337256.4121195301,False
Abbotsford,h,Northern Metropolitan,3,2.5,850000.0,1242861.2772339052,1128000.0915370483,1171751.5429026913,False
Abbotsford,h,Northern Metropolitan,4,2.5,1330000.0,1971261.211002882,2160530.2217199826,2165410.6232730215,False
Abbotsford,t,Northern Metropolitan,3,2.5,900000.0,963657.9552503129,1173959.8971309392,1134488.3030313612,False
Abbotsford,u,Northern Metropolitan,3,2.5,1090000.0,841404.3536442865,1128716.4112202937,915234.9766948611,False
Abbotsford,h,Northern Metropolitan,3,2.5,1290000.0,1157107.3354400054,1409877.223585853,1505010.0644159685,False
Abbotsford,h,Northern Metropolitan,3,2.5,1290000.0,1198751.0536221052,1214594.0653101853,1234792.8605492054,False
Airport West,h,Western Metropolitan,3,13.5,770000.0,705276.754458333,661533.7199666639,703510.0615294771,False
Airport West,h,Western Metropolitan,2,13.5,603000.0,536435.5709589366,607436.4307162585,593794.7437743277,False
Airport West,t,Western Metropolitan,3,13.5,700000.0,655609.4716844986,672160.8621168227,669001.6118005574,False
Airport West,h,Western Metropolitan,3,13.5,600000.0,598671.3664943217,628350.1935669605,632405.7072476887,False
Airport West,u,Western Metropolitan,2,13.5,500000.0,464855.25171331724,440797.126228529,456861.85098261206,False
Airport West,u,Western Metropolitan,3,13.5,752000.0,530406.9837981769,595003.8420726459,590117.4167056931,False
Airport West,h,Western Metropolitan,3,13.5,810000.0,788302.5671145737,728183.4883911591,781646.4064132129,False
Airport West,h,Western Metropolitan,3,13.5,715000.0,665376.4730869246,693297.9200747203,655124.7103291097,False
Airport West,h,Western Metropolitan,3,13.5,790000.0,722736.8773347447,783504.9037191531,816259.8053470363,False
Airport West,h,Western Metropolitan,3,13.5,720000.0,698946.237231917,695622.9459712743,697025.3603727011,False
Albert Park,h,Southern Metropolitan,3,3.3,2850000.0,2148593.7611105274,2109884.391648707,2037383.9419624761,False
Albert Park,h,Southern Metropolitan,3,3.3,1850000.0,1653206.7887186804,1799876.0874120607,1747123.6520239185,False
Albert Park,h,Southern Metropolitan,2,3.3,1436000.0,1344601.0201044485,1292178.7904849206,1344312.5395031348,False
Albert Park,h,Southern Metropolitan,3,3.3,1900000.0,1788528.5235802382,1893573.1986790588,1892840.317229499,False
Albert Park,h,Southern Metropolitan,3,3.3,3010000.0,1863208.277765748,2012099.6073666099,2101093.5902785775,False
Albert Park,u,Southern Metropolitan,1,3.3,442500.0,357799.94920568285,417371.3718982644,409389.0919467859,False
Albert Park,h,Southern Metropolitan,4,3.3,4735000.0,2239302.714202804,2953156.0573564395,2851906.6174554885,False
Albert Park,h,Southern Metropolitan,2,3.3,1340000.0,1339126.2432022959,1340773.0274742784,1260837.5843232048,False
Albert Park,h,Southern Metropolitan,3,3.3,1801000.0,1760220.5238401403,1807368.9679253388,1814771.5681266368,False
Alphington,h,Northern Metropolitan,3,6.4,1492000.0,1258892.9133463665,1353738.0064435352,1314781.0399102333,False
Alphington,u,Northern Metropolitan,2,6.4,820000.0,576677.7501286354,627468.4949422401,629597.6206943224,False
Alphington,u,Northern Metropolitan,2,6.4,512000.0,475249.1199938449,470512.62833516713,465844.0583871207,False
Altona,h,Western Metropolitan,3,13.8,1120000.0,749109.94831338,816836.765297372,882747.1192076743,False
Altona,t,Western Metropolitan,3,13.8,705000.0,622675.497433988,637819.8475862689,584067.7243218235,False
Altona,u,Western Metropolitan,2,13.8,391000.0,406559.4990286845,423015.9868189247,406637.73402898264,False
Altona,u,Western Metropolitan,2,13.8,440000.0,435558.47425353865,462679.6475200472,451010.0523243303,False
Altona,h,Western Metropolitan,4,13.8,845000.0,941979.006852898,1050326.56205252,1095487.942906814,False
Altona,h,Western Metropolitan,3,13.8,840000.0,672967.094365558,706324.4772609368,677485.1464307234,False
Altona,h,Western Metropolitan,4,13.8,1030000.0,1020467.893285895,1125122.4358559716,1093637.0648545048,False
Altona,u,Western Metropolitan,3,13.8,605000.0,602473.0177220983,592086.2071345063,606396.5479525526,False
Altona North,h,Western Metropolitan,3,11.1,750000.0,684485.3641515214,765319.3125664841,721211.1523665652,False
Altona North,t,Western Metropolitan,2,11.1,421000.0,464097.2611072686,512464.10333618295,458106.5729974506,False
Altona North,h,Western Metropolitan,3,11.1,1405000.0,762097.9604393211,804868.9964617826,761573.3185619116,False
Altona North,t,Western Metropolitan,2,11.1,640000.0,610442.1246757258,627463.3838105433,598244.4349689453,False
Altona North,h,Western Metropolitan,3,11.1,815000.0,738846.2199786265,810520.6142450091,809975.7459622215,False
Altona North,h,Western Metropolitan,4,11.1,970000.0,861899.1987857877,882577.2497424362,872985.4323581662,False
Armadale,h,Southern Metropolitan,3,6.3,1870000.0,1435680.9526243836,1459657.6774657317,1503460.1264439002,False
Armadale,u,Southern Metropolitan,2,6.3,678000.0,653486.7062280318,738306.3803510708,723044.2498223177,False
Armadale,t,Southern Metropolitan,3,6.3,1918000.0,1221420.4146717994,1343888.7064233536,1465694.620191753,False
Armadale,u,Southern Metropolitan,2,6.3,660000.0,563755.5299441625,589595.6784957956,617909.9914786422,False
Armadale,h,Southern Metropolitan,3,6.3,2050000.0,1534931.2874079808,1655940.37114349,1738655.7450402603,False
Armadale,h,Southern Metropolitan,3,6.3,2360000.0,2073722.6341239256,1692218.9728228918,1932104.4010105187,False
Armadale,h,Southern Metropolitan,2,6.3,1900000.0,1319068.7138830305,1134806.2935485044,1294678.5802007872,False
Armadale,u,Southern Metropolitan,1,6.3,440000.0,428216.3478998985,385816.39194835664,390409.74811884254,False
Armadale,u,Southern Metropolitan,2,6.3,710000.0,597962.9193356154,585729.5076342144,584666.6370950192,False
Armadale,u,Southern Metropolitan,2,6.3,872000.0,637870.7605952063,699663.3036297569,649862.5397934373,False
Armadale,u,Southern Metropolitan,2,6.3,598000.0,607466.1462844461,624426.5871276424,615553.7371549989,False
Armadale,h,Southern Metropolitan,3,6.3,1285000.0,1269052.103821455,1426997.7606784336,1334077.5921863066,False
Armadale,h,Southern Metropolitan,4,6.3,3660000.0,2093880.3666735906,2236047.6495700446,2518206.448875396,False
Ascot Vale,h,Western Metropolitan,3,5.9,1380000.0,1230234.013568044,1212312.393562673,1221349.136927246,False
Ascot Vale,u,Western Metropolitan,2,5.9,490000.0,451681.0335705529,432660.05041000695,419369.8755469633,False
Ascot Vale,h,Western Metropolitan,4,5.9,1850000.0,1554884.5689099256,1680452.9815470863,1726459.3430837544,False
Ascot Vale,h,Western Metropolitan,3,5.9,1284000.0,1204110.4810147493,1219770.547738194,1229902.148303405,False
Ascot Vale,h,Western Metropolitan,3,5.9,1440000.0,1132127.0466443212,1147291.051638735,1147923.809154422,False
Ascot Vale,h,Western Metropolitan,2,5.9,955000.0,929455.5483428937,853982.781694241,866013.9104948838,False
Ascot Vale,h,Western Metropolitan,2,5.9,1150000.0,957891.7762943545,914447.6068233112,922262.9048442334,False
Ascot Vale,h,Western Metropolitan,3,5.9,1350000.0,1096860.1471906458,1176225.865797335,1152571.3872876433,False
Ascot Vale,h,Western Metropolitan,5,5.9,1905000.0,1349177.349768004,1374771.8147767049,1398034.0763520538,False
Ascot Vale,t,Western Metropolitan,2,5.9,865000.0,733778.848697019,682887.301478026,734477.1263153319,False
Ascot Vale,u,Western Metropolitan,2,5.9,390000.0,427689.9875338862,364395.54316011607,384955.88251695526,False
Ascot Vale,h,Western Metropolitan,4,5.9,1345000.0,1234159.8311953028,1234827.4824281505,1260045.6648121332,False
Ascot Vale,h,Western Metropolitan,3,5.9,1381500.0,1313261.540162576,1326283.732404746,1350128.0016876243,False
Ashburton,u,Southern Metropolitan,2,11.0,500000.0,521425.58337484224,528662.0053965586,550124.5849102319,False
Ashburton,h,Southern Metropolitan,2,11.0,1575000.0,1500413.6057840146,1265391.9644062254,1333782.4262667361,False
Ashburton,h,Southern Metropolitan,5,11.0,3510000.0,2948128.845009558,3090760.229236397,3101029.8004146377,False
Ashburton,h,Southern Metropolitan,4,11.0,1800000.0,1966753.6997164083,2002960.5754907255,1840686.8442027054,False
Ashburton,h,Southern Metropolitan,3,11.0,1830000.0,1641339.1078862923,1811684.9339038343,1716206.0127166566,False
Ashwood,u,Southern Metropolitan,3,12.2,1045000.0,897737.2510599465,915043.8604650644,857682.4222592622,False
Ashwood,h,Southern Metropolitan,4,12.2,1200000.0,1208422.6968973288,1226564.9421245581,1087027.034454378,False
Ashwood,u,Southern Metropolitan,2,12.2,600000.0,676702.4075128234,546559.2592822417,577335.6507892432,False
Ashwood,h,Southern Metropolitan,3,12.2,1305000.0,1232982.2576717779,1230520.073190562,1234378.9932012013,False
Ashwood,h,Southern Metropolitan,3,12.2,855000.0,793047.5998152756,860700.7028384112,803568.6896558678,False
Avondale Heights,h,Western Metropolitan,3,10.5,848000.0,727318.0549718016,697299.0516293725,692836.6747901113,False
Avondale Heights,h,Western Metropolitan,4,10.5,806000.0,729473.4212574594,755471.0638186911,775815.3564374987,False
Avondale Heights,t,Western Metropolitan,2,10.5,585000.0,527685.4291143904,534555.0538798055,538471.8570722677,False
Avondale Heights,u,Western Metropolitan,2,10.5,440000.0,487344.28568672994,506331.0077350434,484890.46802071645,False
Avondale Heights,h,Western Metropolitan,3,10.5,850000.0,869395.7763984253,867410.9618284085,886673.5628101801,False
Avondale Heights,h,Western Metropolitan,3,10.5,730000.0,799138.0618256675,853538.6699474158,838299.6984159894,False
Avondale Heights,h,Western Metropolitan,3,10.5,875000.0,894720.6598116886,831084.215924174,915693.9248101999,False
Avondale Heights,h,Western Metropolitan,3,10.5,850000.0,772138.0557256135,793992.1878879665,822974.548881644,False
Balaclava,h,Southern Metropolitan,2,6.6,981000.0,1242756.2072662467,1049709.3989657725,1062923.9169263134,False
Balaclava,h,Southern Metropolitan,3,6.6,1690000.0,1961712.4196058237,1857617.8231408899,1847035.1402344387,False
Balwyn,u,Southern Metropolitan,2,9.7,812000.0,770401.5542085844,740700.4143169315,731420.0737596524,False
Balwyn,u,Southern Metropolitan,2,9.7,754000.0,606623.4782202723,564953.957015898,606469.4801117379,False
Balwyn,h,Southern Metropolitan,4,9.7,2275000.0,2232310.792162752,1980604.0408827893,1883910.9573799858,False
Balwyn,h,Southern Metropolitan,5,9.7,2810000.0,2702854.5703782723,3012635.743446195,2924646.946182157,False
Balwyn,t,Southern Metropolitan,3,9.7,1385000.0,1188101.3534500888,1337180.2926329512,1326168.5203414583,False
Balwyn North,h,Southern Metropolitan,3,9.2,2000000.0,1813417.3809535163,1788961.3383448182,1883361.8402214348,False
Balwyn North,h,Southern Metropolitan,4,9.2,1750000.0,1768871.097654107,1917445.2905234275,1750078.6057897354,False
Balwyn North,h,Southern Metropolitan,3,9.2,1450000.0,1646397.4261340934,1439875.482322449,1493669.924034366,False
Balwyn North,h,Southern Metropolitan,4,9.2,2614000.0,1979974.9420295793,2051755.3432731882,1952985.7898741018,False
Balwyn North,h,Southern Metropolitan,4,9.2,1825000.0,1685997.8124061173,1991817.4548562274,1717574.4459050288,False
Balwyn North,h,Southern Metropolitan,4,9.2,2550000.0,2232559.907100009,2139208.242144317,2093255.641764477,False
Balwyn North,h,Southern Metropolitan,4,9.2,1670000.0,1802121.2885979833,2079280.826743449,1856922.035060777,False
Balwyn North,h,Southern Metropolitan,4,9.2,1720000.0,2066998.708748162,2095951.2502803889,2107340.508668383,False
Balwyn North,h,Southern Metropolitan,4,9.2,1670000.0,2055065.2419797978,2033662.3358281434,2024505.6467426268,False
Balwyn North,h,Southern Metropolitan,2,9.2,1350000.0,1263528.2856031219,1138413.7307540926,1150890.4888177416,False
Balwyn North,h,Southern Metropolitan,4,9.2,1675000.0,1747412.5010465244,1888617.2330267103,1717379.5309492068,False
Balwyn North,t,Southern Metropolitan,4,9.2,1680000.0,1569150.6453154532,1457673.5427054851,1579841.079582353,False
Balwyn North,h,Southern Metropolitan,3,9.2,1520000.0,1482679.819469566,1555629.7475158344,1578988.38159608,False
Balwyn North,h,Southern Metropolitan,4,9.2,1250000.0,1682318.679873918,1678333.6930896414,1756646.5766509257,False
Balwyn North,h,Southern Metropolitan,6,9.2,1900000.0,1970183.8624028566,2022817.1699061762,1792401.5741297817,False
Bentleigh,h,Southern Metropolitan,4,13.0,1260000.0,1436350.786351931,1535176.6654934094,1583343.3374841241,False
Bentleigh,h,Southern Metropolitan,3,13.0,1470000.0,1338180.4673224662,1293421.6008852713,1344951.9903498888,False
Bentleigh,u,Southern Metropolitan,2,13.0,725000.0,679942.2484124573,686685.0250369622,758688.5675032353,False
Bentleigh,t,Southern Metropolitan,3,13.0,825000.0,936810.4892495086,974633.7192614567,927505.2372186795,False
Bentleigh,t,Southern Metropolitan,3,13.0,1235000.0,911977.5184499976,919226.4419248104,921986.9321422236,False
Bentleigh,h,Southern Metropolitan,3,13.0,1280000.0,1338870.550424303,1315397.9338617297,1332009.5369992943,False
Bentleigh,h,Southern Metropolitan,5,13.0,1900000.0,1642230.3345671082,1736317.588015593,1746928.4679268333,False
Bentleigh,h,Southern Metropolitan,3,13.0,1230000.0,1380150.5512136382,1343607.8084423898,1365379.6870996968,False
Bentleigh,h,Southern Metropolitan,4,13.0,1150000.0,1570358.7247150193,1388975.3294634474,1444899.1256169653,False
Bentleigh East,t,Southern Metropolitan,3,13.9,1115000.0,893274.4786674562,1001212.1525425069,923372.381475605,False
Bentleigh East,h,Southern Metropolitan,4,13.9,1190000.0,1209569.2827358015,1264368.7579082367,1235049.648056116,False
Bentleigh East,h,Southern Metropolitan,4,13.9,1270000.0,1107593.9143278832,988089.8279899661,1116576.093697426,False
Bentleigh East,u,Southern Metropolitan,3,13.9,1025000.0,841780.4932971995,983334.8398943564,950541.9559412881,False
Bentleigh East,u,Southern Metropolitan,3,13.9,740000.0,825573.3081021874,726438.9843454207,797045.9066318088,False
Bentleigh East,h,Southern Metropolitan,4,13.9,1960000.0,1192897.2776863514,1301907.800511072,1245889.6536872482,False
Bentleigh East,t,Southern Metropolitan,3,13.9,1030000.0,968165.2677596308,1081486.7470249538,1048594.8540278252,False
Bentleigh East,t,Southern Metropolitan,3,13.9,970000.0,939242.1280832996,1001172.5935451277,1011349.3857781452,False
Bentleigh East,h,Southern Metropolitan,3,13.9,930000.0,977821.3154833673,1046768.5107828474,984240.3036665354,False
Bentleigh East,h,Southern Metropolitan,4,13.9,1510000.0,1193436.518896596,1306917.0318517857,1291593.3720738036,False
Bentleigh East,t,Southern Metropolitan,3,13.9,1240000.0,1007848.116445101,1044594.4535861054,1047441.1235154796,False
Bentleigh East,h,Southern Metropolitan,3,13.9,823000.0,877029.9832059027,892532.6597792555,836390.4693947603,False
Bentleigh East,h,Southern Metropolitan,4,13.9,1310000.0,1314451.235880041,1260112.6613095968,1269400.3582380533,False
Bentleigh East,h,Southern Metropolitan,4,13.9,1475000.0,1135537.5385172146,1295944.5255680764,1163342.5996589146,False
Bentleigh East,t,Southern Metropolitan,4,13.9,950000.0,1165663.8508550124,870407.2585837418,891962.8475247079,False
Bentleigh East,t,Southern Metropolitan,4,13.9,1325000.0,1419403.0963635922,1416096.6192728512,1602183.2276102619,False
Bentleigh East,u,Southern Metropolitan,3,13.9,770000.0,832671.151306404,629769.8247265758,738359.8235517119,False
Bentleigh East,h,Southern Metropolitan,3,13.9,1110000.0,1035607.8627907792,1184094.4324161483,1184587.9434536875,False
Bentleigh East,u,Southern Metropolitan,1,13.9,380000.0,409259.09394899284,378995.8923283977,364791.82217429264,False
Bentleigh East,h,Southern Metropolitan,4,13.9,1175000.0,1124463.996319212,1200119.4066973692,1118882.3663282401,False
Bentleigh East,h,Southern Metropolitan,3,13.9,1200000.0,1137685.0003945958,1094951.6428703845,1111068.4849330138,False
Bentleigh East,h,Southern Metropolitan,4,13.9,1370000.0,1265988.1959179165,1177992.344582889,1221702.4095629547,False
Bentleigh East,h,Southern Metropolitan,4,13.9,1433500.0,1346659.2842593766,1349554.2257476659,1349645.3780005774,False
Bentleigh East,h,Southern Metropolitan,2,13.9,1630000.0,1335356.7037741719,1217480.9068860922,1473446.1371267308,False
Bentleigh East,h,Southern Metropolitan,3,13.9,1360000.0,1063764.104385875,1103281.1840661732,1035360.8527786596,False
Box Hill,u,Eastern Metropolitan,2,13.1,645000.0,590818.9316000913,591127.7826932166,562055.5297350566,False
Box Hill,u,Eastern Metropolitan,2,13.1,790000.0,601238.192223757,626096.490252655,603260.1375675212,False
Box Hill,h,Eastern Metropolitan,4,13.1,880000.0,946395.1791952022,994862.6127015384,1127185.0438377014,False
Box Hill,u,Eastern Metropolitan,1,13.1,340000.0,312367.116708308,275191.8324560765,333133.28476101905,False
Box Hill,h,Eastern Metropolitan,4,13.1,1670000.0,1443138.5316940367,1447235.4404676848,1438146.2369192664,False
Braybrook,t,Western Metropolitan,3,10.8,502000.0,575257.6700353748,532060.5314258813,535726.6042436551,False
Braybrook,h,Western Metropolitan,3,10.8,730000.0,703806.4760401843,746352.8900684656,679311.1108143385,False
Braybrook,h,Western Metropolitan,3,10.8,696000.0,625507.9979205088,629865.1608755095,612590.6757569985,False
Braybrook,h,Western Metropolitan,3,10.8,765000.0,759385.8006746355,718049.9775595744,727504.5348041286,False
Braybrook,t,Western Metropolitan,2,10.8,475000.0,493220.5383840893,519259.7124304549,523221.51229206513,False
Brighton,u,Southern Metropolitan,2,11.2,1300000.0,917398.12439764,883624.6814451438,885558.750413221,False
Brighton,h,Southern Metropolitan,3,11.2,1390000.0,1512491.0737313377,1623534.400349486,1668864.3899601311,False
Brighton,h,Southern Metropolitan,4,11.2,4250000.0,3088855.98586874,2645191.5006911145,2939956.177831089,False
Brighton,h,Southern Metropolitan,4,11.2,2905000.0,2432978.359119074,2487948.4215126163,2473975.0141465915,False
Brighton,u,Southern Metropolitan,2,11.2,1300000.0,1123269.2542647915,1212820.0487716692,1196574.632698535,False
Brighton,t,Southern Metropolitan,3,11.2,1725000.0,1771488.791274879,1624420.787180453,1760634.2339072218,False
Brighton,h,Southern Metropolitan,3,11.2,2266000.0,1824269.4412511082,1976782.237598686,2033886.2286393433,False
Brighton,u,Southern Metropolitan,2,11.2,1300000.0,993669.6996704878,879034.0703851137,931087.7505440776,False
Brighton,h,Southern Metropolitan,3,11.2,2450000.0,1835258.8286834266,2134336.254279765,2409813.3975393823,False
Brighton,u,Southern Metropolitan,2,11.2,858000.0,642018.8571982384,672356.5617846919,640507.2437168323,False
Brighton,t,Southern Metropolitan,3,11.2,1427000.0,1651958.857002478,1554732.7874639102,1547262.899080368,False
Brighton,t,Southern Metropolitan,3,11.2,2517500.0,1645609.7538215532,1697833.7867166,1727418.3317416445,False
Brighton,h,Southern Metropolitan,4,11.2,2800000.0,2229386.1159291575,2347381.852167417,2332983.717002795,False
Brighton,h,Southern Metropolitan,4,11.2,2000000.0,1952108.755890474,1995651.1527124757,2039744.0166478553,False
Brighton,t,Southern Metropolitan,2,11.2,1230000.0,1046688.7306041382,1213468.657226343,1147765.1974126473,False
Brighton,h,Southern Metropolitan,3,11.2,2375000.0,1894775.033991212,2053007.125366618,2136710.2649907796,False
Brighton,t,Southern Metropolitan,2,11.2,1037000.0,744736.1726201052,987009.6079367157,868307.5460472375,False
Brighton,h,Southern Metropolitan,4,11.2,3050000.0,2583166.3687728625,3132192.5592165897,2964547.076427742,False
Brighton,t,Southern Metropolitan,4,11.2,1630000.0,1681834.1052520797,1996717.9665134847,1793225.656673057,False
Brighton,h,Southern Metropolitan,2,11.2,1701000.0,806000.5175496638,1195010.7799939867,1169558.8650321297,False
Brighton,u,Southern Metropolitan,2,11.2,760000.0,761372.3099412029,742562.0775601369,836374.3350789215,False
Brighton East,t,Southern Metropolitan,3,10.7,1302500.0,1512252.8748480168,1470547.959062103,1468771.253901966,False
Brighton East,h,Southern Metropolitan,2,10.7,1445000.0,1652626.7347534338,1444895.9857417138,1472225.8538124275,False
Brighton East,u,Southern Metropolitan,3,10.7,880000.0,756215.8890546524,936665.2796599951,904849.8889968145,False
Brighton East,h,Southern Metropolitan,4,10.7,1920000.0,2257552.3363782563,1866144.0727738529,1899687.477032178,False
Brighton East,u,Southern Metropolitan,2,10.7,770000.0,724408.7507586819,712841.1148114565,731227.5820194255,False
Brighton East,u,Southern Metropolitan,1,10.7,340000.0,353743.42190335004,290288.2339921752,321688.8731660681,False
Brighton East,h,Southern Metropolitan,3,10.7,1537000.0,1251129.9808695326,1343645.1623693435,1304425.5436336037,False
Brighton East,h,Southern Metropolitan,3,10.7,1100000.0,1419150.8573140055,1381560.4712341987,1440408.1461881944,False
Brighton East,h,Southern Metropolitan,2,10.7,994000.0,1453363.68151723,1392046.0497965766,1405715.9886647835,False
Brighton East,h,Southern Metropolitan,4,10.7,1447000.0,1626509.3795734572,1569558.2161257674,1428569.6714072796,False
Brunswick,h,Northern Metropolitan,4,5.2,2230000.0,1945977.7207891678,2175558.8401659857,1851162.8382368144,False
Brunswick,h,Northern Metropolitan,3,5.2,810000.0,919268.6003948313,1147003.758587647,1024959.1453171669,False
Brunswick,h,Northern Metropolitan,2,5.2,1105000.0,895718.6501729507,865304.2808161177,871930.639804466,False
Brunswick,h,Northern Metropolitan,2,5.2,1260000.0,916114.1387892256,1001752.892800325,990644.8293117746,False
Brunswick,t,Northern Metropolitan,3,5.2,955000.0,932599.8944951827,1012360.6901180835,889824.1093194755,False
Brunswick,t,Northern Metropolitan,1,5.2,895000.0,525747.2520932532,457728.8843671442,509340.0260661956,False
Brunswick,h,Northern Metropolitan,2,5.2,1094000.0,917596.7090911471,952435.444528172,905409.015420267,False
Brunswick,h,Northern Metropolitan,3,5.2,1135000.0,1208777.9762777928,1202176.9329781719,1302352.8319557686,False
Brunswick,u,Northern Metropolitan,2,5.2,501000.0,519425.598593988,494838.04327572306,512508.4239521266,False
Brunswick,h,Northern Metropolitan,3,5.2,1260000.0,1203886.5810325004,1417950.0980463119,1458261.816673426,False
Brunswick,h,Northern Metropolitan,3,5.2,1650000.0,1353509.8768795247,1328753.570720478,1369057.8656179945,False
Brunswick,u,Northern Metropolitan,2,5.2,601000.0,489471.2018472998,448699.11742444185,454661.17543765507,False
Brunswick,h,Northern Metropolitan,1,5.2,800000.0,840082.4024000523,841452.5625922717,850506.754787379,False
Brunswick,h,Northern Metropolitan,2,5.2,1015000.0,845050.4983499233,960516.6224221507,971916.6842031723,False
Brunswick,h,Northern Metropolitan,2,5.2,1020000.0,908744.8260739127,939082.8381289592,916440.4784189005,False
Brunswick,h,Northern Metropolitan,3,5.2,1510000.0,1155457.8040135028,1127520.5351909876,1107077.7054892601,False
Brunswick,t,Northern Metropolitan,2,5.2,801000.0,742388.5045,716925.5421247676,780466.5798054135,False
Brunswick,t,Northern Metropolitan,3,5.2,820000.0,905781.8208504976,848012.5182552134,720291.8628329879,False
Brunswick West,h,Northern Metropolitan,3,5.9,942000.0,1018654.0541942978,1001460.5078247333,949013.9335251504,False
Brunswick West,u,Northern Metropolitan,2,5.9,471000.0,454965.2066097964,450302.4797260237,434753.1818095115,False
Brunswick West,u,Northern Metropolitan,2,5.9,400500.0,467249.89312702056,429382.1106480307,434112.8146737029,False
Brunswick West,t,Northern Metropolitan,3,5.9,797500.0,932530.5722125882,911042.1324985417,858960.8882210442,False
Brunswick West,u,Northern Metropolitan,2,5.9,385000.0,408077.0916004703,408636.8798073032,419721.3749417147,False
Brunswick West,u,Northern Metropolitan,2,5.9,656000.0,447422.7948969227,472413.78615157376,461625.58499369194,False
Brunswick West,u,Northern Metropolitan,2,5.9,370000.0,446417.1451034664,418791.7656830205,414590.99622689467,False
Brunswick West,u,Northern Metropolitan,1,5.9,252000.0,283191.0350922745,281452.2457355599,272166.1496685781,False
Brunswick West,h,Northern Metropolitan,4,5.9,1700000.0,1482147.678095339,1456298.5267151622,1468486.2139433043,False
Bulleen,h,Eastern Metropolitan,4,11.8,1303000.0,1142539.6051356406,1291405.5498155397,1246744.8689217381,False
Bulleen,h,Eastern Metropolitan,5,11.8,1336000.0,1311738.8458479373,1474124.4316770465,1384784.227951722,False
Bulleen,u,Eastern Metropolitan,3,11.8,787000.0,729864.6920313352,754462.8807203057,728362.3987241909,False
Bulleen,h,Eastern Metropolitan,4,11.8,1280000.0,1265568.5879452534,1334315.1406679458,1357036.42574087,False
Bulleen,h,Eastern Metropolitan,4,11.8,1300000.0,1270222.5346545072,1505794.3288541238,1368814.013735879,False
Bulleen,h,Eastern Metropolitan,4,11.8,1250000.0,1275325.0686843982,1481129.4653168912,1407423.4216118958,False
Bulleen,h,Eastern Metropolitan,2,11.8,833000.0,833633.0224652202,846082.6869712374,863257.6054479509,False
Burwood,u,Southern Metropolitan,3,11.7,686000.0,709733.0982532415,611110.4691145684,634337.7122677118,False
Burwood,h,Southern Metropolitan,3,11.7,1468000.0,1328033.717039803,1345422.3320979166,1393255.7715001893,False
Burwood,u,Southern Metropolitan,2,11.7,650000.0,554484.5384134129,472641.19735849585,511543.7891293899,False
Burwood,t,Southern Metropolitan,3,11.7,1145000.0,899580.3624501127,1052614.786851167,979667.4565030084,False
Burwood,h,Southern Metropolitan,5,11.7,1410000.0,1575991.3130809702,1326376.0611053822,1248464.9352565834,False
Camberwell,h,Southern Metropolitan,5,7.8,2860000.0,2248067.0119125005,2355683.3357447395,2391459.5539462916,False
Camberwell,u,Southern Metropolitan,2,7.8,805000.0,1065630.5422604154,908818.2888186284,956654.166380498,False
Camberwell,h,Southern Metropolitan,4,7.8,2228000.0,2233951.870558549,2313594.325504283,2369109.4094224763,False
Camberwell,t,Southern Metropolitan,3,7.8,930000.0,1175677.7606558604,1229277.4091517455,1231368.7907683186,False
Camberwell,u,Southern Metropolitan,2,7.8,590000.0,686138.0270966527,612492.7290869533,610897.1406654209,False
Camberwell,h,Southern Metropolitan,4,7.8,4760000.0,2717931.465701886,2727873.380664463,2930264.5110048065,False
Camberwell,h,Southern Metropolitan,3,7.8,1602500.0,1463787.9184537278,1484053.3234304155,1479437.6823673584,False
Camberwell,h,Southern Metropolitan,3,7.8,3400000.0,2136460.145800621,2361283.7125409925,2274062.491661122,False
Camberwell,h,Southern Metropolitan,2,7.8,1470000.0,1391404.937617954,1283842.623085696,1308402.3762088695,False
Camberwell,u,Southern Metropolitan,2,7.8,820000.0,772949.2426189368,699801.1409135102,731384.7052513735,False
Camberwell,h,Southern Metropolitan,3,7.8,2105000.0,1874773.6298778236,1831863.7163227198,1896697.8337559518,False
Camberwell,t,Southern Metropolitan,3,7.8,1625000.0,1352803.4912807918,1376027.0273949269,1350051.7446888955,False
Camberwell,h,Southern Metropolitan,3,7.8,1750000.0,2030138.2217865307,1984767.2405737033,2069712.4419674755,False
Camberwell,h,Southern Metropolitan,3,7.8,3300000.0,1804594.2811069263,1846037.8711911046,2039504.8551297046,False
Canterbury,t,Southern Metropolitan,4,9.0,1550000.0,1669114.5139288304,1697497.8299168416,1811722.60314633,False
Canterbury,h,Southern Metropolitan,2,9.0,765000.0,1375573.873210623,1248648.8224653697,1313207.5664340586,False
Canterbury,h,Southern Metropolitan,4,9.0,3800000.0,2599673.598409198,2034039.9851122834,2195244.628765759,False
Canterbury,h,Southern Metropolitan,5,9.0,3550000.0,2667404.835300515,3254867.5453980793,3442889.619117177,False
Carlton North,h,Northern Metropolitan,3,3.2,1540000.0,1351654.3316104114,1332597.411698787,1416271.78865323,False
Carlton North,h,Northern Metropolitan,4,3.2,1425000.0,1521216.8410088161,1671140.1283844137,1639783.4373244126,False
Carlton North,h,Northern Metropolitan,2,3.2,1725000.0,1247069.9825217132,1301556.1176694122,1406268.4836376018,False
Carlton North,h,Northern Metropolitan,4,3.2,2718000.0,1859927.0473946007,1797481.2565809765,1852971.1415347946,False
Carlton North,u,Northern Metropolitan,1,3.2,468000.0,427930.4572743124,479210.6480226104,445029.18963122607,False
Carlton North,h,Northern Metropolitan,1,3.2,885000.0,765900.9408508119,724167.7221219427,835443.854256972,False
Carlton North,h,Northern Metropolitan,3,3.2,2050000.0,1418494.4347300888,1274088.6997884873,1359872.0691739405,False
Carnegie,u,Southern Metropolitan,2,11.4,510000.0,524041.8105012015,475084.4200715068,452858.6964692281,False
Carnegie,u,Southern Metropolitan,1,11.4,255000.0,342265.6002512863,356492.72745479486,340204.83024595486,False
Carnegie,h,Southern Metropolitan,2,11.4,890000.0,875715.1629620516,936568.9455108601,952562.8056216383,False
Carnegie,u,Southern Metropolitan,1,11.4,346000.0,314942.0281177889,336885.8445215295,366776.63549732626,False
Carnegie,t,Southern Metropolitan,3,11.4,860000.0,1276361.648391068,934462.9408145668,917209.8860500685,False
Carnegie,u,Southern Metropolitan,2,11.4,586000.0,705721.1028308071,624770.9020082158,620163.3432838998,False
Carnegie,u,Southern Metropolitan,2,11.4,465000.0,463994.8347981929,483642.42964770057,450734.58895158395,False
Carnegie,h,Southern Metropolitan,3,11.4,1646000.0,1447885.0810614447,1500242.1915334275,1397601.5529837252,False
Carnegie,h,Southern Metropolitan,3,11.4,1287000.0,1332467.2959023092,1272320.1078562273,1286815.5431980675,False
Carnegie,u,Southern Metropolitan,2,11.4,601000.0,729755.5263325071,637371.044652014,681636.2176930875,False
Carnegie,h,Southern Metropolitan,4,11.4,1410000.0,1546103.007502919,1793256.0260679077,1698592.474156493,False
Carnegie,u,Southern Metropolitan,2,11.4,405000.0,504105.37144766306,468240.22890935483,466414.87964868016,False
Carnegie,h,Southern Metropolitan,4,11.4,1655000.0,1525616.986096556,1557219.9043224815,1624488.4424174589,False
Carnegie,h,Southern Metropolitan,3,11.4,1910000.0,1404648.7234660392,1420054.6971941325,1485441.7518541054,False
Carnegie,t,Southern Metropolitan,3,11.4,808000.0,823578.877545438,790150.3757616105,799948.271792235,False
Carnegie,h,Southern Metropolitan,3,11.4,1252000.0,1094061.7624346584,1110619.8648578983,1061904.216614918,False
Caulfield,u,Southern Metropolitan,1,8.9,323000.0,368078.39298841136,390348.7161241608,381200.46243825456,False
Caulfield,u,Southern Metropolitan,2,8.9,550000.0,501402.3884908629,461426.2256305552,450005.8384349359,False
Caulfield,h,Southern Metropolitan,4,8.9,131000.0,1530367.8273005283,1449241.6079734378,1390228.128903636,False
Caulfield North,u,Southern Metropolitan,2,8.1,580000.0,558813.1060303915,519023.83552221797,541636.6473634613,False
Caulfield North,u,Southern Metropolitan,2,8.1,450000.0,543291.7352207253,572770.0235984792,593535.9654895624,False
Caulfield North,h,Southern Metropolitan,3,8.1,1870000.0,1596416.506089141,1560586.828745828,1548844.709693513,False
Caulfield North,u,Southern Metropolitan,2,8.1,622000.0,672537.9662646706,720567.4375538526,681596.1745726858,False
Caulfield North,u,Southern Metropolitan,2,8.1,536000.0,593382.1641158701,615798.6294770067,619939.2683977712,False
Caulfield North,h,Southern Metropolitan,4,8.1,2625000.0,2659409.929526787,2890967.743632371,2976247.394130704,False
Caulfield South,h,Southern Metropolitan,2,9.3,1065000.0,1069621.7298617556,1064988.293504981,1068637.5076677725,False
Caulfield South,h,Southern Metropolitan,3,9.3,1200000.0,1434377.9735733946,1558075.8969078343,1466287.06122785,False
Caulfield South,h,Southern Metropolitan,3,9.3,1570000.0,1406376.7162192797,1441422.8816733048,1399798.4755710384,False
Chadstone,t,Southern Metropolitan,4,13.6,1042500.0,1012565.5384348996,998532.9984196929,1009813.7478307498,False
Chadstone,h,Southern Metropolitan,3,13.6,1301000.0,1034740.5934795617,1051059.8173405814,1030656.099270937,False
Chadstone,h,Southern Metropolitan,4,13.6,1260000.0,1481814.9055553942,1402112.3788140365,1461849.987758857,False
Clifton Hill,h,Northern Metropolitan,2,3.4,880000.0,910533.6924147559,858204.2184070293,801816.233411883,False
Clifton Hill,h,Northern Metropolitan,2,3.4,1450000.0,1167705.9556957453,1053473.3734635739,1086754.646086627,False
Clifton Hill,h,Northern Metropolitan,2,3.4,856000.0,1189476.655418913,1120011.1410292713,1131422.7839678284,False
Clifton Hill,h,Northern Metropolitan,2,3.4,1430000.0,1110089.3371360789,1174096.7278926207,1113920.1585579633,False
Clifton Hill,h,Northern Metropolitan,4,3.4,1506000.0,1626757.8882826108,1590622.0472355564,1462415.644605639,False
Coburg,h,Northern Metropolitan,3,7.8,1010000.0,1128729.011511509,1171746.4452045406,1355097.490348514,False
Coburg,h,Northern Metropolitan,3,7.8,1202000.0,1111953.1562088195,1098920.4409723377,1103078.6603328756,False
Coburg,h,Northern Metropolitan,3,7.8,1370000.0,1173376.255981805,1028117.4170014288,1028358.1928428564,False
Coburg,h,Northern Metropolitan,2,7.8,550000.0,660694.8621450268,637619.4933887601,571472.7830427932,False
Coburg,h,Northern Metropolitan,3,7.8,1000000.0,935394.7852180905,994284.8773525467,996404.6244236913,False
Coburg,h,Northern Metropolitan,3,7.8,935500.0,888608.9425422081,866552.2592585289,822062.3498708118,False
Coburg,u,Northern Metropolitan,8,7.8,2250000.0,792076.5077979894,845615.0451499576,923821.6835388524,False
Coburg,h,Northern Metropolitan,4,7.8,1136000.0,1068266.743082093,1252103.209380553,1175264.8633292108,False
Coburg,t,Northern Metropolitan,2,7.8,635000.0,614757.9269258447,604374.2574764722,670458.4235403974,False
Coburg,h,Northern Metropolitan,3,7.8,1061000.0,957322.5456540543,899971.8444691729,917185.9786291824,False
Coburg,h,Northern Metropolitan,4,7.8,1155000.0,1055056.5853327732,971491.4787268958,931435.8032140187,False
Coburg,h,Northern Metropolitan,2,7.8,635000.0,897829.5636580259,989729.6072652907,990152.1087572115,False
Coburg,h,Northern Metropolitan,5,7.8,1020000.0,1275272.232895203,1250468.4520740057,1269474.4334892458,False
Coburg,h,Northern Metropolitan,3,7.8,967000.0,837811.3664726634,849299.9779310497,842612.8611248018,False
Coburg,h,Northern Metropolitan,3,7.8,1025000.0,854697.0654804604,821232.5015646338,762257.5809242518,False
Coburg,h,Northern Metropolitan,3,7.8,700000.0,756187.1741695771,768555.5971459413,730343.7451804407,False
Coburg,h,Northern Metropolitan,3,7.8,1130000.0,831320.7799957842,793367.294881968,754468.9595521162,False
Coburg,h,Northern Metropolitan,3,7.8,835000.0,891195.5135345126,862054.3563470244,797121.4246191591,False
Coburg,h,Northern Metropolitan,4,7.8,1075000.0,1144109.5275531616,1169635.6580453238,1140497.320559031,False
Coburg,h,Northern Metropolitan,3,7.8,845000.0,870934.6177546505,849322.9341517547,840758.2689405899,False
Coburg,t,Northern Metropolitan,3,7.8,600000.0,663402.9935466702,663908.8742190726,621016.9249677861,False
Coburg,h,Northern Metropolitan,4,7.8,1461000.0,1262469.7131089668,1301279.957390015,1311643.0499865678,False
Coburg North,t,Northern Metropolitan,3,9.2,631000.0,647631.6989546188,654596.5465939459,667937.5875086399,False
Coburg North,t,Northern Metropolitan,2,9.2,600000.0,564023.7641841009,592071.1136470056,585630.9895329751,False
Coburg North,h,Northern Metropolitan,4,9.2,820000.0,844086.353495021,825690.4474921691,840708.2992884065,False
Coburg North,h,Northern Metropolitan,3,9.2,715000.0,670486.0099491802,689447.0922112971,680839.2708644876,False
Coburg North,h,Northern Metropolitan,3,9.2,735000.0,746763.6928098034,738823.1503421203,739922.4930445931,False
Coburg North,h,Northern Metropolitan,3,9.2,782000.0,851587.865889681,824756.7670831489,797768.0487163195,False
Coburg North,h,Northern Metropolitan,3,9.2,745000.0,817389.4479740564,799415.1092526063,794027.423118656,False
Coburg North,u,Northern Metropolitan,2,9.2,532500.0,489605.5449242726,506911.0988757528,491963.47518413735,False
Coburg North,h,Northern Metropolitan,3,9.2,750000.0,795117.3777372997,779434.3179820381,808949.1263228524,False
Coburg North,h,Northern Metropolitan,3,9.2,650000.0,719430.5062710008,779225.3850859898,766072.2653062141,False
Collingwood,h,Northern Metropolitan,2,1.6,1320000.0,935508.083029443,1034001.8032632084,1010418.7979088072,False
Collingwood,h,Northern Metropolitan,2,1.6,1430000.0,1274128.3157120221,1194879.4181233356,1103524.1863257417,False
Collingwood,t,Northern Metropolitan,3,1.6,1125000.0,987032.4635341725,1239784.3112203158,1249665.7229865014,False
Collingwood,u,Northern Metropolitan,3,1.6,950000.0,990307.7115712772,959463.5591332627,971821.2040370896,False
Collingwood,u,Northern Metropolitan,2,1.6,910000.0,823141.0852966057,773674.2763610629,830994.2899288649,False
Collingwood,u,Northern Metropolitan,1,1.6,452000.0,457814.3527270539,446880.56073292915,463277.5174022348,False
Collingwood,u,Northern Metropolitan,1,1.6,440000.0,412067.8990365033,420764.2170722678,384132.99280126626,False
Collingwood,h,Northern Metropolitan,2,1.6,1230000.0,1047688.8388305918,1410773.9314708805,1671166.2079516293,False
Collingwood,h,Northern Metropolitan,3,1.6,1470000.0,1205217.6047723806,1243726.9266900523,1250484.9594083114,False
Collingwood,h,Northern Metropolitan,2,1.6,670000.0,985890.0400092778,973229.8607189388,942028.2033619375,False
Collingwood,u,Northern Metropolitan,1,1.6,430000.0,387530.9218612383,414358.57377100765,418126.82938816503,False
Collingwood,u,Northern Metropolitan,2,1.6,515000.0,709697.2725976586,728332.8600275653,724657.5874448209,False
Collingwood,u,Northern Metropolitan,2,1.6,800000.0,702875.2432275943,701165.6070827493,673232.8824332803,False
Doncaster,h,Eastern Metropolitan,5,13.9,1535000.0,1280797.3711557102,1472968.284486681,1305063.7303601191,False
Doncaster,h,Eastern Metropolitan,3,13.9,1125000.0,1184292.5379661825,1085825.9361570654,1060438.8291073071,False
Doncaster,h,Eastern Metropolitan,3,13.9,1300000.0,1197597.2752691372,1198333.5183296876,1187183.5239615117,False
Doncaster,t,Eastern Metropolitan,4,13.9,985000.0,940319.1556344496,918105.3267754654,940171.5629476318,False
Doncaster,h,Eastern Metropolitan,3,13.9,1300000.0,1157090.4330553242,1102668.159900468,1211362.5341408097,False
Doncaster,t,Eastern Metropolitan,3,13.9,1102200.0,931944.53415391,892311.7642385351,906660.8039253203,False
Doncaster,h,Eastern Metropolitan,4,13.9,1401000.0,1444726.1550534854,1426797.5424480718,1506868.3073006629,False
Doncaster,h,Eastern Metropolitan,4,13.9,1782000.0,1528212.955774417,1314633.2865570649,1383647.7803548416,False
Eaglemont,h,Eastern Metropolitan,2,10.3,2850000.0,2108771.3127042446,1334533.9986492214,1642078.9348099886,False
Elsternwick,h,Southern Metropolitan,3,8.5,2160000.0,1715436.2090797892,1537817.1904119274,1561764.9850149632,False
Elsternwick,h,Southern Metropolitan,4,8.5,3000000.0,2161845.411972558,2156085.0413591233,2178076.1563858404,False
Elsternwick,h,Southern Metropolitan,3,8.5,1500000.0,1115660.237554919,1163295.4949925889,1154317.389454562,False
Elwood,u,Southern Metropolitan,2,7.7,855000.0,618794.113484652,598610.4823015574,630541.0191205465,False
Elwood,u,Southern Metropolitan,2,7.7,1050000.0,1003903.1232809554,819648.1470498097,855460.4680468434,False
Elwood,u,Southern Metropolitan,2,7.7,955000.0,637939.2908270598,602132.3731536331,556488.6472277103,False
Elwood,u,Southern Metropolitan,2,7.7,680000.0,619036.2024213059,620236.398592078,657496.252004701,False
Elwood,h,Southern Metropolitan,3,7.7,1911000.0,1561389.4860103524,1598050.3098601117,1624038.9557171175,False
Elwood,h,Southern Metropolitan,3,7.7,1238000.0,1007078.677200762,1261757.9882655602,1061851.4743214953,False
Elwood,u,Southern Metropolitan,2,7.7,640000.0,663414.9732952168,704959.2567961124,704176.8480987148,False
Elwood,u,Southern Metropolitan,2,7.7,510000.0,562606.3692355003,507397.0786186924,533117.8966707917,False
Elwood,u,Southern Metropolitan,1,7.7,369000.0,417768.346810801,422550.9565982402,398219.4191951227,False
Elwood,u,Southern Metropolitan,2,7.7,525500.0,639186.9813127451,605205.0316454296,629957.7584228694,False
Elwood,h,Southern Metropolitan,3,7.7,1561000.0,1390205.575265854,1491402.613955309,1482513.323768161,False
Elwood,u,Southern Metropolitan,1,7.7,390000.0,339302.6646165354,317876.31060133554,333036.7187372755,False
Elwood,u,Southern Metropolitan,1,7.7,313000.0,401009.7986476749,398259.3866697657,403789.4181170303,False
Elwood,u,Southern Metropolitan,2,7.7,630000.0,618858.1599260514,588694.2212131101,600016.820914621,False
Elwood,h,Southern Metropolitan,3,7.7,1675000.0,1518499.7777825675,1462425.6828960858,1455377.9144809283,False
Elwood,u,Southern Metropolitan,1,7.7,470000.0,412350.88267619663,407451.08604086813,380937.9921895524,False
Elwood,u,Southern Metropolitan,2,7.7,640000.0,729227.2765610972,679892.1810101005,709957.5319882623,False
Elwood,u,Southern Metropolitan,2,7.7,932000.0,773686.0509042998,819045.3497799177,771930.5614969456,False
Elwood,u,Southern Metropolitan,2,7.7,645000.0,556468.881120284,602884.8766555637,602313.6821238432,False
Elwood,u,Southern Metropolitan,1,7.7,347000.0,377690.8386643471,332539.79148919665,351678.01782876515,False
Essendon,h,Western Metropolitan,4,8.0,900000.0,1231007.6211360118,1242884.0467446286,1242564.6642153955,False
Essendon,u,Western Metropolitan,2,8.0,645000.0,506261.0441816304,476071.69105634047,498011.74783841596,False
Essendon,h,Western Metropolitan,4,8.0,1965000.0,1636299.299839333,1618281.0460818834,1616040.2167619194,False
Essendon,u,Western Metropolitan,3,8.0,840000.0,754628.0541623613,809321.4474368268,804611.4636279562,False
Essendon,u,Western Metropolitan,2,8.0,702500.0,569774.556593473,565657.289805496,591480.2517495623,False
Essendon,h,Western Metropolitan,3,8.0,960000.0,1063023.0427948437,1047607.4785848737,1137882.4778292517,False
Essendon,h,Western Metropolitan,4,8.0,1670000.0,1181720.80723924,1303980.352355659,1391579.2157421526,False
Essendon,h,Western Metropolitan,4,8.0,1402000.0,1296742.030981718,1395095.77834042,1453580.6319188827,False
Essendon,h,Western Metropolitan,3,8.0,897000.0,888851.3197097309,852694.4235906884,842094.2804911616,False
Essendon,h,Western Metropolitan,3,8.0,1240000.0,1055661.4674053113,1060770.1045712386,1116380.3015535953,False
Essendon,h,Western Metropolitan,3,8.0,1695000.0,1454476.93011436,1478048.5792813327,1451551.4887231728,False
Essendon,h,Western Metropolitan,2,8.0,930000.0,788957.5821629346,821750.5681462188,918856.1479677061,False
Essendon,h,Western Metropolitan,4,8.0,1870000.0,1585732.2694353096,1413074.935898007,1510871.7098173746,False
Essendon,u,Western Metropolitan,2,8.0,395000.0,438579.0129545754,416593.7965209453,441651.8844193434,False
Essendon,h,Western Metropolitan,4,8.0,1726000.0,1653507.9817913766,1593379.9716488868,1622453.4744339057,False
Essendon,h,Western Metropolitan,3,8.0,1050000.0,1012639.7269936599,1029274.9305930473,1039152.6412529141,False
Essendon,h,Western Metropolitan,3,8.0,1470000.0,1369334.5159370236,1220155.3222447203,1437524.100498063,False
Essendon,h,Western Metropolitan,3,8.0,801500.0,853560.4235415631,837482.0962736768,808881.0555916575,False
Essendon,u,Western Metropolitan,2,8.0,480000.0,500061.3999049033,432861.5640196298,450829.3942572351,False
Essendon,u,Western Metropolitan,2,8.0,691000.0,577535.3065912973,526502.5516788915,560350.1888844029,False
Essendon,u,Western Metropolitan,2,8.0,370000.0,449579.2133134005,396179.0858400981,386615.6929865992,False
Essendon,h,Western Metropolitan,4,8.0,2355000.0,1814376.481112111,1861016.278658324,1756001.8393382125,False
Essendon,h,Western Metropolitan,2,8.0,1255000.0,570315.513530768,705870.9066238207,671423.3800866368,False
Essendon,h,Western Metropolitan,4,8.0,1560000.0,1401051.233019835,1354826.4313488104,1412265.7857302718,False
Essendon North,h,Western Metropolitan,5,9.4,1360000.0,1190438.4473336493,1072244.3968597604,1256217.2090348785,False
Essendon North,h,Western Metropolitan,3,9.4,1425000.0,1413854.9495936832,1204034.5127996518,1320047.439961665,False
Fairfield,u,Northern Metropolitan,2,5.8,730000.0,585807.9394355583,581755.9072279694,594044.783357803,False
Fairfield,h,Northern Metropolitan,3,5.8,1700000.0,1578992.2432094975,1331052.6812468553,1356657.6287094683,False
Fairfield,u,Northern Metropolitan,2,5.8,510000.0,504648.6656265032,474279.63287102384,505913.0198759313,False
Fairfield,u,Northern Metropolitan,1,5.8,300000.0,335580.52019516745,315494.7314214432,296456.67328492104,False
Fitzroy,h,Northern Metropolitan,2,1.6,1315000.0,1035915.4437363781,1118835.299460464,1101761.9255369583,False
Fitzroy,u,Northern Metropolitan,1,1.6,420000.0,360828.1558703108,441176.3169759414,464106.3346749348,False
Fitzroy North,u,Northern Metropolitan,2,3.5,700000.0,870704.7440717308,821483.289326131,815142.6834803971,False
Fitzroy North,h,Northern Metropolitan,3,3.5,2170000.0,1328420.4863299232,1361130.21899229,1451491.413707125,False
Fitzroy North,u,Northern Metropolitan,1,3.5,358500.0,341888.62981481745,389313.51736592804,380187.7131241278,False
Fitzroy North,h,Northern Metropolitan,3,3.5,1000000.0,1358754.697286517,1215471.766285242,1184592.1470357073,False
Fitzroy North,h,Northern Metropolitan,5,3.5,2875000.0,2027863.8054921457,2315149.0471098027,2294537.5280373385,False
Fitzroy North,h,Northern Metropolitan,2,3.5,1255000.0,1040060.8494733108,1080291.9448046684,1088935.5789325507,False
Fitzroy North,h,Northern Metropolitan,3,3.5,1700000.0,1716070.94153604,1394949.7816745518,1531804.1694024636,False
Fitzroy North,h,Northern Metropolitan,2,3.5,1290000.0,1041209.2457007929,1079189.072396723,1077743.2154771201,False
Fitzroy North,t,Northern Metropolitan,2,3.5,750000.0,843218.819394198,815560.6562582582,832408.1224928362,False
Fitzroy North,u,Northern Metropolitan,3,3.5,674000.0,625011.1949416669,740045.2256590868,714302.8622801896,False
Fitzroy North,u,Northern Metropolitan,2,3.5,675000.0,562934.0326200618,629425.1262869651,640303.0210249872,False
Fitzroy North,t,Northern Metropolitan,4,3.5,1700000.0,1582401.2821057325,1627033.160522929,1526894.158206731,False
Fitzroy North,h,Northern Metropolitan,3,3.5,1600000.0,1513308.1166759902,1442386.0753637585,1587044.0840406835,False
Flemington,u,Northern Metropolitan,1,4.4,380000.0,380149.2675285755,337142.5220947551,317594.3852716991,False
Flemington,u,Northern Metropolitan,2,4.4,425000.0,400368.2495398385,411216.7457425093,421712.15298817295,False
Flemington,u,Northern Metropolitan,1,4.4,280000.0,360960.5007991025,293598.4841233649,256044.46998574233,False
Flemington,h,Northern Metropolitan,2,4.4,845000.0,671648.601375804,832440.2670859935,830158.3287135861,False
Flemington,u,Northern Metropolitan,1,4.4,395000.0,403274.0285206521,409107.8341391635,401028.4947129613,False
Footscray,h,Western Metropolitan,3,6.4,876000.0,857033.5620599295,915555.9567306591,848049.9865426858,False
Footscray,u,Western Metropolitan,1,6.4,227000.0,279283.80413850193,249730.2155363274,238492.15211769656,False
Footscray,t,Western Metropolitan,4,6.4,841000.0,993578.8478917411,973993.2157278225,916471.060696867,False
Footscray,u,Western Metropolitan,2,6.4,605000.0,527676.2408861698,579750.285371659,535386.9602658883,False
Footscray,u,Western Metropolitan,2,6.4,305000.0,404723.27119153476,378051.4006249982,377202.29126196774,False
Footscray,h,Western Metropolitan,2,6.4,950000.0,777431.8116000524,817998.2103012031,814563.478515884,False
Footscray,u,Western Metropolitan,3,6.4,674000.0,703765.7988120271,723484.464238574,716564.9589523587,False
Footscray,t,Western Metropolitan,3,6.4,820000.0,748936.3427306813,793342.0820073966,719216.6951315003,False
Footscray,u,Western Metropolitan,1,6.4,210000.0,242943.6943880335,208439.1480202978,185344.95415913203,False
Footscray,h,Western Metropolitan,3,6.4,875000.0,835513.515588071,851492.7837336097,785162.8667302489,False
Footscray,h,Western Metropolitan,3,6.4,850000.0,832489.6197220619,778516.9160601211,760903.4249787895,False
Footscray,u,Western Metropolitan,2,6.4,315000.0,410411.0319522762,365663.99402100005,376416.95219509286,False
Footscray,h,Western Metropolitan,3,6.4,740000.0,886775.5011342224,948918.4124378101,835688.3410888028,False
Footscray,u,Western Metropolitan,2,6.4,360000.0,441980.90707952395,478857.4599841171,447087.2813339126,False
Glen Iris,u,Southern Metropolitan,2,9.2,671000.0,666084.590533033,573968.2314744471,619563.7800929594,False
Glen Iris,h,Southern Metropolitan,4,9.2,3110000.0,2864265.5255734003,2590577.1840717806,2759061.802091889,False
Glen Iris,h,Southern Metropolitan,3,9.2,1780000.0,1510091.1903638572,1532739.8514513893,1576431.9744499063,False
Glen Iris,h,Southern Metropolitan,3,9.2,1425000.0,1237380.2242316722,1325198.6697158506,1229306.5342760268,False
Glen Iris,u,Southern Metropolitan,1,9.2,328000.0,388272.59504991374,372217.0480173634,367611.46778674755,False
Glen Iris,h,Southern Metropolitan,4,9.2,2016000.0,2000681.441698777,2113809.65255003,1971914.4391361591,False
Glen Iris,h,Southern Metropolitan,5,9.2,3085000.0,2606313.3944210904,2819213.601616164,2871224.6211406486,False
Glen Iris,h,Southern Metropolitan,3,9.2,1710000.0,1591878.8272908274,1561279.6381796,1647875.000013919,False
Glen Iris,h,Southern Metropolitan,3,9.2,1770000.0,1587758.6282447511,1546450.970995368,1592899.1811540208,False
Glen Iris,h,Southern Metropolitan,3,9.2,1765000.0,1713195.3767851354,1646313.047895407,1748062.403309762,False
Glen Iris,h,Southern Metropolitan,4,9.2,1950000.0,1884586.157249971,1880967.1959245228,1762638.1556878646,False
Glen Iris,h,Southern Metropolitan,3,9.2,2200000.0,1882134.6935799958,1758847.662066383,1869596.8855619892,False
Glen Iris,h,Southern Metropolitan,3,9.2,1751000.0,1736896.8162641854,1654646.1729022732,1751299.63774976,False
Glen Iris,h,Southern Metropolitan,4,9.2,1857000.0,1981254.508586913,1971937.6417424781,1995628.301066351,False
Glen Iris,u,Southern Metropolitan,1,9.2,375000.0,365014.69151563075,357700.3835625044,364736.05304910964,False
Glen Iris,u,Southern Metropolitan,2,9.2,720000.0,509940.1186457311,616988.7123597455,594831.7526789816,False
Glen Iris,h,Southern Metropolitan,3,9.2,1500000.0,1464336.0119442055,1477831.1020112173,1561391.7086865194,False
Glen Iris,h,Southern Metropolitan,4,9.2,2725000.0,2120143.676482866,2188961.993767668,2086540.0423872236,False
Glenroy,h,Northern Metropolitan,5,13.0,850000.0,764025.7677146585,757376.6107970135,815631.2050368385,False
Glenroy,h,Northern Metropolitan,4,13.0,550000.0,739152.8258791862,712235.9651424779,661626.4244546643,False
Glenroy,h,Northern Metropolitan,3,13.0,822000.0,649844.8588388888,665299.5714390988,680790.6085128094,False
Glenroy,h,Northern Metropolitan,3,13.0,980000.0,844526.3609960098,836482.5944894615,801605.2375160656,False
Glenroy,h,Northern Metropolitan,5,13.0,810000.0,865466.6297579152,912489.0470480067,913960.4104158639,False
Glenroy,h,Northern Metropolitan,3,13.0,577000.0,695224.975876429,685506.8004055737,671221.4429775261,False
Glenroy,u,Northern Metropolitan,2,13.0,230000.0,345583.05339338747,323121.2856353666,330659.8992015347,False
Glenroy,t,Northern Metropolitan,4,13.0,607000.0,650476.7653153399,621520.3507705565,754457.122134661,False
Glenroy,h,Northern Metropolitan,3,13.0,500000.0,583534.4768795578,622205.3020193917,576166.0548930953,False
Glenroy,h,Northern Metropolitan,3,13.0,762700.0,612434.7213139213,609580.9769930908,573795.4733758223,False
Glenroy,u,Northern Metropolitan,2,13.0,465000.0,457838.77697116137,451696.4554340234,471793.4176284956,False
Glenroy,h,Northern Metropolitan,2,13.0,741250.0,685287.4865755484,654506.2938777044,638105.101924315,False
Gowanbrae,h,Western Metropolitan,3,13.6,500000.0,474731.0304069033,509507.97742184857,479862.71569976176,False
Hadfield,h,Northern Metropolitan,3,12.1,810000.0,736485.8286037814,710307.0118382624,724823.7031769387,False
Hadfield,h,Northern Metropolitan,3,12.1,840000.0,645556.6477616621,659225.1652185475,657518.3548115533,False
Hadfield,h,Northern Metropolitan,4,12.1,918000.0,838828.2012250492,858225.5637449148,851419.9414684505,False
Hadfield,h,Northern Metropolitan,4,12.1,815000.0,748802.8193148348,788435.9711097273,802572.411187905,False
Hadfield,h,Northern Metropolitan,2,12.1,715888.0,624165.4812859326,626796.697345892,602635.3678661406,False
Hampton,h,Southern Metropolitan,5,13.7,1400000.0,1395178.8479014423,1284765.741425104,1328205.1814495919,False
Hampton,h,Southern Metropolitan,3,13.7,1560000.0,1424677.0222930366,1202869.4988697665,1223104.8149618302,False
Hampton,u,Southern Metropolitan,2,13.7,680000.0,571403.9552342534,535739.5087628947,584487.4671898123,False
Hampton,h,Southern Metropolitan,3,13.7,1715000.0,1666831.507530113,1570771.4708228852,1669623.2335831642,False
Hampton,h,Southern Metropolitan,4,13.7,1875000.0,2129923.167845545,1890687.0724351807,2226821.1457622093,False
Hampton,h,Southern Metropolitan,5,13.7,3201000.0,2506435.070153284,2219109.770225499,2489208.5361692226,False
Hampton,u,Southern Metropolitan,2,13.7,875500.0,852658.7472004968,841645.079802959,816357.7637894431,False
Hampton,t,Southern Metropolitan,3,13.7,1400000.0,1007050.2044881703,1093187.1627288538,1086535.946107033,False
Hampton,u,Southern Metropolitan,3,13.7,1457500.0,838816.118552848,1057652.3114614116,1057309.115577286,False
Hampton,h,Southern Metropolitan,5,13.7,2600000.0,2365151.855930992,2563073.5177858872,2552093.893863639,False
Hampton,h,Southern Metropolitan,2,13.7,1465000.0,1418030.821439898,1161129.884504827,1223462.9063963734,False
Hampton,u,Southern Metropolitan,2,13.7,800000.0,713299.5614022347,694812.4617375181,730299.7610775969,False
Hampton,h,Southern Metropolitan,4,13.7,3325000.0,2401276.7596413814,2223591.1785106333,2486162.4611457977,False
Hampton,u,Southern Metropolitan,2,13.7,691000.0,598109.990944852,603159.710263932,632823.6663311257,False
Hampton,u,Southern Metropolitan,2,13.7,450000.0,555655.2667463636,491081.9942714253,553641.9947918511,False
Hampton East,u,Southern Metropolitan,2,14.5,400000.0,582019.0903060603,553619.120754114,545648.7388648823,False
Hampton East,u,Southern Metropolitan,2,14.5,472000.0,575901.9906848372,600167.2827148534,607132.134502724,False
Hampton East,h,Southern Metropolitan,3,14.5,1471000.0,1264704.6230318153,1242589.691117655,1251318.1224578596,False
Hawthorn,u,Southern Metropolitan,2,4.6,610000.0,637563.3724730866,620291.7686823234,634584.7528950796,False
Hawthorn,u,Southern Metropolitan,2,4.6,575000.0,540593.9467611117,624235.7525602251,599345.1422438639,False
Hawthorn,u,Southern Metropolitan,2,4.6,600000.0,568855.1174543031,625962.2895264823,611736.1818594073,False
Hawthorn,u,Southern Metropolitan,1,4.6,492000.0,391333.8356405488,431297.4776273826,424461.9084180763,False
Hawthorn,u,Southern Metropolitan,1,4.6,450000.0,419694.66923600656,418297.35289583023,421678.1428563371,False
Hawthorn,u,Southern Metropolitan,3,4.6,630000.0,694188.9014036767,758692.9269493809,693851.1189214386,False
Hawthorn,h,Southern Metropolitan,3,4.6,1560000.0,1514209.708171109,1550690.529556658,1538041.0414314326,False
Hawthorn,h,Southern Metropolitan,2,4.6,2265000.0,1596260.9431937137,1435902.8489139099,1485560.9509265288,False
Hawthorn,u,Southern Metropolitan,3,4.6,840000.0,814933.6009953929,996015.9835535908,970851.7015314574,False
Hawthorn,h,Southern Metropolitan,3,4.6,1780000.0,1354522.5388119628,1831948.493234131,1708389.5722751573,False
Hawthorn,u,Southern Metropolitan,2,4.6,605000.0,559047.48259009,624235.7525602251,599345.1422438639,False
Hawthorn,h,Southern Metropolitan,2,4.6,1535000.0,1307931.5801227526,1234431.2373188,1216955.320738682,False
Hawthorn,u,Southern Metropolitan,2,4.6,612500.0,625749.6516936575,592300.4680774914,564644.7125330162,False
Hawthorn,h,Southern Metropolitan,3,4.6,2410000.0,1634547.0635581785,1820874.932003846,1796774.6100166123,False
Hawthorn,u,Southern Metropolitan,2,4.6,690000.0,602578.9924778611,660211.4273419408,655500.5331044187,False
Heidelberg Heights,h,Eastern Metropolitan,3,10.5,720000.0,625963.9729718504,695153.4312866473,690734.4691652006,False
Heidelberg Heights,h,Eastern Metropolitan,4,10.5,1370000.0,824551.7025533724,845512.6347456797,847197.9540586779,False
Heidelberg Heights,h,Eastern Metropolitan,2,10.5,757000.0,660766.4390037126,720734.3151946923,736368.2969917675,False
Heidelberg Heights,t,Eastern Metropolitan,3,10.5,706750.0,645108.6627962507,740006.1817522539,717763.4208469499,False
Heidelberg Heights,h,Eastern Metropolitan,2,10.5,1060000.0,938190.8394119649,824065.0103321851,905936.1116264425,False
Heidelberg Heights,h,Eastern Metropolitan,3,10.5,850000.0,712317.0801237497,788441.3851939559,755742.0193703632,False
Heidelberg Heights,h,Eastern Metropolitan,2,10.5,510000.0,542194.634771634,576457.5520043041,493341.5137596776,False
Heidelberg Heights,h,Eastern Metropolitan,3,10.5,1100000.0,766897.2724801905,862973.2407331542,824047.9419217341,False
Heidelberg Heights,h,Eastern Metropolitan,3,10.5,915000.0,838012.8564850993,875505.0189214854,878374.7588559501,False
Heidelberg West,h,Eastern Metropolitan,3,9.4,830000.0,751521.832485354,820854.4895317698,775871.5510679705,False
Heidelberg West,h,Eastern Metropolitan,3,9.4,808000.0,744153.2487519018,789254.2746690703,771704.1601897697,False
Heidelberg West,h,Eastern Metropolitan,3,9.4,652000.0,663806.2833749738,688094.6837477818,676072.5226904819,False
Heidelberg West,h,Eastern Metropolitan,2,9.4,752000.0,680627.8249610119,700072.5952240061,680643.6768133678,False
Heidelberg West,h,Eastern Metropolitan,2,9.4,777000.0,705661.8693092699,756450.7528447884,769082.4727458693,False
Heidelberg West,h,Eastern Metropolitan,2,9.4,680000.0,614578.3064942373,607556.7143944671,528496.1669832444,False
Heidelberg West,h,Eastern Metropolitan,3,9.4,722000.0,657783.4968288371,651684.7246054042,639216.7146540602,False
Heidelberg West,h,Eastern Metropolitan,2,9.4,715000.0,636060.606044122,696106.5273670525,635707.4611826962,False
Hughesdale,u,Southern Metropolitan,3,13.0,855000.0,691535.9457826434,672760.1180660435,661948.2638947371,False
Ivanhoe,h,Eastern Metropolitan,4,7.9,2265000.0,1899626.7624770382,2180732.8709778655,2075192.6696005207,False
Ivanhoe,h,Eastern Metropolitan,3,7.9,1680000.0,1481967.6202535315,1347568.2481552116,1361513.7621205738,False
Ivanhoe,u,Eastern Metropolitan,2,7.9,440000.0,477380.21070037165,478631.3281210803,500840.6161884569,False
Ivanhoe,h,Eastern Metropolitan,4,7.9,2350000.0,1569377.6891643903,1555062.5058278705,1550938.225436229,False
Ivanhoe,t,Eastern Metropolitan,3,7.9,962000.0,801835.007313017,864669.9750487285,830071.8085658426,False
Ivanhoe,h,Eastern Metropolitan,3,7.9,1220000.0,1207641.6364018712,1207202.1676845674,1189635.960159493,False
Ivanhoe,h,Eastern Metropolitan,3,7.9,1850000.0,1404342.580403158,1546981.625719681,1452156.9811518092,False
Ivanhoe,h,Eastern Metropolitan,2,7.9,1910000.0,964479.8114374838,1253868.8187318863,1147884.4784183044,False
Ivanhoe,h,Eastern Metropolitan,4,7.9,2090000.0,1934600.801230115,1755529.815748184,1732687.0586217854,False
Ivanhoe,h,Eastern Metropolitan,4,7.9,1758000.0,1531213.5838666216,1547867.3553435698,1494280.9312121917,False
Keilor East,h,Western Metropolitan,3,12.8,935000.0,763321.8449274293,805210.794587054,792854.1325717468,False
Keilor East,h,Western Metropolitan,3,12.8,700000.0,739344.152027051,603601.3834067683,660918.7840649976,False
Keilor East,h,Western Metropolitan,3,12.8,675000.0,731514.7275227058,728917.0433855159,694013.4149536539,False
Keilor East,h,Western Metropolitan,4,12.8,816000.0,794073.499085864,842401.1049730572,872559.105132338,False
Keilor East,h,Western Metropolitan,3,12.8,695000.0,623552.8349902525,674051.0156876037,634697.314453108,False
Keilor East,h,Western Metropolitan,3,12.8,915000.0,805641.0526291,744868.3899385213,754114.6982632173,False
Keilor East,t,Western Metropolitan,3,12.8,680000.0,634300.3371657297,595062.8693855909,595042.2253843456,False
Kensington,h,Northern Metropolitan,3,4.2,1470000.0,1035202.9437684187,1043057.6897787346,1063058.2113029624,False
Kensington,u,Northern Metropolitan,2,4.2,630000.0,643408.4147873917,597445.038027871,579318.211846314,False
Kensington,t,Northern Metropolitan,3,4.2,845000.0,816702.4582123708,889655.3586369432,788027.3979986047,False
Kensington,u,Northern Metropolitan,2,4.2,515000.0,516105.45088635146,468799.15883478813,492618.70377308765,False
Kensington,u,Northern Metropolitan,3,4.2,570000.0,532822.9126557247,609796.7388655219,581896.021374053,False
Kensington,u,Northern Metropolitan,1,4.2,445000.0,402931.5036538362,363602.7013330944,374665.2778755065,False
Kensington,h,Northern Metropolitan,3,4.2,1335000.0,1178258.9960886363,1338146.7199614423,1291152.342899623,False
Kensington,h,Northern Metropolitan,2,4.2,868000.0,741236.2828473006,754857.9429082287,751431.958057168,False
Kew,h,Southern Metropolitan,3,5.6,1528500.0,1461520.3456054847,1397410.2151101693,1431347.44290634,False
Kew,u,Southern Metropolitan,2,5.6,630000.0,661827.4548454076,637979.6016316217,649878.1284829602,False
Kew,h,Southern Metropolitan,4,5.6,1690000.0,2053600.1291711305,1928271.2504386976,1819404.9200351352,False
Kew,u,Southern Metropolitan,2,5.6,610000.0,586743.494481742,522581.1418200209,515207.568016731,False
Kew,h,Southern Metropolitan,3,5.6,1490000.0,2090461.2515929397,1870669.7754822571,1997846.5978920017,False
Kew,h,Southern Metropolitan,3,5.6,1668000.0,1503192.6482014963,1610123.7082804842,1581204.5165155688,False
Kew,h,Southern Metropolitan,4,5.6,2315000.0,1978508.3690637783,2048206.009304125,1964413.4374910942,False
Kew,h,Southern Metropolitan,3,5.6,1476000.0,1499112.7438283795,1591612.9434875133,1504789.6926423665,False
Kew,h,Southern Metropolitan,4,5.6,2590000.0,2336719.597051784,2501468.2275743443,2531534.8104201565,False
Kew,h,Southern Metropolitan,4,5.6,2625000.0,2407771.262959235,2570250.202434884,2399718.3617625805,False
Kew,h,Southern Metropolitan,4,5.6,2265000.0,2357187.065708112,2344599.5385965323,2259195.469713947,False
Kew,h,Southern Metropolitan,4,5.6,2850000.0,2515115.961116786,2892393.2793681826,2705639.8311694963,False
Kew,h,Southern Metropolitan,5,5.6,2425000.0,2290261.7494099517,2195686.6546617965,2120033.1302852943,False
Kew,u,Southern Metropolitan,2,5.6,610000.0,586743.494481742,522581.1418200209,515207.568016731,False
Kew,u,Southern Metropolitan,3,5.6,955000.0,894338.322468938,1125177.953381418,968218.0950112185,False
Kew East,h,Southern Metropolitan,3,7.5,1750000.0,1788648.6119441702,1698193.4700744888,1639159.4656692243,False
Kew East,h,Southern Metropolitan,5,7.5,3028000.0,2500560.797295134,2762148.535901472,2580964.9681761763,False
Kew East,t,Southern Metropolitan,3,7.5,1620000.0,1375290.1102026398,1318465.0728046393,1447025.1462029337,False
Maidstone,t,Western Metropolitan,3,9.2,695000.0,622614.275543239,617639.88951245,607566.4113428954,False
Maidstone,h,Western Metropolitan,3,9.2,880000.0,832355.276972055,717896.6356550698,769868.4238646855,False
Maidstone,u,Western Metropolitan,2,9.2,335000.0,395012.5792577595,352545.1233378144,357562.97414108866,False
Maidstone,u,Western Metropolitan,2,9.2,352500.0,401656.75841717754,383105.19388559187,386783.09846953105,False
Maidstone,h,Western Metropolitan,3,9.2,740000.0,791570.3408357876,743155.1009825787,740691.3593805982,False
Maidstone,h,Western Metropolitan,2,9.2,770000.0,734336.8441038566,723854.8787156213,697410.9134680505,False
Malvern,u,Southern Metropolitan,2,7.4,570500.0,652554.9753211458,732952.6218112659,767460.4084625442,False
Malvern,u,Southern Metropolitan,2,7.4,1350000.0,934705.2958161196,838698.0084842932,868519.6344375457,False
Malvern,h,Southern Metropolitan,3,7.4,3010000.0,1907117.006774956,1886694.026320917,1991969.5102535402,False
Malvern,h,Southern Metropolitan,4,7.4,1965000.0,2059303.9215066617,1963344.017546781,2009639.969428309,False
Malvern,h,Southern Metropolitan,3,7.4,2325000.0,1968892.1336290597,1675612.7406843225,1820583.3316209414,False
Malvern,h,Southern Metropolitan,4,7.4,3470000.0,2611799.4955948987,2911759.267586839,3161764.3518418716,False
Malvern,u,Southern Metropolitan,2,7.4,740000.0,666242.744824563,643034.1202655035,666490.6327670827,False
Malvern,h,Southern Metropolitan,5,7.4,2325000.0,2246807.395709794,2679131.990648863,3017760.381769926,False
Malvern East,h,Southern Metropolitan,4,11.2,1215000.0,1490012.6005459907,1345795.8049663338,1407886.3317356317,False
Malvern East,u,Southern Metropolitan,2,11.2,447000.0,564967.7673730624,579352.433458246,595869.3765104586,False
Malvern East,h,Southern Metropolitan,4,11.2,2200000.0,1884701.3824530412,1669077.600352537,1742821.154743532,False
Malvern East,h,Southern Metropolitan,4,11.2,2200000.0,1836328.990353284,1994121.8772534672,1865080.9928040332,False
Malvern East,u,Southern Metropolitan,2,11.2,790000.0,766097.9099583781,684725.6893886384,761205.5228410655,False
Malvern East,h,Southern Metropolitan,4,11.2,2250000.0,2121605.8311563395,2004728.2359188457,2057737.8480817562,False
Malvern East,t,Southern Metropolitan,4,11.2,1240000.0,1378678.3880953337,1219531.0772167337,1220870.7756403647,False
Malvern East,t,Southern Metropolitan,3,11.2,1120000.0,1025721.9987977563,1010549.2173423414,940144.2165596939,False
Malvern East,h,Southern Metropolitan,3,11.2,1625000.0,1009458.9315814256,1197604.553643235,1139308.614089221,False
Malvern East,h,Southern Metropolitan,3,11.2,1500000.0,1773454.8168898392,2340616.0325225545,2183221.4565124027,False
Malvern East,h,Southern Metropolitan,2,11.2,2412000.0,1441059.142649889,1355699.8338437402,1291047.5174649742,False
Malvern East,t,Southern Metropolitan,4,11.2,2560000.0,2295324.3916943944,1916821.9062956092,1829732.4189159742,False
Malvern East,h,Southern Metropolitan,3,11.2,960000.0,1169922.3055937123,1257125.163314768,1203092.1454422616,False
Maribyrnong,t,Western Metropolitan,3,8.7,1011000.0,784473.2881649967,776518.5705899447,745199.9003262795,False
Maribyrnong,t,Western Metropolitan,2,8.7,429000.0,406812.3431270196,480753.4944919259,435563.6032500896,False
Maribyrnong,u,Western Metropolitan,2,8.7,495000.0,645410.2719348636,616910.042015306,560374.5025234356,False
Maribyrnong,t,Western Metropolitan,3,8.7,820000.0,810914.1959384701,664004.550673206,701571.1366193288,False
Maribyrnong,h,Western Metropolitan,3,8.7,456000.0,931029.3136542876,915635.231473991,932577.5092475507,False
Maribyrnong,h,Western Metropolitan,4,8.7,1180000.0,1185966.3367566566,1307196.4440183956,1214762.858902019,False
Maribyrnong,h,Western Metropolitan,4,8.7,1117000.0,1066125.3695140756,1128585.1535604524,1011070.856945284,False
Maribyrnong,u,Western Metropolitan,2,8.7,420000.0,379400.0010790434,365749.59417533566,326421.470196936,False
Maribyrnong,t,Western Metropolitan,5,8.7,1000000.0,836059.9916298212,1043301.0580256295,768729.6301393268,False
Melbourne,u,Northern Metropolitan,2,2.8,1160500.0,678754.4220321903,752817.8082844554,683913.312240038,False
Melbourne,u,Northern Metropolitan,2,2.8,470000.0,449867.7908816166,654145.5501080741,685002.5892798955,False
Melbourne,u,Northern Metropolitan,2,2.8,650000.0,527167.4487149186,520190.61223513266,554505.7827447793,False
Melbourne,u,Northern Metropolitan,2,2.8,483000.0,564298.656182736,537823.2986968855,568510.303942439,False
Melbourne,h,Northern Metropolitan,3,2.8,1630000.0,1319172.52608204,1103232.496517874,1084849.1253345886,False
Middle Park,h,Southern Metropolitan,3,4.1,2956000.0,2159567.166050431,2171798.7083923775,2388498.1757486747,False
Middle Park,h,Southern Metropolitan,2,4.1,1920000.0,1406085.7622373514,1347779.3225461368,1384617.0966635812,False
Mont Albert,h,Eastern Metropolitan,4,11.8,2335000.0,1965074.735090844,1857544.6704796995,2386932.339376312,False
Mont Albert,h,Eastern Metropolitan,4,11.8,3900000.0,2586746.7348097116,2425989.8274085117,2431959.97150126,False
Moonee Ponds,h,Western Metropolitan,4,6.9,1780000.0,1655608.8956380526,1653328.5866367077,1812398.9606630804,False
Moonee Ponds,h,Western Metropolitan,6,6.9,2150000.0,1924218.9739899642,1762673.4264345502,1801644.1994436157,False
Moonee Ponds,h,Western Metropolitan,5,6.9,1730000.0,1559978.4635585407,1301534.6816593127,1514840.6506288953,False
Moonee Ponds,h,Western Metropolitan,3,6.9,1440000.0,1350653.1413984778,1273942.1001102997,1405915.7464783231,False
Moonee Ponds,h,Western Metropolitan,4,6.9,1225000.0,1164153.7915998062,1167202.7403375607,1116499.9638915525,False
Moonee Ponds,h,Western Metropolitan,2,6.9,860000.0,814243.9965551577,841992.2053780549,837809.442216933,False
Moonee Ponds,h,Western Metropolitan,3,6.9,1260000.0,990619.0950616162,1079145.6405071605,1054179.6185620918,False
Moonee Ponds,t,Western Metropolitan,5,6.9,980000.0,1083498.6750925933,1024404.4806656569,930828.7117003261,False
Moonee Ponds,h,Western Metropolitan,2,6.9,1055000.0,957271.8749621559,903534.6169350976,917314.8084057791,False
Moonee Ponds,u,Western Metropolitan,2,6.9,440000.0,484993.0841602678,409152.91322134587,457593.9052427473,False
Moonee Ponds,h,Western Metropolitan,3,6.9,1435000.0,1266327.109047336,1294737.476435362,1311003.200388647,False
Moonee Ponds,h,Western Metropolitan,4,6.9,1275000.0,1602687.4767686995,1479707.796104633,1454407.878175478,False
Moonee Ponds,h,Western Metropolitan,4,6.9,1505000.0,1183242.964449139,1473737.5232788443,1285824.2221594993,False
Moorabbin,h,Southern Metropolitan,3,14.6,980000.0,981890.9625571384,1000258.61181902,954144.5336974092,False
Moorabbin,h,Southern Metropolitan,3,14.6,1110000.0,999978.2931438654,1087829.9486692792,1020025.0519314272,False
Moorabbin,h,Southern Metropolitan,4,14.6,1016000.0,1103557.0793865467,1037952.5192584343,1187749.8670015174,False
Moorabbin,h,Southern Metropolitan,4,14.6,1070000.0,1106820.8789797556,1118782.6844490957,1031136.6780422811,False
Newport,h,Western Metropolitan,2,8.4,800000.0,694737.4705133921,714207.9710358278,705769.2823304193,False
Newport,h,Western Metropolitan,3,8.4,785000.0,753276.6489175505,789394.8416155092,816447.5763497836,False
Newport,h,Western Metropolitan,2,8.4,910000.0,801308.0237138747,827502.7486622521,841134.0905418687,False
Newport,h,Western Metropolitan,4,8.4,1115000.0,894633.1168591764,948071.5780389459,984118.0920708335,False
Newport,h,Western Metropolitan,3,8.4,1675000.0,1133686.0238403701,1261174.7874726304,1199436.530234658,False
Newport,h,Western Metropolitan,2,8.4,890000.0,667246.9640384937,753308.5644597658,731495.9865295714,False
Newport,h,Western Metropolitan,3,8.4,1199000.0,1009363.1790043632,1048105.7297717936,1034934.6935329353,False
Newport,h,Western Metropolitan,3,8.4,1100000.0,1013496.6627289711,1004696.6691843461,993584.0726882686,False
Newport,h,Western Metropolitan,5,8.4,2015000.0,1381037.1572912966,1539471.5700196035,1681556.6910200324,False
Niddrie,h,Western Metropolitan,3,11.2,1235000.0,819523.9111622705,931999.5961220855,1022996.6503093399,False
Niddrie,h,Western Metropolitan,3,11.2,991000.0,1001124.2844391708,1031255.0428963813,1089461.803702415,False
Niddrie,h,Western Metropolitan,3,11.2,1065000.0,948467.7690548107,930652.7590784047,918386.1882671915,False
Niddrie,h,Western Metropolitan,3,11.2,1020000.0,1008715.8989958677,976154.093202677,1012844.1576901986,False
North Melbourne,u,Northern Metropolitan,2,2.3,726000.0,512402.84523810213,507530.5406062992,476342.43283863727,False
North Melbourne,h,Northern Metropolitan,3,2.3,1340000.0,1284656.7702415613,1001781.8373672888,1077215.3447240693,False
North Melbourne,t,Northern Metropolitan,2,2.3,1105000.0,937990.8729482951,828587.4251452904,859898.032384024,False
North Melbourne,t,Northern Metropolitan,2,2.3,841000.0,962608.1288094905,796273.2675385405,775977.1936002452,False
North Melbourne,t,Northern Metropolitan,3,2.3,1300000.0,1086370.5475771436,1093954.9280613034,1046353.4889894814,False
North Melbourne,u,Northern Metropolitan,2,2.3,560000.0,552089.2554494888,503152.0628060332,513450.9084376579,False
Northcote,h,Northern Metropolitan,3,5.5,1310000.0,1272019.2857392058,1248287.538777526,1369689.390428216,False
Northcote,h,Northern Metropolitan,2,5.5,1035000.0,917013.754670257,893578.5519612608,898716.6233303642,False
Northcote,h,Northern Metropolitan,3,5.5,1980000.0,1349697.654002331,1680314.1965786149,1657024.74848522,False
Northcote,u,Northern Metropolitan,2,5.5,592000.0,542090.4177645522,578498.7658990249,565195.4947278199,False
Northcote,h,Northern Metropolitan,3,5.5,1335000.0,1155613.5026279828,1436746.4345844395,1321185.387609689,False
Northcote,h,Northern Metropolitan,3,5.5,1300000.0,1429480.8175754813,1344233.0822197304,1417336.449124239,False
Northcote,h,Northern Metropolitan,2,5.5,1255000.0,1098715.8073456588,1093841.319169202,1097727.3514390236,False
Northcote,u,Northern Metropolitan,2,5.5,665000.0,523140.3982333462,497062.38386879227,533548.1946919205,False
Northcote,h,Northern Metropolitan,2,5.5,1085000.0,930739.6451111812,969132.2107830151,984978.7855411173,False
Northcote,h,Northern Metropolitan,3,5.5,2315000.0,1516538.3638842187,1526346.6997718508,1697888.767228914,False
Northcote,u,Northern Metropolitan,2,5.5,692000.0,603466.7771277755,554565.281325601,607482.5506881699,False
Northcote,t,Northern Metropolitan,3,5.5,980000.0,942982.3281977994,966746.6262905692,862693.8356449634,False
Oak Park,h,Northern Metropolitan,4,11.5,1350000.0,873394.7803807671,903593.9512613972,942224.793242701,False
Oak Park,t,Northern Metropolitan,3,11.5,770000.0,711861.4878850065,722246.9097031524,713169.9290628107,False
Oak Park,t,Northern Metropolitan,2,11.5,585500.0,457505.28059743496,537730.4685408409,524148.7082504881,False
Oakleigh South,h,South-Eastern Metropolitan,3,14.7,875000.0,792068.2720289297,780343.8126296349,884342.9729583256,False
Oakleigh South,h,South-Eastern Metropolitan,5,14.7,900000.0,1014816.0728975438,958570.5623779775,994705.5931755545,False
Oakleigh South,h,South-Eastern Metropolitan,3,14.7,782000.0,792439.6822812743,695734.1375323824,803241.106297084,False
Oakleigh South,h,South-Eastern Metropolitan,3,14.7,921000.0,864459.1025982363,871372.4046597088,869628.6585655736,False
Oakleigh South,h,South-Eastern Metropolitan,6,14.7,1900000.0,1422459.4693627967,1229551.9070269847,1202548.49556193,False
Oakleigh South,h,South-Eastern Metropolitan,3,14.7,1067000.0,1182889.1341196236,1005833.0212540895,1040050.2303595616,False
Oakleigh South,h,South-Eastern Metropolitan,4,14.7,1310000.0,1224460.3765314063,1192689.311003242,1294133.64327304,False
Oakleigh South,h,South-Eastern Metropolitan,3,14.7,800000.0,785273.2765211628,718239.062943347,780293.8807464218,False
Parkville,u,Northern Metropolitan,1,2.6,395000.0,466684.01566513616,465678.60452914337,486283.6994245471,False
Parkville,u,Northern Metropolitan,1,2.6,526000.0,454262.6274797871,462734.09069943655,480757.15063584695,False
Pascoe Vale,h,Northern Metropolitan,3,9.9,780000.0,690204.5947779597,704581.7518613717,702184.5283361815,False
Pascoe Vale,u,Northern Metropolitan,3,9.9,600000.0,531806.6198631934,570120.1667770471,549242.4541978694,False
Pascoe Vale,h,Northern Metropolitan,3,9.9,1465000.0,1200845.6455393895,1071120.1299626837,1168734.425808282,False
Pascoe Vale,h,Northern Metropolitan,4,9.9,955000.0,940837.6552449794,1041709.8768198793,1013742.6043896038,False
Pascoe Vale,h,Northern Metropolitan,3,9.9,767000.0,674025.0866780812,715518.1309717927,705548.0163603708,False
Pascoe Vale,h,Northern Metropolitan,4,9.9,1196000.0,977493.2407456818,1006540.8405469452,1026887.480075109,False
Pascoe Vale,h,Northern Metropolitan,3,9.9,810000.0,776385.4388301949,762604.6025409196,746987.4707567586,False
Pascoe Vale,h,Northern Metropolitan,2,9.9,920000.0,855733.245815911,838911.7482803665,841367.110971698,False
Pascoe Vale,h,Northern Metropolitan,3,9.9,750000.0,811324.3824624219,777820.6571611358,706534.110806094,False
Pascoe Vale,h,Northern Metropolitan,4,9.9,822000.0,726316.9031222572,759187.3791170248,765309.7080602566,False
Pascoe Vale,h,Northern Metropolitan,3,9.9,983000.0,869268.9722833993,921502.4250588677,910346.8233411018,False
Pascoe Vale,h,Northern Metropolitan,3,9.9,600000.0,668105.1734570904,705911.762860662,673964.487373942,False
Pascoe Vale,h,Northern Metropolitan,3,9.9,960000.0,851978.5206159535,872914.5413392251,894461.6339076603,False
Pascoe Vale,h,Northern Metropolitan,4,9.9,985000.0,858578.2600789154,863714.3511084423,871383.5753643977,False
Pascoe Vale,h,Northern Metropolitan,4,9.9,820000.0,736872.5402963097,706257.8425904773,652967.5759308952,False
Pascoe Vale,h,Northern Metropolitan,3,9.9,670000.0,763962.4976787949,825323.9655560991,819429.606721573,False
Port Melbourne,u,Southern Metropolitan,2,3.8,1250000.0,1245793.076006618,1120932.7489247343,1234403.382560944,False
Port Melbourne,u,Southern Metropolitan,2,3.8,575000.0,844994.2565011651,733969.3418027356,824335.0947899497,False
Port Melbourne,h,Southern Metropolitan,4,3.8,1915000.0,2188024.2184696402,2543102.135879472,2382393.323206403,False
Port Melbourne,h,Southern Metropolitan,3,3.8,1630000.0,1428893.3185475743,1581890.9578364554,1477391.977534349,False
Port Melbourne,h,Southern Metropolitan,3,3.8,1515000.0,1495050.7450230715,1600397.0355372624,1485632.399212868,False
Port Melbourne,h,Southern Metropolitan,2,3.8,1155000.0,969726.8543848156,1034624.2139997775,941513.114145198,False
Port Melbourne,h,Southern Metropolitan,2,3.8,1150000.0,1036083.5798740969,1032229.1352051414,965829.4170146311,False
Port Melbourne,h,Southern Metropolitan,2,3.8,1400000.0,1097312.3718386048,1214399.6657183073,1304805.5229326673,False
Port Melbourne,h,Southern Metropolitan,3,3.8,1520000.0,1238397.3961286438,1569660.330403062,1531033.5059716057,False
Port Melbourne,h,Southern Metropolitan,3,3.8,1655000.0,1370828.6417914864,1454317.4609233264,1371641.7472387955,False
Port Melbourne,u,Southern Metropolitan,1,3.8,600000.0,464799.58994229476,486470.47830037796,457672.6190820736,False
Prahran,u,Southern Metropolitan,1,4.5,492000.0,385434.22709775215,507037.63099505316,473687.6106021113,False
Prahran,u,Southern Metropolitan,1,4.5,500500.0,413508.00413604715,446170.45943879784,469380.2766428181,False
Prahran,h,Southern Metropolitan,3,4.5,1240000.0,1386866.1300472221,1486463.4937953618,1404714.5251418615,False
Prahran,h,Southern Metropolitan,2,4.5,1460000.0,1303153.4529708913,1381281.7860071482,1331573.9495798696,False
Prahran,u,Southern Metropolitan,2,4.5,841000.0,835170.678613424,783478.301456205,893905.4259588154,False
Prahran,u,Southern Metropolitan,2,4.5,570000.0,555364.4348459209,528163.2129456053,554575.2087335769,False
Prahran,u,Southern Metropolitan,2,4.5,480000.0,643829.6781655512,655964.9521050131,669296.8518792839,False
Prahran,h,Southern Metropolitan,2,4.5,1310000.0,1154442.302409278,1171694.821279434,1158234.3834404447,False
Prahran,h,Southern Metropolitan,3,4.5,1530000.0,1381392.4721836091,1470144.3121655951,1395446.9232341032,False
Prahran,u,Southern Metropolitan,2,4.5,560000.0,568662.5756488831,572504.1628313068,584785.3752845275,False
Prahran,h,Southern Metropolitan,3,4.5,1720000.0,1809645.953081284,1677754.5452703629,1850693.9319113032,False
Prahran,h,Southern Metropolitan,3,4.5,1050000.0,2213888.077075327,1804781.0215119063,2478659.2134030927,False
Prahran,h,Southern Metropolitan,2,4.5,1582000.0,1192862.732849499,1322662.3283066994,1210078.134673171,False
Preston,h,Northern Metropolitan,2,8.8,835000.0,883507.0429996356,789749.4525162817,805618.5516226644,False
Preston,h,Northern Metropolitan,3,8.8,637000.0,686939.5015289135,775402.7426889536,743937.857298654,False
Preston,h,Northern Metropolitan,3,8.8,1265000.0,1096955.7955092634,995240.0569439296,1054455.1219005103,False
Preston,h,Northern Metropolitan,3,8.8,1100000.0,884150.1197541077,883294.8421269668,853191.9927421901,False
Preston,h,Northern Metropolitan,4,8.8,1082000.0,908162.3292320535,949300.2132351808,980271.8760611034,False
Preston,t,Northern Metropolitan,2,8.8,715000.0,604233.0765689154,613207.9664262868,640382.3286059425,False
Preston,h,Northern Metropolitan,5,8.8,630000.0,798312.600599336,1255508.1504362607,1169893.8496385454,False
Preston,h,Northern Metropolitan,2,8.8,837000.0,805432.8828330595,847060.8747016806,875416.0288824912,False
Preston,h,Northern Metropolitan,3,8.8,990000.0,1000380.3936775918,963941.3721315644,1040959.1904749158,False
Preston,u,Northern Metropolitan,2,8.8,512000.0,498048.43643488345,507389.7104093314,509449.6426817114,False
Preston,h,Northern Metropolitan,4,8.8,1400000.0,1002599.7009777518,1013479.6192109388,1037959.422003264,False
Preston,t,Northern Metropolitan,2,8.8,660000.0,530623.4545165881,601178.8367083019,627976.9864272573,False
Preston,u,Northern Metropolitan,2,8.8,436000.0,449849.8130881769,421337.6656055959,415681.53648384,False
Preston,h,Northern Metropolitan,2,8.8,876000.0,809235.287257062,751532.8895880418,783895.2128007121,False
Preston,h,Northern Metropolitan,2,8.8,910000.0,871667.9689801489,849780.2870408198,948884.8186885029,False
Preston,h,Northern Metropolitan,3,8.8,1000000.0,768580.0774275255,884405.247139461,859287.9152869289,False
Preston,h,Northern Metropolitan,3,8.8,800000.0,719529.8494445281,704260.3033255908,682519.2922614302,False
Preston,h,Northern Metropolitan,3,8.8,928000.0,749863.6440846561,745908.0703647119,809594.6891896683,False
Preston,h,Northern Metropolitan,3,8.8,1070000.0,967097.1360586319,904199.5300123588,941724.0211431812,False
Preston,h,Northern Metropolitan,2,8.8,900000.0,981477.2525321437,836513.6790520402,767278.191621611,False
Preston,u,Northern Metropolitan,2,8.8,425000.0,543894.303332312,552423.8140374139,516025.4994382517,False
Preston,u,Northern Metropolitan,2,8.8,515000.0,459325.5651546649,433213.68973396416,417586.4457401796,False
Preston,h,Northern Metropolitan,3,8.8,1040000.0,846322.6417813925,836454.3866709418,835878.8651638913,False
Preston,h,Northern Metropolitan,2,8.8,520000.0,590909.9729976018,568084.788420506,522123.8184421274,False
Reservoir,t,Northern Metropolitan,2,11.2,490000.0,457586.46384062065,464556.2740937433,429912.6323675682,False
Reservoir,h,Northern Metropolitan,3,11.2,805000.0,687853.460441174,732275.7020266948,700499.6736440491,False
Reservoir,h,Northern Metropolitan,4,11.2,770000.0,815553.169229086,832467.9347330314,836720.7830564327,False
Reservoir,u,Northern Metropolitan,3,11.2,645000.0,526153.7053870483,602550.4519165052,570961.32006179,False
Reservoir,h,Northern Metropolitan,3,11.2,1005000.0,934206.9492199895,1005609.883408061,1102695.4732870022,False
Reservoir,h,Northern Metropolitan,2,11.2,931000.0,689113.3388121878,702294.935880112,674338.7338183358,False
Reservoir,h,Northern Metropolitan,2,11.2,810000.0,814292.1638115433,771898.3060765623,774920.6189318412,False
Reservoir,h,Northern Metropolitan,2,11.2,555000.0,480911.75029022165,497213.0319617939,494769.22004553344,False
Reservoir,t,Northern Metropolitan,2,11.2,350000.0,452229.4885659328,382685.07945466205,394233.5285194955,False
Reservoir,h,Northern Metropolitan,3,11.2,540000.0,622965.0711701028,577455.4474649634,542107.7984831838,False
Reservoir,t,Northern Metropolitan,3,11.2,678000.0,566308.1863262248,524853.4310955931,551130.6772383518,False
Reservoir,h,Northern Metropolitan,3,11.2,1120000.0,890155.4085177078,924386.8473327183,920130.8845130053,False
Reservoir,u,Northern Metropolitan,3,11.2,470000.0,496242.45208619797,526320.5530147955,491293.91744148114,False
Reservoir,h,Northern Metropolitan,3,11.2,800000.0,783810.6170744895,717825.3390959107,723768.239653833,False
Reservoir,h,Northern Metropolitan,2,11.2,1700000.0,808815.0195287121,780923.3138198399,725406.8864008004,False
Reservoir,h,Northern Metropolitan,3,11.2,655000.0,668785.2648470935,631584.628133508,618815.8924844454,False
Reservoir,h,Northern Metropolitan,3,11.2,885000.0,771601.5183761058,721059.9351288545,744664.6519086454,False
Reservoir,h,Northern Metropolitan,2,11.2,510000.0,530888.7444619881,512245.68532002036,499750.43825337256,False
Reservoir,u,Northern Metropolitan,2,11.2,440000.0,435389.5868218259,413197.6106424172,438757.6696892281,False
Reservoir,h,Northern Metropolitan,2,11.2,500250.0,570779.2063699665,536220.4890915302,545839.7351295408,False
Reservoir,h,Northern Metropolitan,1,11.2,395000.0,396594.3294750814,406664.46720482485,391050.5853102863,False
Reservoir,h,Northern Metropolitan,3,11.2,810000.0,768269.7319179564,761191.6932991795,748774.5368521016,False
Reservoir,h,Northern Metropolitan,2,11.2,790000.0,703105.7861360861,712614.1927283949,705232.3859347347,False
Reservoir,u,Northern Metropolitan,2,11.2,465000.0,401749.4076656717,421319.94025355525,406688.3350267089,False
Reservoir,h,Northern Metropolitan,3,11.2,601000.0,528692.9832868353,528366.5284196729,541825.2720330638,False
Reservoir,h,Northern Metropolitan,2,11.2,772000.0,529454.7630251964,476426.67573240947,476370.5806822625,False
Reservoir,h,Northern Metropolitan,2,11.2,968000.0,738607.0948484539,746892.2103387245,719452.6823356756,False
Reservoir,h,Northern Metropolitan,3,11.2,928000.0,823968.4613471926,831544.773203938,836552.3723587723,False
Richmond,u,Northern Metropolitan,1,2.6,437500.0,423011.872105369,484507.78443125094,475773.95503916027,False
Richmond,u,Northern Metropolitan,1,2.6,421000.0,431651.36901418574,406087.4232181311,412108.67915256595,False
Richmond,u,Northern Metropolitan,2,2.6,479000.0,606159.2247469482,709783.5339089335,701527.0753603536,False
Richmond,h,Northern Metropolitan,5,2.6,3200000.0,2488507.6773992907,3016672.072115219,2769221.494195013,False
Richmond,u,Northern Metropolitan,2,2.6,479000.0,532609.647829411,547331.6298491874,507575.61295831297,False
Richmond,h,Northern Metropolitan,2,2.6,1042500.0,1028178.2230531131,954356.8603223056,919675.9127870345,False
Richmond,u,Northern Metropolitan,2,2.6,655000.0,570974.5927099502,451812.80076794146,451404.34939857107,False
Richmond,h,Northern Metropolitan,2,2.6,1130000.0,1025960.7894627573,1195354.3734912104,1258976.6976712125,False
Richmond,u,Northern Metropolitan,2,2.6,561000.0,611107.96211276,546632.5707268424,560136.5634495118,False
Richmond,u,Northern Metropolitan,2,2.6,635000.0,638058.2719644412,660193.3957528509,635753.4329065478,False
Richmond,u,Northern Metropolitan,2,2.6,450000.0,551884.8343465107,504919.9328586389,480734.06534729054,False
Richmond,h,Northern Metropolitan,3,2.6,1275000.0,1226629.4743126163,1296105.2975344206,1385879.2230724443,False
Richmond,h,Northern Metropolitan,2,2.6,1035000.0,994739.3413949941,942405.972929602,912076.237396185,False
Richmond,h,Northern Metropolitan,3,2.6,2000000.0,1440758.0401381634,1183305.3788990928,1367254.8127134303,False
Richmond,u,Northern Metropolitan,3,2.6,931000.0,896095.7597684517,1051974.563036971,909674.8614079873,False
Richmond,h,Northern Metropolitan,3,2.6,2640000.0,1376347.064145958,1488857.6925424675,1533643.4164522623,False
Richmond,t,Northern Metropolitan,2,2.6,842000.0,732280.0572034962,796072.7599175737,870645.9873005652,False
Richmond,h,Northern Metropolitan,4,2.6,1510000.0,1510361.7172026278,1454511.2540815116,1392622.61881971,False
Richmond,h,Northern Metropolitan,3,2.6,1550000.0,1237929.045240286,1167078.7322446925,1130841.1595913072,False
Richmond,t,Northern Metropolitan,2,2.6,1200000.0,1081343.9942785131,902936.0372204641,1008859.8326831124,False
Richmond,h,Northern Metropolitan,3,2.6,1555000.0,1536616.288803756,1605867.110536092,1742204.4842820645,False
Richmond,h,Northern Metropolitan,3,2.6,1361000.0,1344659.449168614,1194072.4998408114,1256402.6250050445,False
Richmond,h,Northern Metropolitan,3,2.6,1540000.0,1288782.2867771012,1089789.7295293543,1190970.7238943835,False
Richmond,t,Northern Metropolitan,3,2.6,1582000.0,1125047.1818233754,1402215.117242114,1375506.9075632577,False
Rosanna,h,Eastern Metropolitan,3,11.4,780000.0,886800.3990740469,891597.5981845388,839899.1022049736,False
Rosanna,u,Eastern Metropolitan,2,11.4,635000.0,465445.4673173331,455640.37836796005,424300.5940930493,False
Rosanna,t,Eastern Metropolitan,2,11.4,515000.0,598527.5045627556,534830.4347651802,486140.8753767893,False
Rosanna,u,Eastern Metropolitan,3,11.4,780000.0,667925.7837602606,666319.9716416993,679677.218162235,False
Rosanna,h,Eastern Metropolitan,3,11.4,1000000.0,963810.3183597528,1029704.7104765691,1085467.2647359995,False
Rosanna,h,Eastern Metropolitan,3,11.4,867000.0,629725.9911978528,621046.8662614537,571442.0632416911,False
Seddon,h,Western Metropolitan,2,6.6,990000.0,797037.4386022782,889346.1815654024,903106.0813371424,False
Seddon,h,Western Metropolitan,3,6.6,1080000.0,941379.3092652408,843966.5598166503,905533.6300743731,False
Seddon,h,Western Metropolitan,3,6.6,1126000.0,981132.7133733155,1014991.4703538804,988354.69916097,False
Seddon,h,Western Metropolitan,2,6.6,1025000.0,805299.0721106625,823015.0800799084,884027.7695977255,False
Seddon,h,Western Metropolitan,5,6.6,1275000.0,1482489.5846184704,1476351.1335381805,1377082.005035518,False
Seddon,h,Western Metropolitan,3,6.6,1032000.0,1014796.8326451572,981290.9799001501,1040946.9021032704,False
South Melbourne,h,Southern Metropolitan,3,2.1,1270000.0,1357467.7390158551,1368157.691497346,1482777.114694459,False
South Melbourne,h,Southern Metropolitan,3,2.1,2633000.0,1521947.0832438099,1577042.4220451226,1641924.1080262973,False
South Melbourne,h,Southern Metropolitan,2,2.1,930000.0,1043355.8046171864,1058038.8864614998,981902.256940778,False
South Melbourne,h,Southern Metropolitan,3,2.1,770000.0,2503419.4739735057,2224370.478638841,2363299.1085048723,False
South Melbourne,u,Southern Metropolitan,2,2.1,561000.0,639268.7876310206,615363.6060824199,608267.2920827447,False
South Melbourne,h,Southern Metropolitan,3,2.1,1720000.0,1282371.7813704438,1412691.776748671,1357746.9704321746,False
South Yarra,u,Southern Metropolitan,1,3.3,422000.0,427923.93925612204,451439.85476122575,450294.96186893445,False
South Yarra,u,Southern Metropolitan,2,3.3,535000.0,534900.9894703551,590325.4457370973,545699.3899536245,False
South Yarra,u,Southern Metropolitan,2,3.3,990000.0,766193.76628981,766304.5464301587,738146.1327432202,False
South Yarra,u,Southern Metropolitan,2,3.3,695000.0,640034.740724351,670956.0078450328,714295.7610603649,False
South Yarra,u,Southern Metropolitan,2,3.3,978500.0,940209.128899698,900499.094521792,958938.0108978364,False
South Yarra,u,Southern Metropolitan,2,3.3,863000.0,805962.7488336398,901364.2304799529,894013.371779485,False
South Yarra,u,Southern Metropolitan,2,3.3,680000.0,746562.4320826146,675788.7895712049,695759.5582357123,False
South Yarra,u,Southern Metropolitan,2,3.3,840000.0,912036.1306632612,715142.4794247809,770611.0294434368,False
South Yarra,u,Southern Metropolitan,1,3.3,450000.0,402614.1097442029,397497.3371257106,409238.67857607966,False
South Yarra,u,Southern Metropolitan,4,3.3,2050000.0,814447.5488954817,1037316.6162351337,1167330.6600830674,False
South Yarra,h,Southern Metropolitan,4,3.3,2600000.0,2302436.7342559234,2141530.1475875527,2095747.7426587464,False
South Yarra,u,Southern Metropolitan,1,3.3,320000.0,350810.28528089286,351972.12578447623,349024.0308612363,False
South Yarra,h,Southern Metropolitan,3,3.3,2395000.0,1971842.3683654177,2037504.6018299477,2444185.4665537826,False
South Yarra,u,Southern Metropolitan,2,3.3,920000.0,928262.7300266998,777768.0827549077,748257.7436692341,False
South Yarra,u,Southern Metropolitan,2,3.3,840000.0,759672.5685645692,754206.9330303045,766412.1164482172,False
South Yarra,h,Southern Metropolitan,3,3.3,1400000.0,1386690.650216395,1583746.5085127212,1654817.3761369528,False
South Yarra,u,Southern Metropolitan,2,3.3,635000.0,683197.6030859149,713135.8850231395,705246.0943796941,False
South Yarra,u,Southern Metropolitan,2,3.3,680500.0,576993.9461374098,600100.4259095977,568585.7446427204,False
South Yarra,h,Southern Metropolitan,3,3.3,1800000.0,2444025.3310314333,2450454.717879948,2744081.633716345,False
South Yarra,u,Southern Metropolitan,1,3.3,280000.0,380569.9651215952,396443.2704183183,413286.38334775006,False
Southbank,u,Southern Metropolitan,1,1.2,385500.0,533759.8098498855,460273.8154892682,417142.2298981892,False
Southbank,u,Southern Metropolitan,1,1.2,455000.0,511357.2471001838,404318.35683416564,449799.2026916085,False
Southbank,u,Southern Metropolitan,2,1.2,569000.0,615109.4574798616,740887.0995021373,688659.4988548928,False
Southbank,u,Southern Metropolitan,2,1.2,580000.0,572271.2776539953,540193.7687910444,519408.26052677847,False
Spotswood,h,Western Metropolitan,4,7.7,1161000.0,1683422.3654407763,1423330.0780474886,1409361.4089839293,False
Spotswood,h,Western Metropolitan,3,7.7,775000.0,922805.6936220444,843496.0978159716,861627.1542868601,False
St Kilda,u,Southern Metropolitan,2,6.1,495000.0,550391.7235532136,496185.06785029283,497144.7876898054,False
St Kilda,h,Southern Metropolitan,5,6.1,2000000.0,2248794.555633242,1938891.285561479,2225408.057893495,False
St Kilda,u,Southern Metropolitan,2,6.1,500000.0,535466.9980354011,485945.09300188394,480495.26729578065,False
St Kilda,u,Southern Metropolitan,2,6.1,530000.0,545783.937428107,437665.4618855279,480753.1329590619,False
St Kilda,h,Southern Metropolitan,3,6.1,1891000.0,2050397.8889216909,1860823.6756318565,1994122.4200465751,False
St Kilda,h,Southern Metropolitan,4,6.1,2000000.0,2226376.882931663,1996349.821080152,2007519.0685696427,False
St Kilda,h,Southern Metropolitan,4,6.1,2220000.0,2232889.8539693747,2020925.6388461608,2138824.7941048057,False
St Kilda,u,Southern Metropolitan,3,6.1,1500000.0,864524.2718687627,878487.9580221185,934761.050304267,False
St Kilda,h,Southern Metropolitan,4,6.1,2455000.0,2230400.036393904,1598012.0103862772,1631810.6777009687,False
St Kilda,h,Southern Metropolitan,3,6.1,2000000.0,1748044.0789385054,1584450.2791607922,1698731.5222536975,False
St Kilda,u,Southern Metropolitan,1,6.1,500000.0,450846.764753028,376079.2687675211,407888.3925487637,False
St Kilda,u,Southern Metropolitan,2,6.1,685000.0,794933.7722811991,916998.4219851807,851792.1617777841,False
St Kilda,u,Southern Metropolitan,1,6.1,475000.0,397251.3225690939,387454.3874371101,364971.09053160826,False
St Kilda,u,Southern Metropolitan,2,6.1,390000.0,498293.0982253511,486747.06165382644,481879.9547621911,False
St Kilda,u,Southern Metropolitan,1,6.1,500000.0,385617.7678337838,351142.321089913,376162.10092565545,False
St Kilda,h,Southern Metropolitan,3,6.1,1120000.0,2451584.2253335924,1837607.9104944328,1866628.8865418145,False
St Kilda,u,Southern Metropolitan,1,6.1,400000.0,380309.75114356773,348146.3941883204,363235.0046517117,False
St Kilda,u,Southern Metropolitan,2,6.1,582000.0,620329.7524428258,587552.8757513552,546914.7958434613,False
St Kilda,u,Southern Metropolitan,1,6.1,1210000.0,386062.96573954634,341582.74839715427,340667.24567643995,False
St Kilda,u,Southern Metropolitan,1,6.1,366000.0,387935.39203630085,399092.95818206377,392156.99507176894,False
St Kilda,h,Southern Metropolitan,2,6.1,808000.0,999578.2900088172,1122675.6497824718,902453.4862263374,False
St Kilda,h,Southern Metropolitan,2,6.1,1316000.0,1225107.2345180383,1090765.7279840212,1133229.1417292657,False
St Kilda,u,Southern Metropolitan,2,6.1,640000.0,608059.5011864896,604035.4133918706,555322.8685599532,False
St Kilda,u,Southern Metropolitan,1,6.1,452000.0,382393.7633912152,403704.3023770657,389648.15417237446,False
St Kilda,u,Southern Metropolitan,2,6.1,520000.0,475961.2185735023,466030.94165421196,470521.1878471017,False
St Kilda,u,Southern Metropolitan,2,6.1,482300.0,572273.3876859907,618804.752040635,595379.3875175589,False
St Kilda,u,Southern Metropolitan,2,6.1,902000.0,732376.3634476175,726648.9128697996,811958.3480768724,False
St Kilda,u,Southern Metropolitan,3,6.1,1600000.0,701006.0624850704,1159849.0932609774,1033579.2638041093,False
St Kilda,h,Southern Metropolitan,2,6.1,1435000.0,1237314.708853186,1100046.9336251512,1139131.125113321,False
Strathmore,h,Western Metropolitan,4,9.7,1635000.0,1008454.8518357971,1149359.2467553082,1183819.5488506,False
Strathmore,h,Western Metropolitan,3,9.7,1194000.0,1154741.6703926604,1131392.2740947958,1208771.3706759019,False
Strathmore,t,Western Metropolitan,4,9.7,995000.0,821202.2772559929,826220.7960587888,822033.6879749127,False
Strathmore,h,Western Metropolitan,4,9.7,1280000.0,968610.9265188853,999817.6864357522,1011250.4017618815,False
Strathmore,h,Western Metropolitan,3,9.7,1000000.0,1013260.948593637,964877.1260066535,1036122.2720144878,False
Sunshine,h,Western Metropolitan,3,12.6,735000.0,704609.4736775998,668625.5365204724,695010.6263953352,False
Sunshine,h,Western Metropolitan,3,12.6,1001000.0,950986.2194356493,876370.2646842124,971814.798386266,False
Sunshine,h,Western Metropolitan,3,12.6,780000.0,666971.4563928078,656303.6702097501,678088.2171257159,False
Sunshine,h,Western Metropolitan,2,12.6,710000.0,706825.2818020664,734514.719975711,759927.9138490142,False
Sunshine,h,Western Metropolitan,4,12.6,1350500.0,826053.2836968757,849971.3717722596,897886.2675538452,False
Sunshine,h,Western Metropolitan,3,12.6,745000.0,713392.8247177132,660644.2066354305,691803.1018669764,False
Sunshine,h,Western Metropolitan,2,12.6,490000.0,581199.1852470948,641455.7653106803,581917.1227611691,False
Sunshine,h,Western Metropolitan,2,12.6,551000.0,612785.9691407426,631456.870983818,716563.1493675576,False
Sunshine,h,Western Metropolitan,3,12.6,750000.0,660942.8218017962,609933.5656954432,573370.2964032618,False
Sunshine,h,Western Metropolitan,4,12.6,670000.0,662948.456662844,592523.0177284775,630313.8168062317,False
Sunshine,h,Western Metropolitan,4,12.6,888000.0,739634.7977906037,723967.7331870275,806227.6005532767,False
Sunshine,h,Western Metropolitan,3,12.6,794000.0,600563.3567897618,614941.5741872551,597184.7701066666,False
Sunshine,h,Western Metropolitan,3,12.6,890000.0,740852.4731105944,701174.4925444442,731463.555694323,False
Sunshine,h,Western Metropolitan,3,12.6,910000.0,837927.8865021882,791629.994010731,773979.0872567946,False
Sunshine,h,Western Metropolitan,3,12.6,607000.0,605102.9092128568,575632.9264567842,619635.9485399754,False
Sunshine North,h,Western Metropolitan,3,13.3,701000.0,697191.0814180583,732054.8132751592,698394.7228320737,False
Sunshine North,h,Western Metropolitan,3,13.3,790000.0,666317.216701544,679652.7215313795,668437.6669755751,False
Sunshine North,h,Western Metropolitan,3,13.3,580000.0,591489.1946941712,532631.9240216753,570194.3880267853,False
Sunshine North,h,Western Metropolitan,3,13.3,680000.0,643632.545520833,642217.1165951956,608278.5626283907,False
Sunshine North,h,Western Metropolitan,4,13.3,705000.0,733933.7614111585,768016.1650984155,765856.0805509412,False
Sunshine North,h,Western Metropolitan,3,13.3,520000.0,527537.8119475264,588336.6848224134,571633.2427811273,False
Sunshine West,h,Western Metropolitan,4,13.5,601000.0,614660.6695505772,559439.8620203299,597430.5016606263,False
Sunshine West,h,Western Metropolitan,3,13.5,650000.0,539267.4577087164,525910.6749067479,521704.03803652147,False
Sunshine West,h,Western Metropolitan,3,13.5,593000.0,518676.6077726968,529036.7251793642,507980.28930562246,False
Sunshine West,h,Western Metropolitan,3,13.5,690000.0,536841.8129721571,513777.3919475925,532340.8481126392,False
Sunshine West,h,Western Metropolitan,3,13.5,625000.0,562438.9676932498,579359.5953707139,552531.4481566092,False
Sunshine West,h,Western Metropolitan,3,13.5,660000.0,598418.9467268805,600594.5765912164,572472.1933584361,False
Sunshine West,h,Western Metropolitan,4,13.5,657000.0,650502.3761342968,673900.1166792033,646983.6177864191,False
Sunshine West,h,Western Metropolitan,3,13.5,795000.0,640568.2391838606,616798.7356535427,650794.0739783049,False
Surrey Hills,u,Southern Metropolitan,2,11.2,640000.0,476169.6193280864,414708.8737071754,434260.0675836685,False
Surrey Hills,u,Southern Metropolitan,2,11.2,745000.0,744968.9041995356,613872.2276306074,652316.8730851739,False
Surrey Hills,u,Southern Metropolitan,3,11.2,880000.0,774553.3721014636,867150.1632068023,802784.6839514716,False
Surrey Hills,h,Southern Metropolitan,4,11.2,2060000.0,1633035.5254431837,1985269.8951740165,1901891.2333823883,False
Surrey Hills,h,Southern Metropolitan,4,11.2,1750000.0,2095248.774425301,1975143.3375795349,1983992.8920330887,False
Surrey Hills,h,Southern Metropolitan,3,11.2,1185000.0,1248608.5501123564,1227518.3292961556,1259574.3306299297,False
Surrey Hills,t,Southern Metropolitan,3,11.2,865000.0,1040293.7846805025,995247.115098076,1020800.4586525667,False
Surrey Hills,h,Southern Metropolitan,3,11.2,1135000.0,1307676.8241015396,1223302.5768326428,1215976.9461638716,False
Surrey Hills,h,Southern Metropolitan,4,11.2,2160000.0,2341139.5836640834,2583528.23445703,2277469.167199447,False
Surrey Hills,u,Southern Metropolitan,2,11.2,899000.0,757916.3540066802,636872.044208537,689640.3361214872,False
Templestowe Lower,h,Eastern Metropolitan,5,13.8,1050000.0,1056858.8466757121,1194505.6635860126,1080742.671320123,False
Templestowe Lower,h,Eastern Metropolitan,4,13.8,1257000.0,1109138.1441726617,1179753.2545638934,1121152.5166200304,False
Templestowe Lower,h,Eastern Metropolitan,5,13.8,1710000.0,1402530.5564078307,1343189.3229786942,1284023.318592603,False
Templestowe Lower,h,Eastern Metropolitan,3,13.8,1210000.0,1107344.4143636206,971124.5383180325,1034327.741104015,False
Templestowe Lower,t,Eastern Metropolitan,3,13.8,766000.0,794361.797308849,780730.1901939415,728566.6208562399,False
Templestowe Lower,u,Eastern Metropolitan,3,13.8,755000.0,690226.2576339522,705504.9584997485,673213.7471262639,False
Thornbury,h,Northern Metropolitan,4,6.5,1428888.0,1067599.951441188,1326146.917511749,1211899.3683038715,False
Thornbury,h,Northern Metropolitan,3,6.5,1430000.0,1212992.3916857138,1377857.5772713071,1307814.3764233198,False
Thornbury,u,Northern Metropolitan,2,6.5,525500.0,525622.2809325705,495394.21250960923,475048.9934207832,False
Thornbury,u,Northern Metropolitan,2,6.5,450000.0,441902.5601174692,443465.9021567791,436994.8707651117,False
Thornbury,h,Northern Metropolitan,3,6.5,1190000.0,962391.4175822221,862949.4196701089,889084.2617814383,False
Thornbury,h,Northern Metropolitan,3,6.5,1020000.0,1186529.6189031387,1008563.0458226656,1002631.1913729039,False
Thornbury,h,Northern Metropolitan,3,6.5,1245000.0,1168036.0081984461,1105781.325577687,1077221.4985937206,False
Thornbury,t,Northern Metropolitan,3,6.5,1100000.0,1049299.7844691048,950183.4873769071,932702.1763327834,False
Thornbury,h,Northern Metropolitan,2,6.5,1211000.0,1061349.9645175664,939195.222360304,970028.5845250876,False
Thornbury,u,Northern Metropolitan,2,6.5,466000.0,485172.1490143621,587884.0536963511,528032.8516757998,False
Thornbury,h,Northern Metropolitan,3,6.5,1280000.0,1116962.0819213507,1038584.6118028638,1049124.8095250297,False
Thornbury,h,Northern Metropolitan,4,6.5,1478000.0,1045535.0028162047,1306425.5887935625,1286911.5149915805,False
Thornbury,h,Northern Metropolitan,3,6.5,1280000.0,1181078.9846190154,1153842.4327093994,1144033.8801784215,False
Thornbury,h,Northern Metropolitan,3,6.5,1913000.0,1369601.5617657248,1538616.598244098,1507752.009064105,False
Toorak,u,Southern Metropolitan,2,4.6,876000.0,769414.3511118146,809026.6362174815,784758.2448279976,False
Toorak,u,Southern Metropolitan,2,4.6,620000.0,650255.2848460363,718784.1733330633,767423.6524572511,False
Toorak,h,Southern Metropolitan,4,4.6,5500000.0,4112498.441080636,5844033.637209577,5128263.468718331,False
Toorak,h,Southern Metropolitan,2,4.6,1300000.0,1310135.367404611,1204036.684705253,1232574.7402137816,False
Toorak,h,Southern Metropolitan,3,4.6,1689000.0,1370059.2449898724,1515554.0991530342,1455120.508607394,False
Toorak,u,Southern Metropolitan,2,4.6,517500.0,627541.5523610762,659782.7826357882,619691.2704504343,False
Toorak,u,Southern Metropolitan,3,4.6,1100000.0,900046.7616957268,1077110.222623985,1090673.0237345726,False
Toorak,h,Southern Metropolitan,3,4.6,2840000.0,2835804.4564277795,2691176.5106596393,3374128.166764274,False
Toorak,u,Southern Metropolitan,3,4.6,950000.0,811539.6810869216,884464.046718627,963107.6939267656,False
Toorak,u,Southern Metropolitan,2,4.6,531000.0,627541.5523610762,659782.7826357882,619691.2704504343,False
Toorak,h,Southern Metropolitan,2,4.6,3260000.0,1584746.8023560673,1744784.9141210532,1791075.0868146515,False
Toorak,h,Southern Metropolitan,2,4.6,1900000.0,1384625.0005187,1433078.2300906805,1546522.6267286516,False
Toorak,u,Southern Metropolitan,2,4.6,690000.0,649127.5069391722,640449.5221856162,635824.2296216399,False
Toorak,t,Southern Metropolitan,2,4.6,2100000.0,1610012.73212148,1471485.6133170202,1589847.047127423,False
Viewbank,h,Eastern Metropolitan,4,13.8,920250.0,910489.7619383393,837343.5614974078,911888.3824204272,False
Viewbank,h,Eastern Metropolitan,4,13.8,1080000.0,935708.8234572564,955975.6528807369,974949.8135384605,False
Viewbank,h,Eastern Metropolitan,3,13.8,915000.0,875619.8751303599,912238.3087341294,922232.0068178934,False
Watsonia,h,Northern Metropolitan,3,14.9,1000000.0,821564.0812566476,840547.9560011622,847581.0407133256,False
Watsonia,h,Northern Metropolitan,3,14.9,785000.0,647135.7710519644,588712.9226150058,632650.9899532987,False
Watsonia,h,Northern Metropolitan,3,14.9,632000.0,721565.5032999058,704174.5543027687,686510.148678757,False
West Melbourne,u,Northern Metropolitan,3,1.9,995000.0,712480.1962233742,904681.5230031294,913988.2576579798,False
West Melbourne,t,Northern Metropolitan,3,1.9,1120000.0,1267908.6763843512,1174774.0864629329,1051745.128120514,False
Williamstown,h,Western Metropolitan,4,8.0,1400000.0,1091564.6050894442,1445671.81321621,1325798.4733820467,False
Williamstown,h,Western Metropolitan,3,8.0,1800000.0,1357381.152912563,1436293.1788349117,1460001.9425506413,False
Williamstown,h,Western Metropolitan,2,8.0,1050000.0,810084.951812466,1051981.1661131985,1032418.1813520093,False
Williamstown,h,Western Metropolitan,2,8.0,850000.0,835923.5769140414,896337.612491984,906317.7992654638,False
Williamstown,h,Western Metropolitan,4,8.0,2910000.0,1502454.742021556,1622941.8924156183,1559756.167133185,False
Williamstown,h,Western Metropolitan,3,8.0,2910000.0,1464056.2275166288,1666339.0111247764,1869931.2126632775,False
Williamstown,h,Western Metropolitan,4,8.0,2640000.0,1763985.3769170449,1788099.481388593,1817872.4305027174,False
Williamstown,h,Western Metropolitan,4,8.0,1900000.0,1669123.369409671,1724068.8788211439,1810319.9554968986,False
Williamstown,h,Western Metropolitan,3,8.0,1000000.0,998186.2314889946,1133994.2873554276,1033018.116069853,False
Williamstown,t,Western Metropolitan,3,8.0,965000.0,848991.7016752254,957879.3798852761,913796.4320648994,False
Williamstown,h,Western Metropolitan,3,8.0,1262000.0,979389.6032980448,1178996.7254630567,1125143.2096735074,False
Williamstown,h,Western Metropolitan,3,8.0,1210000.0,1055825.3427918318,987748.0077607257,1074018.930113809,False
Williamstown,u,Western Metropolitan,2,8.0,412000.0,461452.79233086784,447659.7113318044,438765.90572395286,False
Williamstown,h,Western Metropolitan,2,8.0,1337500.0,935023.293139116,953404.9414805658,974346.8843681797,False
Williamstown,h,Western Metropolitan,2,8.0,811000.0,896460.6827932769,921419.4988216154,934829.4991560028,False
Williamstown,h,Western Metropolitan,4,8.0,1630000.0,1397587.055665344,1505388.8983622266,1568647.7088632942,False
Williamstown North,u,Western Metropolitan,2,8.9,460000.0,414968.6245130916,432011.3153093338,414302.1175271344,False
Windsor,h,Southern Metropolitan,3,5.1,2302000.0,1805131.5469856958,2005341.5338894832,2114104.1919145095,False
Windsor,h,Southern Metropolitan,2,5.1,1045000.0,1207674.093197514,1107279.1444210354,1056883.2013193045,False
Windsor,h,Southern Metropolitan,4,5.1,2050000.0,1996495.6911326014,1887761.5291150506,1938636.819203553,False
Windsor,u,Southern Metropolitan,2,5.1,611000.0,619718.2331562015,661868.9179094105,653427.3404767358,False
Windsor,u,Southern Metropolitan,1,5.1,452000.0,363384.8491641287,386061.00795605115,372552.91346286907,False
Windsor,h,Southern Metropolitan,2,5.1,1177000.0,1759837.359745313,1599352.1950504722,1621160.723893868,False
Windsor,h,Southern Metropolitan,4,5.1,1605000.0,2027774.834193867,1675472.765017408,1607166.9550721417,False
Windsor,h,Southern Metropolitan,2,5.1,1325000.0,1363135.9424932688,1022830.7640794249,997380.8287008768,False
Yallambie,h,Northern Metropolitan,4,15.0,915000.0,902886.4655061329,874968.0473152222,846537.3739480479,False
Yallambie,h,Northern Metropolitan,3,15.0,753000.0,740356.9940975412,698834.9530132426,722512.9406504604,False
Yallambie,h,Northern Metropolitan,4,15.0,793000.0,812989.6628301186,790418.7574967196,786048.9911950282,False
Yallambie,h,Northern Metropolitan,3,15.0,720000.0,722667.932787533,702761.7956218036,726069.4788453489,False
Yarraville,h,Western Metropolitan,3,7.0,960000.0,799103.3369731188,839415.5373942278,893929.7011031131,False
Yarraville,h,Western Metropolitan,4,7.0,1235000.0,1201431.522344038,1128845.8087125595,1195736.2410975322,False
Yarraville,t,Western Metropolitan,3,7.0,670000.0,786761.4947117039,805334.4426428496,778508.3742549099,False
Yarraville,h,Western Metropolitan,2,7.0,960000.0,805307.6457843725,834206.9774044608,902262.7099066452,False
Yarraville,h,Western Metropolitan,2,7.0,1000000.0,801251.503285183,772828.3251101535,853109.7589042673,False
Yarraville,h,Western Metropolitan,2,7.0,710000.0,800880.0535854667,734387.9569477221,754295.4388947265,False
Yarraville,h,Western Metropolitan,3,7.0,1320000.0,1207361.1412444308,1264176.2692279592,1207014.398047797,False
Yarraville,h,Western Metropolitan,3,7.0,1100000.0,965628.4081913434,951335.4066163532,960642.8127391016,False
Yarraville,u,Western Metropolitan,2,7.0,782000.0,519535.38672056934,581625.6452900103,586014.0289544944,False
Yarraville,h,Western Metropolitan,3,7.0,931000.0,879291.9680465928,880797.1904801696,868473.0674368837,False
Yarraville,h,Western Metropolitan,3,7.0,1035000.0,950640.1526985829,957897.0877710063,955149.0073809465,False
Yarraville,u,Western Metropolitan,1,7.0,510000.0,322081.435072191,365644.3202175151,362940.40343651007,False
Yarraville,u,Western Metropolitan,2,7.0,381000.0,419719.0767113198,389517.026452434,403489.045229761,False
Yarraville,h,Western Metropolitan,3,7.0,1020000.0,919025.324006424,851922.7684409446,867041.1880814808,False
Yarraville,h,Western Metropolitan,3,7.0,1250000.0,962888.0297864608,901818.2207621802,946728.6195430564,False
Yarraville,h,Western Metropolitan,4,7.0,1340000.0,1324932.6053225643,1160095.5572106948,1216675.4979657934,False
Yarraville,h,Western Metropolitan,2,7.0,767000.0,773256.9940556514,732091.8555991302,769491.5888249748,False
Yarraville,h,Western Metropolitan,2,7.0,951000.0,799497.3026012733,939579.6400640961,842352.9804482302,False
Yarraville,h,Western Metropolitan,4,7.0,1028000.0,1159284.6407905451,1144759.9572934036,1099764.7012567157,False
Yarraville,h,Western Metropolitan,2,7.0,740000.0,813684.0301741413,827525.8984306843,841471.6862858417,False
Yarraville,h,Western Metropolitan,3,7.0,1450000.0,1165292.586556566,1327886.9411743549,1267215.2501922566,False
Yarraville,h,Western Metropolitan,3,7.0,1430000.0,1220043.849967883,1293326.58739909,1306827.8606894254,False
Yarraville,h,Western Metropolitan,3,7.0,1275000.0,1078149.8861167238,1021209.6595549368,1124427.8557918116,False
Aberfeldie,h,Western Metropolitan,4,9.1,1646000.0,1447056.451213956,1645523.3539881983,1818059.0041434853,False
Aberfeldie,u,Western Metropolitan,3,9.1,1160000.0,723356.6081605323,952841.0334091911,940608.9371303744,False
Aberfeldie,h,Western Metropolitan,4,9.1,1150000.0,1169731.3978973457,1178418.9383115808,1266675.4442078313,False
Aberfeldie,u,Western Metropolitan,2,9.1,380000.0,482342.3369596633,483959.4445613062,490758.7220633657,False
Aberfeldie,h,Western Metropolitan,2,9.1,840000.0,812304.5548520631,815854.8606020872,844553.3172862217,False
Aberfeldie,h,Western Metropolitan,4,9.1,1325000.0,1398074.71381644,1484515.5818503047,1703649.0107428255,False
Aberfeldie,t,Western Metropolitan,3,9.1,1300000.0,1217931.411163464,1048747.425466881,1080988.2721753567,False
Bellfield,h,Eastern Metropolitan,2,9.5,855000.0,819216.9823161677,822040.6952497315,906590.5830765518,False
Bellfield,h,Eastern Metropolitan,3,9.5,720000.0,726617.1196228283,677407.7648123422,697774.580982252,False
Brunswick East,h,Northern Metropolitan,2,4.5,580000.0,687776.8272351191,664949.6923383176,600458.0961759957,False
Brunswick East,u,Northern Metropolitan,2,4.5,675000.0,588094.1458019852,631587.9143754855,611134.9518837766,False
Brunswick East,h,Northern Metropolitan,3,4.5,1350000.0,1222418.7496838951,1283725.2495839489,1245109.828455943,False
Brunswick East,t,Northern Metropolitan,3,4.5,940000.0,865695.6919465367,944340.4330756563,907837.3813320978,False
Brunswick East,h,Northern Metropolitan,3,4.5,930000.0,973909.5099761932,1136936.2371811436,1042583.4797903118,False
Brunswick East,h,Northern Metropolitan,3,4.5,1495000.0,1183856.3697857568,1222126.3590272889,1154286.7775074856,False
Brunswick East,u,Northern Metropolitan,2,4.5,570000.0,493764.9543212502,584245.4463146459,515668.90803350625,False
Brunswick East,h,Northern Metropolitan,4,4.5,1290000.0,1655072.4205649078,1793591.7411989465,1718484.0532855478,False
Brunswick East,h,Northern Metropolitan,3,4.5,1125000.0,1261735.1724207953,1318315.2930690374,1196913.607886819,False
Brunswick East,u,Northern Metropolitan,2,4.5,390000.0,440679.4022952272,450245.0721149246,435738.4906156345,False
Burnley,h,Northern Metropolitan,3,3.5,1435000.0,1200434.8454378732,1365060.8312390829,1341921.6679985367,False
Carlton,h,Northern Metropolitan,2,1.8,1460000.0,1037908.2785055144,973959.3880761019,942612.7845223674,False
Carlton,h,Northern Metropolitan,2,1.8,1010000.0,785384.9489448363,862891.5322711669,833850.5005198386,False
Carlton,u,Northern Metropolitan,3,1.8,875000.0,720584.821540568,776494.8717544738,865029.6235289011,False
Carlton,h,Northern Metropolitan,4,1.8,2705000.0,1507768.0115485792,1478456.9244020456,1795906.8748217071,False
Carlton,h,Northern Metropolitan,4,1.8,1616000.0,1402160.6725818852,1411255.2274366254,1317194.7724371727,False
East Melbourne,u,Northern Metropolitan,2,1.5,900000.0,774051.3320536204,797635.575655202,869053.6632547434,False
East Melbourne,u,Northern Metropolitan,1,1.5,630000.0,574044.4528769102,624819.0552491547,614480.4227650282,False
Fawkner,h,Northern Metropolitan,3,12.4,687000.0,754592.2600938661,713757.0044414717,620576.1873099952,False
Fawkner,u,Northern Metropolitan,2,12.4,333000.0,400576.6806625866,392517.90002611827,358386.0866174692,False
Fawkner,t,Northern Metropolitan,3,12.4,455000.0,710139.7209600119,583971.6596978545,544307.9052709932,False
Fawkner,h,Northern Metropolitan,4,12.4,635000.0,701681.260764951,720954.2184055771,754454.3145229156,False
Fawkner,h,Northern Metropolitan,3,12.4,850000.0,630178.2835823543,605740.0858458639,597525.922929463,False
Fawkner,h,Northern Metropolitan,4,12.4,752500.0,590273.8238412463,587136.0516241752,639687.5616744293,False
Fawkner,h,Northern Metropolitan,3,12.4,650000.0,614940.2901132186,626774.4305145211,592814.4899660513,False
Fawkner,h,Northern Metropolitan,3,12.4,782000.0,727643.2163619264,727158.7412369311,726087.8201280179,False
Fawkner,h,Northern Metropolitan,3,12.4,640000.0,619692.4653674391,596647.6835371112,591913.5555482574,False
Hawthorn East,u,Southern Metropolitan,2,7.5,420000.0,524927.673034529,513917.1533024883,525230.5410461948,False
Hawthorn East,t,Southern Metropolitan,3,7.5,1220000.0,1285019.6636231102,1258190.479050191,1218842.401698234,False
Hawthorn East,h,Southern Metropolitan,2,7.5,3350000.0,1819450.4352265215,1730626.83350576,1879543.303964354,False
Hawthorn East,u,Southern Metropolitan,2,7.5,665500.0,739532.4643736365,747238.2709451754,824944.1817604314,False
Hawthorn East,h,Southern Metropolitan,3,7.5,1865000.0,1716745.8937402775,1678113.4487979522,1762722.2433624042,False
Hawthorn East,h,Southern Metropolitan,4,7.5,3050000.0,2465176.8226232673,2501693.302355363,2574217.2817251505,False
Hawthorn East,h,Southern Metropolitan,5,7.5,3210000.0,2942214.8384459056,3662665.088698965,4018614.727676973,False
Hawthorn East,u,Southern Metropolitan,2,7.5,840000.0,732265.9051046529,732233.8314406382,751034.9403084436,False
Hawthorn East,u,Southern Metropolitan,2,7.5,705000.0,643063.6949902257,661123.0888814322,676845.1922371043,False
Hawthorn East,h,Southern Metropolitan,4,7.5,3310000.0,2363354.131262097,2573655.376255799,2724541.1237596828,False
Hawthorn East,u,Southern Metropolitan,1,7.5,430000.0,375324.96558946086,396216.84938854555,418915.7497713019,False
Heidelberg,u,Eastern Metropolitan,3,10.6,620000.0,684886.0218050388,657701.2528060027,664839.6705135041,False
Heidelberg,u,Eastern Metropolitan,2,10.6,579000.0,482612.6794517237,555962.2263731223,518181.3173971663,False
Heidelberg,u,Eastern Metropolitan,3,10.6,690000.0,815411.4244278608,885802.9330996572,892655.2967022975,False
Heidelberg,t,Eastern Metropolitan,2,10.6,690000.0,518368.7284821263,558682.726452642,533755.9802655528,False
Heidelberg,h,Eastern Metropolitan,3,10.6,1375000.0,1092905.5958388261,1031938.5436660587,1087883.20379071,False
Jacana,h,Northern Metropolitan,3,14.5,551000.0,459581.76814292895,476177.1841801256,450513.5226744402,False
Jacana,h,Northern Metropolitan,3,14.5,537000.0,445426.0984416095,464871.9339140508,446070.4878345962,False
Jacana,h,Northern Metropolitan,3,14.5,611000.0,433025.03468551853,426723.7578474884,477440.30601496185,False
Kingsbury,h,Northern Metropolitan,5,12.4,1000000.0,750845.5454263628,729198.6717471238,803809.9994605668,False
Kingsbury,h,Northern Metropolitan,2,12.4,731000.0,742424.4626846494,698041.0850252997,665879.7132349699,False
Kingsbury,u,Northern Metropolitan,2,12.4,380000.0,431638.19593275397,412973.45940128627,399575.69059487496,False
Kingsville,h,Western Metropolitan,3,7.8,967500.0,912481.2309652363,961069.6372797388,933291.5490756786,False
Kingsville,u,Western Metropolitan,1,7.8,210000.0,261219.99961090126,235794.05647786442,254845.1601407771,False
Murrumbeena,t,Southern Metropolitan,4,12.1,1100000.0,1132029.2025265298,1093217.5684957088,1128883.3391653942,False
Murrumbeena,h,Southern Metropolitan,4,12.1,1500000.0,1547052.6213815417,1584017.2473229098,1553409.5345887442,False
Murrumbeena,h,Southern Metropolitan,3,12.1,1470000.0,1317893.7927500715,1278447.4864675673,1303423.1864029886,False
Murrumbeena,u,Southern Metropolitan,1,12.1,331000.0,303437.13796324615,338460.02687332785,325459.2834395739,False
Murrumbeena,h,Southern Metropolitan,2,12.1,685000.0,736413.0061486654,767628.0503791604,656685.095180405,False
Murrumbeena,h,Southern Metropolitan,4,12.1,1400000.0,1420750.8071974935,1211309.6798855935,1233349.9797775885,False
Murrumbeena,h,Southern Metropolitan,2,12.1,692000.0,783545.6574590863,757874.8279004062,667646.8146400311,False
Ormond,u,Southern Metropolitan,1,11.8,290000.0,288224.5525899095,283917.824220602,264302.0662844405,False
Ormond,h,Southern Metropolitan,3,11.8,1708000.0,1571634.621492721,1427216.0703316533,1603579.828956597,False
Ormond,h,Southern Metropolitan,2,11.8,758000.0,831394.9568165151,949241.0526800519,960920.4191145927,False
Ormond,h,Southern Metropolitan,4,11.8,1850000.0,1863355.2250270783,1526945.741102293,1704884.0122859818,False
Ormond,h,Southern Metropolitan,3,11.8,1470000.0,881255.8507016444,1152084.591908666,1087130.8922305666,False
Ormond,h,Southern Metropolitan,2,11.8,981000.0,1305910.7304403002,1065699.4906197367,1230680.1484706202,False
Ormond,u,Southern Metropolitan,2,11.8,430000.0,443711.7884235402,414513.54345179244,395305.5169538594,False
West Footscray,h,Western Metropolitan,4,8.2,710000.0,785880.4672118651,686874.8873292947,699331.6952350746,False
West Footscray,h,Western Metropolitan,4,8.2,837000.0,899360.2538788453,873395.0141114687,936636.6098070807,False
West Footscray,h,Western Metropolitan,3,8.2,850000.0,746346.1946587764,730831.3223701882,742443.4793266101,False
West Footscray,u,Western Metropolitan,1,8.2,241000.0,293800.4282005626,289157.16177379474,307383.59905543947,False
West Footscray,h,Western Metropolitan,3,8.2,910000.0,817872.9295761866,827783.1073863283,841947.5636247767,False
West Footscray,t,Western Metropolitan,2,8.2,510000.0,492380.6511866722,478887.1573373019,474000.9273174398,False
West Footscray,u,Western Metropolitan,2,8.2,545000.0,422407.2453416597,462057.0191188605,441227.9323653759,False
West Footscray,h,Western Metropolitan,3,8.2,1575000.0,1042086.516458666,1100528.4020260463,1259780.6856369018,False
West Footscray,h,Western Metropolitan,2,8.2,326500.0,965750.6522183617,870282.0522498499,874390.9855311351,False
West Footscray,h,Western Metropolitan,3,8.2,1028000.0,983147.6223093506,953125.1846366527,1002079.32633639,False
West Footscray,u,Western Metropolitan,1,8.2,288000.0,262488.40208876354,266043.98252547893,305257.94057198416,False
Albion,h,Western Metropolitan,3,13.9,730000.0,614865.3725886303,681339.6490438097,699540.3850620071,False
Albion,h,Western Metropolitan,2,13.9,730000.0,687348.6864417875,601470.2450212553,658963.8461304016,False
Albion,t,Western Metropolitan,2,13.9,300000.0,417467.60451187345,297255.904151218,261443.88692903772,False
Albion,h,Western Metropolitan,3,13.9,685000.0,696389.4438399523,667833.7977689743,681809.0713416887,False
Albion,h,Western Metropolitan,4,13.9,660000.0,722157.8895175108,717595.1636852811,717026.4140083495,False
Albion,u,Western Metropolitan,3,13.9,560000.0,776030.8822526232,616290.3505553472,645654.5839723271,False
Albion,h,Western Metropolitan,3,13.9,625000.0,688725.9552173724,614019.6307852669,612722.2544785095,False
Albion,h,Western Metropolitan,3,13.9,791000.0,704955.0827314625,704870.1115426372,755547.5825026338,False
Brooklyn,h,Western Metropolitan,2,10.9,507000.0,472175.45066243334,496667.8774143195,486455.8772543551,False
Glen Huntly,t,Southern Metropolitan,2,10.4,710000.0,629549.8323649785,620218.447647975,632712.871544212,False
Oakleigh,h,Southern Metropolitan,2,14.0,1010000.0,1040398.2321127856,907743.6420755598,1030191.2500558689,False
Oakleigh,h,Southern Metropolitan,3,14.0,1045000.0,1075905.661216415,960346.4469013398,1006516.2506502589,False
Oakleigh,h,Southern Metropolitan,3,14.0,1033000.0,1060399.0443839075,917983.4960266388,1020910.6273488901,False
Oakleigh,h,Southern Metropolitan,4,14.0,991000.0,1292268.875418039,1198996.6959933036,1204593.1799011587,False
Oakleigh,h,Southern Metropolitan,3,14.0,1025000.0,1096531.2396293522,945040.3326855188,1023006.12093484,False
Cremorne,u,Northern Metropolitan,1,2.5,415000.0,444700.9902243597,396446.39721598465,398277.46919181704,False
South Kingsville,u,Western Metropolitan,3,9.1,508000.0,612915.0844062252,556206.7882884219,589348.188448918,False
Caulfield East,h,Southern Metropolitan,2,9.3,1000000.0,1324952.716560708,978445.7275336237,1019738.2682435255,False
Seaholme,h,Western Metropolitan,5,12.7,2000000.0,1103452.5983251012,1052377.063749792,1012566.9281041862,False
Keilor Park,h,Western Metropolitan,4,14.5,843000.0,775992.1293165698,746679.9585535055,728679.7934533306,False
Keilor Park,h,Western Metropolitan,4,14.5,820500.0,831332.7432755633,817295.6886276265,802300.6681073239,False
Gardenvale,h,Southern Metropolitan,3,9.8,1250000.0,1280779.3396776493,1267788.03695749,1204927.2243870578,False
Aberfeldie,h,Western Metropolitan,4,9.1,1330000.0,1038483.2860605614,1145498.3768994943,1250291.661739795,False
Aberfeldie,h,Western Metropolitan,3,9.1,1300000.0,946692.251868772,1250379.6961316925,1326611.2827548368,False
Aberfeldie,h,Western Metropolitan,2,9.1,470000.0,454010.98262808187,578674.5007042044,535107.6764776765,False
Aberfeldie,h,Western Metropolitan,4,9.1,1740000.0,1425297.7624922092,1503309.432678427,1713158.6288270247,False
Albert Park,h,Southern Metropolitan,3,3.3,1700000.0,1610959.1577911861,1549772.727968254,1560632.8397774086,False
Albert Park,u,Southern Metropolitan,1,3.3,1100000.0,485056.8295271722,458057.01345614437,518509.6829257044,False
Albert Park,h,Southern Metropolitan,3,3.3,2155000.0,1645300.7436360153,1721040.0828473507,1624303.0187811386,False
Albert Park,h,Southern Metropolitan,3,3.3,2115000.0,1849485.2000257338,1679183.2726950452,1758752.498411871,False
Albert Park,h,Southern Metropolitan,2,3.3,2810000.0,1461864.2136436303,1663765.395469436,1680446.0576885599,False
Albert Park,h,Southern Metropolitan,2,3.3,2130000.0,1617877.8643154094,1676610.7914325083,1797237.5377710483,False
Albert Park,h,Southern Metropolitan,4,3.3,2950000.0,2065925.7817217226,2172513.5107623604,2128834.8484236966,False
Albert Park,h,Southern Metropolitan,3,3.3,2150000.0,1631487.325165691,1567148.9101652913,1646067.5420994044,False
Albert Park,h,Southern Metropolitan,3,3.3,2035000.0,1742620.8843176868,1782134.3307510123,1766954.4702965333,False
Albert Park,t,Southern Metropolitan,2,3.3,1500000.0,1185775.1583107717,960226.1860051419,1021292.9136812446,False
Albert Park,h,Southern Metropolitan,2,3.3,1190000.0,1097961.0215655237,1091455.5886258017,1050025.826309985,False
Alphington,u,Northern Metropolitan,1,6.4,320000.0,370433.3394660023,427310.1928439181,397461.7664527985,False
Alphington,t,Northern Metropolitan,3,6.4,1285000.0,1160339.4526704245,1078512.2409572904,1058086.4727175657,False
Alphington,h,Northern Metropolitan,4,6.4,1975000.0,1640877.798844771,1671796.6236208251,1756712.3165385546,False
Alphington,u,Northern Metropolitan,1,6.4,316000.0,373853.69735055673,361965.70003544627,362547.80858335935,False
Altona North,h,Western Metropolitan,3,11.1,916000.0,712253.5975533894,686989.8441349427,681814.2146946319,False
Altona North,h,Western Metropolitan,3,11.1,750000.0,682328.0571162311,747172.8132465023,732387.9977808887,False
Altona North,h,Western Metropolitan,3,11.1,910000.0,711833.4104021314,713153.6703352579,704296.6245820078,False
Armadale,h,Southern Metropolitan,2,6.3,1859000.0,1577219.059427337,1552304.018864417,1768537.7770258372,False
Armadale,t,Southern Metropolitan,2,6.3,1200000.0,1206917.117303224,998951.984196219,1136182.863355933,False
Armadale,u,Southern Metropolitan,2,6.3,480000.0,465202.64160749916,479115.1636153988,472411.9765727889,False
Armadale,u,Southern Metropolitan,3,6.3,1635000.0,1387275.8059699936,1596615.0038990085,1459529.8683126033,False
Armadale,h,Southern Metropolitan,2,6.3,1705000.0,1333326.0054068011,1307059.5128889596,1445787.2944776614,False
Armadale,t,Southern Metropolitan,3,6.3,1005000.0,1276941.8721238673,1304848.2769375541,1343985.5705317985,False
Armadale,u,Southern Metropolitan,2,6.3,852000.0,569300.1273111389,608652.5985958388,587048.9584413596,False
Armadale,u,Southern Metropolitan,2,6.3,690000.0,652376.022401569,724956.1958856543,710610.9641798455,False
Armadale,u,Southern Metropolitan,3,6.3,2120000.0,1135152.6953134874,1409807.4983543712,1432862.3648048167,False
Armadale,u,Southern Metropolitan,1,6.3,405000.0,373814.2693545522,392215.95859071484,364944.8570095195,False
Ascot Vale,h,Western Metropolitan,5,5.9,2100000.0,1522878.0243260222,1626190.912445855,1559913.766525223,False
Ascot Vale,h,Western Metropolitan,3,5.9,1435000.0,1301360.4876251456,1124157.8150897417,1181256.3989165663,False
Ascot Vale,h,Western Metropolitan,2,5.9,1020000.0,825827.2098249645,795609.5105432365,807648.7773164797,False
Ascot Vale,h,Western Metropolitan,3,5.9,1041000.0,948885.2340845212,1018705.5079410722,953747.105915258,False
Ascot Vale,t,Western Metropolitan,2,5.9,565000.0,682329.5745740887,651731.0744134467,681864.0818295339,False
Ascot Vale,h,Western Metropolitan,6,5.9,2250000.0,2281847.1130078244,2317890.8467189,2346356.9837433016,False
Ascot Vale,t,Western Metropolitan,4,5.9,900000.0,921034.2009760549,981911.6339027167,997171.2990213785,False
Ascot Vale,h,Western Metropolitan,3,5.9,1490000.0,1052725.3699104772,1168099.253099593,1126391.3105022118,False
Ascot Vale,h,Western Metropolitan,3,5.9,1230000.0,1071662.6587743287,1047138.4505495966,1086424.1439427938,False
Ascot Vale,h,Western Metropolitan,2,5.9,1050000.0,967976.7531251181,891226.5311242617,906687.8903378572,False
Ascot Vale,h,Western Metropolitan,2,5.9,1005000.0,929759.8379523652,837691.0411304474,870876.9787401303,False
Ascot Vale,h,Western Metropolitan,4,5.9,1316500.0,1125124.4289391541,1263311.0196402252,1159853.673041171,False
Ashwood,h,Southern Metropolitan,2,12.2,1495000.0,1221537.7216796721,1152030.589767143,1114063.2596826507,False
Ashwood,h,Southern Metropolitan,4,12.2,1126000.0,1329160.1739722616,1253243.4544635434,1238960.5912817388,False
Ashwood,u,Southern Metropolitan,2,12.2,822000.0,507312.799584658,465143.86778508476,447916.7190918703,False
Ashwood,t,Southern Metropolitan,2,12.2,770000.0,751436.2153575575,669872.4620716962,672439.2812808886,False
Ashwood,u,Southern Metropolitan,3,12.2,890000.0,1002145.0066900365,854641.2904847254,888977.9527418856,False
Avondale Heights,u,Western Metropolitan,3,10.5,765000.0,638241.6620684299,666232.1913735347,678076.8417341819,False
Avondale Heights,h,Western Metropolitan,3,10.5,881000.0,708914.906260979,735110.9601595108,713896.2055900606,False
Avondale Heights,h,Western Metropolitan,4,10.5,850000.0,792199.234078052,785972.7610746752,791186.673032984,False
Avondale Heights,h,Western Metropolitan,4,10.5,1300000.0,1101622.9524775024,1152120.857643685,1010538.9505231463,False
Avondale Heights,h,Western Metropolitan,5,10.5,1250000.0,953281.6060397779,1018636.8125819685,955722.6667894543,False
Avondale Heights,h,Western Metropolitan,3,10.5,760000.0,675910.3287582537,637193.881143782,631740.2129123565,False
Avondale Heights,h,Western Metropolitan,4,10.5,1600000.0,1038649.4187932117,1138496.4831881677,1074361.8954924822,False
Balwyn North,h,Southern Metropolitan,2,9.2,1900000.0,1567653.2420282508,1323992.644318674,1507450.1832025147,False
Balwyn North,h,Southern Metropolitan,3,9.2,1922000.0,1641020.9528336793,1541887.781971448,1507404.238741391,False
Balwyn North,h,Southern Metropolitan,4,9.2,2000000.0,1813666.8478568604,1795671.9614004644,1663933.232890992,False
Balwyn North,u,Southern Metropolitan,3,9.2,700000.0,800734.3151009973,840162.6000747816,826919.3199947315,False
Balwyn North,h,Southern Metropolitan,4,9.2,1890000.0,1858650.8473573304,1962944.5638707413,1896471.5989159232,False
Balwyn North,h,Southern Metropolitan,4,9.2,1630000.0,1712482.0787079646,1937688.6601849955,1798957.0837296078,False
Balwyn North,u,Southern Metropolitan,2,9.2,800000.0,622721.844544912,592800.8222393797,649937.9223071893,False
Balwyn North,h,Southern Metropolitan,3,9.2,1670000.0,1681996.3775046794,1512920.959513206,1777590.2057908648,False
Balwyn North,h,Southern Metropolitan,4,9.2,1725000.0,1740370.8306154292,1746015.8870184536,1686922.348967504,False
Bellfield,h,Eastern Metropolitan,3,9.5,1110000.0,878527.3752429947,982167.2075552089,971717.3942560534,False
Bellfield,h,Eastern Metropolitan,3,9.5,894000.0,849010.704718162,881612.7059309304,849042.8357138322,False
Bentleigh,h,Southern Metropolitan,2,13.0,1402000.0,1305654.428696053,1117702.0080444666,1204032.482744148,False
Bentleigh,h,Southern Metropolitan,3,13.0,1500000.0,1253254.5616722207,1285540.478299133,1256464.9562015142,False
Bentleigh,h,Southern Metropolitan,2,13.0,1100000.0,1115600.2782319298,975955.4408280898,1050801.3344687973,False
Bentleigh,h,Southern Metropolitan,6,13.0,2000000.0,1781371.032897204,1394393.313883638,1451883.7140500348,False
Bentleigh,u,Southern Metropolitan,2,13.0,710000.0,725321.1137076814,714897.5232497258,765726.4100474879,False
Bentleigh,t,Southern Metropolitan,2,13.0,620000.0,787459.6425016072,657288.8256776327,654071.9844249281,False
Bentleigh,t,Southern Metropolitan,4,13.0,1105000.0,1184749.4217041128,1035211.5990663551,1065468.8900381904,False
Bentleigh,t,Southern Metropolitan,3,13.0,1303000.0,1097628.438541789,1071932.062758929,1084870.1676097477,False
Bentleigh,t,Southern Metropolitan,3,13.0,1375000.0,1164462.3644094116,1127164.827040474,1127540.1107603472,False
Bentleigh,t,Southern Metropolitan,4,13.0,1300000.0,1235999.7776901843,1174921.4307302502,1085594.996449776,False
Bentleigh,h,Southern Metropolitan,3,13.0,1286000.0,1271222.2093023267,1209620.4308661784,1221121.5644955582,False
Bentleigh,h,Southern Metropolitan,4,13.0,1920000.0,1379893.7675052378,1487275.0584484905,1495709.7741655745,False
Bentleigh,h,Southern Metropolitan,3,13.0,1968500.0,1357396.8814504799,1438217.127471737,1482696.2771169492,False
Bentleigh,u,Southern Metropolitan,3,13.0,845000.0,814464.5200951982,811460.8712515763,833151.041386256,False
Bentleigh,h,Southern Metropolitan,4,13.0,1107000.0,1403368.519985128,1376472.4698768614,1256478.1618208857,False
Bentleigh,u,Southern Metropolitan,3,13.0,641500.0,839101.0632548294,803056.6337077026,872064.0523039404,False
Bentleigh,u,Southern Metropolitan,2,13.0,725000.0,575716.248333817,601937.2898845794,637072.7100674945,False
Bentleigh East,h,Southern Metropolitan,4,13.9,1515000.0,1363599.6799277382,1328464.9523980217,1416374.076140742,False
Bentleigh East,h,Southern Metropolitan,3,13.9,986000.0,913516.726319188,940613.8468140027,859979.8304878141,False
Bentleigh East,h,Southern Metropolitan,3,13.9,830000.0,806535.5449525852,811020.2616170885,736465.104626052,False
Bentleigh East,t,Southern Metropolitan,3,13.9,767000.0,842382.759529596,844690.837633669,795552.6849087583,False
Bentleigh East,h,Southern Metropolitan,4,13.9,1860000.0,1160685.467655859,1387076.461116571,1273753.9237378694,False
Bentleigh East,t,Southern Metropolitan,3,13.9,1200000.0,859488.524827711,926802.9235471068,880235.9492908133,False
Bentleigh East,h,Southern Metropolitan,3,13.9,1175000.0,1145364.4520461527,1117100.7910685546,1133327.894552868,False
Bentleigh East,t,Southern Metropolitan,3,13.9,1225000.0,1017247.4355711996,1049411.196585902,1006335.179822645,False
Bentleigh East,t,Southern Metropolitan,3,13.9,1055000.0,883879.783296501,919748.6575527856,897112.0893843808,False
Bentleigh East,h,Southern Metropolitan,5,13.9,1351000.0,1118025.5997777514,1267036.4167208783,1139928.5255087323,False
Bentleigh East,h,Southern Metropolitan,2,13.9,1962000.0,1338894.827248051,1297710.3514772586,1414201.1807486366,False
Bentleigh East,h,Southern Metropolitan,3,13.9,810000.0,758785.9779587811,731375.9113894,698298.4414662017,False
Bentleigh East,t,Southern Metropolitan,3,13.9,850000.0,873460.0826860534,919115.889128935,897227.8825671002,False
Bentleigh East,u,Southern Metropolitan,2,13.9,535000.0,517036.5527709892,471970.4759491605,463688.73169763986,False
Bentleigh East,h,Southern Metropolitan,3,13.9,1640000.0,1309535.2331755506,1313807.9484860245,1363110.1285883496,False
Bentleigh East,u,Southern Metropolitan,3,13.9,809000.0,786117.5195590202,722262.0736078828,773744.6854518548,False
Bentleigh East,h,Southern Metropolitan,3,13.9,1510000.0,1173474.976052164,1168068.0130114313,1180306.0300447461,False
Bentleigh East,h,Southern Metropolitan,4,13.9,1292000.0,1229084.5975979927,1229998.8628991027,1365536.5873155128,False
Bentleigh East,h,Southern Metropolitan,3,13.9,1165000.0,1128249.4896060508,1131482.9227876049,1174902.5207534742,False
Bentleigh East,h,Southern Metropolitan,3,13.9,959000.0,1127754.2502353922,1082851.4133040025,1063210.7912442784,False
Bentleigh East,h,Southern Metropolitan,3,13.9,1251000.0,1137580.641349006,1097558.3872409158,1165250.4946522212,False
Bentleigh East,h,Southern Metropolitan,3,13.9,1205000.0,1067902.9457810246,1151696.6173897774,1122318.21776977,False
Box Hill,u,Eastern Metropolitan,2,13.1,780000.0,604244.1885946587,656039.6027147479,615343.7994687943,False
Box Hill,u,Eastern Metropolitan,2,13.1,572000.0,470133.16222914896,531773.5707866235,481091.82054273586,False
Box Hill,h,Eastern Metropolitan,3,13.1,910000.0,1113359.7350750577,1045792.411754346,1065482.9464616277,False
Box Hill,h,Eastern Metropolitan,3,13.1,1760000.0,1472456.6190234178,1420412.4648609292,1424882.1916212987,False
Box Hill,h,Eastern Metropolitan,5,13.1,1726000.0,1451984.194274396,1392205.484810091,1397838.6412261513,False
Box Hill,t,Eastern Metropolitan,2,13.1,990000.0,819221.688933502,717561.6797278804,722311.7679612323,False
Box Hill,u,Eastern Metropolitan,2,13.1,646500.0,591353.3867321948,611258.7513435769,583548.5973080038,False
Box Hill,h,Eastern Metropolitan,3,13.1,2080000.0,1595689.7561773972,1725810.3656622441,1691792.8318484111,False
Braybrook,h,Western Metropolitan,2,10.8,610000.0,628948.5956909814,633380.7781309901,628373.3203026876,False
Braybrook,h,Western Metropolitan,3,10.8,925000.0,634695.3502362906,701470.6851183014,674557.9721099841,False
Braybrook,h,Western Metropolitan,2,10.8,760000.0,651893.841316319,665272.2188069479,638795.180762575,False
Braybrook,h,Western Metropolitan,3,10.8,771000.0,641973.3063943032,671329.4146070443,657216.7162351754,False
Braybrook,t,Western Metropolitan,3,10.8,441700.0,544700.1375877113,557494.1304447504,522260.80513805046,False
Braybrook,h,Western Metropolitan,4,10.8,1000000.0,974351.6205255643,1029319.8030577964,938682.8475988305,False
Braybrook,h,Western Metropolitan,3,10.8,730000.0,637471.5317179718,682881.0140888896,663540.0965929335,False
Brighton,h,Southern Metropolitan,3,11.2,2575000.0,1866926.3832571222,1895610.020597868,1990512.1326077993,False
Brighton,t,Southern Metropolitan,4,11.2,2900000.0,2063678.9907198458,2278365.0956342765,2101646.705281339,False
Brighton,h,Southern Metropolitan,5,11.2,5800000.0,3207326.5394361923,4685982.084671147,4284767.830057964,False
Brighton,h,Southern Metropolitan,3,11.2,2140000.0,1892008.22078884,1780397.5728388038,1797730.6665831518,False
Brighton,h,Southern Metropolitan,3,11.2,2225000.0,1350371.3590333,1516186.801849841,1416581.4851211172,False
Brighton,t,Southern Metropolitan,2,11.2,975000.0,1281813.3856481325,922442.9763364455,993696.7906502953,False
Brighton,h,Southern Metropolitan,4,11.2,4225000.0,3322196.8518499406,3149472.836032727,3553127.628859777,False
Brighton,t,Southern Metropolitan,3,11.2,2100000.0,1455435.3312001051,1361706.5552639468,1360441.7028654797,False
Brighton,u,Southern Metropolitan,3,11.2,1392000.0,1115714.6905072946,1262330.7537207697,1151664.2589517483,False
Brighton,h,Southern Metropolitan,3,11.2,2445000.0,1927688.783542505,1894390.1795651203,2050364.5073213328,False
Brighton,u,Southern Metropolitan,2,11.2,520000.0,569057.140599135,510950.8860090269,491256.74863595923,False
Brighton,h,Southern Metropolitan,4,11.2,2000000.0,2127301.3928021514,1929952.7309251411,2080135.6037783434,False
Brighton,h,Southern Metropolitan,2,11.2,1350000.0,1801093.8611484584,1706971.7668225404,1827782.709936613,False
Brighton,h,Southern Metropolitan,3,11.2,1900000.0,1896077.1154951442,1952855.9984634104,2121683.124469905,False
Brighton,u,Southern Metropolitan,2,11.2,1002500.0,745594.7172645489,730707.7510446359,695076.9556213039,False
Brighton,h,Southern Metropolitan,4,11.2,2415000.0,2582431.182085107,2180024.7882005433,2413274.973003066,False
Brighton,t,Southern Metropolitan,2,11.2,1055000.0,1096021.5797043464,1095115.1194351858,1217609.9212207668,False
Brighton,t,Southern Metropolitan,3,11.2,1990000.0,1374589.575485002,1523243.1324236144,1413586.9646018376,False
Brighton,h,Southern Metropolitan,3,11.2,3025000.0,2195482.515911195,2021411.4311421127,2243421.7516243993,False
Brighton,h,Southern Metropolitan,3,11.2,1502000.0,1517501.0198133253,1613046.599638381,1581846.3472659704,False
Brighton,u,Southern Metropolitan,3,11.2,1221000.0,1060040.1691857888,1248803.185261604,1168606.4243302653,False
Brighton,h,Southern Metropolitan,4,11.2,2550000.0,2382125.4536888427,2050712.037539355,2078163.293146024,False
Brighton,t,Southern Metropolitan,2,11.2,1470000.0,1075863.005154372,947215.9977864565,980899.3797378106,False
Brighton East,u,Southern Metropolitan,3,10.7,725000.0,815094.412739177,772753.9646680426,717636.0754028873,False
Brighton East,h,Southern Metropolitan,5,10.7,2140000.0,2021246.3395025008,2147899.5086200214,1918819.2105419387,False
Brighton East,h,Southern Metropolitan,4,10.7,1630000.0,1578548.4859679672,1725265.366224146,1626205.1733270783,False
Brighton East,u,Southern Metropolitan,2,10.7,910000.0,780584.053119063,815723.2952347125,822824.8725170342,False
Brighton East,h,Southern Metropolitan,3,10.7,1975000.0,1621656.6802206873,1654150.6976677831,1655519.674075887,False
Brighton East,h,Southern Metropolitan,3,10.7,1635000.0,1421063.4135664443,1453226.1350760788,1411671.1027024838,False
Brighton East,h,Southern Metropolitan,8,10.7,1880000.0,1858556.7119256489,1564644.4613215441,1678298.920509168,False
Brighton East,h,Southern Metropolitan,3,10.7,1743000.0,1451149.9999947348,1408737.0468598008,1317872.2917908789,False
Brighton East,h,Southern Metropolitan,3,10.7,2291000.0,1607809.4768137797,2112501.723137022,1806671.392485072,False
Brighton East,h,Southern Metropolitan,3,10.7,1270000.0,1554970.3880625141,1391486.152821662,1340333.4295287225,False
Brighton East,h,Southern Metropolitan,3,10.7,1400000.0,1582923.4737078913,1665643.2053885788,1587273.3632033805,False
Brighton East,h,Southern Metropolitan,3,10.7,1640000.0,1469372.194168195,1472655.2990807362,1494836.5723696826,False
Brighton East,t,Southern Metropolitan,4,10.7,1700000.0,1410753.058527146,1510190.875914723,1351329.710063291,False
Brighton East,h,Southern Metropolitan,5,10.7,1900000.0,1931373.2849653128,2204681.7348419805,2105232.546879311,False
Brighton East,t,Southern Metropolitan,3,10.7,972000.0,1040543.7472045909,1060906.9054118942,1109421.434347349,False
Brunswick,h,Northern Metropolitan,3,5.2,1652000.0,1512096.9819257907,1460837.970467419,1658791.245246518,False
Brunswick,u,Northern Metropolitan,2,5.2,735000.0,574748.0648386768,526860.5920644412,538809.9039605327,False
Brunswick,h,Northern Metropolitan,3,5.2,1210000.0,1114735.1185517658,1035602.3235483968,1012863.0275364489,False
Brunswick,h,Northern Metropolitan,1,5.2,412000.0,521595.31593713077,579314.2244617045,631727.3845677299,False
Brunswick,u,Northern Metropolitan,1,5.2,528000.0,381484.350948152,382722.52486729785,438851.023538908,False
Brunswick,h,Northern Metropolitan,3,5.2,1115000.0,994160.9841552365,1028360.9978945464,958474.1707541966,False
Brunswick,h,Northern Metropolitan,3,5.2,1300000.0,1117794.9694201115,1261856.8914911088,1279368.534068274,False
Brunswick,u,Northern Metropolitan,2,5.2,320000.0,486505.1051534322,458606.6786130437,419387.96193730185,False
Brunswick,h,Northern Metropolitan,4,5.2,1500000.0,1228019.3549147488,1182323.636162699,1179700.2837564878,False
Brunswick,h,Northern Metropolitan,3,5.2,1260000.0,1062840.9310632916,1154160.2061853646,1239215.9704107181,False
Brunswick,h,Northern Metropolitan,4,5.2,1210000.0,1452711.9725990342,1473713.8274209795,1558293.0272328323,False
Brunswick,h,Northern Metropolitan,3,5.2,1200000.0,1087174.336426298,1095105.6754843148,1067187.4992669213,False
Brunswick,u,Northern Metropolitan,1,5.2,315000.0,344095.0622328371,361177.6382991336,324537.7124169292,False
Brunswick,h,Northern Metropolitan,2,5.2,830000.0,825754.3953415671,758629.8667864244,710573.3327599892,False
Brunswick,h,Northern Metropolitan,4,5.2,1385000.0,1599810.5193152179,1626342.548880755,1403066.4200272139,False
Brunswick,t,Northern Metropolitan,3,5.2,981000.0,812134.1561995546,863294.0521176914,870192.0122647318,False
Brunswick,u,Northern Metropolitan,1,5.2,418000.0,337740.78398162336,340786.8205113026,368560.820018941,False
Brunswick,u,Northern Metropolitan,2,5.2,585000.0,553233.587717737,566514.7459917666,512541.3339624992,False
Brunswick,h,Northern Metropolitan,4,5.2,1900000.0,1388288.4339567928,1653429.5567945985,1726008.569247162,False
Brunswick,h,Northern Metropolitan,3,5.2,1450000.0,1018209.0455776904,1076377.6375266903,1026407.564507355,False
Brunswick,h,Northern Metropolitan,1,5.2,1200000.0,838320.9176008342,774298.0127521616,886045.8047326899,False
Brunswick,t,Northern Metropolitan,2,5.2,600000.0,682842.0446286934,600340.0805869274,645592.1662884294,False
Brunswick,h,Northern Metropolitan,3,5.2,1075000.0,1001253.6549412498,1074269.961364352,1030225.2703556559,False
Brunswick,h,Northern Metropolitan,2,5.2,884000.0,810320.5489790661,868028.9845642708,927354.7229274822,False
Brunswick,h,Northern Metropolitan,3,5.2,957000.0,857466.7389361399,912734.5204049702,830105.4087201873,False
Brunswick,u,Northern Metropolitan,2,5.2,480000.0,469748.6269245513,423962.8698796051,444153.928629572,False
Brunswick,h,Northern Metropolitan,4,5.2,1650000.0,1650427.2304844537,1744114.9830489678,1636450.7916295638,False
Brunswick,h,Northern Metropolitan,3,5.2,1440000.0,1003577.7480804828,1046469.1329882448,996160.9736048462,False
Brunswick,h,Northern Metropolitan,2,5.2,955000.0,942043.2347068855,1229562.1340647512,1118900.2701864836,False
Brunswick East,h,Northern Metropolitan,4,4.5,1310000.0,1547207.1574730296,1557994.0339121316,1453016.3587375858,False
Brunswick East,h,Northern Metropolitan,2,4.5,1283000.0,1050293.0522936236,1091449.3211438411,1055270.812201039,False
Brunswick East,h,Northern Metropolitan,2,4.5,1025000.0,898971.6040417355,922591.1430320434,847708.6471096152,False
Brunswick East,h,Northern Metropolitan,2,4.5,1015000.0,890835.8239248844,889251.0989729208,891976.7522393716,False
Brunswick East,u,Northern Metropolitan,2,4.5,500000.0,516475.67193248705,591240.7298935003,533143.1995721288,False
Brunswick East,u,Northern Metropolitan,2,4.5,550000.0,484084.38823694567,508220.9739969923,472562.90334763017,False
Brunswick East,u,Northern Metropolitan,2,4.5,460000.0,474796.2265552588,490746.7881740069,471888.62631620455,False
Brunswick East,h,Northern Metropolitan,1,4.5,1185000.0,958729.1322832108,881288.6575020604,942044.3297646727,False
Brunswick East,u,Northern Metropolitan,2,4.5,435000.0,539039.5818683535,477525.5448269897,502958.81632150343,False
Brunswick East,t,Northern Metropolitan,2,4.5,690000.0,892310.2238827047,677645.9574042704,594760.4115733362,False
Brunswick East,u,Northern Metropolitan,1,4.5,385000.0,351617.7590294622,314764.5721969518,300440.88728914555,False
Brunswick East,u,Northern Metropolitan,2,4.5,632000.0,528854.427804543,587919.5520206058,584204.0485701046,False
Brunswick East,u,Northern Metropolitan,2,4.5,835000.0,558558.3925914711,571386.0513848139,571886.0977906942,False
Brunswick East,h,Northern Metropolitan,3,4.5,1500000.0,1285428.2583087145,1419877.4200752983,1371287.4737136597,False
Brunswick West,u,Northern Metropolitan,2,5.9,407500.0,449904.2118434521,432253.3770853507,450993.6489019356,False
Brunswick West,t,Northern Metropolitan,3,5.9,670000.0,829925.4108434034,788808.8894217443,730733.1860826202,False
Brunswick West,h,Northern Metropolitan,2,5.9,825000.0,776047.0285189576,664559.5894109238,692474.3086171077,False
Brunswick West,h,Northern Metropolitan,3,5.9,645000.0,837051.7846564216,890930.1920050195,775811.2583304758,False
Brunswick West,h,Northern Metropolitan,3,5.9,1222000.0,1090666.654493836,1006215.504473587,948151.127100183,False
Brunswick West,h,Northern Metropolitan,3,5.9,1060000.0,1026246.1183963795,1003945.0277222032,953923.157859974,False
Brunswick West,h,Northern Metropolitan,3,5.9,1220000.0,1051280.7767519762,980077.6243911515,963962.000142223,False
Brunswick West,h,Northern Metropolitan,3,5.9,1097000.0,1068935.9348299338,1006007.6803143468,958525.4449169433,False
Brunswick West,h,Northern Metropolitan,3,5.9,1100000.0,1022706.0525774588,944457.256230101,851297.3482864362,False
Brunswick West,h,Northern Metropolitan,3,5.9,1270000.0,1155530.6332334578,1098042.9268180975,1092422.9490978667,False
Brunswick West,t,Northern Metropolitan,3,5.9,670000.0,741613.2026454267,702823.2356060627,665031.8671511976,False
Brunswick West,u,Northern Metropolitan,2,5.9,640000.0,465758.61731836095,460496.5390904637,452534.9454659761,False
Brunswick West,h,Northern Metropolitan,3,5.9,1200000.0,1209382.8402401756,1168070.3619350789,1184407.8636759715,False
Brunswick West,h,Northern Metropolitan,2,5.9,545000.0,563844.881329516,528759.4732119134,515179.8954267494,False
Brunswick West,h,Northern Metropolitan,4,5.9,1205000.0,1095124.061485382,1218324.8476402177,1058098.6863470688,False
Bulleen,u,Eastern Metropolitan,3,11.8,860000.0,680560.7505722898,659663.2092903041,718512.9774694566,False
Bulleen,t,Eastern Metropolitan,2,11.8,599900.0,627465.8471897282,639028.5421332285,611402.0988040493,False
Bulleen,h,Eastern Metropolitan,4,11.8,1540000.0,1282637.103476101,1444614.585496858,1403693.7948354625,False
Bulleen,t,Eastern Metropolitan,4,11.8,910000.0,938512.5655230307,916414.0956647237,1048423.776735214,False
Bulleen,h,Eastern Metropolitan,3,11.8,1100000.0,1117817.5786861463,1199553.8475443576,1143504.870753442,False
Bulleen,h,Eastern Metropolitan,5,11.8,1730000.0,1350337.789061008,1459008.8609689053,1430096.0327181371,False
Bulleen,h,Eastern Metropolitan,5,11.8,760000.0,1202125.5545207693,1109278.4042446697,1151343.1781265882,False
Bulleen,h,Eastern Metropolitan,3,11.8,794000.0,907730.0375585175,942894.3546556629,965311.2343148105,False
Bulleen,h,Eastern Metropolitan,3,11.8,1360000.0,1204733.4526969544,1306068.7187232415,1307369.5680973455,False
Bulleen,h,Eastern Metropolitan,4,11.8,1207000.0,1179588.1870823142,1091371.6904988312,1185964.280280808,False
Burwood,h,Southern Metropolitan,6,11.7,1591000.0,1469732.017110859,1462483.060007951,1279792.9579772893,False
Burwood,u,Southern Metropolitan,2,11.7,580000.0,720448.4053764002,533094.8978787706,616491.4028207227,False
Burwood,u,Southern Metropolitan,2,11.7,605000.0,605902.0059697009,553301.6527974353,565980.6020245346,False
Burwood,t,Southern Metropolitan,3,11.7,975000.0,840031.520994319,868121.3467713475,869692.1404466637,False
Burwood,h,Southern Metropolitan,3,11.7,1465500.0,1440171.3195925367,1419423.0241675896,1340586.8321476094,False
Burwood,h,Southern Metropolitan,2,11.7,870000.0,759276.1019293669,786670.8373764809,735207.537044815,False
Burwood,h,Southern Metropolitan,3,11.7,1385000.0,1421966.8896417478,1431192.0025180557,1386030.94585021,False
Burwood,h,Southern Metropolitan,2,11.7,1815000.0,1262643.8307133853,1021222.0519629152,1149281.7223115861,False
Burwood,h,Southern Metropolitan,3,11.7,1590000.0,1436106.58062266,1440115.6760141281,1366477.744064869,False
Burwood,u,Southern Metropolitan,4,11.7,813000.0,765499.0877580344,735561.2452017674,714861.2709278995,False
Burwood,h,Southern Metropolitan,4,11.7,1601000.0,1634872.3703425496,1600645.3651431368,1504015.6608003364,False
Burwood,h,Southern Metropolitan,5,11.7,1225000.0,1312927.5559988657,1302952.7553670814,1247770.6726524818,False
Camberwell,h,Southern Metropolitan,3,7.8,1930000.0,1737183.1202186847,1789597.179942427,1917147.5715496298,False
Camberwell,h,Southern Metropolitan,3,7.8,2570000.0,1958950.4096302637,1980585.6624408588,2107673.113474993,False
Camberwell,h,Southern Metropolitan,4,7.8,2216000.0,2089275.7778827718,2176292.307249375,2104673.6781449434,False
Camberwell,h,Southern Metropolitan,4,7.8,2110000.0,2131708.989692608,2005665.137643583,2053246.5762505068,False
Camberwell,h,Southern Metropolitan,2,7.8,855000.0,997213.6732827842,1064697.1947603386,994942.0264541144,False
Camberwell,u,Southern Metropolitan,2,7.8,771000.0,765101.9940688007,700142.6919454732,736257.5838285944,False
Camberwell,h,Southern Metropolitan,4,7.8,2513000.0,2179096.765097926,2397883.702227572,2357094.19866447,False
Camberwell,h,Southern Metropolitan,2,7.8,1900000.0,1682594.004099585,1439685.39321977,1543803.2952163287,False
Camberwell,h,Southern Metropolitan,3,7.8,1620000.0,1714495.0480156902,1762031.7661776387,1897713.2847806592,False
Camberwell,h,Southern Metropolitan,4,7.8,3550000.0,2649476.599643627,2814816.961782666,2903516.0224651895,False
Camberwell,h,Southern Metropolitan,4,7.8,1980000.0,2094973.1430175775,2310668.7619537883,2392343.7243077606,False
Camberwell,h,Southern Metropolitan,3,7.8,1861000.0,1458299.0433151252,1531833.2841097636,1661114.0540931108,False
Camberwell,h,Southern Metropolitan,2,7.8,1402000.0,1313654.3717835872,1204392.8014891567,1127686.40222973,False
Camberwell,h,Southern Metropolitan,3,7.8,1905000.0,1631401.6978803347,1730889.7519681957,1690301.2475915346,False
Camberwell,h,Southern Metropolitan,4,7.8,5020000.0,3109747.8797683297,3571315.4519912354,3545530.415069254,False
Camberwell,h,Southern Metropolitan,4,7.8,2990000.0,2415723.8112689573,2626642.730180056,2485961.8447368797,False
Camberwell,h,Southern Metropolitan,4,7.8,1855000.0,1942805.576436997,1640583.8989728203,1615393.624828384,False
Camberwell,h,Southern Metropolitan,4,7.8,1500000.0,1852120.7020949817,1623934.7368440204,1641482.79500628,False
Camberwell,u,Southern Metropolitan,3,7.8,835000.0,718528.57842865,756637.8718737041,796910.3165276656,False
Canterbury,h,Southern Metropolitan,5,9.0,3115000.0,2449133.014484356,2480030.4474320076,2529602.936071575,False
Canterbury,u,Southern Metropolitan,2,9.0,913000.0,663716.2637973069,610044.9506986439,656561.1393741658,False
Canterbury,h,Southern Metropolitan,4,9.0,2510000.0,2631032.792890671,2602091.665355821,3021581.7009130092,False
Canterbury,h,Southern Metropolitan,5,9.0,8000000.0,3587358.902645721,5369196.984007338,5241870.763216744,False
Canterbury,t,Southern Metropolitan,3,9.0,1775000.0,1646504.0477086722,1417138.2056770057,1581240.057678374,False
Canterbury,h,Southern Metropolitan,3,9.0,3725000.0,2225837.610335506,2548865.9350699857,2792330.9504603697,False
Carlton North,h,Northern Metropolitan,4,3.2,3450000.0,2113096.2923014914,2509424.3476343225,2522713.24817257,False
Carlton North,h,Northern Metropolitan,2,3.2,1290000.0,1005852.6255993055,1007633.8610056402,1039337.7980636879,False
Carlton North,h,Northern Metropolitan,3,3.2,1614500.0,1404509.6361795263,1316087.8497806315,1396472.4138466741,False
Carlton North,h,Northern Metropolitan,4,3.2,1550000.0,1768316.366193868,1686168.7168906555,1708595.0800589856,False
Carlton North,u,Northern Metropolitan,1,3.2,595000.0,451427.77390915493,514626.26542399824,500098.3757417227,False
Carlton North,h,Northern Metropolitan,3,3.2,1300000.0,1539403.3178617696,1390445.4198916415,1347918.0993409744,False
Carlton North,h,Northern Metropolitan,5,3.2,2450000.0,1931707.8003497093,2014636.6549535661,2063819.9569740705,False
Carnegie,t,Southern Metropolitan,4,11.4,1201000.0,1203034.7979978658,1114228.740501058,1160378.0538764554,False
Carnegie,u,Southern Metropolitan,2,11.4,635000.0,527267.291023218,534636.7133469904,539645.2247782091,False
Carnegie,h,Southern Metropolitan,2,11.4,1424000.0,1142326.2255664,1105643.5882008015,1248420.7694356495,False
Carnegie,u,Southern Metropolitan,1,11.4,285000.0,350531.71833923506,359107.1109132831,331883.38346677186,False
Carnegie,u,Southern Metropolitan,1,11.4,305000.0,298350.55119652796,316495.6201441039,306396.3194620037,False
Carnegie,u,Southern Metropolitan,3,11.4,1105000.0,1058262.2787248394,1001159.7642266015,1090943.5226390162,False
Carnegie,h,Southern Metropolitan,3,11.4,1200000.0,1128621.0725770076,1356578.9344641976,1293980.4995671632,False
Carnegie,u,Southern Metropolitan,3,11.4,945000.0,780941.1787201432,832453.8476193156,896425.7352151147,False
Carnegie,u,Southern Metropolitan,2,11.4,603000.0,627990.3342924232,552203.8598110506,527633.3699060312,False
Carnegie,h,Southern Metropolitan,3,11.4,1390000.0,1240917.3331661054,1408417.2391345296,1396338.5949526262,False
Carnegie,h,Southern Metropolitan,4,11.4,1667000.0,1541952.5831046843,1613217.011492367,1627485.8915840772,False
Carnegie,u,Southern Metropolitan,1,11.4,330000.0,315040.4164060122,328880.2343098719,319676.2820782628,False
Carnegie,u,Southern Metropolitan,3,11.4,577000.0,667799.5015568263,670175.4748302265,675936.0697946912,False
Caulfield,u,Southern Metropolitan,2,8.9,535000.0,678908.1257231196,570496.5871235244,571874.2105845808,False
Caulfield North,u,Southern Metropolitan,1,8.1,305000.0,336299.20619192376,333239.2017247948,344693.78573113447,False
Caulfield North,u,Southern Metropolitan,2,8.1,550000.0,579459.2759162309,572579.9277313371,583437.3352770358,False
Caulfield North,u,Southern Metropolitan,2,8.1,655000.0,599819.2595969717,591574.3119497355,579924.2580835033,False
Caulfield North,h,Southern Metropolitan,4,8.1,1300000.0,1825093.8886759263,1444669.4451831954,1408454.8785120547,False
Caulfield North,h,Southern Metropolitan,4,8.1,1700000.0,2208098.284994684,2171769.8506945083,2147589.2458273587,False
Caulfield North,u,Southern Metropolitan,2,8.1,575000.0,550201.6514811203,551453.9288758868,557496.9041851155,False
Caulfield North,u,Southern Metropolitan,2,8.1,742500.0,689302.7589664545,681007.7127419594,675997.4999697879,False
Caulfield South,t,Southern Metropolitan,3,9.3,1000000.0,1237533.3876034599,1142968.1936819975,1164724.5037198493,False
Caulfield South,h,Southern Metropolitan,2,9.3,1104000.0,1316656.6753185976,1152547.7334652117,1198600.8682364116,False
Caulfield South,u,Southern Metropolitan,2,9.3,630000.0,555277.1649772148,528521.6625050501,551301.058238356,False
Caulfield South,h,Southern Metropolitan,3,9.3,1350000.0,1342670.0950926954,1418921.6151916143,1379447.0347172047,False
Caulfield South,h,Southern Metropolitan,2,9.3,997000.0,1108617.5430008546,1071899.3976737529,1072474.0307049772,False
Caulfield South,u,Southern Metropolitan,2,9.3,490000.0,508180.3494917929,478499.95504085225,468071.5304149474,False
Chadstone,u,Southern Metropolitan,3,13.6,701000.0,797270.5232879915,744928.9968992318,702243.4343040688,False
Chadstone,t,Southern Metropolitan,3,13.6,905000.0,946776.00786934,825155.689948845,846818.172477533,False
Chadstone,u,Southern Metropolitan,3,13.6,988000.0,977092.1956162817,844009.5716476573,789391.4366995125,False
Chadstone,t,Southern Metropolitan,3,13.6,820000.0,805333.656680148,785719.3572682525,705669.0645277924,False
Clifton Hill,h,Northern Metropolitan,4,3.4,1825000.0,1872777.1371698214,1673115.8748174536,1716909.1920882699,False
Clifton Hill,h,Northern Metropolitan,3,3.4,1500000.0,1380053.7673821182,1493035.634649729,1497500.0147471693,False
Clifton Hill,u,Northern Metropolitan,2,3.4,641000.0,578592.0921574447,606108.9080850155,597085.6281561977,False
Clifton Hill,h,Northern Metropolitan,2,3.4,1250000.0,1135465.5051041336,1133803.3290426005,1106066.9171029043,False
Clifton Hill,h,Northern Metropolitan,3,3.4,1652500.0,1457926.627372298,1724798.4985169536,1704960.4209537976,False
Clifton Hill,h,Northern Metropolitan,2,3.4,1250000.0,1239336.476324646,1114562.1655369245,1130508.084632293,False
Clifton Hill,h,Northern Metropolitan,3,3.4,1660000.0,1398337.0691113542,1450540.8887736392,1614816.076678108,False
Clifton Hill,u,Northern Metropolitan,1,3.4,465000.0,355090.1145568814,382715.99723235966,386573.9566554698,False
Clifton Hill,h,Northern Metropolitan,2,3.4,700000.0,1314105.5864743767,1087178.22545751,1000267.1480367825,False
Clifton Hill,h,Northern Metropolitan,2,3.4,1000000.0,1321859.9572350981,1247691.391720029,1232213.4660892354,False
Clifton Hill,u,Northern Metropolitan,2,3.4,712000.0,554852.7517114956,605904.6711917465,590034.9462946401,False
Clifton Hill,h,Northern Metropolitan,2,3.4,1650000.0,926309.7547895804,1017512.4724494686,982551.4260902089,False
Coburg,u,Northern Metropolitan,2,7.8,495000.0,517250.6002927653,483430.62404840434,481630.06073928426,False
Coburg,h,Northern Metropolitan,2,7.8,930000.0,899449.8868300165,823407.0544238008,817247.8971639534,False
Coburg,t,Northern Metropolitan,2,7.8,781000.0,605756.7381998496,575606.1896563936,656306.9780630606,False
Coburg,h,Northern Metropolitan,3,7.8,995000.0,997190.7820806908,955988.0394928873,960758.5881892388,False
Coburg,h,Northern Metropolitan,2,7.8,677776.0,537508.8056030027,572168.5613895124,492884.8563719363,False
Coburg,h,Northern Metropolitan,3,7.8,790000.0,868618.8417784172,806106.9170448486,770385.9594037257,False
Coburg,t,Northern Metropolitan,4,7.8,680000.0,1530609.5726393347,905554.5144397215,772322.4821578678,False
Coburg,h,Northern Metropolitan,3,7.8,1180000.0,1125891.7606244527,1184646.2862919515,1253210.3565512947,False
Coburg,h,Northern Metropolitan,3,7.8,940500.0,931269.0868853853,926064.6207473354,903887.1047236496,False
Coburg,t,Northern Metropolitan,3,7.8,824000.0,724626.7768577861,755258.9209009253,725042.867276494,False
Coburg,h,Northern Metropolitan,2,7.8,941000.0,869855.2275064512,789403.2990839238,754057.999856043,False
Coburg,h,Northern Metropolitan,2,7.8,775000.0,848392.0363869466,806784.5616149926,790328.805340064,False
Coburg,h,Northern Metropolitan,3,7.8,985000.0,852771.3858605567,871300.7913416803,839741.5520494435,False
Coburg,h,Northern Metropolitan,3,7.8,1020000.0,949124.7816320492,941257.0457938272,929228.1484634449,False
Coburg,h,Northern Metropolitan,4,7.8,1500000.0,1167824.022799044,1177549.34875667,1017731.8343907475,False
Coburg,u,Northern Metropolitan,2,7.8,590000.0,512413.83357000025,504968.3210782355,481410.1119924172,False
Coburg,h,Northern Metropolitan,4,7.8,1005000.0,980354.7737342903,1056674.212253793,937755.4673972575,False
Coburg,h,Northern Metropolitan,4,7.8,901000.0,995942.0963037097,993245.2290067618,993471.3396280108,False
Coburg,h,Northern Metropolitan,3,7.8,990000.0,1142308.151798892,1013801.5251693642,1028916.2101147017,False
Coburg,h,Northern Metropolitan,6,7.8,1455000.0,1848221.6418356874,1717294.8779129612,1554476.003800288,False
Coburg,h,Northern Metropolitan,3,7.8,1250000.0,1148523.8379320274,1226787.4398713992,1031398.3131343105,False
Coburg,h,Northern Metropolitan,3,7.8,710000.0,784435.6127284245,792870.4870733963,726130.1006401653,False
Coburg,h,Northern Metropolitan,5,7.8,1790000.0,1556787.959633241,1459326.227171496,1507991.4525821179,False
Coburg,u,Northern Metropolitan,2,7.8,650000.0,593301.8464446157,523426.8664884093,554956.3467746392,False
Coburg,t,Northern Metropolitan,3,7.8,720000.0,821161.5776845218,827505.2166148379,757764.2857054279,False
Coburg,t,Northern Metropolitan,3,7.8,720000.0,821161.5776845218,827505.2166148379,757764.2857054279,False
Coburg North,h,Northern Metropolitan,4,9.2,1240000.0,889263.2979336128,888949.0785680369,900439.2170776663,False
Coburg North,h,Northern Metropolitan,3,9.2,875000.0,802654.1197296985,810520.4626882111,802231.187034827,False
Coburg North,h,Northern Metropolitan,3,9.2,887000.0,833562.3601029151,814572.1745358648,788294.9618342172,False
Coburg North,h,Northern Metropolitan,4,9.2,770000.0,876336.9131475682,811708.7951648494,804700.4721771211,False
Coburg North,u,Northern Metropolitan,2,9.2,330000.0,397113.0763449086,379422.0406379495,354195.8693584114,False
Collingwood,u,Northern Metropolitan,2,1.6,535000.0,606513.8229037374,562725.9414775633,486653.0448267441,False
Collingwood,t,Northern Metropolitan,3,1.6,1308000.0,961623.8325792685,1091209.818738008,1023586.1978121412,False
Collingwood,t,Northern Metropolitan,2,1.6,945000.0,1118419.303728281,947641.9942221493,912905.1292646226,False
Collingwood,u,Northern Metropolitan,1,1.6,550000.0,383458.27475752216,391349.88820653077,365758.01130653964,False
Collingwood,h,Northern Metropolitan,3,1.6,1309000.0,1170670.911068518,1172071.0131400663,1138227.03973938,False
Collingwood,h,Northern Metropolitan,3,1.6,1300000.0,1475601.7213283053,1426707.1548537465,1544834.801193212,False
Collingwood,h,Northern Metropolitan,2,1.6,888000.0,1042828.0302527656,1090344.7433438713,1053710.0585923379,False
Collingwood,u,Northern Metropolitan,3,1.6,1000000.0,1332102.2023377891,1178563.4838496344,1149433.8610172272,False
Cremorne,h,Northern Metropolitan,3,2.5,1350000.0,1421195.3410200966,1209762.956071161,1211856.6750293947,False
Cremorne,h,Northern Metropolitan,2,2.5,855000.0,926898.2336340292,913047.7898356155,887265.4164428206,False
Doncaster,h,Eastern Metropolitan,4,13.9,1480000.0,1363330.3599357377,1376362.5578550491,1335491.122617569,False
Doncaster,h,Eastern Metropolitan,4,13.9,1300000.0,1333391.7927918565,1342651.6118787169,1279153.410452662,False
Doncaster,h,Eastern Metropolitan,4,13.9,1400000.0,1300208.1048592073,1148437.9866209112,1175859.1768511622,False
Doncaster,h,Eastern Metropolitan,3,13.9,1542000.0,1389863.7846412852,1441840.07195535,1450141.9250134828,False
Doncaster,h,Eastern Metropolitan,4,13.9,1100000.0,1344612.3031987213,1372662.9673367443,1219718.5260533008,False
Doncaster,u,Eastern Metropolitan,2,13.9,782000.0,576231.8387651343,586254.7741728217,574369.5328037143,False
Doncaster,t,Eastern Metropolitan,4,13.9,1090000.0,978907.3959168236,936536.4114266235,1010696.0650577934,False
Doncaster,h,Eastern Metropolitan,3,13.9,1700000.0,1385448.5639392666,1390701.0953271077,1374096.6353376228,False
Doncaster,h,Eastern Metropolitan,3,13.9,1355000.0,1345759.739956919,1295975.9369003659,1345461.8537085715,False
Doncaster,h,Eastern Metropolitan,4,13.9,1880000.0,1485880.6435484032,1495630.952886445,1617709.6120571159,False
Doncaster,h,Eastern Metropolitan,4,13.9,1545000.0,1354620.430540105,1424194.4259619182,1416533.0624819049,False
Doncaster,h,Eastern Metropolitan,4,13.9,1955000.0,1591895.3736860033,1634963.1576953796,1764200.3659433038,False
Essendon,u,Western Metropolitan,2,8.0,440000.0,481919.5968134559,571014.7733106882,520681.5976422435,False
Essendon,h,Western Metropolitan,3,8.0,1700000.0,1460186.4223542835,1448123.2874664878,1511617.280822369,False
Essendon,h,Western Metropolitan,3,8.0,1070000.0,1006218.6376956344,955810.4641318643,961131.7770067832,False
Essendon,h,Western Metropolitan,2,8.0,745000.0,900603.8090064229,877858.6911688172,872567.375138691,False
Essendon,h,Western Metropolitan,4,8.0,1400000.0,978520.4109528984,1034196.0996657393,1015811.2921854865,False
Essendon,h,Western Metropolitan,3,8.0,1400000.0,1059136.4207355196,1121624.1001434068,1111694.961506865,False
Essendon,h,Western Metropolitan,5,8.0,2020000.0,1886533.1725543456,1968406.861532405,1815804.6663393143,False
Essendon,u,Western Metropolitan,1,8.0,325000.0,304454.48090204643,330288.82128642016,329248.0038274863,False
Essendon,h,Western Metropolitan,3,8.0,1400000.0,1167381.6613672823,1116677.0268153306,1167129.7347812112,False
Essendon,u,Western Metropolitan,2,8.0,700000.0,603654.9390357148,504640.86962918297,526534.2868957384,False
Essendon,h,Western Metropolitan,5,8.0,1652000.0,1569914.023049037,1601219.8889949007,1645505.6814559645,False
Essendon,h,Western Metropolitan,3,8.0,1131000.0,1168654.9482732555,1130898.905647133,1131667.8542550337,False
Essendon,h,Western Metropolitan,5,8.0,1607500.0,1691674.3217877208,1597685.3730617934,1742098.063682275,False
Essendon,u,Western Metropolitan,2,8.0,450000.0,450734.9172137576,397240.6792288214,440291.1326728933,False
Essendon,u,Western Metropolitan,1,8.0,310000.0,285585.445517603,336162.25899118365,311044.4432300587,False
Essendon,h,Western Metropolitan,3,8.0,1400000.0,1030818.8001367573,1076826.7809538627,1131008.859581422,False
Essendon,h,Western Metropolitan,4,8.0,1720000.0,1534985.1988235223,1482107.7527575137,1663434.9570898437,False
Essendon,h,Western Metropolitan,3,8.0,983000.0,990845.9734032091,1050958.5360156554,1056660.5024100437,False
Essendon,u,Western Metropolitan,1,8.0,330000.0,275895.1154635166,292654.5975702057,291779.78512663493,False
Essendon,t,Western Metropolitan,4,8.0,1162500.0,958886.5818633651,991303.5503594193,985953.1339588299,False
Essendon,u,Western Metropolitan,2,8.0,707000.0,582597.7977363776,576956.1086862008,593634.9072511779,False
Essendon,u,Western Metropolitan,3,8.0,700000.0,765157.2546933722,675271.7126039603,657385.2792806297,False
Essendon,u,Western Metropolitan,2,8.0,510000.0,590498.4974610227,529857.6923764767,552263.0716202552,False
Essendon,u,Western Metropolitan,2,8.0,610000.0,429752.7329353741,409148.8067871633,457010.2469656941,False
Essendon,h,Western Metropolitan,3,8.0,960000.0,1179119.1698295441,1075581.298623323,1039378.5214436877,False
Essendon,h,Western Metropolitan,1,8.0,350000.0,465158.2656354129,423674.18023993575,450966.74642065103,False
Essendon,u,Western Metropolitan,1,8.0,426500.0,310401.9642249395,330681.7331623883,341563.18307333894,False
Fairfield,u,Northern Metropolitan,2,5.8,676000.0,555733.1390556225,561215.3174679626,591803.7062231302,False
Fairfield,h,Northern Metropolitan,3,5.8,1500000.0,1359284.8201489127,1337112.6600824997,1385524.5177492641,False
Fawkner,h,Northern Metropolitan,3,12.4,700000.0,638035.5593599958,651888.6468643377,635301.4134801727,False
Fawkner,h,Northern Metropolitan,3,12.4,660000.0,596403.6469609967,547432.3946930929,563890.1027934983,False
Fawkner,h,Northern Metropolitan,3,12.4,741000.0,631912.6773583618,583600.8715118464,586064.1047855972,False
Fawkner,h,Northern Metropolitan,2,12.4,949500.0,663993.4858989596,674703.17639948,601630.8705458397,False
Fawkner,u,Northern Metropolitan,3,12.4,532000.0,652779.7917434027,560978.7610828923,532499.0963900099,False
Fawkner,h,Northern Metropolitan,3,12.4,698000.0,596946.5555870726,578571.7880713949,548958.9887633913,False
Fawkner,h,Northern Metropolitan,3,12.4,687000.0,665852.32589526,653217.0345239727,636081.2022889641,False
Fawkner,h,Northern Metropolitan,3,12.4,670000.0,558265.5688435686,539405.2010766399,540689.2400572455,False
Fawkner,h,Northern Metropolitan,3,12.4,1000000.0,685246.1971448957,630000.9788264247,658727.891488147,False
Fawkner,u,Northern Metropolitan,2,12.4,445000.0,403709.1615587521,369828.020412885,343904.57075589674,False
Fawkner,h,Northern Metropolitan,3,12.4,730000.0,585300.9588426139,613311.3235710934,583631.7358523494,False
Fawkner,h,Northern Metropolitan,2,12.4,725000.0,634451.2503656395,668133.8451039941,630838.8270495334,False
Fawkner,h,Northern Metropolitan,3,12.4,668000.0,591757.4088605884,555662.7824050215,529918.1956500827,False
Fawkner,u,Northern Metropolitan,2,12.4,328000.0,345814.7401070507,332256.15107257856,310977.558348323,False
Fawkner,t,Northern Metropolitan,3,12.4,543500.0,541156.9451698664,596644.4594019554,558931.0168719756,False
Fitzroy North,h,Northern Metropolitan,2,3.5,1200000.0,1232217.311351688,1207985.5101206554,1208985.362446021,False
Fitzroy North,u,Northern Metropolitan,1,3.5,330000.0,339856.5635076635,392778.1863457946,378959.96486278216,False
Fitzroy North,h,Northern Metropolitan,2,3.5,846000.0,1155816.0134878452,1175464.7630432064,1084188.0777480616,False
Fitzroy North,h,Northern Metropolitan,2,3.5,1345000.0,1211564.4694763187,1104326.2117654933,1185082.3928307488,False
Fitzroy North,h,Northern Metropolitan,2,3.5,1802500.0,1223996.499000202,1375947.0498534604,1277948.1734973656,False
Fitzroy North,h,Northern Metropolitan,2,3.5,1520000.0,995033.8773237364,1037587.0262867585,1064603.884491579,False
Fitzroy North,h,Northern Metropolitan,3,3.5,1625000.0,1431692.2823633554,1325368.280771904,1420883.451137554,False
Fitzroy North,h,Northern Metropolitan,3,3.5,2555000.0,1558762.507399785,1462946.64167338,1633421.2564333144,False
Fitzroy North,h,Northern Metropolitan,2,3.5,1055000.0,1129279.2465887126,1180324.0021449865,1112277.1211381021,False
Fitzroy North,h,Northern Metropolitan,1,3.5,950000.0,898761.8330601979,616306.0475128638,717638.1891385077,False
Flemington,h,Northern Metropolitan,2,4.4,1100000.0,970325.0008110685,904285.1266335417,903616.46532757,False
Flemington,h,Northern Metropolitan,3,4.4,1250000.0,1067880.3814304979,1157803.2298244534,1128177.7601059442,False
Flemington,h,Northern Metropolitan,2,4.4,953000.0,971187.8380334016,990773.4787904436,1003624.8605451249,False
Flemington,u,Northern Metropolitan,2,4.4,603000.0,540847.1028679027,542812.3422589169,582460.8953426215,False
Flemington,h,Northern Metropolitan,3,4.4,940000.0,1151193.872995209,1125529.7466229743,1089395.5889924166,False
Flemington,h,Northern Metropolitan,5,4.4,1550000.0,1548609.6713609577,1305229.7924153116,1192686.6883277916,False
Flemington,u,Northern Metropolitan,2,4.4,500000.0,472086.21446154034,462061.3381896507,459457.6671999923,False
Flemington,u,Northern Metropolitan,2,4.4,450000.0,419776.2173690169,433267.2042360349,432074.20039947657,False
Flemington,u,Northern Metropolitan,2,4.4,390000.0,437953.1924216072,429605.9157058718,388200.87295866135,False
Flemington,h,Northern Metropolitan,3,4.4,1205000.0,1009875.6610491019,1087871.5312876217,1037757.0557110256,False
Flemington,h,Northern Metropolitan,3,4.4,1085000.0,952599.6277459728,1020905.6822121068,961281.2800925483,False
Flemington,h,Northern Metropolitan,2,4.4,1060000.0,868044.9358978113,863040.0632943853,900477.4416126419,False
Flemington,h,Northern Metropolitan,3,4.4,917000.0,1039265.6770882074,1013618.2894177325,975161.0457620193,False
Footscray,u,Western Metropolitan,2,6.4,392500.0,418445.92014165607,417908.51874355687,393879.8788398662,False
Footscray,h,Western Metropolitan,3,6.4,1320000.0,986445.3764589841,909063.1178163533,931234.6590059826,False
Footscray,h,Western Metropolitan,2,6.4,885000.0,796504.7050903122,792874.6901694854,784186.7559161963,False
Footscray,t,Western Metropolitan,2,6.4,485000.0,480112.61527808546,437592.9397216491,405855.0388645058,False
Footscray,t,Western Metropolitan,3,6.4,760000.0,748073.7875740688,609720.4552562905,642239.4926468063,False
Footscray,h,Western Metropolitan,3,6.4,1375000.0,1063077.0295627099,1148987.9017729284,1141304.7683960365,False
Footscray,h,Western Metropolitan,3,6.4,1270000.0,1027277.670757401,997370.4471336493,1009479.6351969496,False
Footscray,h,Western Metropolitan,3,6.4,871000.0,842044.3040497449,880948.3291125691,897445.7488074622,False
Footscray,u,Western Metropolitan,2,6.4,360000.0,440690.62335408415,462514.097751377,430947.57879667846,False
Footscray,u,Western Metropolitan,1,6.4,315000.0,272882.02844436164,264563.94614484423,277545.8892013076,False
Footscray,h,Western Metropolitan,3,6.4,831000.0,887815.3665774766,837601.3270047135,810134.0269677095,False
Footscray,h,Western Metropolitan,2,6.4,882000.0,769558.3752443815,686916.6389803275,686018.5646688648,False
Footscray,h,Western Metropolitan,3,6.4,895000.0,905558.8682375292,951607.3017050783,985524.0687523333,False
Glen Huntly,u,Southern Metropolitan,1,10.4,260000.0,312513.66559521697,301634.3561299776,322662.49465839483,False
Glen Huntly,u,Southern Metropolitan,2,10.4,575000.0,767489.5400022422,638887.3362743283,627821.1360515973,False
Glen Iris,h,Southern Metropolitan,3,9.2,1452000.0,1355799.4528336641,1370541.0568948905,1352160.6083919539,False
Glen Iris,u,Southern Metropolitan,2,9.2,721000.0,755715.0593917122,666322.5678105486,703514.3565566492,False
Glen Iris,h,Southern Metropolitan,3,9.2,1800000.0,1642301.416911941,1648176.8963611687,1564810.4121226866,False
Glen Iris,t,Southern Metropolitan,3,9.2,1253000.0,1163659.9458506103,1113786.7092065285,1006949.0830082025,False
Glen Iris,h,Southern Metropolitan,5,9.2,1950000.0,2447202.9808709426,2475163.8041202873,2500032.97079142,False
Glen Iris,h,Southern Metropolitan,3,9.2,2085000.0,1794460.5319204647,1781085.6502586533,1735062.5607933924,False
Glen Iris,h,Southern Metropolitan,4,9.2,1760000.0,1950202.7836083826,2037830.4705902878,1968928.8713319602,False
Glen Iris,u,Southern Metropolitan,2,9.2,710000.0,724979.8492229806,662143.7750287103,710357.8618424949,False
Glen Iris,h,Southern Metropolitan,4,9.2,2340000.0,1981302.0559101873,1917096.9579609078,1935605.6769016727,False
Glen Iris,h,Southern Metropolitan,3,9.2,3310000.0,1944205.2464561877,2054575.8024394151,2087434.3304230159,False
Glen Iris,h,Southern Metropolitan,3,9.2,1601000.0,1448134.2108484586,1483351.4513983056,1535402.117740497,False
Glen Iris,t,Southern Metropolitan,2,9.2,797000.0,699975.0205371283,796508.095782991,773544.0088217257,False
Glen Iris,u,Southern Metropolitan,2,9.2,910000.0,747272.5036355546,673396.3957322625,726547.6461487024,False
Glen Iris,t,Southern Metropolitan,3,9.2,1315000.0,1106454.9055598332,1207958.7019008752,1091123.3937860893,False
Glenroy,h,Northern Metropolitan,3,13.0,683000.0,603438.5798785589,621538.1963381275,592682.7675775116,False
Glenroy,h,Northern Metropolitan,3,13.0,1158000.0,850933.9334923425,785793.5538629113,824211.0151230244,False
Glenroy,h,Northern Metropolitan,4,13.0,793000.0,737811.4569079034,766132.4242235682,767443.068842313,False
Glenroy,h,Northern Metropolitan,3,13.0,780000.0,662863.0039755643,631051.2560819782,628304.4324179096,False
Glenroy,t,Northern Metropolitan,2,13.0,420000.0,787296.3647182656,471883.17611429543,481280.68189439643,False
Glenroy,h,Northern Metropolitan,3,13.0,895000.0,694090.4287805719,722676.7857045579,750238.4746325705,False
Glenroy,h,Northern Metropolitan,3,13.0,885000.0,629086.0939169021,611719.0447597463,599634.3081310764,False
Glenroy,h,Northern Metropolitan,3,13.0,597500.0,582233.9298341206,604783.3770150141,602962.7791650873,False
Glenroy,h,Northern Metropolitan,3,13.0,690000.0,603808.2496846126,633488.816370336,603406.0407410632,False
Glenroy,h,Northern Metropolitan,3,13.0,822000.0,634537.9325860803,655179.1574615976,653340.1945857365,False
Glenroy,h,Northern Metropolitan,3,13.0,710000.0,596760.0778053043,610553.0292084415,584762.7901845465,False
Glenroy,h,Northern Metropolitan,3,13.0,730000.0,650984.2558316219,695987.7404503388,668848.1422358025,False
Glenroy,h,Northern Metropolitan,3,13.0,901000.0,699980.6141426988,707138.4394758486,726957.9532875394,False
Glenroy,h,Northern Metropolitan,3,13.0,643000.0,602587.7559089522,634184.2298779243,584477.2852896012,False
Glenroy,t,Northern Metropolitan,5,13.0,645000.0,560488.2806825778,553539.9752367863,515768.0506324861,False
Glenroy,t,Northern Metropolitan,3,13.0,595000.0,551642.6749661365,523653.5523020648,522677.1244527612,False
Glenroy,h,Northern Metropolitan,3,13.0,820000.0,690144.5349595686,657247.2562338839,657274.2071227591,False
Glenroy,h,Northern Metropolitan,4,13.0,1050000.0,968946.471277344,907577.7426066612,927949.102268702,False
Glenroy,h,Northern Metropolitan,3,13.0,621000.0,619088.7980036001,578487.2025522123,537158.5041631666,False
Glenroy,h,Northern Metropolitan,3,13.0,705000.0,633662.0653307589,638461.0478976428,623768.1522156972,False
Glenroy,u,Northern Metropolitan,3,13.0,590000.0,578638.8679675696,526124.3444753779,577843.5265265465,False
Glenroy,t,Northern Metropolitan,3,13.0,680000.0,541208.1168975754,575109.7553355407,596175.7993989035,False
Glenroy,h,Northern Metropolitan,3,13.0,935000.0,671305.1525791532,686177.0024603849,693561.675335007,False
Glenroy,t,Northern Metropolitan,3,13.0,720000.0,557479.6638517573,646576.0984838228,652956.2448226329,False
Hadfield,h,Northern Metropolitan,3,12.1,725000.0,683669.6580396636,638104.1736947072,663418.8739161744,False
Hadfield,h,Northern Metropolitan,3,12.1,740000.0,626767.982605797,632467.478091502,612881.4078569344,False
Hadfield,h,Northern Metropolitan,4,12.1,880000.0,851708.4911214068,875977.5730326027,915559.8153564375,False
Hadfield,t,Northern Metropolitan,3,12.1,630000.0,545393.4025074517,516699.5131463539,535636.286996332,False
Hampton,h,Southern Metropolitan,3,13.7,1615000.0,1585148.4235343193,1399579.315410975,1455941.3465517128,False
Hampton,h,Southern Metropolitan,3,13.7,2513000.0,1925819.0417162713,1955140.6759525898,1951870.7689231865,False
Hampton,t,Southern Metropolitan,4,13.7,1910000.0,1302912.6846455878,1281693.264752917,1251216.2872084216,False
Hampton,h,Southern Metropolitan,3,13.7,1620000.0,1746284.7202622837,1541875.305355668,1619774.6152702062,False
Hampton,h,Southern Metropolitan,2,13.7,1789000.0,1596970.7025062882,1324138.0664915785,1448461.508679406,False
Hampton,t,Southern Metropolitan,2,13.7,837000.0,1381668.1314430588,934034.6890598729,970630.8233901794,False
Hampton,h,Southern Metropolitan,4,13.7,2500000.0,2331346.371161877,2198585.9576362427,2022478.7674534034,False
Hampton,u,Southern Metropolitan,2,13.7,665000.0,795447.4246207827,762547.614135883,806833.4173006181,False
Hampton,h,Southern Metropolitan,3,13.7,1560000.0,1484474.469918619,1252873.518940641,1361446.0907398523,False
Hampton,u,Southern Metropolitan,2,13.7,860000.0,711184.3416154417,757078.956307175,808436.5328953575,False
Hampton,h,Southern Metropolitan,3,13.7,1475000.0,1017297.3920014006,1190409.1994980213,1133767.4002363402,False
Hampton,h,Southern Metropolitan,2,13.7,840000.0,951124.7215470672,1108724.8593215009,1095261.0207775277,False
Hawthorn,h,Southern Metropolitan,3,4.6,1700000.0,1629155.520517713,1680142.8302931252,1637050.0730611975,False
Hawthorn,u,Southern Metropolitan,1,4.6,440000.0,383583.7613683773,400928.8265049015,398943.5002686516,False
Hawthorn,u,Southern Metropolitan,2,4.6,580000.0,519640.02591128217,542657.4204059861,497810.3726264463,False
Hawthorn,u,Southern Metropolitan,1,4.6,535000.0,420151.61427015206,436484.9029999435,452972.1632876606,False
Hawthorn,u,Southern Metropolitan,2,4.6,635000.0,590277.6135636494,559450.6855629514,569363.2612426536,False
Hawthorn,u,Southern Metropolitan,1,4.6,317500.0,410906.6508602093,393674.53499505983,396804.65229750104,False
Hawthorn,u,Southern Metropolitan,1,4.6,160000.0,355322.3484577849,369204.68767422036,388496.5017532255,False
Hawthorn,u,Southern Metropolitan,1,4.6,360000.0,411745.51946619916,340433.0821097164,337629.17500756215,False
Hawthorn,h,Southern Metropolitan,1,4.6,300000.0,872464.4781286932,667426.4889153527,717960.305726925,False
Hawthorn,h,Southern Metropolitan,2,4.6,1800000.0,1309283.3985749728,1347226.7713272325,1391073.7444319443,False
Hawthorn,u,Southern Metropolitan,1,4.6,275000.0,375758.898819068,450684.04755834513,393939.10200359655,False
Hawthorn,t,Southern Metropolitan,3,4.6,1300000.0,1291376.4375630582,1082852.382765967,1211977.6976078264,False
Hawthorn,h,Southern Metropolitan,3,4.6,1525000.0,1428535.3744398982,1377136.5918817013,1301554.5005047657,False
Hawthorn,h,Southern Metropolitan,2,4.6,1620000.0,1177268.6994941921,1221394.5073396484,1150091.4849810295,False
Hawthorn,h,Southern Metropolitan,3,4.6,1985000.0,1592563.950981174,1690096.837450671,1732018.0960268562,False
Hawthorn,h,Southern Metropolitan,3,4.6,1750000.0,1938918.9613711531,1867411.3401491896,2004823.2659019048,False
Hawthorn,h,Southern Metropolitan,4,4.6,2100000.0,2129531.9372560345,1907593.2204329947,1970162.7660195988,False
Hawthorn,u,Southern Metropolitan,2,4.6,560000.0,570038.0359008409,550358.6276609387,529288.1835772134,False
Hawthorn East,h,Southern Metropolitan,5,7.5,3750000.0,2874034.9057771717,2954123.9431601833,3136078.093288113,False
Hawthorn East,u,Southern Metropolitan,3,7.5,780000.0,709353.4155577408,811742.0027705837,803957.8029605305,False
Hawthorn East,u,Southern Metropolitan,2,7.5,500000.0,604813.6897585586,642098.9948838692,670264.9813769726,False
Hawthorn East,t,Southern Metropolitan,3,7.5,1264000.0,1253523.2285278153,1417552.757488061,1421615.902778595,False
Hawthorn East,u,Southern Metropolitan,2,7.5,1462000.0,921203.266279286,904935.1848210642,953455.9178851144,False
Hawthorn East,u,Southern Metropolitan,1,7.5,440000.0,370197.1351435732,400035.54378215084,403656.9896207953,False
Hawthorn East,h,Southern Metropolitan,3,7.5,1575000.0,1439449.6764287055,1372873.3142107062,1389586.8891774823,False
Hawthorn East,h,Southern Metropolitan,2,7.5,1320000.0,1394414.1652429262,1323258.203214518,1301880.6857119105,False
Hawthorn East,h,Southern Metropolitan,4,7.5,3600000.0,2294243.1829083115,2519787.8476328566,2474506.680961693,False
Hawthorn East,h,Southern Metropolitan,4,7.5,2425000.0,2248167.8066045195,2399867.530362192,2422510.7622989397,False
Hawthorn East,h,Southern Metropolitan,3,7.5,1890000.0,1490976.2872944635,1596624.628466944,1685120.5413153097,False
Hawthorn East,u,Southern Metropolitan,1,7.5,400500.0,391114.5943018215,411585.3753685853,423429.51144398923,False
Hawthorn East,h,Southern Metropolitan,3,7.5,1405000.0,1363681.710626786,1447859.2831326702,1378418.8603900366,False
Hawthorn East,h,Southern Metropolitan,3,7.5,2102000.0,1490068.118044595,1470231.6397926977,1537867.1620837483,False
Hawthorn East,u,Southern Metropolitan,2,7.5,435000.0,630336.2389099296,673156.2488214066,656038.6091887809,False
Hawthorn East,u,Southern Metropolitan,1,7.5,375000.0,373307.7734570267,394635.65724398603,403208.93956075545,False
Hawthorn East,u,Southern Metropolitan,2,7.5,555000.0,521221.1724592461,621929.6568906362,570080.2994308029,False
Hawthorn East,u,Southern Metropolitan,2,7.5,532000.0,562200.5425611221,624184.2624266939,624213.1814835834,False
Heidelberg,h,Eastern Metropolitan,4,10.6,1450000.0,1221092.970355755,1354623.5253745178,1327889.0523483725,False
Heidelberg,h,Eastern Metropolitan,3,10.6,1340000.0,1027603.7516395565,1020795.7381734928,1013151.6905125411,False
Heidelberg,t,Eastern Metropolitan,2,10.6,630000.0,638392.9343371332,589110.9822306946,600976.1252708756,False
Heidelberg,h,Eastern Metropolitan,3,10.6,1271000.0,918868.4196774439,976428.421464652,967978.0977447169,False
Heidelberg,u,Eastern Metropolitan,4,10.6,610000.0,797590.9701227691,850953.6208832714,854180.3013567516,False
Heidelberg Heights,h,Eastern Metropolitan,2,10.5,910000.0,876679.2535686666,832772.3237048832,867809.6941414324,False
Heidelberg Heights,h,Eastern Metropolitan,2,10.5,665000.0,502492.94347300235,515422.81852009764,518162.84912113234,False
Heidelberg Heights,t,Eastern Metropolitan,3,10.5,575000.0,652139.7259907852,670692.4690957102,645450.3604154846,False
Heidelberg Heights,h,Eastern Metropolitan,4,10.5,706000.0,705591.8193718928,682975.3096688091,661729.2636998774,False
Heidelberg Heights,h,Eastern Metropolitan,2,10.5,780000.0,606614.4278711361,702669.2215613801,699998.0281280974,False
Heidelberg Heights,t,Eastern Metropolitan,3,10.5,601000.0,634637.8170515993,676813.8422470775,648114.2324881384,False
Heidelberg Heights,h,Eastern Metropolitan,3,10.5,805000.0,686604.0922268357,754870.6470968896,733435.435858304,False
Heidelberg Heights,h,Eastern Metropolitan,2,10.5,690000.0,634789.3861430258,590499.4839705599,565717.096708747,False
Heidelberg Heights,h,Eastern Metropolitan,2,10.5,682000.0,538381.1527527894,581336.0722903416,550241.4924736655,False
Heidelberg Heights,h,Eastern Metropolitan,3,10.5,657000.0,583965.8161118573,606731.2751355782,608826.4138214901,False
Heidelberg Heights,u,Eastern Metropolitan,3,10.5,630000.0,666874.7341095741,670520.9497914761,670946.206076121,False
Heidelberg West,h,Eastern Metropolitan,3,9.4,880000.0,747372.2879949654,792674.8779332562,739400.5148847646,False
Heidelberg West,h,Eastern Metropolitan,3,9.4,687000.0,511036.4051717863,617987.7978524715,532457.507349214,False
Heidelberg West,h,Eastern Metropolitan,2,9.4,650000.0,500481.429826124,524014.1642074648,479182.5927405331,False
Heidelberg West,h,Eastern Metropolitan,3,9.4,855000.0,730404.6974102133,776216.5061513358,709326.8751011416,False
Heidelberg West,h,Eastern Metropolitan,2,9.4,613000.0,473591.5390611903,497349.33161826927,460331.33934787754,False
Heidelberg West,h,Eastern Metropolitan,3,9.4,640000.0,577659.1170291163,630418.6507970743,612982.7815413073,False
Heidelberg West,h,Eastern Metropolitan,1,9.4,442000.0,507513.45362100133,476575.1210600466,524851.8916561643,False
Heidelberg West,h,Eastern Metropolitan,3,9.4,810000.0,803999.25462143,859553.3286406236,819263.8509719404,False
Heidelberg West,h,Eastern Metropolitan,3,9.4,950000.0,752079.4733630099,840235.8021840713,734373.7307433801,False
Heidelberg West,h,Eastern Metropolitan,4,9.4,725000.0,757146.1958570273,755446.3970648063,773413.7169001333,False
Hughesdale,t,Southern Metropolitan,3,13.0,998000.0,908554.5704426105,943527.388472753,907032.236803206,False
Hughesdale,t,Southern Metropolitan,4,13.0,1340000.0,1376413.9747261659,1448530.775412633,1530986.8450462103,False
Hughesdale,h,Southern Metropolitan,4,13.0,2190000.0,1427388.9232203783,1654084.720193343,1649915.949551996,False
Hughesdale,h,Southern Metropolitan,2,13.0,980000.0,965667.2283954778,1071841.5480141214,921415.096609487,False
Hughesdale,h,Southern Metropolitan,2,13.0,720000.0,1223730.2728741276,1141927.9392592344,1075829.2052689465,False
Ivanhoe,h,Eastern Metropolitan,3,7.9,990000.0,1081700.4235235236,1112662.8403046473,1074374.763265146,False
Ivanhoe,h,Eastern Metropolitan,4,7.9,1410000.0,1585261.3367923258,1507252.0308212,1540649.1045021121,False
Ivanhoe,h,Eastern Metropolitan,3,7.9,970000.0,1205144.0673442706,1174718.7243804603,1125270.8175254688,False
Ivanhoe,h,Eastern Metropolitan,4,7.9,1650000.0,1527030.5246424577,1420352.213783737,1525904.6766305198,False
Ivanhoe,h,Eastern Metropolitan,4,7.9,3020000.0,1718418.5369839878,1754090.816569344,1826904.3460825123,False
Ivanhoe,h,Eastern Metropolitan,5,7.9,1689000.0,1596483.2716550154,1517232.5434966115,1517103.3782146596,False
Ivanhoe,h,Eastern Metropolitan,2,7.9,690000.0,882610.0564274135,1147656.2689808374,1054446.8522088923,False
Ivanhoe,h,Eastern Metropolitan,3,7.9,1851000.0,1584572.1334927217,1506426.8076484732,1457961.3528403104,False
Ivanhoe,u,Eastern Metropolitan,3,7.9,1110000.0,759605.4763790525,920675.486937779,864696.4517732058,False
Ivanhoe,t,Eastern Metropolitan,3,7.9,1060000.0,827389.3130272228,858887.440566067,892330.546286467,False
Ivanhoe East,h,Eastern Metropolitan,2,9.0,2100000.0,1795031.829361958,1511793.9664970557,1690227.278087294,False
Ivanhoe East,h,Eastern Metropolitan,5,9.0,2325000.0,1755445.4337217633,2146289.0009862054,2061826.261125715,False
Ivanhoe East,h,Eastern Metropolitan,3,9.0,2400000.0,2184766.0957012745,1875488.1239826793,2055212.6149194124,False
Ivanhoe East,h,Eastern Metropolitan,3,9.0,1740000.0,1586774.3562371812,1695663.890286956,1752295.3697734296,False
Kealba,h,Western Metropolitan,4,15.0,646000.0,655153.3027913639,607990.2907754594,627966.9912470864,False
Kealba,h,Western Metropolitan,3,15.0,570000.0,477248.02109585673,510576.3959451104,482382.2918416216,False
Keilor East,h,Western Metropolitan,3,12.8,843000.0,742815.9561976728,738384.7138109005,706612.4985472423,False
Keilor East,h,Western Metropolitan,3,12.8,835000.0,805276.0045653095,820674.6582300536,797048.6443014,False
Keilor East,h,Western Metropolitan,3,12.8,635000.0,581826.6131184859,595776.9483623479,594441.1644777213,False
Keilor East,u,Western Metropolitan,2,12.8,490000.0,488578.00621075334,461012.19349962013,455039.586197312,False
Keilor East,h,Western Metropolitan,3,12.8,745000.0,639941.9818037004,648298.0620918558,614365.3144215678,False
Keilor East,h,Western Metropolitan,3,12.8,941000.0,769645.1124988723,763894.5604913242,774001.1357122262,False
Keilor East,h,Western Metropolitan,3,12.8,738000.0,654737.8901140125,682052.4422265927,647676.6367284067,False
Keilor East,h,Western Metropolitan,3,12.8,912000.0,773659.6083479185,807657.6353982638,788076.6754393716,False
Keilor East,t,Western Metropolitan,3,12.8,745000.0,641455.3238141952,618493.2747655868,648250.8097921086,False
Keilor East,t,Western Metropolitan,2,12.8,570000.0,501023.64243614726,522410.68011970015,514541.93486858514,False
Keilor East,h,Western Metropolitan,4,12.8,885000.0,907678.5341997569,907020.641843537,879461.5502370502,False
Kew,h,Southern Metropolitan,5,5.6,3800000.0,2952088.405070331,3398872.5274600075,3431549.3903334094,False
Kew,u,Southern Metropolitan,2,5.6,700000.0,590602.3872945785,562451.8039608966,547046.7191584826,False
Kew,t,Southern Metropolitan,3,5.6,752000.0,1027300.4508907028,1082710.2359486192,977580.2805435362,False
Kew,t,Southern Metropolitan,3,5.6,690000.0,1090682.7747019466,1165331.6559200059,1144689.7140451386,False
Kew,u,Southern Metropolitan,1,5.6,468000.0,389239.41758115793,407719.7271455136,378617.6698026789,False
Kew,h,Southern Metropolitan,4,5.6,2600000.0,1899650.9851305839,2024462.2546022183,1852448.8001822846,False
Kew,h,Southern Metropolitan,5,5.6,4515000.0,3524126.9146433487,4151823.1043257965,3782898.435526341,False
Kew,h,Southern Metropolitan,5,5.6,3160000.0,2972868.49130232,3085801.685107048,2990756.767756668,False
Kew,u,Southern Metropolitan,2,5.6,820000.0,597450.4477898885,591619.6230791175,649160.2916045936,False
Kew,h,Southern Metropolitan,4,5.6,2150000.0,2685813.2444766513,2683811.161545019,2709986.559058466,False
Kew,h,Southern Metropolitan,3,5.6,1965000.0,1978760.717682128,1956492.9447687455,1881875.7493019586,False
Kew,h,Southern Metropolitan,5,5.6,2425000.0,2195722.456550788,2115455.5184416743,2200375.1649622177,False
Kew,u,Southern Metropolitan,2,5.6,643000.0,601683.4684216753,610035.3012437399,583731.0761942394,False
Kew,t,Southern Metropolitan,3,5.6,835000.0,1348526.355999152,1242581.3762486775,1243724.6288340264,False
Kew,u,Southern Metropolitan,2,5.6,736000.0,593427.6523458321,625724.9923857421,624547.8809004842,False
Kew East,u,Southern Metropolitan,2,7.5,590000.0,494333.775832615,458504.3238863693,459988.57929256273,False
Kew East,h,Southern Metropolitan,3,7.5,1402000.0,1689254.2522439654,1539609.8681545847,1586171.7870517026,False
Kew East,t,Southern Metropolitan,3,7.5,1205000.0,1373407.2977510458,1235003.1455141867,1256271.3474287076,False
Kingsville,h,Western Metropolitan,3,7.8,1190000.0,952252.8462907216,945042.9647714065,993268.7509961074,False
Kingsville,h,Western Metropolitan,4,7.8,1205000.0,1124597.334243609,1005193.2450714288,979515.8098350841,False
Kingsville,h,Western Metropolitan,3,7.8,860000.0,1079836.588565019,1110087.7963217043,1062131.7843742687,False
Maidstone,h,Western Metropolitan,3,9.2,760000.0,879603.3591702183,761904.3327470925,785392.2431930219,False
Maidstone,h,Western Metropolitan,3,9.2,873000.0,900821.9725137703,848183.4836272832,831682.0049364793,False
Maidstone,h,Western Metropolitan,2,9.2,640000.0,598031.7910946171,626056.0118668159,587525.3710690484,False
Maidstone,t,Western Metropolitan,3,9.2,680000.0,1028837.066606049,730840.6447205816,748086.5117440583,False
Maidstone,h,Western Metropolitan,3,9.2,725000.0,730964.8449462901,774314.2707524085,752129.1178840629,False
Maidstone,h,Western Metropolitan,2,9.2,472500.0,591334.9161551816,561295.089027128,555252.5199295052,False
Maidstone,t,Western Metropolitan,3,9.2,675000.0,631287.1160579905,624557.1077602886,657677.2255816114,False
Maidstone,u,Western Metropolitan,2,9.2,405000.0,510678.76101674925,462617.1382510771,462888.26880466787,False
Maidstone,t,Western Metropolitan,4,9.2,838000.0,851534.3449377731,771212.7479375048,790327.3339682316,False
Maidstone,h,Western Metropolitan,3,9.2,930000.0,774809.8013694815,727877.6773033068,736155.1983710505,False
Malvern,u,Southern Metropolitan,1,7.4,365000.0,354280.2207557214,353558.5714577,360715.8048070497,False
Malvern,t,Southern Metropolitan,2,7.4,1000000.0,1121491.7332639196,860027.7108755531,923784.7434431455,False
Malvern,u,Southern Metropolitan,1,7.4,456000.0,398926.93986109435,387669.48679236585,372662.7966929961,False
Malvern,h,Southern Metropolitan,3,7.4,2250000.0,1482170.5519267612,1734574.7094759052,1942150.3489593857,False
Malvern,h,Southern Metropolitan,3,7.4,2000000.0,1628064.0684025418,1446342.5941244236,1671927.5269958058,False
Malvern East,h,Southern Metropolitan,3,11.2,2250000.0,1613149.1419146096,1674112.0929169669,1631509.8044812998,False
Malvern East,h,Southern Metropolitan,4,11.2,3200000.0,2286841.6271215174,2320802.933364469,2318473.1389831854,False
Malvern East,h,Southern Metropolitan,3,11.2,1380000.0,1509433.7196056312,1474333.1632420616,1381935.257435049,False
Malvern East,u,Southern Metropolitan,1,11.2,267500.0,322109.58756349597,251865.74498688045,323476.50872561935,False
Malvern East,h,Southern Metropolitan,4,11.2,1290000.0,1572767.4569839328,1546184.4715809575,1515653.299881906,False
Malvern East,h,Southern Metropolitan,3,11.2,2020000.0,2030936.9882237562,2073144.9384801362,2107778.5554177794,False
Malvern East,u,Southern Metropolitan,2,11.2,1211000.0,768467.3286034125,705191.7839767201,760282.6228524629,False
Malvern East,h,Southern Metropolitan,4,11.2,1380000.0,1488428.3332718837,1393577.9667581958,1347218.9252739176,False
Malvern East,h,Southern Metropolitan,4,11.2,1715157.0,1597994.9938772107,1598749.4637839042,1572836.1756184597,False
Malvern East,t,Southern Metropolitan,4,11.2,1510000.0,1534735.7921660782,1506505.6237505947,1472140.4634070257,False
Malvern East,h,Southern Metropolitan,3,11.2,1220000.0,1430715.5695021704,1308086.1627249194,1286312.583188914,False
Malvern East,h,Southern Metropolitan,4,11.2,1465000.0,1694923.9370476645,1798178.7507290165,1636520.696290544,False
Maribyrnong,t,Western Metropolitan,2,8.7,431000.0,468753.0144259576,451326.66079133365,426891.3923524832,False
Maribyrnong,h,Western Metropolitan,5,8.7,1620000.0,1246608.441656362,1285013.2031826216,1408771.0914823017,False
Maribyrnong,h,Western Metropolitan,4,8.7,1190000.0,959080.1503887449,1119092.3038408484,1065993.1149358714,False
Melbourne,u,Northern Metropolitan,1,2.8,432000.0,460342.4771674231,447987.17425870104,449007.6341003022,False
Melbourne,u,Northern Metropolitan,4,2.8,1850000.0,1066458.8457119837,1160147.251682691,1206165.372812199,False
Melbourne,u,Northern Metropolitan,1,2.8,333000.0,363429.426423967,378110.5135952428,383112.8716765774,False
Melbourne,u,Northern Metropolitan,2,2.8,452000.0,535258.7528531133,532302.3601751206,505612.71965933725,False
Melbourne,u,Northern Metropolitan,3,2.8,895000.0,864889.2820462142,1054492.9914348128,1035667.7193491973,False
Melbourne,u,Northern Metropolitan,1,2.8,275000.0,412757.82196449826,373875.8908053264,413464.9054783834,False
Melbourne,u,Northern Metropolitan,2,2.8,683000.0,682868.1480741089,673823.5378300764,670478.9133258623,False
Melbourne,u,Northern Metropolitan,2,2.8,640000.0,469183.6573317538,487792.47695822874,495493.3199431097,False
Mont Albert,h,Eastern Metropolitan,4,11.8,1865000.0,1591640.5384359118,1560343.934709201,1968377.8744978937,False
Mont Albert,h,Eastern Metropolitan,4,11.8,2100000.0,1895329.6991776032,1536507.357456856,1794546.8156892443,False
Mont Albert,u,Eastern Metropolitan,2,11.8,442500.0,478777.41848971235,544504.5458525544,487888.4331430081,False
Mont Albert,h,Eastern Metropolitan,3,11.8,1587000.0,1449860.4102487382,1454606.6004192147,1704756.146976175,False
Mont Albert,h,Eastern Metropolitan,4,11.8,2365000.0,1858248.928551787,1771922.4729481891,2189081.9472281593,False
Moonee Ponds,u,Western Metropolitan,1,6.9,296000.0,312292.8852864294,293002.95086518495,286517.30931844603,False
Moonee Ponds,h,Western Metropolitan,4,6.9,1531000.0,1266763.3263206433,1436252.1170791138,1346106.63681904,False
Moonee Ponds,u,Western Metropolitan,2,6.9,439000.0,453464.4797425282,442664.20805549563,437896.15146456176,False
Moonee Ponds,h,Western Metropolitan,2,6.9,1040000.0,886055.1857181011,942278.9877139864,878156.565631784,False
Moonee Ponds,h,Western Metropolitan,3,6.9,1670000.0,1448572.1131360538,1761385.398007822,1733757.4864591337,False
Moonee Ponds,h,Western Metropolitan,4,6.9,1940000.0,1669109.8365365178,1653092.2282627355,1634186.848537355,False
Moonee Ponds,u,Western Metropolitan,2,6.9,560000.0,523521.1380765434,475089.19319181953,498951.61691204505,False
Moonee Ponds,h,Western Metropolitan,2,6.9,940000.0,955119.4811396835,1000408.8117138917,982564.0936869737,False
Moonee Ponds,h,Western Metropolitan,4,6.9,1515000.0,1566346.26659425,1694009.1313302396,1650356.8857708273,False
Moonee Ponds,h,Western Metropolitan,3,6.9,1100000.0,868909.9769813854,895944.7388992113,911111.5448382756,False
Moonee Ponds,h,Western Metropolitan,2,6.9,1350000.0,939116.6309250639,946120.2802006871,985648.5397114163,False
Moonee Ponds,h,Western Metropolitan,5,6.9,2300000.0,1759566.1860339341,1590625.687539864,1761478.756813726,False
Moonee Ponds,h,Western Metropolitan,2,6.9,1302500.0,967345.1431857214,998141.5183641646,976960.1404118118,False
Moonee Ponds,h,Western Metropolitan,3,6.9,1420200.0,1147730.1767043576,1269303.5330834726,1200537.379948813,False
Moonee Ponds,h,Western Metropolitan,2,6.9,970000.0,824345.4795863838,879039.2676535283,872233.1104005702,False
Moonee Ponds,h,Western Metropolitan,3,6.9,1070000.0,959530.4620690821,1012028.09282196,956466.7523893232,False
Moonee Ponds,u,Western Metropolitan,2,6.9,542000.0,496151.5202317176,488337.6967914964,508063.45339536754,False
Moonee Ponds,h,Western Metropolitan,3,6.9,1240000.0,1030641.1826161399,1145974.7403458452,1223527.7351557685,False
Moonee Ponds,h,Western Metropolitan,4,6.9,955000.0,1515705.5572664188,1604430.9251417022,1602291.523923886,False
Moonee Ponds,t,Western Metropolitan,3,6.9,1410000.0,925545.837101332,954601.5136493518,935098.4375667225,False
Murrumbeena,h,Southern Metropolitan,4,12.1,1656000.0,1530933.4000033624,1455458.177906834,1496472.1064768992,False
Murrumbeena,h,Southern Metropolitan,2,12.1,707000.0,1270151.919261936,1090156.6233936558,1086246.778160457,False
Murrumbeena,u,Southern Metropolitan,2,12.1,770000.0,604541.7662227431,607140.1718106744,619807.0688892032,False
Murrumbeena,u,Southern Metropolitan,2,12.1,582000.0,718937.7999800469,673614.5319496365,700568.0783728934,False
Murrumbeena,u,Southern Metropolitan,2,12.1,490000.0,466539.44591762294,505713.4507960665,484756.0176017786,False
Murrumbeena,h,Southern Metropolitan,3,12.1,1255000.0,1107143.899430922,1120491.1575312656,1182833.9398180833,False
Murrumbeena,u,Southern Metropolitan,2,12.1,420500.0,633462.06900514,540763.4399265336,510851.8719445558,False
Murrumbeena,u,Southern Metropolitan,1,12.1,261000.0,291908.20146085526,270697.0381657194,260411.34866322382,False
Murrumbeena,u,Southern Metropolitan,2,12.1,535000.0,487084.93374563253,460092.6505700072,427604.80573328625,False
Murrumbeena,u,Southern Metropolitan,2,12.1,586000.0,563494.1458581457,556761.5407363081,535998.8816717162,False
Murrumbeena,u,Southern Metropolitan,2,12.1,926000.0,745546.6427041426,715611.9042778962,795888.5731947431,False
Newport,h,Western Metropolitan,4,8.4,1230000.0,1018317.6942517689,1060279.993721662,1049200.0078502109,False
Newport,h,Western Metropolitan,4,8.4,1560000.0,1151872.4786280305,1201678.005699725,1100749.50773501,False
Newport,h,Western Metropolitan,3,8.4,2000000.0,1290877.3860112936,1280370.9353696827,1468485.7465358514,False
Newport,h,Western Metropolitan,2,8.4,820000.0,828501.6058630608,839741.8824363598,806765.8067558686,False
Newport,h,Western Metropolitan,3,8.4,1530000.0,1079811.06508229,1129919.895298836,1136771.6570122582,False
Newport,h,Western Metropolitan,3,8.4,1400000.0,1084963.1580244831,1230626.3121660682,1279863.8638266844,False
Newport,h,Western Metropolitan,3,8.4,1200000.0,995185.3750766446,940201.3784057833,949862.3920088384,False
Newport,h,Western Metropolitan,3,8.4,1325500.0,1056945.5792248435,1102413.117856579,1106205.2000477463,False
Newport,h,Western Metropolitan,2,8.4,890000.0,618341.1332472097,695687.5100564169,668208.7028058345,False
Newport,h,Western Metropolitan,3,8.4,975000.0,880244.0440450858,910842.9017490122,903370.9723423248,False
Newport,h,Western Metropolitan,5,8.4,1820000.0,1205400.1163955107,1596620.9056131814,1450703.6648761225,False
Newport,t,Western Metropolitan,3,8.4,900000.0,925160.4955137706,848420.5331736878,826651.1946383757,False
Newport,h,Western Metropolitan,3,8.4,1410000.0,1032067.4772763321,1087060.9009151615,1008809.7733054062,False
Newport,h,Western Metropolitan,1,8.4,1700000.0,1050298.7024962495,959538.7394557617,1043935.9147291961,False
Newport,h,Western Metropolitan,4,8.4,956000.0,1057013.198009989,979729.5571068414,948032.3101782257,False
Newport,h,Western Metropolitan,2,8.4,1215000.0,936551.985171131,884193.8735323178,864561.3280621228,False
Newport,h,Western Metropolitan,3,8.4,828000.0,886528.1182433934,878721.0619310847,882095.9520771563,False
Newport,h,Western Metropolitan,4,8.4,1650000.0,1273012.1592064956,1390307.2465380467,1398332.3837656567,False
Newport,h,Western Metropolitan,4,8.4,2337000.0,1265284.9139966723,1577784.2124132493,1489752.6905097468,False
Newport,h,Western Metropolitan,3,8.4,1370000.0,1109939.7249017549,1183698.545672486,1211380.447290479,False
Newport,h,Western Metropolitan,2,8.4,1070000.0,987519.5881593197,984336.4767409194,958608.2188761195,False
Newport,h,Western Metropolitan,3,8.4,1075000.0,973371.7350117683,953798.8528919086,1029539.9878394258,False
Newport,h,Western Metropolitan,3,8.4,1100000.0,1196957.205058389,1193122.6527169973,1220620.9318377406,False
Niddrie,h,Western Metropolitan,3,11.2,1312000.0,1072272.6266545705,1010598.873445663,1069872.7822485466,False
Niddrie,h,Western Metropolitan,3,11.2,960000.0,873314.4377225776,953372.3460082618,990015.8737091203,False
Niddrie,h,Western Metropolitan,3,11.2,935000.0,995588.3589283754,988268.9069541128,991904.2599495339,False
Niddrie,h,Western Metropolitan,3,11.2,810000.0,770847.9093150381,827709.1565048991,812698.2962693768,False
Niddrie,h,Western Metropolitan,3,11.2,1200000.0,1039171.4042858621,1005379.3088804949,1015476.1492056462,False
Niddrie,h,Western Metropolitan,3,11.2,850000.0,937755.2595121897,996873.3446599712,988390.056025671,False
Niddrie,h,Western Metropolitan,3,11.2,944000.0,837897.3124141691,958659.6208318169,998884.3588146537,False
Niddrie,u,Western Metropolitan,2,11.2,510000.0,432066.17669720575,408597.762198634,435887.2940170665,False
Niddrie,u,Western Metropolitan,1,11.2,325000.0,191856.8059245969,296536.39446929464,327677.2233867501,False
Niddrie,t,Western Metropolitan,3,11.2,800000.0,683206.545988586,737293.5488539604,742154.3801069463,False
Niddrie,h,Western Metropolitan,3,11.2,1450000.0,1047538.1856005267,877094.3669221931,933294.620923544,False
Niddrie,u,Western Metropolitan,3,11.2,500000.0,549889.8276721762,654592.0226431548,647767.4772042922,False
Niddrie,h,Western Metropolitan,1,11.2,1405000.0,985812.7711916218,846581.460844665,867731.2917595316,False
Northcote,h,Northern Metropolitan,2,5.5,1343000.0,1058506.25481683,1027021.0550090211,1086152.447549451,False
Northcote,u,Northern Metropolitan,2,5.5,680000.0,563286.3384434222,558074.4583691688,556404.8829719215,False
Northcote,h,Northern Metropolitan,2,5.5,695000.0,835948.4315368084,850660.181371944,839369.7409016654,False
Northcote,u,Northern Metropolitan,2,5.5,420000.0,490812.53956933646,472783.87035274465,468518.7940459071,False
Northcote,h,Northern Metropolitan,3,5.5,1300000.0,1081011.8481160894,1127715.2307882563,1166502.5181734047,False
Northcote,h,Northern Metropolitan,2,5.5,995000.0,944842.0288793228,899764.4225618967,855227.1415262783,False
Northcote,h,Northern Metropolitan,5,5.5,1750000.0,1715091.5893542422,1702684.784827429,1654761.5956257326,False
Northcote,h,Northern Metropolitan,4,5.5,1822000.0,2105902.42496607,2142328.178883917,2183819.6236116085,False
Northcote,u,Northern Metropolitan,1,5.5,280000.0,359033.5840317159,321344.47128382657,312727.5107796559,False
Northcote,h,Northern Metropolitan,2,5.5,1100000.0,1029063.1833108922,972482.4384627076,1042290.3148939273,False
Northcote,h,Northern Metropolitan,3,5.5,1610000.0,1495837.920098805,1326227.2007752678,1452171.431574148,False
Northcote,h,Northern Metropolitan,2,5.5,970000.0,1009935.8203406765,954248.8350276866,902492.0700179443,False
Northcote,h,Northern Metropolitan,2,5.5,970000.0,1037534.5787454954,1001423.8557331689,1066226.2516743075,False
Northcote,h,Northern Metropolitan,4,5.5,2990000.0,1761744.5862165994,1619187.1100959606,1685253.640664654,False
Northcote,h,Northern Metropolitan,2,5.5,1050000.0,944351.6772711946,957924.570015232,946501.6332509533,False
Northcote,h,Northern Metropolitan,2,5.5,1290000.0,1015060.3135553917,1001384.0241383814,1020129.1678486895,False
Northcote,u,Northern Metropolitan,2,5.5,471250.0,518554.5992774256,549078.7329566394,522798.86309489876,False
Northcote,h,Northern Metropolitan,3,5.5,1235000.0,1156502.7178533336,1243035.3034306862,1258798.471221461,False
Oak Park,t,Northern Metropolitan,2,11.5,600000.0,493081.69487518835,498903.93554465537,485093.65457427665,False
Oak Park,h,Northern Metropolitan,3,11.5,955000.0,792820.1153101027,781519.5302906242,771464.4824203036,False
Oak Park,u,Northern Metropolitan,3,11.5,601000.0,500922.3145261407,501124.68886906764,502275.05938239465,False
Oak Park,h,Northern Metropolitan,3,11.5,755000.0,706727.3626533345,674168.2413396969,635739.9661418834,False
Oak Park,h,Northern Metropolitan,3,11.5,1400000.0,825307.2939348841,748516.9058415517,741982.2434641595,False
Oak Park,h,Northern Metropolitan,5,11.5,1005000.0,917959.7339868956,1013033.0198082179,977608.6671592174,False
Oak Park,h,Northern Metropolitan,4,11.5,860000.0,722860.1823778827,696176.6334582269,705200.6224743265,False
Oak Park,h,Northern Metropolitan,5,11.5,1306000.0,975671.8304383145,1027126.2654009738,980580.8608805863,False
Oak Park,h,Northern Metropolitan,4,11.5,1250000.0,806872.9840195497,844547.4467519134,843106.9530696417,False
Oak Park,u,Northern Metropolitan,3,11.5,648000.0,471980.0670424044,487917.0675927345,509066.5520252169,False
Oakleigh,h,Southern Metropolitan,4,14.0,2525000.0,1464890.53171484,1353377.4068361714,1478968.1344359105,False
Oakleigh,h,Southern Metropolitan,4,14.0,1615000.0,1324332.0540167603,1132708.5809462154,1156112.9749164043,False
Oakleigh,u,Southern Metropolitan,3,14.0,655000.0,662506.4798002045,536367.8786813419,513531.24839608883,False
Oakleigh,h,Southern Metropolitan,5,14.0,1351000.0,1410483.3464810268,1254629.4490536791,1244123.4124572177,False
Oakleigh,h,Southern Metropolitan,3,14.0,1205000.0,1059066.8451616107,1070629.6709389056,1063133.7912010686,False
Oakleigh,h,Southern Metropolitan,2,14.0,676000.0,763922.0130126171,795785.4754854564,778987.7435877003,False
Oakleigh,h,Southern Metropolitan,4,14.0,1145000.0,1253998.891821401,1062435.6387262181,1165155.8236500074,False
Oakleigh,h,Southern Metropolitan,4,14.0,1600000.0,1328977.1619092482,1116113.26355286,1088932.5121909357,False
Oakleigh,h,Southern Metropolitan,4,14.0,1840000.0,1447172.509178941,1449698.9495167278,1537512.083901661,False
Ormond,h,Southern Metropolitan,3,11.8,1300000.0,1523392.238393938,1658609.8231197423,1674695.9900815773,False
Ormond,h,Southern Metropolitan,5,11.8,2250000.0,1743449.470857873,1957843.821801503,1794192.8883757119,False
Ormond,u,Southern Metropolitan,2,11.8,437500.0,494574.4939474238,537819.3136366145,508840.1736319271,False
Ormond,u,Southern Metropolitan,3,11.8,960000.0,946880.7628642352,995672.1146798208,1099581.6742947567,False
Ormond,h,Southern Metropolitan,4,11.8,1486000.0,1616653.94063156,1570364.1485828122,1583006.6705464546,False
Ormond,t,Southern Metropolitan,4,11.8,1425000.0,1182430.7877737998,1272626.70178333,1252268.857277896,False
Ormond,u,Southern Metropolitan,1,11.8,311500.0,305442.47497703,306182.0257773406,292858.2999133846,False
Parkville,u,Northern Metropolitan,3,2.6,835000.0,634356.5478111827,772341.8688277173,806204.1411057002,False
Parkville,h,Northern Metropolitan,4,2.6,3970000.0,1938728.854199129,1936777.1374381783,2127570.973490776,False
Parkville,h,Northern Metropolitan,3,2.6,2790000.0,1431030.1490256533,1531565.7888315541,1699835.4777241796,False
Pascoe Vale,h,Northern Metropolitan,3,9.9,755000.0,758291.4141278475,744204.4128228901,751024.0413914542,False
Pascoe Vale,h,Northern Metropolitan,2,9.9,750000.0,655947.6411797152,662155.9232842913,624743.4332710619,False
Pascoe Vale,h,Northern Metropolitan,2,9.9,999000.0,777380.8264942807,795995.2628680888,798371.7396671665,False
Pascoe Vale,h,Northern Metropolitan,3,9.9,800000.0,913876.5472593075,866304.5733298502,898198.7361628513,False
Pascoe Vale,h,Northern Metropolitan,4,9.9,800000.0,842593.6034535546,816720.9577877229,834940.2446649838,False
Pascoe Vale,h,Northern Metropolitan,3,9.9,806000.0,697047.0442245265,718788.1944391122,697777.1493929037,False
Pascoe Vale,h,Northern Metropolitan,4,9.9,770000.0,803146.9020541223,824643.846123099,839831.3694487669,False
Pascoe Vale,u,Northern Metropolitan,2,9.9,496000.0,466822.09939403954,475570.25054084766,471796.7562816525,False
Pascoe Vale,h,Northern Metropolitan,3,9.9,585000.0,734253.8585564485,606645.2541804358,664262.09575372,False
Pascoe Vale,t,Northern Metropolitan,2,9.9,540000.0,570105.8784829046,513046.5173035395,507050.80049315403,False
Pascoe Vale,h,Northern Metropolitan,3,9.9,708000.0,662465.4940326631,660069.0528008403,667088.0434498071,False
Pascoe Vale,u,Northern Metropolitan,2,9.9,497000.0,459092.73302618216,449369.0370415792,466792.42153759155,False
Pascoe Vale,h,Northern Metropolitan,3,9.9,800000.0,692201.5869758577,746414.6806179704,739901.8797331068,False
Pascoe Vale,h,Northern Metropolitan,4,9.9,1395000.0,961305.7818354206,991546.0179793473,1007317.3441381338,False
Pascoe Vale,u,Northern Metropolitan,2,9.9,427500.0,470838.2955350393,473972.97345598164,484401.6211392413,False
Pascoe Vale,t,Northern Metropolitan,3,9.9,560000.0,523194.97909952316,566172.4061925524,570111.7213229443,False
Pascoe Vale,h,Northern Metropolitan,5,9.9,1410000.0,1179778.6361451861,1314619.5235064533,1333251.8734239696,False
Pascoe Vale,t,Northern Metropolitan,2,9.9,520000.0,477080.3426700543,500231.48306489794,527113.4429568857,False
Pascoe Vale,h,Northern Metropolitan,3,9.9,1017500.0,817435.1415299528,843607.7615819769,848222.6322405664,False
Pascoe Vale,h,Northern Metropolitan,2,9.9,910000.0,718182.5471153631,782395.0309460702,745675.3902375331,False
Pascoe Vale,h,Northern Metropolitan,5,9.9,958000.0,1013598.1854993252,1077583.2979169325,1066428.634070314,False
Pascoe Vale,h,Northern Metropolitan,3,9.9,770000.0,733737.6282251843,738520.9396028481,723861.6782895676,False
Port Melbourne,h,Southern Metropolitan,3,3.8,1400000.0,1328086.12623812,1540760.917683251,1639413.1835950713,False
Port Melbourne,u,Southern Metropolitan,2,3.8,520000.0,512495.9507389632,502037.87546283775,509555.17845146824,False
Port Melbourne,h,Southern Metropolitan,2,3.8,1332000.0,1312714.6692489458,1373869.1740630292,1358513.2123623583,False
Port Melbourne,h,Southern Metropolitan,2,3.8,801000.0,1089445.122961987,1102246.4539860769,1015922.3028697716,False
Port Melbourne,h,Southern Metropolitan,3,3.8,2400000.0,2438024.9583872277,2310087.4972584406,2610858.225350409,False
Port Melbourne,u,Southern Metropolitan,2,3.8,575000.0,543300.8535203607,585495.9542364862,529254.2656218274,False
Port Melbourne,u,Southern Metropolitan,2,3.8,950000.0,1041866.9206571379,965514.3188001155,965387.6734123382,False
Port Melbourne,u,Southern Metropolitan,2,3.8,730000.0,699288.3958329691,655433.0537734849,727289.1972510312,False
Port Melbourne,u,Southern Metropolitan,2,3.8,1110000.0,921182.7454601706,811131.8122004293,850882.2745509417,False
Port Melbourne,u,Southern Metropolitan,2,3.8,2250000.0,999780.555637167,1014142.79459188,1121077.1814462838,False
Port Melbourne,h,Southern Metropolitan,4,3.8,2700000.0,1942575.7477318437,2276065.095756246,2071716.0930479383,False
Port Melbourne,h,Southern Metropolitan,4,3.8,1375000.0,1838591.377393048,1578151.0596157787,1510286.2426098636,False
Port Melbourne,u,Southern Metropolitan,2,3.8,600000.0,492689.37214571005,551014.5148760757,543783.4472667805,False
Port Melbourne,u,Southern Metropolitan,2,3.8,1030000.0,936029.4481245243,1071575.9279689451,997206.6032305004,False
Prahran,h,Southern Metropolitan,3,4.5,1251000.0,1351137.3199131326,1319564.4019063222,1246686.5355175151,False
Prahran,h,Southern Metropolitan,2,4.5,1305000.0,1160716.9485302642,1234113.7646933114,1171262.7038921677,False
Prahran,u,Southern Metropolitan,1,4.5,550000.0,420835.25286377675,506830.8738188029,500530.69229601766,False
Prahran,u,Southern Metropolitan,2,4.5,645000.0,690589.8540969321,760412.6424800286,721960.2516665091,False
Prahran,u,Southern Metropolitan,2,4.5,550000.0,563432.8479822958,556800.8582031653,548194.0212566522,False
Prahran,u,Southern Metropolitan,1,4.5,410000.0,388689.2051831175,379904.93362468143,386725.9742255328,False
Prahran,u,Southern Metropolitan,2,4.5,690000.0,1026743.0599212297,1015586.4965168113,1067562.8294737437,False
Prahran,u,Southern Metropolitan,2,4.5,630000.0,501743.7161513108,548427.2183867445,512098.7236655456,False
Prahran,u,Southern Metropolitan,2,4.5,685000.0,656060.4170392392,605394.5311123874,658410.1761852284,False
Prahran,u,Southern Metropolitan,2,4.5,570000.0,731743.7028367165,773565.0774673545,777959.4319062559,False
Prahran,h,Southern Metropolitan,1,4.5,860000.0,949637.5239214126,880524.4204427567,893105.2578709176,False
Prahran,h,Southern Metropolitan,3,4.5,880000.0,1387754.9257232037,1285156.6717832435,1291194.8186110782,False
Prahran,u,Southern Metropolitan,2,4.5,475000.0,578629.6024389802,553088.1067108909,545055.8181261634,False
Prahran,u,Southern Metropolitan,2,4.5,888000.0,600817.9875454451,648327.6525906406,611329.6787857634,False
Preston,u,Northern Metropolitan,2,8.8,413000.0,516456.0446518562,463829.49433924165,500969.8050897081,False
Preston,h,Northern Metropolitan,3,8.8,1190000.0,990123.8911896979,1035663.1050331563,1023690.1137850494,False
Preston,h,Northern Metropolitan,2,8.8,2000000.0,819635.7297417462,765711.6231800376,797263.9511462275,False
Preston,h,Northern Metropolitan,3,8.8,1045000.0,978633.7561659407,963179.3046123928,996356.9996113204,False
Preston,h,Northern Metropolitan,3,8.8,1121000.0,1066633.6057684647,1190243.8226211066,1238968.0008771264,False
Preston,u,Northern Metropolitan,3,8.8,715000.0,558655.338899973,609081.5789947042,611678.3497809555,False
Preston,h,Northern Metropolitan,4,8.8,1200000.0,980421.7817019938,1047401.1104986604,1068026.7389288975,False
Preston,h,Northern Metropolitan,3,8.8,917500.0,978711.6597029564,952962.3679624324,997776.256726881,False
Preston,h,Northern Metropolitan,4,8.8,770000.0,775059.2933389945,776252.0567251475,740181.4784546705,False
Preston,h,Northern Metropolitan,3,8.8,800000.0,934166.0453421748,833624.4228815039,865380.3405086785,False
Preston,h,Northern Metropolitan,4,8.8,1075000.0,981102.4101964865,1047479.0958034998,990225.2419183169,False
Preston,h,Northern Metropolitan,3,8.8,1015000.0,1032695.6941748562,954509.057155572,995776.8048097802,False
Preston,t,Northern Metropolitan,3,8.8,880000.0,713902.7832869756,789474.6286276722,730039.1615116816,False
Preston,h,Northern Metropolitan,3,8.8,1020000.0,920017.6462799213,894361.6757805072,906301.4763204672,False
Preston,h,Northern Metropolitan,3,8.8,1000000.0,989556.9666633215,901495.5468440701,940066.209671016,False
Preston,h,Northern Metropolitan,3,8.8,1010000.0,880845.1011282456,799947.7141091018,844744.6377569425,False
Preston,h,Northern Metropolitan,4,8.8,1110000.0,999151.7493300058,1030830.3529070636,1057142.013942845,False
Preston,h,Northern Metropolitan,2,8.8,800000.0,757198.4670027691,656907.6343329313,641386.3700189121,False
Preston,h,Northern Metropolitan,3,8.8,910000.0,783708.3105641596,860534.3612664822,785252.5641160253,False
Preston,h,Northern Metropolitan,3,8.8,1215000.0,982254.0427295195,1011717.641534044,992496.2068978659,False
Preston,h,Northern Metropolitan,2,8.8,2300000.0,833090.8577044645,810290.6047565263,830024.2119615976,False
Preston,h,Northern Metropolitan,2,8.8,1108000.0,739114.955441713,799822.9916034049,779207.3420702636,False
Preston,h,Northern Metropolitan,3,8.8,801000.0,931982.5781053797,957217.7390941416,966979.0238578704,False
Preston,h,Northern Metropolitan,3,8.8,1010000.0,918532.7126168802,868792.7135708104,905576.3587786823,False
Preston,h,Northern Metropolitan,3,8.8,690000.0,768287.3020628294,879505.0709782862,836594.8507970324,False
Preston,h,Northern Metropolitan,2,8.8,630000.0,746564.1784372997,671126.6477998596,700763.1953791887,False
Preston,h,Northern Metropolitan,3,8.8,1100000.0,932302.4697616543,1002677.4130208686,1055647.2534246573,False
Preston,h,Northern Metropolitan,3,8.8,1055000.0,941164.4664646832,885774.1424687563,919058.3055683402,False
Preston,u,Northern Metropolitan,2,8.8,560000.0,548519.0936311613,549917.8916161117,547985.8902494794,False
Preston,u,Northern Metropolitan,1,8.8,385000.0,322121.7287420159,325318.8732105166,364908.1005078722,False
Reservoir,h,Northern Metropolitan,4,11.2,741000.0,781363.2586337101,795242.8964051357,771964.3367155342,False
Reservoir,h,Northern Metropolitan,3,11.2,725000.0,644595.3256198851,582018.7154738278,605512.8867241166,False
Reservoir,u,Northern Metropolitan,3,11.2,615000.0,498480.460817661,532133.1492722543,524103.05836357636,False
Reservoir,u,Northern Metropolitan,2,11.2,406000.0,366114.8750521771,389338.93979242875,394654.8184247671,False
Reservoir,h,Northern Metropolitan,3,11.2,1010000.0,819035.8707273245,853436.7106549287,839216.1954695998,False
Reservoir,h,Northern Metropolitan,2,11.2,852000.0,712363.0177018803,715170.2352872741,680360.0311070755,False
Reservoir,h,Northern Metropolitan,3,11.2,595000.0,565278.8775338513,610794.0018507311,571595.9767414568,False
Reservoir,h,Northern Metropolitan,3,11.2,665000.0,796194.403220386,765848.3371904752,734224.8725160698,False
Reservoir,u,Northern Metropolitan,3,11.2,631000.0,490255.3530766349,490784.308970956,470128.874247777,False
Reservoir,h,Northern Metropolitan,4,11.2,905000.0,757773.9860390106,800345.2800692429,745997.4330438676,False
Reservoir,h,Northern Metropolitan,5,11.2,845000.0,796286.8731196988,830395.1708247348,789235.7875413565,False
Reservoir,t,Northern Metropolitan,3,11.2,815000.0,534475.6943363495,576359.6424973926,630021.6630084126,False
Reservoir,h,Northern Metropolitan,4,11.2,770000.0,882439.4867288212,931713.938691018,928900.6357290188,False
Reservoir,h,Northern Metropolitan,2,11.2,935000.0,706178.1119616671,709053.7204443287,696080.1176875775,False
Reservoir,h,Northern Metropolitan,3,11.2,610000.0,600138.4337184363,618250.1949359756,619228.7387213717,False
Reservoir,h,Northern Metropolitan,4,11.2,678500.0,739667.000736999,652353.3394196768,712473.3023520773,False
Reservoir,h,Northern Metropolitan,2,11.2,861500.0,638027.6263658172,697006.3773829225,699780.5095297212,False
Reservoir,h,Northern Metropolitan,3,11.2,801000.0,725443.1258922052,720895.0222535281,750845.7230998934,False
Reservoir,h,Northern Metropolitan,4,11.2,1150000.0,916794.7133297799,1018321.3962549616,979940.3998845775,False
Reservoir,h,Northern Metropolitan,3,11.2,760000.0,823809.7064927694,755908.9401048691,781375.7220920345,False
Reservoir,u,Northern Metropolitan,2,11.2,490000.0,407932.4316535899,377548.27141596674,397119.74561490526,False
Reservoir,h,Northern Metropolitan,3,11.2,605000.0,578133.7984910622,574692.0697196698,576156.8518529072,False
Reservoir,t,Northern Metropolitan,2,11.2,652000.0,507633.02281228575,545151.9251294687,571758.4754510301,False
Reservoir,t,Northern Metropolitan,2,11.2,615000.0,566762.1819239897,537773.1494815631,513340.94158134214,False
Reservoir,u,Northern Metropolitan,1,11.2,407000.0,327439.7435153033,331331.23093257187,341476.76566273905,False
Reservoir,h,Northern Metropolitan,4,11.2,930000.0,869987.7555493102,862761.4898411621,892254.5069350717,False
Reservoir,t,Northern Metropolitan,3,11.2,741000.0,646513.2528707603,625807.587148968,614647.8273950554,False
Reservoir,h,Northern Metropolitan,2,11.2,375000.0,388162.799760061,356564.7396522335,332061.9878256487,False
Reservoir,h,Northern Metropolitan,4,11.2,1005000.0,817242.4975583776,789876.183116321,806381.8004363413,False
Reservoir,h,Northern Metropolitan,4,11.2,800000.0,760129.6563153261,664460.4525245737,707151.7997529616,False
Reservoir,u,Northern Metropolitan,2,11.2,395000.0,421416.36408709845,373487.82237576303,384278.3844314089,False
Reservoir,h,Northern Metropolitan,2,11.2,1025000.0,873497.0714934423,887011.1965009524,881904.1603643495,False
Reservoir,u,Northern Metropolitan,2,11.2,505000.0,373278.79653301905,410152.48916249286,465435.6198250558,False
Richmond,h,Northern Metropolitan,2,2.6,950000.0,1064328.8873037419,900740.9044027014,902970.3119056922,False
Richmond,h,Northern Metropolitan,2,2.6,1110000.0,1121802.5016685845,1086818.6990042604,1083150.1834622924,False
Richmond,t,Northern Metropolitan,2,2.6,950000.0,901093.6698964745,746029.3666663272,800948.910251827,False
Richmond,u,Northern Metropolitan,2,2.6,1226000.0,645665.9330946421,665816.5746297354,759769.7429287704,False
Richmond,u,Northern Metropolitan,1,2.6,500000.0,364983.5310711945,345783.17321392905,349885.00915222144,False
Richmond,h,Northern Metropolitan,3,2.6,1214000.0,1175066.4924875333,1270128.5335332137,1279185.4721355657,False
Richmond,u,Northern Metropolitan,1,2.6,370000.0,424024.8667481951,420688.46437161113,401740.83727494976,False
Richmond,u,Northern Metropolitan,3,2.6,790000.0,754924.0191393254,709738.6266204735,679921.1514155415,False
Richmond,h,Northern Metropolitan,3,2.6,1400000.0,1892539.2536072342,1498665.3712239177,1814764.9991174596,False
Richmond,u,Northern Metropolitan,2,2.6,500000.0,557010.2267006695,563103.7138405273,553407.6955641188,False
Richmond,t,Northern Metropolitan,2,2.6,1090000.0,938490.9148871952,844810.8507353193,920027.6708268551,False
Richmond,h,Northern Metropolitan,3,2.6,1785000.0,1457325.3482876734,1277667.0821944308,1359493.9720659829,False
Richmond,u,Northern Metropolitan,2,2.6,560000.0,544777.1693203298,438211.83491637063,446462.15072322136,False
Richmond,u,Northern Metropolitan,2,2.6,690000.0,651346.7095301017,737724.5221557454,740250.9629009158,False
Richmond,h,Northern Metropolitan,2,2.6,1050000.0,833133.2833068111,907667.8933142469,860094.0714004169,False
Richmond,h,Northern Metropolitan,3,2.6,2060000.0,1202663.6241227437,1298801.8151159715,1451724.6701623502,False
Richmond,h,Northern Metropolitan,2,2.6,860000.0,915848.1302422241,883386.8009472631,800006.2329667814,False
Richmond,t,Northern Metropolitan,3,2.6,1052000.0,943884.4752028415,987858.015253655,997001.320099967,False
Richmond,h,Northern Metropolitan,3,2.6,3000000.0,1681778.3890949953,2075320.0858462888,2180516.5871947766,False
Richmond,h,Northern Metropolitan,3,2.6,1330000.0,1268234.1059910266,1196205.4991190482,1219602.0336722303,False
Richmond,u,Northern Metropolitan,2,2.6,630000.0,672314.0371281418,702117.1383769022,681160.8078430868,False
Richmond,h,Northern Metropolitan,2,2.6,1210000.0,1133969.0134858368,1090723.0359880961,1085211.7661753034,False
Richmond,h,Northern Metropolitan,1,2.6,911000.0,900379.6587276198,869854.8265399525,986714.4561589916,False
Richmond,h,Northern Metropolitan,3,2.6,1590000.0,1410517.2767909085,1476487.2572345329,1607503.6444688467,False
Rosanna,h,Eastern Metropolitan,4,11.4,1380000.0,979240.5252883306,995012.6457553944,974935.1999133843,False
Rosanna,h,Eastern Metropolitan,4,11.4,1150000.0,1039072.1300727982,1024649.7157248101,1021409.8078817656,False
Rosanna,h,Eastern Metropolitan,4,11.4,1160000.0,1006148.9606758695,992033.2652903146,981607.8449708659,False
Rosanna,u,Eastern Metropolitan,2,11.4,615000.0,582652.180365844,562973.9270585818,563699.04426959,False
Rosanna,h,Eastern Metropolitan,3,11.4,940000.0,849521.2907531111,874287.819270391,849160.3698978084,False
Seddon,h,Western Metropolitan,2,6.6,665000.0,768790.9460854172,716686.5080346372,793172.746304968,False
Seddon,h,Western Metropolitan,3,6.6,950000.0,1029387.1613382099,968486.0509911001,1039429.1442964033,False
Seddon,h,Western Metropolitan,2,6.6,1085000.0,793892.2369235544,860467.3728035256,918860.1447827293,False
Seddon,h,Western Metropolitan,3,6.6,847000.0,921946.1486819611,907662.2140256546,890543.7828011444,False
Seddon,h,Western Metropolitan,2,6.6,785000.0,727006.345553949,681196.0618563466,693638.9889253207,False
South Melbourne,h,Southern Metropolitan,3,2.1,2240000.0,1878339.7824707674,1981920.1483572943,1887251.1827926987,False
South Melbourne,h,Southern Metropolitan,3,2.1,2050000.0,1891056.8539987875,1692199.0791725374,1853942.7848200323,False
South Melbourne,u,Southern Metropolitan,1,2.1,460000.0,362612.44624721893,396078.40408528264,421167.12034487864,False
South Melbourne,u,Southern Metropolitan,2,2.1,650000.0,533553.2504765627,810190.4024987028,720805.8115573312,False
South Melbourne,t,Southern Metropolitan,2,2.1,1100000.0,1336593.1493565317,918385.403559897,1033645.8496094657,False
South Melbourne,h,Southern Metropolitan,3,2.1,1820000.0,1390246.0908551537,1487795.8897689013,1540308.3057998468,False
South Melbourne,h,Southern Metropolitan,3,2.1,1780000.0,1766896.656268483,1954982.7421641212,2021125.594469793,False
South Melbourne,h,Southern Metropolitan,2,2.1,1024000.0,1076387.4998807097,1192860.4259799537,1054017.0712997415,False
South Melbourne,u,Southern Metropolitan,3,2.1,680000.0,925166.7680766925,1062134.930981236,923873.7977481032,False
South Melbourne,h,Southern Metropolitan,2,2.1,1150000.0,1085646.1303585644,961961.7748062937,988353.3127390912,False
South Melbourne,u,Southern Metropolitan,3,2.1,710000.0,1205038.9264114348,1154699.654867409,1098886.1304766515,False
South Yarra,u,Southern Metropolitan,3,3.3,1320000.0,830296.9880761526,1240724.066012915,1263724.744788878,False
South Yarra,u,Southern Metropolitan,1,3.3,537000.0,492075.90049701923,476042.5233015362,489567.2528721266,False
South Yarra,u,Southern Metropolitan,2,3.3,800000.0,942561.7375118284,975323.7373365327,1096197.2055944758,False
South Yarra,u,Southern Metropolitan,1,3.3,410000.0,420676.6064424661,451439.85476122575,440658.01988805854,False
South Yarra,u,Southern Metropolitan,2,3.3,499000.0,613673.0843253179,637581.8961757759,610410.2380091549,False
South Yarra,h,Southern Metropolitan,2,3.3,1214000.0,1178604.462016036,1207893.8136553229,1150603.0152875034,False
South Yarra,u,Southern Metropolitan,2,3.3,485000.0,566351.3742958471,472266.52414053667,501960.2967988198,False
South Yarra,u,Southern Metropolitan,3,3.3,920000.0,920830.962646156,876279.8287650753,864176.1399210403,False
South Yarra,u,Southern Metropolitan,2,3.3,615000.0,677541.6524117969,690504.7954047248,704627.0031228048,False
South Yarra,u,Southern Metropolitan,2,3.3,642000.0,713024.0745349614,749348.5361851383,796241.6958866502,False
South Yarra,t,Southern Metropolitan,3,3.3,3475000.0,1775675.5942523507,1681256.888430461,1615872.7978288692,False
South Yarra,h,Southern Metropolitan,2,3.3,1710000.0,1493818.3759284185,1649665.461153094,1479587.4953686872,False
South Yarra,u,Southern Metropolitan,2,3.3,851000.0,721257.6059908378,850718.1773783839,817895.6928425353,False
South Yarra,t,Southern Metropolitan,3,3.3,2030000.0,1665120.5333923076,1720139.826343555,1692398.4647470121,False
South Yarra,h,Southern Metropolitan,2,3.3,1405000.0,1396749.0977386292,1445508.1955264546,1387419.60962627,False
South Yarra,u,Southern Metropolitan,2,3.3,850000.0,940209.128899698,900499.094521792,958938.0108978364,False
South Yarra,u,Southern Metropolitan,2,3.3,792500.0,634567.7988559597,710426.9934013367,753274.6196539566,False
South Yarra,u,Southern Metropolitan,1,3.3,390500.0,404047.4779820409,436323.2477901326,449621.4741679157,False
South Yarra,u,Southern Metropolitan,3,3.3,2050000.0,918620.7518276159,1266497.091538752,1070796.1428006724,False
South Yarra,u,Southern Metropolitan,2,3.3,595000.0,717006.0425699124,784925.2953521734,809106.9637161113,False
St Kilda,u,Southern Metropolitan,1,6.1,346000.0,367933.3384887385,397640.1748502331,388116.80408766295,False
St Kilda,u,Southern Metropolitan,1,6.1,520000.0,381650.14549779904,374105.4655434983,377044.6912479902,False
St Kilda,u,Southern Metropolitan,1,6.1,320000.0,357480.5376495974,339395.2810311756,332607.9256984066,False
St Kilda,u,Southern Metropolitan,2,6.1,610500.0,681704.0013918175,599673.5258246715,600211.1930585747,False
St Kilda,u,Southern Metropolitan,1,6.1,350000.0,353549.2316915871,346771.7045271676,339390.43066079624,False
St Kilda,h,Southern Metropolitan,2,6.1,1120000.0,1087905.2829808847,1038616.9347750116,1002051.268514751,False
St Kilda,t,Southern Metropolitan,2,6.1,1077000.0,1442516.7486386143,985666.4499900336,1111927.3602197156,False
St Kilda,h,Southern Metropolitan,2,6.1,1301000.0,1212782.1140297162,1158604.1567612176,1172658.3535448385,False
St Kilda,h,Southern Metropolitan,2,6.1,1440000.0,1274808.057125582,1272149.145402574,1194227.986691271,False
St Kilda,u,Southern Metropolitan,2,6.1,680000.0,567937.0077459018,585162.6328219299,549461.5940810381,False
St Kilda,h,Southern Metropolitan,3,6.1,1361000.0,1299321.737060732,1307998.4851556346,1305926.1451573686,False
St Kilda,u,Southern Metropolitan,3,6.1,1000000.0,899089.6390419881,836373.7084267187,834206.7524686335,False
St Kilda,u,Southern Metropolitan,2,6.1,902000.0,594852.8420436265,598134.5254588182,562133.0071815017,False
St Kilda,u,Southern Metropolitan,3,6.1,1190000.0,895507.689440662,904307.7436471262,950159.0460735873,False
St Kilda,h,Southern Metropolitan,2,6.1,920000.0,1203065.7105284047,1093785.4293542656,1019347.5404733821,False
St Kilda,u,Southern Metropolitan,2,6.1,482000.0,490074.92856223276,543137.5412947102,528925.620046372,False
St Kilda,h,Southern Metropolitan,4,6.1,2260000.0,2248000.894026749,1797504.1117281718,1866141.6867848558,False
Strathmore,h,Western Metropolitan,4,9.7,810000.0,878496.2930529295,767013.2119764712,743798.8193419746,False
Strathmore,h,Western Metropolitan,3,9.7,1021000.0,842894.7057494198,901429.7853363276,914156.3791283948,False
Strathmore,t,Western Metropolitan,3,9.7,925000.0,1069602.2900650539,1002465.7073265131,978194.4615261303,False
Strathmore,h,Western Metropolitan,5,9.7,910000.0,1013262.3557410289,967870.3042183103,1007604.5482008148,False
Strathmore,h,Western Metropolitan,3,9.7,900000.0,775063.8567493911,763197.4026307535,775197.1960728075,False
Strathmore,h,Western Metropolitan,3,9.7,995000.0,983799.2924169303,1054035.8265980443,1071914.509553283,False
Strathmore,h,Western Metropolitan,5,9.7,1150000.0,969609.5211332791,1072172.0388686706,1107181.339780366,False
Sunshine,h,Western Metropolitan,3,12.6,940000.0,685609.7649614152,653228.4875265163,717689.4895829257,False
Sunshine,h,Western Metropolitan,4,12.6,726000.0,778142.1142450003,758950.1464125586,775177.9669558957,False
Sunshine,h,Western Metropolitan,3,12.6,950000.0,894758.5556297055,771944.3339278989,822926.9100898706,False
Sunshine,h,Western Metropolitan,4,12.6,760000.0,779270.1345463486,792267.4490124475,781629.8807616476,False
Sunshine,h,Western Metropolitan,4,12.6,990000.0,853798.1527445675,803073.4937491625,863217.4792577454,False
Sunshine,h,Western Metropolitan,3,12.6,651500.0,607218.9556092033,556710.3981568147,572196.9157146971,False
Sunshine,h,Western Metropolitan,4,12.6,970000.0,748048.371228129,745861.4673244506,788064.4118986409,False
Sunshine,h,Western Metropolitan,3,12.6,841000.0,709928.5036951808,671022.5147178263,706058.4333165978,False
Sunshine,h,Western Metropolitan,3,12.6,710000.0,651532.2847052312,635808.6785322473,637625.1123503103,False
Sunshine,h,Western Metropolitan,3,12.6,840000.0,718619.0752253897,634557.2357839518,653265.7440827793,False
Sunshine,h,Western Metropolitan,3,12.6,660000.0,654775.4914206716,660062.9754032601,680738.4909704474,False
Sunshine,h,Western Metropolitan,3,12.6,692000.0,653853.0715344917,657631.6671524451,638508.0963459864,False
Sunshine North,h,Western Metropolitan,3,13.3,830000.0,650628.5918728684,682179.8033868992,682401.2888268173,False
Sunshine North,h,Western Metropolitan,3,13.3,600000.0,529815.9211646473,618601.3347379346,583791.1567346508,False
Sunshine North,h,Western Metropolitan,3,13.3,718000.0,678431.022461435,666207.3878902142,676047.2919225894,False
Sunshine North,h,Western Metropolitan,4,13.3,775000.0,741656.5989862008,738521.1965954488,711104.4648817412,False
Sunshine North,h,Western Metropolitan,3,13.3,490000.0,568169.1660788398,572913.6030480005,509674.99220566056,False
Sunshine West,h,Western Metropolitan,3,13.5,716000.0,560712.9158691304,519234.6820826892,517816.5416686639,False
Sunshine West,h,Western Metropolitan,3,13.5,511000.0,551306.8285375816,573350.5811286276,578908.8189275909,False
Sunshine West,h,Western Metropolitan,4,13.5,515000.0,592294.1843415415,503098.3027904119,500652.25685352733,False
Sunshine West,h,Western Metropolitan,3,13.5,530000.0,512680.95898467756,527666.3173838125,526420.5678531403,False
Sunshine West,h,Western Metropolitan,4,13.5,685000.0,631999.9053003801,612695.0506052996,663600.9536600477,False
Sunshine West,h,Western Metropolitan,3,13.5,700000.0,586006.2876717687,540856.7630134325,551476.255749244,False
Sunshine West,t,Western Metropolitan,3,13.5,521000.0,521770.71639612503,466806.7864784171,470778.3553113444,False
Sunshine West,h,Western Metropolitan,3,13.5,571000.0,635794.0413887117,628464.2447784875,649722.0481109698,False
Sunshine West,h,Western Metropolitan,3,13.5,710000.0,695856.490139057,667771.1533355685,705690.9880424583,False
Surrey Hills,u,Southern Metropolitan,2,11.2,682000.0,798657.2952122086,720563.9507575873,737124.1192727244,False
Surrey Hills,u,Southern Metropolitan,2,11.2,825000.0,779538.8319076403,669917.982606856,751496.3286291014,False
Surrey Hills,h,Southern Metropolitan,3,11.2,1525000.0,1423310.2496740334,1335580.126300942,1343811.8662887888,False
Surrey Hills,h,Southern Metropolitan,2,11.2,1260000.0,1015585.1302865434,1185647.94282929,1233072.6281671328,False
Surrey Hills,h,Southern Metropolitan,4,11.2,2360000.0,2225719.649134516,2413482.180776822,2346430.9290273264,False
Surrey Hills,h,Southern Metropolitan,2,11.2,1250000.0,996569.4637538418,1019124.1837060611,1021662.2349927914,False
Surrey Hills,h,Southern Metropolitan,4,11.2,1490000.0,1676432.5888020482,1615340.2490969594,1566808.5837771192,False
Surrey Hills,h,Southern Metropolitan,4,11.2,1600000.0,1766637.452278869,1687042.9530301536,1675593.9639911056,False
Surrey Hills,h,Southern Metropolitan,3,11.2,1652000.0,1772381.9240501411,1617735.7609934553,1764269.8274604103,False
Surrey Hills,h,Southern Metropolitan,4,11.2,2370000.0,2352957.1160521875,2578052.63927213,2560062.335231331,False
Templestowe Lower,t,Eastern Metropolitan,3,13.8,940000.0,861632.8740790103,775760.7897710995,800053.9847769762,False
Templestowe Lower,h,Eastern Metropolitan,3,13.8,1503500.0,1196224.8542701234,1238897.2443649543,1315524.9719108825,False
Templestowe Lower,t,Eastern Metropolitan,3,13.8,950000.0,851479.7328275236,786375.3898687004,771107.9634994772,False
Templestowe Lower,h,Eastern Metropolitan,3,13.8,1370000.0,1214931.4271324545,1164390.8804767176,1186801.6010528475,False
Templestowe Lower,h,Eastern Metropolitan,4,13.8,1181000.0,1095384.367277911,1166023.6000675627,1122735.9965334018,False
Templestowe Lower,h,Eastern Metropolitan,3,13.8,1385000.0,1167060.7144673013,1145245.3283053322,1150269.918269406,False
Templestowe Lower,h,Eastern Metropolitan,3,13.8,1180000.0,1046104.502567939,1044076.250647431,1034554.3426769791,False
Templestowe Lower,h,Eastern Metropolitan,4,13.8,1302000.0,1073462.5418230167,1176654.8886161132,1161518.7073718952,False
Templestowe Lower,h,Eastern Metropolitan,5,13.8,1775000.0,1345099.5035973375,1320120.502298552,1368862.07266701,False
Thornbury,h,Northern Metropolitan,3,6.5,1750000.0,1171921.4781573955,1415016.928054012,1295168.7214441795,False
Thornbury,h,Northern Metropolitan,3,6.5,1345000.0,1198978.4806980132,1338179.3315745643,1253000.1514821078,False
Thornbury,h,Northern Metropolitan,3,6.5,1080000.0,1113949.23156382,1036036.6137831431,1008302.8638804315,False
Thornbury,h,Northern Metropolitan,3,6.5,1195000.0,1237349.8765959274,1205425.8126237267,1197362.0617925532,False
Thornbury,u,Northern Metropolitan,2,6.5,716000.0,527164.3246252534,515207.55871615175,519610.15752574045,False
Thornbury,t,Northern Metropolitan,3,6.5,865000.0,905489.839297009,915857.2489883575,869033.3838678472,False
Thornbury,u,Northern Metropolitan,2,6.5,462000.0,471375.61723118176,495177.42585249693,474931.4764653366,False
Thornbury,h,Northern Metropolitan,3,6.5,1100000.0,1226868.6922838383,1026535.6603185348,1026824.4220581665,False
Thornbury,h,Northern Metropolitan,4,6.5,1635000.0,1098635.1610024658,1284287.7009863667,1178861.4582044666,False
Thornbury,t,Northern Metropolitan,3,6.5,998000.0,836197.7010801035,836629.9966347347,840115.3663850824,False
Thornbury,u,Northern Metropolitan,2,6.5,600000.0,448304.3059017827,450675.3193807527,443532.32005112345,False
Thornbury,h,Northern Metropolitan,3,6.5,1346000.0,1276523.818492313,1234743.7107107753,1303198.8096451946,False
Thornbury,h,Northern Metropolitan,3,6.5,1130000.0,1093944.41497535,1024076.283637297,991968.4354726032,False
Thornbury,h,Northern Metropolitan,3,6.5,1275000.0,1144846.8040925735,1095487.4554055827,1049399.164950162,False
Thornbury,h,Northern Metropolitan,3,6.5,1200000.0,1212319.4192637478,1118934.45057949,1127039.1594076548,False
Thornbury,h,Northern Metropolitan,2,6.5,915000.0,965607.5418558216,901079.9073276641,914620.3349307715,False
Thornbury,u,Northern Metropolitan,1,6.5,300000.0,317899.4351013376,371330.95482782007,385545.5202039283,False
Thornbury,u,Northern Metropolitan,3,6.5,880000.0,656978.9880955551,738309.6942280446,733061.9100907773,False
Thornbury,t,Northern Metropolitan,2,6.5,960000.0,820256.9361711707,785143.061761185,879774.7218654198,False
Thornbury,h,Northern Metropolitan,2,6.5,1260000.0,1033391.3733184201,965389.1183129291,1005182.7218541355,False
Thornbury,h,Northern Metropolitan,2,6.5,1100000.0,1039603.5828823507,1007423.673753723,989323.1846789198,False
Viewbank,h,Eastern Metropolitan,3,13.8,810000.0,926325.5545357779,802992.5953741061,817473.6956277163,False
Viewbank,h,Eastern Metropolitan,4,13.8,1140000.0,950828.0779934522,1070036.499493108,1002075.6555034909,False
Viewbank,h,Eastern Metropolitan,4,13.8,1003000.0,930142.1075261162,887055.7754701816,923279.3042143786,False
Viewbank,h,Eastern Metropolitan,4,13.8,1155000.0,954223.9356911486,980615.5316503983,1039521.5596553735,False
Watsonia,h,Northern Metropolitan,3,14.9,880000.0,720885.830609326,675835.967977462,689134.6960498068,False
Watsonia,h,Northern Metropolitan,5,14.9,826000.0,738057.054773186,709031.9686874263,727466.5072566823,False
Watsonia,h,Northern Metropolitan,4,14.9,952000.0,861517.3727821506,906855.9554818947,855198.8525307197,False
Watsonia,h,Northern Metropolitan,3,14.9,677500.0,660147.6584463762,594287.2190103128,592463.9111588215,False
Watsonia,h,Northern Metropolitan,4,14.9,761000.0,780139.9333170921,791806.5722599253,754081.386337668,False
Watsonia,h,Northern Metropolitan,3,14.9,715000.0,687021.8750411732,574358.5401774814,580893.9951573701,False
Watsonia,h,Northern Metropolitan,4,14.9,932500.0,846702.197233974,799488.8201210048,821625.3597973846,False
Watsonia,h,Northern Metropolitan,3,14.9,895000.0,799494.5324394956,794915.5821163547,827142.1401522269,False
West Footscray,h,Western Metropolitan,4,8.2,1435000.0,1112626.6817578897,1159441.4766832788,1210791.187847012,False
West Footscray,h,Western Metropolitan,2,8.2,470000.0,420712.6167492977,440477.73820397776,423092.97644267,False
West Footscray,h,Western Metropolitan,2,8.2,502000.0,770203.7246477957,692474.0907819992,832192.1646944293,False
West Footscray,u,Western Metropolitan,3,8.2,580000.0,553738.5573273557,544119.4063162887,636865.4611446117,False
West Footscray,u,Western Metropolitan,1,8.2,375000.0,277412.33051144733,256756.56925968186,276606.47229350725,False
West Footscray,h,Western Metropolitan,2,8.2,650000.0,879436.1673738923,734062.5628166602,703832.8201489542,False
West Footscray,t,Western Metropolitan,3,8.2,815000.0,752966.911932957,667333.3039427781,746302.5057215418,False
West Footscray,h,Western Metropolitan,4,8.2,970000.0,843389.2428283055,785819.274476832,830173.469575078,False
West Footscray,h,Western Metropolitan,4,8.2,1325000.0,1008411.1784997995,1070543.6971492742,1116548.1214047545,False
West Footscray,h,Western Metropolitan,3,8.2,890000.0,814543.8167764801,792874.0610301762,782994.6366649648,False
West Footscray,h,Western Metropolitan,3,8.2,900000.0,783699.4829457565,747592.4385324433,746121.7426342845,False
West Footscray,u,Western Metropolitan,2,8.2,266000.0,417724.6480907807,419910.9002529957,397179.8359490245,False
West Footscray,h,Western Metropolitan,3,8.2,830000.0,759486.9599545739,673833.4955896264,656216.5025399383,False
West Footscray,h,Western Metropolitan,2,8.2,888000.0,784573.6394487566,714810.1330592969,743124.0140345934,False
West Footscray,h,Western Metropolitan,3,8.2,1040000.0,814162.7783851653,798139.7469491615,790019.2309057817,False
West Footscray,u,Western Metropolitan,2,8.2,490000.0,506322.76548701944,482342.0779834467,482046.24955277593,False
West Footscray,h,Western Metropolitan,3,8.2,935000.0,834056.6976923874,827277.4545935177,856474.0747530989,False
West Footscray,h,Western Metropolitan,3,8.2,975000.0,745141.9446395868,727508.5348105382,731652.7276944316,False
West Footscray,u,Western Metropolitan,1,8.2,185000.0,220379.73703898085,211346.5823003817,214810.9534643295,False
Williamstown,h,Western Metropolitan,4,8.0,2165000.0,1483942.6214781278,1708238.64679065,1564497.896975787,False
Williamstown,h,Western Metropolitan,3,8.0,1245000.0,1101187.2090061072,1191725.8833284841,1111910.8933435217,False
Williamstown,h,Western Metropolitan,4,8.0,2075000.0,1518840.5245803522,1629187.9896209426,1483132.7052205626,False
Williamstown,u,Western Metropolitan,2,8.0,543000.0,479840.5875813973,511966.5033866831,521915.27033667755,False
Williamstown,h,Western Metropolitan,3,8.0,1150000.0,1148780.615480351,1094936.4775884456,1201933.9181022106,False
Williamstown,h,Western Metropolitan,3,8.0,1290000.0,1066840.1741932267,1080605.8684179657,1123322.7008782967,False
Williamstown,h,Western Metropolitan,2,8.0,1000000.0,930885.4865177424,1123312.5526985768,1072590.9969445043,False
Williamstown,h,Western Metropolitan,5,8.0,2040000.0,1707985.9248669408,1782217.5565535652,2047092.4258606513,False
Williamstown,h,Western Metropolitan,4,8.0,1412000.0,1242896.8126322622,1371748.328271999,1277497.9998606662,False
Williamstown,u,Western Metropolitan,2,8.0,465000.0,446286.365285524,489348.75840119657,467431.467391687,False
Williamstown,h,Western Metropolitan,2,8.0,855000.0,772513.3909502089,810377.9014532976,838273.7343993309,False
Williamstown,u,Western Metropolitan,2,8.0,550000.0,482872.8253472573,576919.6286999214,568883.9563816729,False
Williamstown,u,Western Metropolitan,2,8.0,490000.0,436414.78922741924,516077.58704258694,464254.6806070075,False
Williamstown,h,Western Metropolitan,4,8.0,1200000.0,1209790.5357255787,1187932.6798790176,1215376.8020308856,False
Williamstown,h,Western Metropolitan,3,8.0,1330000.0,989677.1889239546,1165588.8162141074,1089960.4107677003,False
Williamstown,h,Western Metropolitan,4,8.0,1500000.0,1185183.4927077764,1387016.5499638768,1236454.9482205024,False
Williamstown,h,Western Metropolitan,4,8.0,1630000.0,1098541.7726050308,1353843.244192755,1364514.6685252467,False
Yarraville,h,Western Metropolitan,3,7.0,935000.0,952916.7454767147,909639.4540457816,916139.2585759558,False
Yarraville,h,Western Metropolitan,3,7.0,990000.0,895873.3130502087,931894.3303192476,881724.7597921564,False
Yarraville,h,Western Metropolitan,2,7.0,950000.0,641776.83881858,650363.6659777706,659793.4295990586,False
Yarraville,h,Western Metropolitan,2,7.0,1196000.0,804070.4512660843,893767.2167249331,802956.7733165805,False
Yarraville,h,Western Metropolitan,2,7.0,470000.0,610275.7905235675,606334.0798920988,549145.4312197907,False
Yarraville,h,Western Metropolitan,3,7.0,1131500.0,931582.7740419632,928045.1970965784,1017585.7169507022,False
Yarraville,h,Western Metropolitan,4,7.0,2035000.0,1660821.2741904564,1555144.404461651,1719677.139522924,False
Yarraville,h,Western Metropolitan,3,7.0,935000.0,890506.2271115094,833022.570611561,805208.4365257705,False
Yarraville,h,Western Metropolitan,3,7.0,892000.0,983916.7305457809,946669.5242399129,968353.0248606005,False
Yarraville,h,Western Metropolitan,4,7.0,985500.0,1093199.6350156954,1031773.2730875897,992761.1799645477,False
Yarraville,u,Western Metropolitan,2,7.0,650000.0,648209.1468061528,631589.1337812295,646337.9165762694,False
Yarraville,t,Western Metropolitan,3,7.0,1070000.0,899023.9769524195,798327.9908452322,809646.1606258778,False
Yarraville,u,Western Metropolitan,2,7.0,397000.0,436417.4108730528,446009.4224180373,441725.2334757317,False
Yarraville,h,Western Metropolitan,2,7.0,1035000.0,806691.2810957093,876424.0776478911,783909.1722163364,False
Yarraville,h,Western Metropolitan,3,7.0,1370000.0,1020545.1412042041,1192749.4008751384,1156041.989930376,False
Yarraville,h,Western Metropolitan,2,7.0,650000.0,756075.3860269566,654185.8695301536,578840.2519218478,False
Yarraville,h,Western Metropolitan,2,7.0,820000.0,806132.4225475497,705239.5478360842,697008.1487604978,False
Yarraville,h,Western Metropolitan,3,7.0,750000.0,967282.6343343254,1000782.808304927,950218.718502459,False
Yarraville,u,Western Metropolitan,2,7.0,497600.0,448896.1854465429,456067.39495029725,482407.6987901205,False
Yarraville,h,Western Metropolitan,3,7.0,970000.0,1040189.7856348343,1165881.276550397,1113996.0819183649,False
Yarraville,h,Western Metropolitan,2,7.0,1256000.0,831423.2472530755,882123.8436764566,909282.4563925471,False
Yarraville,t,Western Metropolitan,3,7.0,1120000.0,877005.8960326099,838917.2288351174,871313.2430789858,False
Yarraville,h,Western Metropolitan,3,7.0,1425000.0,1142118.3630193432,1250216.5442772515,1186608.5999771266,False
Yarraville,h,Western Metropolitan,3,7.0,872500.0,932243.5722936133,868865.5763958222,882203.5833223707,False
Yarraville,h,Western Metropolitan,4,7.0,1455000.0,1213988.0608183157,1089378.7549067887,1092455.9475342466,False
Yarraville,u,Western Metropolitan,1,7.0,331000.0,335233.02661022864,300994.76443576167,323961.8078275677,False
Yarraville,h,Western Metropolitan,3,7.0,950000.0,1016074.6954601337,1125838.3470984637,1024852.2944019132,False
Abbotsford,h,Northern Metropolitan,3,2.5,1000000.0,1206991.9292475597,1310731.1826070612,1243436.8008430572,False
Abbotsford,u,Northern Metropolitan,2,2.5,870000.0,737197.0922255219,737766.133806559,741344.2787876929,False
Abbotsford,h,Northern Metropolitan,2,2.5,1050000.0,1021774.5540898612,1196180.7388523926,1111424.112449681,False
Abbotsford,h,Northern Metropolitan,2,2.5,1242000.0,1355593.338069329,1253145.729417428,1246435.483887032,False
Abbotsford,h,Northern Metropolitan,3,2.5,1165000.0,1247577.5775368004,1270504.6462547125,1284151.788368308,False
Airport West,h,Western Metropolitan,3,13.5,872500.0,714966.417618222,754429.6679376137,766690.4264782578,False
Airport West,h,Western Metropolitan,3,13.5,720000.0,738064.7749123384,709210.2225260343,727251.9520696774,False
Airport West,h,Western Metropolitan,3,13.5,985000.0,893398.5173231671,916502.0703159476,936447.785279901,False
Airport West,h,Western Metropolitan,3,13.5,510000.0,702496.4159151193,724793.7172946074,777046.809010854,False
Airport West,u,Western Metropolitan,2,13.5,480000.0,457554.48528935714,434815.18929499196,445195.6899696734,False
Albion,h,Western Metropolitan,3,13.9,800000.0,709517.0969695152,754853.7870046241,736869.1660738614,False
Albion,u,Western Metropolitan,2,13.9,420000.0,460215.22957722045,438742.86501706723,401680.23436129757,False
Albion,h,Western Metropolitan,3,13.9,700000.0,671759.3598209284,660725.6884899936,655707.5810087611,False
Albion,u,Western Metropolitan,3,13.9,580000.0,695042.864431431,495717.8119065125,583711.5111511376,False
Albion,u,Western Metropolitan,1,13.9,200000.0,190193.4903404313,185410.6806863232,213020.0294050146,False
Albion,h,Western Metropolitan,3,13.9,621000.0,612813.5848753172,595656.722223986,629555.6373477032,False
Albion,u,Western Metropolitan,3,13.9,600000.0,472645.8554764353,373118.42974642315,377951.3520146363,False
Altona,h,Western Metropolitan,3,13.8,840000.0,693698.944129664,725216.102904902,708274.2011747104,False
Altona,h,Western Metropolitan,5,13.8,1480000.0,1126301.2418895331,1145533.9918506083,1118658.1723133188,False
Altona,t,Western Metropolitan,2,13.8,600000.0,535525.620586314,625449.8796905763,604146.916318847,False
Altona,t,Western Metropolitan,2,13.8,597500.0,546562.4745824272,664444.4616188775,614339.9212723891,False
Altona,h,Western Metropolitan,3,13.8,1165000.0,904751.7537813724,895106.5392714869,872713.7687040012,False
Altona,h,Western Metropolitan,4,13.8,1295000.0,935281.7436989528,1034934.7159035279,1032158.49777715,False
Ashburton,h,Southern Metropolitan,2,11.0,1450000.0,1432866.3866957633,1173492.4867865213,1302285.7479910168,False
Ashburton,u,Southern Metropolitan,2,11.0,925000.0,753287.4689153117,714080.2168843561,764292.5344620133,False
Ashburton,h,Southern Metropolitan,4,11.0,2220000.0,1812179.3586445497,2086796.3165566737,1911045.0988588338,False
Ashburton,h,Southern Metropolitan,3,11.0,1912500.0,1766271.2367330866,2036087.1599042946,1922613.8830614386,False
Ashburton,h,Southern Metropolitan,4,11.0,2085000.0,1828897.2321436894,1798379.7526985458,1655362.4143778414,False
Balwyn,h,Southern Metropolitan,3,9.7,1380000.0,1734339.5214321325,1655796.522359182,1588109.0887174206,False
Balwyn,u,Southern Metropolitan,2,9.7,825000.0,919810.0021030325,868260.4174353915,827947.9838516217,False
Balwyn,h,Southern Metropolitan,3,9.7,1670000.0,1422503.2401859271,1359012.6490646265,1243981.4216776318,False
Balwyn,t,Southern Metropolitan,3,9.7,1680000.0,1384728.0849885456,1321279.1321036401,1414492.510082173,False
Brooklyn,h,Western Metropolitan,2,10.9,1005000.0,937547.5218179532,867111.1868383233,882291.1745273891,False
Carlton,u,Northern Metropolitan,3,1.8,1520000.0,993310.8556072043,772640.1208379121,826961.4383907516,False
Carlton,t,Northern Metropolitan,2,1.8,960000.0,868300.346927403,774059.2039206875,770144.7108307141,False
Carlton,u,Northern Metropolitan,2,1.8,995000.0,772004.9233584163,731458.7605410087,732495.8643407272,False
Carlton,u,Northern Metropolitan,1,1.8,490000.0,441459.14356045594,447780.3600713621,459693.3356691109,False
Carlton,u,Northern Metropolitan,2,1.8,500000.0,563896.4135479027,527370.0395300648,542110.2915545604,False
Eaglemont,h,Eastern Metropolitan,4,10.3,1750000.0,1782134.3480681805,1545885.1644152987,1680789.0188618726,False
Eaglemont,h,Eastern Metropolitan,5,10.3,2710000.0,2120994.35157065,2067902.9794328096,2513530.873866533,False
East Melbourne,u,Northern Metropolitan,1,1.5,503000.0,594006.1631451165,711983.0026962414,685610.3326919792,False
East Melbourne,u,Northern Metropolitan,2,1.5,810000.0,739211.804759116,904895.8609593647,904945.1439635319,False
East Melbourne,h,Northern Metropolitan,4,1.5,4275000.0,1911436.853157811,3147167.056085943,2536101.1561495936,False
Elsternwick,u,Southern Metropolitan,1,8.5,385000.0,366578.8374626566,383338.49291489064,344947.1559102253,False
Elsternwick,t,Southern Metropolitan,3,8.5,850000.0,958919.931770318,983448.1791719968,854066.7430560448,False
Elsternwick,u,Southern Metropolitan,2,8.5,740000.0,599829.21648688,556339.1402244563,609245.0495285616,False
Elsternwick,h,Southern Metropolitan,3,8.5,1940000.0,1632191.413686916,1752035.6915713828,1735353.6213703838,False
Elsternwick,u,Southern Metropolitan,2,8.5,595000.0,605871.5570212363,584809.8637127315,560286.2293048892,False
Elsternwick,u,Southern Metropolitan,2,8.5,632500.0,554331.0436517926,564364.727849714,551603.696324878,False
Elwood,u,Southern Metropolitan,2,7.7,687000.0,597279.2647807234,552767.5661890358,579023.7767431098,False
Elwood,u,Southern Metropolitan,2,7.7,1260000.0,1106192.046378753,995785.4588476662,1063595.1700982137,False
Elwood,u,Southern Metropolitan,2,7.7,695000.0,634464.7404353531,667930.9482674655,671761.0153146092,False
Elwood,u,Southern Metropolitan,3,7.7,950000.0,781680.8427042995,821934.9194225448,802979.1416671384,False
Elwood,u,Southern Metropolitan,1,7.7,360000.0,344385.6652905828,352602.74387288315,335406.64041216305,False
Elwood,h,Southern Metropolitan,3,7.7,1875000.0,1451928.5943992557,1471036.3261986775,1570856.4751116238,False
Elwood,u,Southern Metropolitan,2,7.7,642000.0,617090.3486546089,629087.9589815664,598449.8841277035,False
Elwood,h,Southern Metropolitan,3,7.7,1520000.0,1793811.2680557303,1816674.6590225126,1867346.5888440157,False
Elwood,h,Southern Metropolitan,5,7.7,2275000.0,2020652.5647649127,2057675.0274747405,2219656.6828695373,False
Elwood,u,Southern Metropolitan,2,7.7,800000.0,717416.5863219481,815077.4821388415,801889.6582091051,False
Elwood,u,Southern Metropolitan,2,7.7,500000.0,625072.0526158955,535615.1377651786,551356.1290185831,False
Elwood,u,Southern Metropolitan,1,7.7,490000.0,386981.62989592814,346302.7774692243,393399.94632449176,False
Essendon North,h,Western Metropolitan,4,9.4,1291000.0,1125991.171668087,984047.8144859176,1078256.2866888768,False
Essendon North,t,Western Metropolitan,2,9.4,810000.0,580550.7971622392,627989.7799930515,606467.8457595548,False
Essendon North,u,Western Metropolitan,2,9.4,415500.0,449818.1470724108,476388.5111743092,454308.50261143845,False
Fitzroy,t,Northern Metropolitan,2,1.6,1100000.0,856191.7247604509,824126.6239283138,889538.8195031114,False
Fitzroy,t,Northern Metropolitan,2,1.6,1350000.0,1020029.5480334878,860757.8858207397,869972.2464052427,False
Fitzroy,u,Northern Metropolitan,2,1.6,600000.0,634171.4415585438,598585.5341443317,556438.8382918157,False
Fitzroy,h,Northern Metropolitan,2,1.6,1350000.0,1025736.0599981868,1067421.9717590415,1061153.9752566395,False
Fitzroy,h,Northern Metropolitan,3,1.6,2725000.0,1320217.1671996987,1288126.793633486,1637126.0895844225,False
Fitzroy,t,Northern Metropolitan,2,1.6,1050000.0,855026.5489914513,796704.9658877858,870110.6368312413,False
Fitzroy,h,Northern Metropolitan,3,1.6,1326000.0,2009630.73199521,1956832.8697893375,1897274.8383241703,False
Fitzroy,h,Northern Metropolitan,2,1.6,1200000.0,1059012.0840322617,1078526.426795567,1108892.738444911,False
Fitzroy,u,Northern Metropolitan,2,1.6,681500.0,663664.4175140512,620764.4314321781,618254.367769496,False
Gowanbrae,h,Western Metropolitan,3,13.6,680000.0,590177.2178659415,577239.346806498,559102.038814741,False
Gowanbrae,h,Western Metropolitan,3,13.6,741000.0,648811.1130598377,693366.4367202823,645522.6610212993,False
Gowanbrae,h,Western Metropolitan,4,13.6,990000.0,802638.4395926214,793498.1443072045,785348.1007323478,False
Gowanbrae,h,Western Metropolitan,4,13.6,970000.0,944566.7938415062,1012281.0033982702,1056550.654235014,False
Jacana,h,Northern Metropolitan,3,14.5,485000.0,433204.5190361781,424265.2623301001,448485.35489038494,False
Jacana,h,Northern Metropolitan,4,14.5,618000.0,576236.1670688738,499922.53226336226,512878.7079947801,False
Keilor Park,u,Western Metropolitan,3,14.5,616000.0,534460.1782002976,534890.4776369337,490049.8415672977,False
Keilor Park,h,Western Metropolitan,3,14.5,773000.0,701407.5779135088,700385.6652629852,660899.3711747463,False
Kensington,u,Northern Metropolitan,1,4.2,355000.0,385927.23910608597,365782.6764904604,357666.6304510426,False
Kensington,t,Northern Metropolitan,1,4.2,425000.0,508103.17530519277,404383.5783434139,407262.4579577046,False
Kensington,u,Northern Metropolitan,2,4.2,535000.0,544014.8727246332,518645.9490639137,548093.2539580575,False
Kensington,u,Northern Metropolitan,2,4.2,500000.0,484753.2394030148,492770.5763999584,472921.87967441085,False
Kensington,u,Northern Metropolitan,2,4.2,525000.0,461274.6578675869,442782.40912214917,436778.06407959614,False
Kensington,h,Northern Metropolitan,2,4.2,1110000.0,843613.6160707658,888531.9855850926,919672.1614010152,False
Kensington,t,Northern Metropolitan,3,4.2,917500.0,812293.3255164627,779473.7634844815,785728.2836874669,False
Kensington,u,Northern Metropolitan,2,4.2,730000.0,631761.3261941392,624126.7195141158,632754.6983476942,False
Kensington,t,Northern Metropolitan,2,4.2,811000.0,724857.1519189867,619297.3989720661,628222.4190704452,False
Kensington,h,Northern Metropolitan,3,4.2,1190000.0,938901.3229843505,1075007.8985694672,1012314.6925417784,False
Kensington,h,Northern Metropolitan,2,4.2,903000.0,927004.5998286989,915296.5535023652,923055.7478203898,False
Kensington,h,Northern Metropolitan,3,4.2,902500.0,990235.4944316312,892920.7153073024,917459.3444621393,False
Kensington,h,Northern Metropolitan,4,4.2,1817000.0,1342614.666526783,1383700.1671576553,1287241.301469668,False
Kensington,u,Northern Metropolitan,2,4.2,528000.0,500076.5604849317,518823.4947016293,525789.8186618428,False
Kensington,h,Northern Metropolitan,2,4.2,1000000.0,848632.0560080565,759578.804199378,781860.3152675363,False
Kensington,u,Northern Metropolitan,1,4.2,380000.0,360643.5361968339,326145.16834225284,319255.6841747394,False
Kensington,h,Northern Metropolitan,4,4.2,1817000.0,1342614.666526783,1383700.1671576553,1287241.301469668,False
Middle Park,h,Southern Metropolitan,3,4.1,1420000.0,1438967.3522423818,1517171.1987923288,1497724.1627995912,False
Middle Park,h,Southern Metropolitan,2,4.1,1335000.0,1096849.8904050936,1310484.295823646,1194076.9804826027,False
Middle Park,h,Southern Metropolitan,2,4.1,1300000.0,1356851.4962040687,1247560.5282069424,1297606.0664207223,False
Middle Park,h,Southern Metropolitan,4,4.1,2860000.0,2065019.1532996728,2382770.7172724577,2533402.4744727537,False
Middle Park,h,Southern Metropolitan,3,4.1,1630000.0,1606803.4458423343,1665659.0767587023,1663618.8003589087,False
Middle Park,h,Southern Metropolitan,3,4.1,2250000.0,1735025.8351732949,1898824.0837124626,1924049.1211499264,False
Moorabbin,h,Southern Metropolitan,2,14.6,1035000.0,973761.9662207824,940808.3729294415,1031590.5714601497,False
Moorabbin,h,Southern Metropolitan,3,14.6,1321000.0,1052726.378045725,1082330.2711377316,1030487.3353557262,False
Moorabbin,t,Southern Metropolitan,2,14.6,742500.0,770889.2136535482,722500.6397231177,784124.1621738146,False
Moorabbin,h,Southern Metropolitan,3,14.6,860000.0,940219.2949300554,897898.3910501809,867880.1200953725,False
North Melbourne,h,Northern Metropolitan,3,2.3,2161000.0,1818232.3158083165,1696191.5606169042,1810798.7468742854,False
North Melbourne,h,Northern Metropolitan,3,2.3,1485000.0,1360128.3636103936,1143933.2285956964,1241866.7349356944,False
North Melbourne,h,Northern Metropolitan,2,2.3,940000.0,875880.2187292685,768954.794272142,768943.3889705226,False
Oakleigh South,h,South-Eastern Metropolitan,3,14.7,770000.0,949083.7800305318,909004.1883171855,929441.6358766214,False
Oakleigh South,h,South-Eastern Metropolitan,3,14.7,985100.0,1072515.7141344775,935471.185181126,961477.4424025523,False
Oakleigh South,h,South-Eastern Metropolitan,4,14.7,1410000.0,990567.6367996993,989693.0036178,931452.8327614646,False
Oakleigh South,u,South-Eastern Metropolitan,3,14.7,815000.0,731600.9223956782,651833.831784476,639961.4902284414,False
Oakleigh South,h,South-Eastern Metropolitan,3,14.7,1042500.0,1138134.5356780004,991121.0845058829,1068065.5495912007,False
South Kingsville,t,Western Metropolitan,3,9.1,815000.0,764262.7943239275,671298.5448994382,687496.7761387381,False
South Kingsville,u,Western Metropolitan,2,9.1,321000.0,407658.4995329269,386262.34679306275,372419.36795885337,False
South Kingsville,h,Western Metropolitan,3,9.1,995000.0,916373.5032227697,874705.7024887631,911252.5409444872,False
South Kingsville,h,Western Metropolitan,3,9.1,1290000.0,1007197.1389444688,949021.5221322082,996917.0179731402,False
South Kingsville,u,Western Metropolitan,2,9.1,300000.0,346477.139098384,347126.0891863565,319332.90708657255,False
Southbank,u,Southern Metropolitan,2,1.2,505000.0,648436.8279350601,626424.89652193,651833.3287711584,False
Southbank,u,Southern Metropolitan,2,1.2,595000.0,625107.8648818696,601030.6307971713,582261.7552961054,False
Southbank,u,Southern Metropolitan,2,1.2,580000.0,567347.6441787696,510837.0748908643,483218.2023612992,False
Southbank,u,Southern Metropolitan,2,1.2,580000.0,585120.7490923678,492016.5599938861,487837.10728908237,False
Spotswood,h,Western Metropolitan,3,7.7,1320000.0,1091328.2119499093,1142237.4614698535,1119862.493848649,False
Spotswood,u,Western Metropolitan,1,7.7,380000.0,280230.95247045654,266337.9503236963,287713.07003814017,False
Spotswood,h,Western Metropolitan,3,7.7,1100000.0,942956.3429602034,919056.0942135421,981279.2597979156,False
Spotswood,u,Western Metropolitan,3,7.7,660000.0,648689.904625133,609342.4933098821,591672.1670843902,False
Toorak,u,Southern Metropolitan,2,4.6,867000.0,686903.9411209855,710431.9049078292,720652.281936837,False
Toorak,u,Southern Metropolitan,1,4.6,552000.0,470883.48056178546,442787.7373094356,435992.8014821542,False
Toorak,u,Southern Metropolitan,2,4.6,655000.0,662339.4579507122,696081.7197912589,744063.5178322877,False
Toorak,u,Southern Metropolitan,3,4.6,840000.0,889805.1742580602,961507.1486828387,1001621.7980960963,False
Toorak,u,Southern Metropolitan,2,4.6,1010000.0,1167654.7905197735,1058805.9200531023,1133952.110832291,False
Toorak,u,Southern Metropolitan,2,4.6,650000.0,642769.8792259002,638090.4258024896,614136.1006476367,False
Toorak,h,Southern Metropolitan,3,4.6,2400000.0,1754683.508713616,1619076.4750714689,1794361.217729486,False
Toorak,h,Southern Metropolitan,4,4.6,3600000.0,2715202.598457754,2837596.7549510216,3191252.3899368723,False
Toorak,u,Southern Metropolitan,2,4.6,750000.0,504461.8660672564,579071.0513698248,543117.6662721134,False
Toorak,u,Southern Metropolitan,1,4.6,247500.0,463751.0896481761,392003.4059155777,391857.09043418115,False
Toorak,t,Southern Metropolitan,3,4.6,1320000.0,1115298.4845093205,1131931.090210985,1229169.9706652593,False
Toorak,u,Southern Metropolitan,3,4.6,922500.0,831280.5022119955,1082361.2041781237,1119527.783224541,False
Toorak,u,Southern Metropolitan,2,4.6,760000.0,714871.3936730188,668330.3547617323,662545.6162931029,False
Williamstown North,u,Western Metropolitan,2,8.9,546000.0,486261.49260491435,493086.652567784,489523.89755690825,False
Williamstown North,t,Western Metropolitan,3,8.9,670000.0,749093.6837307339,745732.309355164,690870.6337963901,False
Williamstown North,h,Western Metropolitan,3,8.9,1070000.0,1001789.7482464142,1062802.8071884688,1000835.0322833457,False
Williamstown North,h,Western Metropolitan,3,8.9,1575000.0,1360282.5571076008,1167296.4291288564,1289846.0986188403,False
Williamstown North,h,Western Metropolitan,4,8.9,1520000.0,1107617.2737926096,1088470.909835211,1001804.4362272714,False
Williamstown North,t,Western Metropolitan,3,8.9,720000.0,771342.0405940368,769648.296107233,708604.459130835,False
Williamstown North,h,Western Metropolitan,3,8.9,1045000.0,1032279.0270180277,984664.7665955015,885036.6422493159,False
Windsor,u,Southern Metropolitan,2,5.1,585000.0,573387.0075769684,600435.7018024623,603027.1848174136,False
Windsor,u,Southern Metropolitan,2,5.1,690000.0,595225.4461279168,625136.4686654655,592319.6349014072,False
Windsor,u,Southern Metropolitan,2,5.1,854000.0,640983.256898676,653108.3129216823,648297.8790075254,False
Windsor,h,Southern Metropolitan,1,5.1,900000.0,1192926.9041616705,873599.2681602356,1015623.8077977109,False
Windsor,u,Southern Metropolitan,1,5.1,350000.0,391922.1759844734,373184.5458480565,388359.5780904593,False
Yallambie,h,Northern Metropolitan,3,15.0,721500.0,723944.6326788667,711376.2006235847,703681.4487225659,False
Yallambie,h,Northern Metropolitan,5,15.0,1060000.0,985993.1955013731,877361.035809972,909295.3451466373,False
Yallambie,h,Northern Metropolitan,3,15.0,984000.0,741210.7965968631,754779.1766789687,742511.4467047208,False
Balaclava,u,Southern Metropolitan,2,6.6,450000.0,452297.6019540741,499466.5755512234,483171.27119827544,False
Balaclava,u,Southern Metropolitan,2,6.6,490000.0,546235.3316176077,546765.2889816491,560054.5914944855,False
Balaclava,u,Southern Metropolitan,1,6.6,440000.0,393727.15384834236,432823.71076483914,443655.89398948883,False
Essendon West,h,Western Metropolitan,3,9.8,1406000.0,916044.6055526957,780729.827339031,836088.392168325,False
Essendon West,h,Western Metropolitan,3,9.8,1305000.0,787127.1769092347,754526.2306398221,736110.8977889154,False
Kingsbury,u,Northern Metropolitan,3,12.4,488000.0,500806.2152887106,488045.68472951784,486070.53487548174,False
West Melbourne,h,Northern Metropolitan,3,1.9,1750000.0,1359772.5303928633,1292278.7484936407,1152980.5891376273,False
West Melbourne,t,Northern Metropolitan,2,1.9,1013000.0,961935.1145027475,840846.1199772728,858403.5599904,False
West Melbourne,t,Northern Metropolitan,3,1.9,1171000.0,1337186.1862928555,1216304.173679761,1126914.1636128763,False
West Melbourne,h,Northern Metropolitan,2,1.9,1053000.0,1176839.5639688943,1089687.5261422666,1006979.7852285581,False
West Melbourne,u,Northern Metropolitan,1,1.9,295000.0,459980.0490677334,439839.51687143644,401748.38808023185,False
Campbellfield,h,Northern Metropolitan,3,14.5,445000.0,429864.4356933082,443001.9243401223,494988.8035091284,False
Travancore,u,Western Metropolitan,2,5.3,360000.0,368296.99647364905,402540.51257513923,393821.86993967724,False
Airport West,h,Western Metropolitan,3,10.4,640000.0,521730.21235950344,615422.9312627723,597905.8700369686,False
Airport West,h,Western Metropolitan,3,10.4,961000.0,911075.8050551085,1021674.192555942,980245.8866681701,False
Albert Park,h,Southern Metropolitan,2,3.0,1535000.0,1448811.7475213928,1543978.913245621,1518244.808524177,False
Albion,h,Western Metropolitan,3,10.5,570000.0,636735.2414393309,657323.7677680628,654905.4009381809,False
Alphington,h,Northern Metropolitan,4,5.7,2345000.0,1897634.1286091455,2031064.9353154055,1964354.5628550688,False
Altona North,h,Western Metropolitan,3,9.4,900000.0,848538.3623513428,829792.6247652113,818927.3313098191,False
Armadale,h,Southern Metropolitan,5,6.3,5200000.0,2679528.0085822493,2954251.526277299,2885343.346080242,False
Ashwood,h,Southern Metropolitan,3,10.2,1225000.0,1558433.5434368418,1616129.770142005,1463714.9036857747,False
Avondale Heights,u,Western Metropolitan,3,9.5,622000.0,542117.7917512918,533472.7540207512,587386.8327047531,False
Avondale Heights,h,Western Metropolitan,3,9.5,825000.0,774713.2769991749,765601.2916530136,751738.788053262,False
Balwyn,h,Southern Metropolitan,4,7.9,1475000.0,2097823.6941647846,2136515.1159775835,2071476.4470327254,False
Balwyn North,h,Southern Metropolitan,5,9.7,2160000.0,2443222.1955112903,2231814.8501964486,2242240.075805813,False
Balwyn North,t,Southern Metropolitan,3,9.7,1050000.0,1124170.3698477298,1153793.7260045677,1112798.6220306475,False
Balwyn North,h,Southern Metropolitan,3,9.7,1275000.0,1158887.2031135918,1226557.8270614953,1193940.3722331994,False
Bayswater,t,Eastern Metropolitan,3,23.2,640000.0,804058.7825466997,730593.5770309172,799713.4827217999,True
Bayswater North,u,Eastern Metropolitan,3,23.2,500000.0,605566.2535473899,585100.2472861591,525037.3188601794,True
Beaumaris,h,Southern Metropolitan,4,17.3,1221000.0,1118630.227888058,1138451.7378977244,983089.8388330641,True
Beaumaris,h,Southern Metropolitan,4,17.3,1823000.0,1274666.4988827033,1310045.5860671536,1175172.463867949,True
Beaumaris,h,Southern Metropolitan,6,17.3,2000000.0,1695810.8698684133,1489952.4201043856,1378669.513939923,True
Bentleigh,h,Southern Metropolitan,3,11.4,1365000.0,1541540.9545572046,1414710.8312761493,1445398.5768022754,False
Bentleigh,h,Southern Metropolitan,3,11.4,1045000.0,963524.2843243842,1010769.7503089702,1018449.3361315969,False
Bentleigh East,h,Southern Metropolitan,5,13.8,1220000.0,1205521.186799263,1181534.1899849516,1205941.5946884502,False
Berwick,h,Eastern Victoria,4,35.2,627500.0,1221742.0449787488,1053518.9164442406,925505.2896331113,True
Boronia,h,Eastern Metropolitan,3,25.0,642000.0,1387690.0382954865,1348755.1959534094,1537838.6684131518,True
Briar Hill,h,Eastern Metropolitan,3,16.1,840000.0,737953.1140864476,698223.9489555773,677983.8570551303,True
Brighton,h,Southern Metropolitan,3,10.5,2650000.0,1965255.6456379755,2297155.1402009246,2139150.3088847045,False
Brighton,u,Southern Metropolitan,1,10.5,380000.0,354044.02748034365,325809.6659393961,343986.9290214681,False
Brighton,h,Southern Metropolitan,5,10.5,3250000.0,2830342.143209444,2801694.9743542895,2683424.09765608,False
Brighton East,t,Southern Metropolitan,4,10.3,1731000.0,1628396.598329721,1789828.290977618,1721120.491600146,False
Broadmeadows,t,Northern Metropolitan,3,14.0,465000.0,474383.4255713402,483748.71450468886,505476.93672439875,True
Broadmeadows,h,Northern Metropolitan,3,14.0,518500.0,524531.0764362605,511846.89575368265,486568.2682365237,True
Brunswick,u,Northern Metropolitan,2,5.2,692000.0,520899.61534944776,517751.5710221486,495858.4136217025,False
Brunswick East,h,Northern Metropolitan,2,4.0,1305000.0,994096.8527296879,1130291.0778967494,1105583.4135438164,False
Brunswick West,h,Northern Metropolitan,3,5.2,1100000.0,996760.7712763115,1060484.1370390665,1002592.504883685,False
Brunswick West,h,Northern Metropolitan,2,5.2,573000.0,626344.2795312445,692407.4474530786,648741.369930132,False
Bulleen,h,Eastern Metropolitan,3,10.8,1060000.0,1088518.1686929069,1133689.0651345565,1122311.4770716734,False
Bundoora,h,Northern Metropolitan,3,12.1,805000.0,724175.4482628021,680613.1453596543,771788.6023696243,True
Bundoora,h,Northern Metropolitan,3,12.1,682000.0,772510.3856067719,649886.5136936557,681385.4452604356,True
Burnside Heights,h,Western Metropolitan,3,14.8,535000.0,572672.8725467244,627662.2177281429,625038.617058622,True
Burwood East,h,Eastern Metropolitan,4,14.7,1088000.0,1116228.6313213075,828581.5745986323,886899.4443530627,True
Burwood East,h,Eastern Metropolitan,3,14.7,1180000.0,1085338.353944619,953091.3013216918,988899.5691463506,True
Cairnlea,h,Western Metropolitan,3,14.8,630000.0,549199.5845536867,476810.4224347913,474837.24482870835,True
Camberwell,u,Southern Metropolitan,2,7.7,677000.0,612634.8604004491,661822.9751084864,641853.5404940858,False
Camberwell,u,Southern Metropolitan,2,7.7,670000.0,557762.6367024519,515398.94743465056,511540.14193690487,False
Camberwell,t,Southern Metropolitan,3,7.7,1320000.0,1642674.698004047,1343640.7954056729,1462122.509221362,False
Canterbury,u,Southern Metropolitan,2,8.4,816000.0,672727.4117655262,721605.7759924423,787991.859626863,False
Carlton,u,Northern Metropolitan,1,1.6,350000.0,349579.16355417704,402741.2903660712,328235.9045779278,False
Carlton,u,Northern Metropolitan,2,1.6,620000.0,755580.9020156191,753515.9199178043,744420.4641671955,False
Carlton,h,Northern Metropolitan,3,1.6,1760000.0,1394420.6469145962,1420160.451967547,1493504.6635347842,False
Caroline Springs,h,Western Metropolitan,3,14.8,545000.0,507595.7298554573,432723.72246774216,456448.363569899,True
Caulfield South,u,Southern Metropolitan,2,8.7,1091500.0,862763.9338196912,773714.6860781563,768748.4733381807,False
Cheltenham,h,Southern Metropolitan,5,17.9,1140000.0,1015926.1594098548,1144002.180035981,1091773.3353531058,True
Cheltenham,t,Southern Metropolitan,3,17.9,950000.0,879581.1189147942,869700.507008387,880999.5356248657,True
Cheltenham,u,Southern Metropolitan,2,17.9,425000.0,547794.2393744619,514707.37717343116,537296.0976017598,True
Cheltenham,h,Southern Metropolitan,3,17.9,1116000.0,1010215.8649575524,1028749.6664375785,994791.772028571,True
Clifton Hill,u,Northern Metropolitan,3,3.6,1030000.0,1022267.367484045,1190023.7025640511,1231936.872135222,False
Coburg,h,Northern Metropolitan,2,6.7,900000.0,940918.7434691256,829834.6297526038,713938.1313170133,False
Coburg,h,Northern Metropolitan,4,6.7,922000.0,1068068.94732188,1030936.1533406201,989509.9187750174,False
Coburg,h,Northern Metropolitan,3,6.7,1077000.0,1031903.3081454491,1024215.8846370088,1044807.97986014,False
Coburg North,h,Northern Metropolitan,3,6.7,805000.0,1042186.1798883047,948749.4062645916,931058.8184775393,False
Craigieburn,h,Northern Metropolitan,4,20.6,665000.0,800689.3095732969,652225.3847776961,673282.6289707109,True
Craigieburn,h,Northern Metropolitan,3,20.6,515500.0,481482.9448099719,489820.8120202848,570116.2231236424,True
Craigieburn,h,Northern Metropolitan,3,20.6,660000.0,553695.1140999127,644563.0770353173,683640.0419581123,True
Cranbourne,h,South-Eastern Metropolitan,5,34.7,572000.0,1116328.8771941464,965734.8494568006,915393.6575213759,True
Croydon,h,Eastern Metropolitan,4,23.0,932000.0,1514219.7205524081,1455637.2153154342,1448792.9501186826,True
Croydon,h,Eastern Metropolitan,2,23.0,570000.0,850063.9475790687,752086.7058873328,702587.0985879453,True
Croydon,h,Eastern Metropolitan,4,23.0,875000.0,946749.6623067642,966370.7967973574,989142.3859642722,True
Dandenong,u,South-Eastern Metropolitan,2,24.7,348000.0,593856.7193389111,408012.87213251746,499405.32155542425,True
Dandenong North,h,South-Eastern Metropolitan,3,24.7,627000.0,1097039.623490353,840010.3865163467,870873.2263481518,True
Dandenong North,h,South-Eastern Metropolitan,3,24.7,760000.0,1169171.8200615093,983704.3561157902,942987.9318113755,True
Diamond Creek,h,Northern Victoria,2,21.8,621000.0,693774.7528298992,532536.8976837209,582389.0119518832,True
Dingley Village,u,South-Eastern Metropolitan,2,22.2,612000.0,599845.39779083,479608.3311202574,526465.4897084477,True
Doncaster,t,Eastern Metropolitan,3,12.4,840000.0,919290.3537108921,799484.8519543568,763706.5430838335,False
Doncaster East,h,Eastern Metropolitan,6,14.3,1856000.0,1614175.8657248172,1742429.2600244347,1378510.3580249068,True
Donvale,h,Eastern Metropolitan,7,16.1,2705000.0,1608532.9680324567,1480108.068911879,1379800.4624313165,True
Doreen,h,Northern Victoria,3,25.9,530500.0,766469.0989199041,627726.9323086791,651298.1371248227,True
Eltham,h,Eastern Metropolitan,3,18.0,975000.0,889079.181124613,905178.3367319815,814849.6616607907,True
Eltham,h,Eastern Metropolitan,3,18.0,805000.0,921107.9531572543,841935.5275718456,764209.3702773222,True
Epping,h,Northern Metropolitan,4,19.6,940000.0,845422.3402389305,809962.8760602913,848011.1059436529,True
Epping,u,Northern Metropolitan,2,19.6,437000.0,459636.37744405004,348972.14036027715,451587.2345428513,True
Epping,h,Northern Metropolitan,5,19.6,660000.0,772714.8813727346,652757.0340134898,716831.5669783604,True
Essendon,h,Western Metropolitan,3,7.5,1325000.0,1141358.4549198144,1191804.7117487206,1187325.3679744601,False
Essendon,u,Western Metropolitan,1,7.5,310000.0,307727.77832620835,327931.7277704444,325032.3589864456,False
Essendon,t,Western Metropolitan,3,7.5,864000.0,708428.4947760302,776165.8425836515,844770.8671709889,False
Essendon,u,Western Metropolitan,1,7.5,291000.0,298659.1244441561,324204.0412202119,313488.1274234865,False
Essendon West,h,Western Metropolitan,3,7.5,750000.0,853644.7923694138,823222.8196880103,851772.6723008688,False
Essendon West,h,Western Metropolitan,5,7.5,2200000.0,1706871.6643485168,1839321.9653515639,1878133.9515601092,False
Fairfield,h,Northern Metropolitan,3,5.7,1550000.0,1578109.3739473762,1346395.1104072991,1351420.941969685,False
Fawkner,h,Northern Metropolitan,3,13.1,720000.0,606769.4871037479,596221.721774041,566025.2262971036,False
Fitzroy North,h,Northern Metropolitan,2,3.6,1350000.0,1095873.1770544308,1029469.4432389342,994516.9917259228,False
Fitzroy North,h,Northern Metropolitan,3,3.6,1852000.0,1410353.6588000897,1365473.393005487,1364973.8193439383,False
Fitzroy North,h,Northern Metropolitan,2,3.6,1100000.0,1046159.8427497221,1047560.5039768748,1050139.3642543103,False
Footscray,u,Western Metropolitan,1,5.1,170000.0,305771.9121347914,250711.36699553832,292066.9312228653,False
Forest Hill,h,Eastern Metropolitan,4,15.4,1372000.0,1410996.5872935585,1346293.5538692244,1387871.4756934661,True
Forest Hill,t,Eastern Metropolitan,3,15.4,850500.0,986125.0164858908,865568.0305240339,857774.0383043479,True
Frankston,h,South-Eastern Metropolitan,3,38.0,640000.0,926735.9049162822,676988.8476004712,751092.0921170034,True
Frankston North,h,Eastern Victoria,3,36.9,611000.0,1206808.6668124176,925822.0969808388,936401.9962516978,True
Frankston South,h,South-Eastern Metropolitan,3,38.0,755000.0,1310391.7661408314,1051879.4780677108,1114446.6409712906,True
Gisborne,h,Northern Victoria,4,45.9,521000.0,667215.4952410595,545561.5040341526,573178.7967171532,True
Gladstone Park,h,Western Metropolitan,3,12.9,625000.0,496751.79059813434,529551.8394400601,547858.9273082811,True
Glen Iris,h,Southern Metropolitan,4,7.3,1910000.0,2251065.090201939,2493850.011419501,2596273.4568406823,False
Glen Iris,u,Southern Metropolitan,2,7.3,500000.0,525748.6819840077,510934.67858254066,488707.4623934827,False
Glen Iris,u,Southern Metropolitan,2,7.3,523000.0,572996.2239577259,627766.6212618675,590024.2688290814,False
Glenroy,t,Northern Metropolitan,3,11.2,525000.0,510320.8399909442,527057.0498824934,495650.23546565324,False
Glenroy,h,Northern Metropolitan,3,11.2,847000.0,689745.7234490282,755223.619205523,740493.9274496959,False
Greensborough,h,Northern Metropolitan,6,16.1,990000.0,809646.7670927714,755182.4465820303,734892.1814750942,True
Greensborough,u,Northern Metropolitan,2,16.1,695000.0,509658.197425079,453103.54045001627,532801.4856250213,True
Hadfield,u,Northern Metropolitan,2,11.2,500000.0,448787.497176496,491909.57164252433,471752.22595760325,False
Hallam,h,South-Eastern Metropolitan,3,32.3,662500.0,1129100.2894266208,1013944.7924552716,1002388.7982505185,True
Hampton,u,Southern Metropolitan,3,13.8,1210000.0,1085715.77509671,1157224.1793923927,1306348.9555834155,False
Hampton East,h,Southern Metropolitan,3,13.8,1140000.0,1364381.7614611355,1686685.9268904983,1612240.1998590706,False
Hawthorn,u,Southern Metropolitan,1,5.3,395000.0,411151.3444420915,435599.6810932983,421237.7970667501,False
Hawthorn,u,Southern Metropolitan,3,5.3,1000000.0,909232.719901491,906854.0168906134,916078.6241947389,False
Hawthorn,u,Southern Metropolitan,2,5.3,450000.0,595320.7068044152,616524.6086545208,554723.3179470294,False
Hawthorn,h,Southern Metropolitan,4,5.3,2900000.0,2456473.812745487,2423758.048040015,2581387.397847138,False
Hawthorn,u,Southern Metropolitan,2,5.3,450000.0,572296.6064111022,473407.18045378855,478645.7320488257,False
Healesville,h,Northern Victoria,3,45.2,650000.0,868546.2545386142,673020.5892634308,685593.0798448459,True
Heidelberg Heights,h,Eastern Metropolitan,3,8.8,790000.0,835322.838211311,871716.5645501156,848215.7916593476,False
Heidelberg Heights,h,Eastern Metropolitan,2,8.8,780000.0,759863.5313455209,666775.28095843,670666.8234424018,False
Heidelberg West,h,Eastern Metropolitan,3,8.8,726500.0,737842.8608635155,835013.0344935992,783482.3972237166,False
Heidelberg West,h,Eastern Metropolitan,3,8.8,710000.0,734694.0567518307,806840.7410747394,741084.5111950095,False
Highett,u,Southern Metropolitan,2,16.0,645000.0,539278.903764268,505142.5024919563,533482.8138668238,True
Hillside,h,Western Metropolitan,5,18.0,650500.0,623333.3098267362,546488.296407525,625995.9023482495,True
Huntingdale,h,Southern Metropolitan,3,12.3,750000.0,864647.0413890296,826316.3428033539,850500.2342264275,True
Jacana,h,Northern Metropolitan,4,14.0,650000.0,654041.9138596149,507242.1394945304,514144.25031067664,False
Jacana,t,Northern Metropolitan,2,14.0,390000.0,404537.62802546495,361507.19408525515,360150.8351042389,False
Keilor Downs,h,Western Metropolitan,3,15.5,810000.0,661602.2361220795,658424.1986906667,630105.9159112191,True
Keilor Downs,h,Western Metropolitan,3,15.5,735000.0,651920.4125812628,601343.6096290012,588077.8938206965,True
Keilor East,t,Western Metropolitan,2,11.7,520000.0,434940.5300982046,478011.22416681866,451932.8352006029,False
Keilor Lodge,h,Western Metropolitan,4,15.5,640000.0,669710.0343207353,601779.6902071668,585235.08904195,True
Kensington,t,Northern Metropolitan,3,3.4,967000.0,994377.2186214129,1055351.6848564295,905054.1747351565,False
Kensington,h,Northern Metropolitan,2,3.4,850000.0,965536.8744757099,911137.2981643644,813381.7745331397,False
Kensington,t,Northern Metropolitan,1,3.4,500000.0,854745.5533386533,479389.94265390566,457223.59401851095,False
Kensington,u,Northern Metropolitan,2,3.4,535000.0,458540.70441717206,557028.6856297838,459408.947753221,False
Kew,h,Southern Metropolitan,2,5.4,758000.0,1916382.0587268712,1712376.0993236164,1746624.6544385585,False
Kew East,u,Southern Metropolitan,2,7.3,862000.0,585444.5332563379,543378.510037187,563848.012593881,False
Keysborough,h,South-Eastern Metropolitan,4,25.2,965000.0,1091430.7158862953,976665.3983376812,904673.6647995032,True
Keysborough,h,South-Eastern Metropolitan,4,25.2,761000.0,1227954.2535890397,1026210.4391372959,1025951.2894863272,True
Kings Park,h,Western Metropolitan,3,14.0,520000.0,535591.6808003524,485625.3641601674,461842.01166980277,True
Kings Park,h,Western Metropolitan,3,14.0,530000.0,529030.0561234572,486950.12286288483,490326.2248428059,True
Kingsville,h,Western Metropolitan,3,6.4,1020000.0,937936.5441340024,929975.5681421134,972582.4298328934,False
Kingsville,u,Western Metropolitan,1,6.4,210000.0,207041.56890519307,210705.45320311008,215394.65076842924,False
Lalor,h,Northern Metropolitan,4,16.3,750000.0,684703.2900999362,632354.2657588292,702981.1666532342,True
Lalor,h,Northern Metropolitan,3,16.3,635000.0,435388.8493502008,420482.5085992908,480855.7892998459,True
Lalor,u,Northern Metropolitan,2,16.3,410000.0,409532.4485510828,296985.5998959947,355061.0013873957,True
Lalor,h,Northern Metropolitan,5,16.3,675000.0,664908.1412194044,572849.9874291955,643618.5116038732,True
Lower Plenty,h,Eastern Metropolitan,5,14.6,880000.0,1001049.9923496185,1111528.6137155145,1043109.4947024826,True
Maidstone,u,Western Metropolitan,1,6.4,280000.0,219330.69563645334,238386.67306530333,272299.05120865203,False
Maidstone,t,Western Metropolitan,2,6.4,520000.0,677140.8069557168,544593.2963118587,581621.3228015787,False
Maidstone,t,Western Metropolitan,3,6.4,895000.0,917168.6829300054,779831.3226875002,810387.1971757581,False
Malvern East,h,Southern Metropolitan,3,8.4,2110000.0,1631749.6010443165,1712425.9236185907,1818467.2579456123,False
Maribyrnong,h,Western Metropolitan,3,4.3,1050000.0,1115744.5073044642,1241888.4877848353,1168208.42412599,False
Melton,h,Western Victoria,4,31.7,320000.0,600685.8313162694,501083.4200282004,547042.4115661447,True
Melton,h,Western Victoria,3,31.7,480000.0,574826.244117481,464766.61963413586,493530.6529669542,True
Mernda,h,Northern Metropolitan,4,25.9,670000.0,881352.4978979083,727735.2514619417,783089.1044947889,True
Mernda,h,Northern Metropolitan,4,25.9,520500.0,773618.3563783766,600346.5150110793,680774.7629206615,True
Mill Park,u,Northern Metropolitan,2,17.9,460000.0,441511.4244296553,367019.16077939305,415398.7896895279,True
Mill Park,h,Northern Metropolitan,3,17.9,610000.0,441769.4535099202,464257.3560013927,490603.58413536556,True
Mitcham,h,Eastern Metropolitan,3,17.2,950000.0,1182477.698306999,1079541.885470204,1032774.5762248967,True
Mitcham,t,Eastern Metropolitan,3,17.2,970000.0,907657.4405907482,774060.9318045534,826869.9807401677,True
Mont Albert,h,Eastern Metropolitan,5,10.2,2200000.0,1789798.7407154425,1884287.1634784446,2083103.4010043303,False
Mont Albert,h,Eastern Metropolitan,4,10.2,2320000.0,1741449.8662468265,1802012.5975233642,1991110.267216539,False
Montmorency,h,Eastern Metropolitan,3,16.2,655000.0,760115.1904473385,718759.2905817147,704411.6804779875,True
Montmorency,h,Eastern Metropolitan,3,16.2,960000.0,1176611.9272682036,761230.3025507957,748111.1588944253,True
Moonee Ponds,h,Western Metropolitan,4,6.2,1810000.0,1357520.8429608892,1530529.9512103633,1427522.6382758263,False
Moonee Ponds,h,Western Metropolitan,2,6.2,1020000.0,934834.8719701715,856383.5247765696,902320.9755167641,False
Moonee Ponds,h,Western Metropolitan,2,6.2,1250000.0,937399.0918339419,963647.2177463366,965108.2438684456,False
Moorabbin,h,Southern Metropolitan,3,14.3,1175000.0,978560.7274286043,1094919.8422888243,1004515.4355626531,False
Mordialloc,h,South-Eastern Metropolitan,4,21.5,800000.0,1017832.1539399935,1048515.7857137354,963691.4059682786,True
Mordialloc,h,South-Eastern Metropolitan,4,21.5,1225000.0,1128908.718428851,1267860.5080910064,1295960.2652677516,True
Mount Waverley,h,Eastern Metropolitan,3,14.2,1205000.0,1031645.11765349,793215.8150599055,859226.944028803,True
Mount Waverley,h,Eastern Metropolitan,4,14.2,1720000.0,1359609.9514985299,1209540.6922538506,1190808.8117154369,True
Mount Waverley,h,Eastern Metropolitan,5,14.2,1600000.0,1327552.419913824,1236344.64001708,1205100.055871165,True
Mount Waverley,h,Eastern Metropolitan,3,14.2,944000.0,1058838.1348971769,839031.9558847833,850098.8362437716,True
Mount Waverley,h,Eastern Metropolitan,3,14.2,1385000.0,1352317.660431947,1117182.6120665276,1227171.7045895543,True
Mount Waverley,h,Eastern Metropolitan,3,14.2,2000000.0,1498372.8826086188,1092923.85660009,1131398.5958500218,True
Narre Warren,h,South-Eastern Metropolitan,3,34.1,650000.0,1348927.9429329906,1048802.181206593,1113885.4127539827,True
Narre Warren,h,South-Eastern Metropolitan,3,34.1,655000.0,1199865.948322897,984534.6791900971,956198.7179077745,True
Newport,h,Western Metropolitan,2,6.2,710000.0,671654.0048763532,730203.9473337563,776211.9855003925,False
Newport,h,Western Metropolitan,3,6.2,1330000.0,1035892.8453377428,1243953.125461712,1331462.172491211,False
North Melbourne,u,Northern Metropolitan,2,1.8,550000.0,572958.5176280104,575132.8940095331,582722.785503561,False
North Melbourne,h,Northern Metropolitan,2,1.8,962000.0,774743.5019680634,952723.2364812108,1094163.6240765648,False
North Melbourne,t,Northern Metropolitan,2,1.8,936000.0,989234.641419844,746050.2084505648,943865.7265201386,False
Northcote,h,Northern Metropolitan,4,5.3,1900000.0,1296626.6562761855,1423839.5418017267,1365353.9890983594,False
Northcote,h,Northern Metropolitan,3,5.3,1605000.0,1253271.8819306437,1307923.237410447,1351570.3213572798,False
Northcote,h,Northern Metropolitan,3,5.3,1415000.0,1507033.9435226608,1241430.8495151056,1290161.8197942958,False
Northcote,u,Northern Metropolitan,2,5.3,390000.0,486584.74319093727,521157.1985914232,488363.17569769366,False
Nunawading,h,Eastern Metropolitan,4,15.4,1100000.0,1336967.0514250775,1163174.7953477916,1143652.1670438538,True
Nunawading,h,Eastern Metropolitan,3,15.4,926000.0,1536908.7502277298,1264766.7382606,1283688.1136826007,True
Oak Park,t,Northern Metropolitan,2,11.2,610000.0,510571.7328549024,508777.0788321625,496680.5026171429,False
Oakleigh East,h,Southern Metropolitan,5,12.3,1525000.0,1352838.1965428202,1620763.438664718,1511772.3470701491,True
Oakleigh East,h,Southern Metropolitan,6,12.3,1900000.0,1438251.5773473543,1741441.684998899,1773770.0364024832,True
Ormond,u,Southern Metropolitan,1,11.4,454000.0,365425.0447233159,400513.4378133459,397414.5663991077,False
Ormond,u,Southern Metropolitan,2,11.4,562000.0,566256.2607821118,571667.0910128175,575957.4184512591,False
Parkdale,t,South-Eastern Metropolitan,3,21.5,1000000.0,817237.7865462226,806491.2149778369,868497.2755661673,True
Parkdale,h,South-Eastern Metropolitan,3,21.5,820000.0,899707.7559114348,830128.8976230538,900478.4419770215,True
Pascoe Vale,h,Northern Metropolitan,3,8.5,870000.0,926487.6688922122,913867.071362352,953204.5861531757,False
Pascoe Vale,h,Northern Metropolitan,3,8.5,800000.0,796419.5765705492,730987.0841922296,731764.2586327911,False
Pascoe Vale,h,Northern Metropolitan,5,8.5,1501000.0,1180959.3012231945,1320114.409382259,1352609.607822383,False
Pascoe Vale,h,Northern Metropolitan,3,8.5,1663000.0,1357225.817039306,1158466.8349361487,1303280.3527614255,False
Pascoe Vale,h,Northern Metropolitan,4,8.5,780000.0,948952.7915346626,851507.0196757765,849073.3187723848,False
Point Cook,h,Western Metropolitan,5,14.7,660000.0,884485.5285908462,916416.6293074563,1047339.6451345787,True
Port Melbourne,u,Southern Metropolitan,3,3.5,1631000.0,1126934.1222414002,1211441.6206681596,1307044.24872173,False
Port Melbourne,h,Southern Metropolitan,3,3.5,1665000.0,1371181.3243419863,1615776.2729071428,1557584.78526885,False
Port Melbourne,h,Southern Metropolitan,4,3.5,2450000.0,1881619.9945209273,2410595.021181373,2073765.1304920253,False
Prahran,u,Southern Metropolitan,1,4.6,399000.0,400423.34708408813,426853.2300839808,409544.16764643777,False
Prahran,u,Southern Metropolitan,2,4.6,1240000.0,556275.3672809412,649774.6099494158,611329.6787857634,False
Reservoir,h,Northern Metropolitan,3,12.0,840000.0,635604.3556060492,624690.9498765583,632451.5401587092,False
Reservoir,h,Northern Metropolitan,2,12.0,560000.0,530040.5823945736,533168.284311852,501674.9858366974,False
Reservoir,h,Northern Metropolitan,4,12.0,900000.0,762177.7188155862,714156.2981885215,742714.6713732219,False
Reservoir,h,Northern Metropolitan,4,12.0,902000.0,808360.1347649142,814674.3788838108,859926.4685514916,False
Reservoir,h,Northern Metropolitan,3,12.0,825000.0,662212.7742440433,604202.188184583,657368.3476983967,False
Reservoir,t,Northern Metropolitan,2,12.0,668500.0,520627.82234028686,572244.0806746182,576673.6463282824,False
Richmond,h,Northern Metropolitan,2,2.4,1165000.0,1085709.4730524898,1083213.7589674431,1081156.5080119884,False
Richmond,u,Northern Metropolitan,2,2.4,890500.0,852486.4892171123,1101837.717379151,1083660.6977143388,False
Richmond,h,Northern Metropolitan,2,2.4,1442000.0,1172788.3314576298,1160299.1736345536,1203696.898997799,False
Ringwood East,u,Eastern Metropolitan,2,21.3,560000.0,638735.9519188455,673281.7926471671,679564.0150522013,True
Rockbank,h,Western Metropolitan,2,23.8,340000.0,471949.22137451783,515483.86239383806,559366.9884441034,True
Rowville,h,South-Eastern Metropolitan,5,23.5,870000.0,1337618.451683334,1186921.1490828253,1173471.9223330724,True
Sandringham,u,Southern Metropolitan,2,15.2,643500.0,535227.5545332138,515308.31571969786,538759.8692121224,True
Seaford,u,South-Eastern Metropolitan,3,35.4,572000.0,839413.6946678158,655603.922743158,776061.9247335275,True
Seddon,h,Western Metropolitan,2,5.1,750000.0,743251.9101712328,721833.9053231942,699246.4160526586,False
Seddon,h,Western Metropolitan,2,5.1,850000.0,814361.4126347594,783098.9057066588,790689.0041504401,False
Skye,h,South-Eastern Metropolitan,4,34.7,640000.0,1213008.9004907657,983808.2145229607,831557.9993644601,True
South Morang,h,Northern Metropolitan,4,20.5,600000.0,868578.0770776551,623813.2694494647,669655.3364014797,True
South Morang,u,Northern Metropolitan,3,20.5,386000.0,481525.6681863343,359384.56422062154,419943.15640603926,True
South Yarra,u,Southern Metropolitan,2,2.7,857000.0,923868.1437360304,1001033.8325655756,1073974.5980136378,False
South Yarra,h,Southern Metropolitan,2,2.7,1160000.0,1242744.1192445443,1212013.6342978035,1064846.5473390531,False
South Yarra,u,Southern Metropolitan,3,2.7,1235000.0,975947.0840085836,1020608.1212810599,958618.0322238052,False
Springvale,h,South-Eastern Metropolitan,3,20.8,752500.0,1158628.0140878614,861210.0069001286,845291.7437231782,True
St Albans,h,Western Metropolitan,3,14.0,565000.0,547605.1081840427,528066.5512006287,514413.29423405504,True
St Albans,h,Western Metropolitan,3,14.0,610000.0,549731.6767003853,438386.64471461496,411575.8224600603,True
St Kilda,u,Southern Metropolitan,1,5.0,350000.0,364497.1899431525,341927.6569025878,363784.485765732,False
St Kilda,u,Southern Metropolitan,2,5.0,525000.0,486846.24381496356,533078.1104298292,491580.97802250873,False
St Kilda,u,Southern Metropolitan,1,5.0,517500.0,426329.8164652427,483317.0713275919,460950.8141396916,False
St Kilda,u,Southern Metropolitan,2,5.0,365000.0,445228.7057483087,461329.7332724811,458941.4267887323,False
St Kilda,u,Southern Metropolitan,2,5.0,460000.0,575203.1520763558,591530.0635801458,573816.574958181,False
Strathmore,h,Western Metropolitan,2,8.2,646000.0,596194.2800850944,674755.0503920048,682256.9951939316,False
Sunbury,h,Western Metropolitan,4,31.7,580000.0,702748.0367643387,572720.0572206517,685589.9434766764,True
Sunbury,h,Western Metropolitan,3,31.7,420000.0,445973.38245424384,361632.8941045742,425891.2742458953,True
Sunbury,h,Western Metropolitan,3,31.7,650000.0,608181.1252734598,543957.9071405565,575481.2974348054,True
Sunshine,t,Western Metropolitan,3,10.5,525000.0,550926.5421721528,509070.42702470423,556294.00739412,False
Sunshine North,h,Western Metropolitan,3,10.5,780000.0,734117.7860742768,724773.7512285691,757877.0192560173,False
Sunshine West,h,Western Metropolitan,4,10.5,765000.0,740914.8373864697,752190.7438280383,706674.9376483291,False
Surrey Hills,h,Southern Metropolitan,3,10.2,2100000.0,1850314.8133683647,1618368.2456793443,1601145.5304993768,False
Surrey Hills,h,Southern Metropolitan,3,10.2,1385000.0,1426861.4024219967,1363489.1430479693,1328337.189375794,False
Tarneit,h,Western Metropolitan,3,18.4,451500.0,528264.8683720987,550431.2170145964,501269.8510681196,True
Tarneit,h,Western Metropolitan,3,18.4,526000.0,570589.2962089832,617583.1765008667,564285.3900129715,True
Taylors Hill,h,Western Metropolitan,4,18.0,605500.0,708709.2223561958,691734.190657782,711458.3155287488,True
Taylors Lakes,h,Western Metropolitan,3,15.5,427500.0,504102.7241574164,441522.5697403339,444210.296157472,True
Templestowe Lower,h,Eastern Metropolitan,5,12.4,1705000.0,1497447.5351479065,1587390.2326453747,1705568.9429847847,False
The Basin,h,Eastern Metropolitan,3,27.0,551200.0,1873418.8009471244,1347171.2435543481,1495604.2109540703,True
Thomastown,u,Northern Metropolitan,3,15.3,542000.0,595213.6752443826,456016.6309407633,542876.3148166637,True
Thornbury,h,Northern Metropolitan,4,7.0,2070000.0,1426498.4154004874,1687117.5945610546,1591912.2458485323,False
Toorak,h,Southern Metropolitan,6,4.1,2800000.0,2205515.8702343064,2414587.3151382273,2617818.976201282,False
Truganina,t,Western Metropolitan,2,18.4,385000.0,517904.4751927161,490523.9622718461,462955.90311426367,True
Tullamarine,h,Western Metropolitan,3,12.9,500000.0,497444.6722121422,546935.1191824153,534206.7895887858,True
Tullamarine,h,Western Metropolitan,4,12.9,821000.0,692911.9659441011,697409.1932054134,783472.5804374822,True
Vermont,t,Eastern Metropolitan,3,17.2,917000.0,882045.590379597,812068.3975500319,876223.931362798,True
Viewbank,h,Eastern Metropolitan,4,8.9,1115000.0,989351.8560952097,994123.6421877489,1019886.7927901602,False
Viewbank,h,Eastern Metropolitan,3,8.9,905000.0,854699.7352116739,815857.5622355342,781212.2241879564,False
Wantirna,h,Eastern Metropolitan,2,14.7,450000.0,714511.1154417987,513954.91808021837,552964.8132774953,True
Wantirna South,h,Eastern Metropolitan,3,14.7,1015000.0,1156762.0764152238,896923.8618556614,883161.0975252483,True
Werribee,h,Western Metropolitan,3,14.7,510000.0,778587.223061402,816218.3388867455,786176.1607345538,True
Werribee,h,Western Metropolitan,4,14.7,645000.0,857151.317605578,952884.7112430958,934358.2499986218,True
Werribee,h,Western Metropolitan,3,14.7,427000.0,708164.7348074341,790203.880512195,821188.6509383556,True
West Footscray,h,Western Metropolitan,3,6.4,845000.0,825753.880369927,767147.7591053505,859973.929562921,False
West Footscray,h,Western Metropolitan,2,6.4,876000.0,789297.7341556017,773243.5402227745,759891.4570516679,False
Westmeadows,h,Northern Metropolitan,3,16.5,578000.0,485798.8066298648,484436.81680109736,497106.69992085773,True
Williams Landing,h,Western Metropolitan,4,17.6,510000.0,815384.1007164211,814381.4441811308,875686.5214335747,True
Wollert,u,Northern Metropolitan,2,25.5,390000.0,409566.7681303716,325816.9294519388,355832.1817847988,True
Wollert,h,Northern Metropolitan,4,25.5,525000.0,619081.590740288,497055.25082929945,586436.4048606075,True
Wyndham Vale,h,Western Metropolitan,3,27.2,480000.0,878773.6661221979,907375.0671581413,896705.8657565037,True
Yarraville,h,Western Metropolitan,4,6.3,1000000.0,1138609.5691353062,1090204.4476631,975770.6866984342,False
Yarraville,h,Western Metropolitan,3,6.3,1240000.0,1069933.5420409292,1285757.9075626924,1322176.4233847212,False
Yarraville,h,Western Metropolitan,3,6.3,1115000.0,905659.8740036056,882146.0792289884,884474.2614113427,False
Aberfeldie,u,Western Metropolitan,2,7.5,507000.0,465416.43031740095,474060.07430609746,490883.47787763755,False
Airport West,h,Western Metropolitan,3,10.4,845000.0,780661.1156078712,851804.5841931292,821835.4521937602,False
Airport West,h,Western Metropolitan,3,10.4,1250000.0,948094.1457260109,1009823.0901611863,982374.6086348157,False
Airport West,h,Western Metropolitan,4,10.4,1026000.0,884144.0026247097,958547.0872550602,875920.6818083173,False
Airport West,u,Western Metropolitan,3,10.4,850000.0,618940.7938760512,747821.2715563189,710651.601381486,False
Albert Park,h,Southern Metropolitan,2,3.0,2905000.0,1583762.7809156976,1646290.6741751921,1776908.6106355747,False
Albert Park,h,Southern Metropolitan,2,3.0,1380000.0,1463838.4238031746,1413557.9782759205,1438921.8825513192,False
Albert Park,h,Southern Metropolitan,3,3.0,2500000.0,1929429.9623840693,1877713.6019371604,1843630.0488522477,False
Albert Park,h,Southern Metropolitan,3,3.0,2120000.0,1904938.8252425746,1980364.5436635206,2114101.198284147,False
Albert Park,h,Southern Metropolitan,2,3.0,2015000.0,1467774.6739536186,1527302.3522673612,1619780.1596284849,False
Albion,h,Western Metropolitan,3,10.5,787000.0,828930.3361984625,784738.5079223544,828085.714797919,False
Alphington,h,Northern Metropolitan,4,5.7,2220000.0,1777186.5987903134,1977747.9037226746,1816671.0237088876,False
Altona,u,Western Metropolitan,2,11.0,540000.0,491457.8888183239,468908.0103876166,438498.6541396308,False
Altona North,h,Western Metropolitan,3,9.4,585000.0,668886.5524119406,693954.4459427232,639820.6696114752,False
Armadale,u,Southern Metropolitan,2,6.3,700500.0,662816.4293678238,642664.192005993,676882.9923454815,False
Armadale,h,Southern Metropolitan,3,6.3,2385000.0,1484276.6050636848,1504428.6773280033,1534857.691073553,False
Ascot Vale,h,Western Metropolitan,3,4.3,1500000.0,1247232.4227734867,1295948.916955957,1273162.0523633878,False
Ashburton,t,Southern Metropolitan,4,10.2,1655000.0,1645215.187863083,1707664.231259684,1583497.564381445,False
Ashburton,h,Southern Metropolitan,4,10.2,1800000.0,1967236.4865304662,2076316.8828595243,1972291.9283724,False
Ashburton,h,Southern Metropolitan,2,10.2,1880000.0,1407305.8294773775,1355398.6867951392,1389728.6151948762,False
Ashburton,h,Southern Metropolitan,4,10.2,2405000.0,1872181.5452078206,1933856.6999111406,1828951.5317696182,False
Avondale Heights,h,Western Metropolitan,3,9.5,1000000.0,916980.2358429137,807236.8359385205,898718.8576095166,False
Avondale Heights,h,Western Metropolitan,5,9.5,945000.0,853688.6632218116,883602.5531022998,860927.6958994257,False
Balaclava,u,Southern Metropolitan,1,6.4,290000.0,359835.82135773957,406882.29444990563,396084.4236397628,False
Balwyn,t,Southern Metropolitan,3,7.9,1810000.0,1599105.120237185,1507586.8822670162,1602065.2842142947,False
Balwyn North,h,Southern Metropolitan,4,9.7,1593000.0,1805803.4096409378,2006704.5415592687,2021318.6762286718,False
Balwyn North,h,Southern Metropolitan,5,9.7,3100000.0,2336330.113095648,2058397.2343675364,1911098.9886891304,False
Bayswater,h,Eastern Metropolitan,5,23.2,930000.0,1476937.769590707,1303876.4826594049,1443389.7892840076,True
Bayswater,h,Eastern Metropolitan,3,23.2,700000.0,1100910.8942119845,924000.6456038944,949118.4850761465,True
Bayswater,t,Eastern Metropolitan,4,23.2,860000.0,1055601.5536233522,840320.7187622533,934643.0247751247,True
Beaumaris,h,Southern Metropolitan,2,17.3,1470000.0,1063946.7156302093,982385.2498155595,1086438.980206525,True
Beaumaris,h,Southern Metropolitan,6,17.3,1660000.0,1766938.4335610243,1274559.761742374,1281426.049970927,True
Bentleigh,h,Southern Metropolitan,4,11.4,1600000.0,1701956.444452519,1469302.4134633262,1505483.9128453713,False
Bentleigh,t,Southern Metropolitan,4,11.4,1200000.0,1315422.4810433236,1201332.9217127457,1403085.9735387482,False
Bentleigh East,h,Southern Metropolitan,3,13.8,1185000.0,1015801.9532860843,1067871.2427339812,1020709.9307799385,False
Bentleigh East,h,Southern Metropolitan,4,13.8,1460000.0,1345609.9940371579,1281846.3716080682,1283431.6977306174,False
Bentleigh East,t,Southern Metropolitan,3,13.8,935000.0,890054.6922849475,846063.8106234756,884184.6787566976,False
Bentleigh East,h,Southern Metropolitan,4,13.8,1620000.0,1386566.7110532708,1465868.998429826,1476595.3428468977,False
Bentleigh East,h,Southern Metropolitan,4,13.8,1580000.0,1316674.7603414129,1214420.9418007918,1270143.3165219806,False
Bentleigh East,h,Southern Metropolitan,3,13.8,1315000.0,1225207.629637829,1250299.223823912,1335167.468396281,False
Black Rock,u,Southern Metropolitan,2,17.3,767000.0,685151.0014261187,601241.2051717746,601179.5670924982,True
Black Rock,h,Southern Metropolitan,5,17.3,2520000.0,1999144.7453610215,1706664.7846660758,1834595.6220592302,True
Blackburn,h,Eastern Metropolitan,4,13.4,1695000.0,1620955.4556909162,1492989.7418965215,1486747.6966783998,True
Blackburn North,t,Eastern Metropolitan,4,13.4,990000.0,1139932.9867101081,961696.1535260974,1005568.7636074789,True
Bonbeach,h,South-Eastern Metropolitan,3,27.0,836000.0,1015161.0733451102,757818.3579146169,801198.0850138816,True
Boronia,h,Eastern Metropolitan,4,25.0,780000.0,1391129.830185849,1219634.8336007916,1169965.0894021913,True
Boronia,h,Eastern Metropolitan,4,25.0,783000.0,1355846.6272076708,1121831.7348467577,1068797.4840350542,True
Boronia,h,Eastern Metropolitan,5,25.0,2020000.0,1547844.5082137496,1331926.1752395164,1325233.3545640833,True
Boronia,h,Eastern Metropolitan,3,25.0,706500.0,1221366.3094611196,1110821.749076702,1058891.162733221,True
Briar Hill,u,Eastern Metropolitan,2,16.1,637000.0,469016.44861907774,425425.0768182373,445393.1415636048,True
Brighton,u,Southern Metropolitan,3,10.5,1336000.0,1035565.4693360556,1135982.8372827955,1034957.9868844778,False
Brighton,u,Southern Metropolitan,2,10.5,1400000.0,895391.1404417744,888537.8095746713,897324.6214600333,False
Brighton,h,Southern Metropolitan,3,10.5,1175000.0,1215804.8527989446,1362859.2512998865,1377143.80544534,False
Brighton,h,Southern Metropolitan,3,10.5,1935000.0,1724441.491652732,1816114.5532237948,1726369.7111551974,False
Brighton,h,Southern Metropolitan,3,10.5,1950000.0,1749919.9809959945,1765139.9278606446,1961150.3931871427,False
Brighton,h,Southern Metropolitan,4,10.5,2250000.0,2206917.8448568583,1931497.8368470701,1962301.9386159761,False
Brighton,u,Southern Metropolitan,3,10.5,897000.0,856720.4486382258,952172.7568123651,948892.0526161717,False
Brighton East,h,Southern Metropolitan,5,10.3,2000000.0,1991019.2661882383,2270284.2140219607,1881905.8306164395,False
Brunswick,h,Northern Metropolitan,3,5.2,1590000.0,1050403.635324969,1157433.3663860892,1182898.7250267656,False
Brunswick,h,Northern Metropolitan,3,5.2,1435000.0,1094936.3723528038,1155529.8850795866,1313909.3287912637,False
Brunswick,h,Northern Metropolitan,2,5.2,1315000.0,923160.9007994795,1048989.1414779841,1076275.918803688,False
Brunswick,h,Northern Metropolitan,2,5.2,730000.0,787668.9119821677,794152.6372433314,764926.960096656,False
Brunswick,h,Northern Metropolitan,2,5.2,700000.0,636381.2937327811,716427.821767757,686953.1085518482,False
Brunswick,h,Northern Metropolitan,3,5.2,1900000.0,1088719.3155502195,1347588.4807707847,1259233.853833691,False
Brunswick,h,Northern Metropolitan,2,5.2,920000.0,827299.0290506891,833680.1790599934,799869.9615669877,False
Brunswick,t,Northern Metropolitan,2,5.2,765000.0,651942.3815318475,629668.6857105031,644080.1580100108,False
Brunswick,h,Northern Metropolitan,4,5.2,1400000.0,1573162.5683520203,1490342.4247453022,1287490.5817105428,False
Brunswick,h,Northern Metropolitan,2,5.2,740000.0,648643.7157010484,695521.6131150526,615755.7308704675,False
Brunswick East,u,Northern Metropolitan,2,4.0,570000.0,507887.7787132751,557362.8092996369,571925.5885529353,False
Brunswick East,h,Northern Metropolitan,2,4.0,1105000.0,987118.0348081647,1033465.4712623376,1003002.8418722344,False
Brunswick West,h,Northern Metropolitan,3,5.2,1200000.0,1026243.2526944735,1059374.1674462259,1044481.241193481,False
Brunswick West,h,Northern Metropolitan,4,5.2,1325000.0,1185544.4201671814,1127597.1107098784,1055051.6163530236,False
Bulleen,h,Eastern Metropolitan,3,10.8,1160000.0,1051398.768405981,1057332.8181965875,1066776.9303658053,False
Bulleen,h,Eastern Metropolitan,3,10.8,1320000.0,1306131.7012012918,1354244.8939592831,1398446.4224709547,False
Bundoora,h,Northern Metropolitan,3,12.1,780000.0,731861.0794994025,572975.8759859737,578418.4985680566,True
Burwood,t,Southern Metropolitan,4,10.4,845000.0,1410038.2805751648,1265051.2116156933,1310678.6632625493,False
Burwood,u,Southern Metropolitan,2,10.4,700000.0,809514.6518607293,573172.9996286674,680550.7575436997,False
Burwood East,h,Eastern Metropolitan,4,14.7,1032000.0,1250655.099052489,1105991.6076197335,1117715.744128714,True
Cairnlea,h,Western Metropolitan,4,14.8,821000.0,847040.9183153866,726406.7207733418,728297.3229821825,True
Camberwell,h,Southern Metropolitan,4,7.7,3050000.0,2574942.660459197,2784333.221568741,2889361.0230889386,False
Camberwell,t,Southern Metropolitan,3,7.7,1171000.0,1528249.33350748,1519245.4312096757,1559702.2789084131,False
Canterbury,h,Southern Metropolitan,3,8.4,2050000.0,1844887.0589739212,1978642.4583588168,2167783.2230456485,False
Canterbury,u,Southern Metropolitan,2,8.4,850000.0,604303.9476423592,598001.4480995837,646396.2785009622,False
Carlton North,h,Northern Metropolitan,2,3.5,1501000.0,1042671.983777611,1166416.2515420492,1161565.6013374925,False
Carnegie,h,Southern Metropolitan,3,10.1,1570000.0,1512809.3883757642,1615289.5978027144,1580582.835319051,False
Carnegie,u,Southern Metropolitan,3,10.1,1275000.0,1137824.5293718819,1144326.833827345,1073500.5239440596,False
Carnegie,h,Southern Metropolitan,3,10.1,1435000.0,1524878.1380782449,1532924.4737224581,1479396.0075712944,False
Carnegie,h,Southern Metropolitan,4,10.1,1455000.0,1668747.8633477653,1766772.6044730155,1634697.5745766028,False
Carnegie,u,Southern Metropolitan,2,10.1,620000.0,650419.7103783144,622666.5985485178,640291.5600822556,False
Caroline Springs,h,Western Metropolitan,3,14.8,600000.0,528343.3443936188,485977.02744701126,513140.12020359916,True
Carrum,h,South-Eastern Metropolitan,4,31.2,965000.0,1688831.3524043919,1376713.973997458,1360672.8288048988,True
Carrum,u,South-Eastern Metropolitan,2,31.2,529000.0,590117.4911011544,484834.2662132345,504561.70256300253,True
Carrum,h,South-Eastern Metropolitan,3,31.2,881000.0,1104798.436660076,901863.2542533262,1022664.7509897819,True
Carrum,h,South-Eastern Metropolitan,4,31.2,845000.0,1480185.5091474752,1033410.3148871355,1084480.9219831733,True
Caulfield,u,Southern Metropolitan,2,8.7,650000.0,715108.9002163642,563720.8426594407,607633.0359212653,False
Caulfield East,u,Southern Metropolitan,2,8.4,350000.0,493512.45128651225,469573.3674169964,506746.34689951333,False
Caulfield North,u,Southern Metropolitan,1,7.8,350000.0,371601.91272773896,323488.8972986551,334260.8929236474,False
Caulfield North,u,Southern Metropolitan,2,7.8,665000.0,591316.0838372825,624745.0144284068,625171.0398535529,False
Chadstone,h,Southern Metropolitan,3,11.7,1080000.0,1036736.7441554385,957934.1967125059,926898.148888901,False
Chadstone,h,Southern Metropolitan,2,11.7,674000.0,706942.3432221431,701463.2237353344,647873.6075633515,False
Chelsea,u,South-Eastern Metropolitan,2,27.0,525000.0,488783.8695646104,445102.68292401946,429460.9777895185,True
Chelsea,h,South-Eastern Metropolitan,3,27.0,840000.0,1060643.4230908395,871138.6124175304,911388.9678103133,True
Cheltenham,t,Southern Metropolitan,2,17.9,745000.0,824920.8369560582,711045.0744508278,806957.9592964535,True
Cheltenham,h,Southern Metropolitan,3,17.9,1240000.0,991235.5906387543,977691.9475981855,940867.4195590883,True
Cheltenham,u,Southern Metropolitan,2,17.9,850000.0,696449.2063425282,537380.7165116254,594691.3099039672,True
Clayton,h,South-Eastern Metropolitan,3,16.7,1300000.0,1207363.4102808966,933802.8303624901,981144.6283103742,True
Clifton Hill,h,Northern Metropolitan,2,3.6,700000.0,1425528.4680824897,1311430.730587594,1420530.5696742674,False
Coburg,h,Northern Metropolitan,3,6.7,880000.0,961507.1303587225,964397.2470754881,991739.0783558666,False
Coburg,h,Northern Metropolitan,4,6.7,1525000.0,1363252.0611746039,1251657.5349002394,1292658.0108325263,False
Coburg,t,Northern Metropolitan,3,6.7,690000.0,703159.258441705,650126.2848003185,658631.6429359951,False
Coburg,h,Northern Metropolitan,2,6.7,960000.0,916347.5520080036,876217.3325758638,916019.8697724242,False
Coburg,h,Northern Metropolitan,3,6.7,1600000.0,1261873.8500691522,1490291.6213598445,1371202.3955065655,False
Coburg,h,Northern Metropolitan,3,6.7,1157000.0,934803.8900082478,886076.5258033151,928082.7674891093,False
Coburg,h,Northern Metropolitan,2,6.7,867000.0,826542.4247988987,735026.3241935833,776269.8677475217,False
Coburg North,h,Northern Metropolitan,3,6.7,690000.0,989240.026404554,951270.0337516073,981134.8152451745,False
Coburg North,h,Northern Metropolitan,4,6.7,850000.0,991076.4809926603,1012776.1831784932,977707.2329598495,False
Coburg North,h,Northern Metropolitan,2,6.7,700000.0,875311.2148889423,728015.3660555445,700637.646622201,False
Collingwood,u,Northern Metropolitan,2,2.0,561000.0,967032.8396347248,932159.6802673693,904492.1293750838,False
Collingwood,h,Northern Metropolitan,2,2.0,1025000.0,1033291.9666805384,1047283.2246337567,886403.6290920955,False
Craigieburn,h,Northern Metropolitan,4,20.6,725000.0,732546.8623793917,635436.7361339477,689947.3119498768,True
Craigieburn,h,Northern Metropolitan,4,20.6,667000.0,698578.179407414,635276.624181901,705769.058125009,True
Croydon,h,Eastern Metropolitan,3,23.0,877500.0,1346663.9265638958,1221660.2923189264,1255343.9434870246,True
Dandenong,h,South-Eastern Metropolitan,3,24.7,678000.0,1144633.573946611,862780.402047385,889680.1828930125,True
Dandenong North,h,South-Eastern Metropolitan,3,24.7,595000.0,1014649.1974581063,794986.717082798,841056.1141047188,True
Dandenong North,u,South-Eastern Metropolitan,2,24.7,305000.0,509941.5377014394,367411.63445122726,414557.9525151407,True
Dingley Village,h,South-Eastern Metropolitan,3,22.2,816000.0,1013758.680077032,873252.5493624555,913688.4280963428,True
Doncaster,h,Eastern Metropolitan,4,12.4,2600000.0,1715591.8034990137,2223673.4142031944,1914072.0472721094,False
Doncaster,h,Eastern Metropolitan,3,12.4,1285000.0,1162393.2046809304,1147695.5124879414,1149821.0035869717,False
Doncaster,h,Eastern Metropolitan,3,12.4,1360000.0,1274689.686013309,1216506.587064146,1212501.2127233322,False
Doncaster,h,Eastern Metropolitan,5,12.4,1600000.0,1453766.003425703,1474511.0939934363,1318701.2229210567,False
Doncaster,h,Eastern Metropolitan,5,12.4,1370000.0,1449627.8133146574,1444289.2057511483,1451158.092511221,False
Doncaster East,h,Eastern Metropolitan,4,14.3,1760000.0,1396198.0313037909,1455242.0872237256,1471518.4183657768,True
Doncaster East,h,Eastern Metropolitan,4,14.3,1662000.0,1428991.5671933517,1331768.770108604,1340129.218254421,True
Doveton,h,South-Eastern Metropolitan,3,28.8,545000.0,1155110.910956052,898557.1327552819,906263.480399256,True
Eaglemont,u,Eastern Metropolitan,2,8.9,750000.0,484650.66040320165,509733.3804237378,550686.7546721491,False
Elsternwick,h,Southern Metropolitan,2,7.2,716000.0,902988.0667134991,837585.6927617904,791797.5862075454,False
Elsternwick,u,Southern Metropolitan,2,7.2,975000.0,593400.3788768388,581553.0972007923,592975.2936409394,False
Eltham,h,Eastern Metropolitan,4,18.0,975000.0,987574.0424648738,968971.2756828933,929777.7672308631,True
Eltham,h,Eastern Metropolitan,3,18.0,842000.0,938398.7325151005,835577.313792164,874783.1752724438,True
Elwood,u,Southern Metropolitan,2,7.2,480000.0,563591.3462269652,558993.2874920715,532961.8376561691,False
Elwood,u,Southern Metropolitan,2,7.2,696750.0,735250.039787474,706162.107334794,738001.0473195363,False
Elwood,u,Southern Metropolitan,1,7.2,420000.0,356869.56331456034,338789.60787856433,339374.0383396206,False
Elwood,u,Southern Metropolitan,2,7.2,695500.0,573169.1730961263,565406.0402330589,572206.0101063368,False
Epping,h,Northern Metropolitan,3,19.6,540000.0,491570.4363468097,493994.3722357517,560179.2631626433,True
Epping,h,Northern Metropolitan,3,19.6,620000.0,439485.6139683883,440667.41039138613,490216.67129728844,True
Epping,h,Northern Metropolitan,4,19.6,598000.0,636868.2658082837,523106.17699499364,623935.2135302413,True
Epping,h,Northern Metropolitan,4,19.6,650000.0,643356.0246157632,559527.0209447955,648890.5020580688,True
Essendon,u,Western Metropolitan,2,7.5,762000.0,585419.091293882,585902.9310024652,576516.1491530195,False
Essendon,h,Western Metropolitan,3,7.5,1025000.0,1033236.3137963988,1047978.3745122219,1050571.989995172,False
Essendon,h,Western Metropolitan,4,7.5,1360000.0,1006008.508454345,1180091.5721228563,1170138.2165652155,False
Essendon,h,Western Metropolitan,3,7.5,900000.0,897467.9248827136,944641.2181563049,925080.5587455133,False
Essendon,h,Western Metropolitan,3,7.5,1320000.0,1043535.3373298631,1118346.6786383323,1193281.9174943217,False
Essendon,u,Western Metropolitan,3,7.5,786000.0,745088.9972022572,776954.2434019851,755868.7020943115,False
Essendon,h,Western Metropolitan,5,7.5,2210000.0,1653388.0391750857,1776875.7323316997,1889860.2368889875,False
Fairfield,h,Northern Metropolitan,3,5.7,1200000.0,1394691.1515767593,1278476.4037425404,1260065.0117550278,False
Fawkner,h,Northern Metropolitan,3,13.1,700000.0,669749.2364406097,638352.1951587517,606842.6676234484,False
Fawkner,h,Northern Metropolitan,3,13.1,712000.0,598408.3115257078,589761.6543522456,590948.7184155113,False
Fawkner,h,Northern Metropolitan,3,13.1,775000.0,631865.4647672093,661740.4925097561,631043.422044846,False
Fawkner,h,Northern Metropolitan,4,13.1,821000.0,774025.1954944971,795208.977820541,704777.5016251645,False
Ferntree Gully,h,Eastern Metropolitan,3,24.8,663500.0,1227284.8421344212,1076988.682900625,1138887.9447547074,True
Ferntree Gully,h,Eastern Metropolitan,3,24.8,805000.0,1397445.0041503,1182421.989186809,1335633.0180845582,True
Flemington,h,Northern Metropolitan,4,3.4,1290000.0,1559007.9448263862,1515855.1009413947,1507381.345085253,False
Flemington,h,Northern Metropolitan,4,3.4,2268000.0,1886330.7342947507,1913361.9590278806,1803213.854485669,False
Footscray,u,Western Metropolitan,2,5.1,270000.0,344153.36000880355,338320.6480005515,294638.7497013555,False
Footscray,u,Western Metropolitan,3,5.1,605000.0,636119.0956894287,676907.6527095262,668376.7354000089,False
Forest Hill,u,Eastern Metropolitan,3,15.4,764000.0,975540.4163459595,767558.9899075333,815434.6340382204,True
Frankston,h,South-Eastern Metropolitan,3,38.0,700000.0,1085096.2128585004,836672.1594900477,816629.517137718,True
Frankston North,h,Eastern Victoria,3,36.9,452000.0,1145556.8907162647,822275.9240084714,827481.825901089,True
Glen Iris,h,Southern Metropolitan,3,7.3,1890000.0,1779925.608529635,1752575.8460572013,1770684.6967297173,False
Glen Waverley,h,Eastern Metropolitan,4,16.7,1750000.0,1328247.53726272,1069368.496831806,1110200.855695336,True
Glen Waverley,u,Eastern Metropolitan,2,16.7,1100000.0,627617.1332790944,517139.6551932269,567321.4817402954,True
Glenroy,h,Northern Metropolitan,4,11.2,750000.0,776509.2898290337,839830.2009040928,808427.5474328694,False
Glenroy,h,Northern Metropolitan,3,11.2,695000.0,662088.1588077955,672887.4353168731,636822.4042126051,False
Greensborough,h,Northern Metropolitan,3,16.1,817000.0,693061.3163526354,668566.7843003656,615902.8012780168,True
Greensborough,h,Northern Metropolitan,3,16.1,760000.0,748009.8193267441,660951.3642426927,635167.974470659,True
Greenvale,h,Northern Metropolitan,3,20.4,680000.0,554142.6278334312,616199.0693081784,628168.7303335187,True
Greenvale,h,Northern Metropolitan,5,20.4,1170000.0,896425.985123646,1013988.1113877296,901036.96813629,True
Greenvale,h,Northern Metropolitan,5,20.4,830000.0,781043.7737634265,957841.7441517897,909670.2077689529,True
Hadfield,h,Northern Metropolitan,3,11.2,731000.0,653735.5462008378,675874.7654085294,636475.259731235,False
Hadfield,h,Northern Metropolitan,3,11.2,827000.0,723565.7086925516,702910.3891771733,721175.0055619056,False
Hadfield,t,Northern Metropolitan,3,11.2,627000.0,564682.2758994023,571045.7986009184,602047.986535302,False
Hallam,h,South-Eastern Metropolitan,3,32.3,680000.0,1266740.9545080848,1065982.5875608698,1102651.0712675408,True
Hawthorn,u,Southern Metropolitan,3,5.3,690000.0,840408.3509642482,887224.0856797346,851265.3025796766,False
Hawthorn,u,Southern Metropolitan,2,5.3,1022000.0,700870.5998639576,690840.357767826,726417.1406195964,False
Hawthorn,h,Southern Metropolitan,5,5.3,5510000.0,3155859.503070992,3219798.4489253336,3620478.168366208,False
Hawthorn,h,Southern Metropolitan,4,5.3,3335000.0,2398041.526243765,2589187.2174168206,2448490.6422428754,False
Hawthorn,u,Southern Metropolitan,1,5.3,560000.0,391108.5751622438,388463.47624084685,383068.08141121414,False
Hawthorn,u,Southern Metropolitan,3,5.3,970000.0,996055.373471517,1081850.351699378,1032233.2989039967,False
Hawthorn,h,Southern Metropolitan,2,5.3,1790000.0,1757415.506952502,1646410.4307316258,1734289.8196432006,False
Hawthorn,u,Southern Metropolitan,2,5.3,805000.0,601207.9410205928,618077.6644434449,627399.2501301044,False
Hawthorn East,h,Southern Metropolitan,3,6.2,1875000.0,1616946.5813281876,1675201.131541418,1726539.0015489236,False
Hawthorn East,h,Southern Metropolitan,4,6.2,2320000.0,2035939.0759089247,2042118.8484302873,1995505.1868956124,False
Hawthorn East,t,Southern Metropolitan,3,6.2,1465000.0,1587210.9842892827,1496174.6331028077,1744734.3018965228,False
Heathmont,t,Eastern Metropolitan,3,21.3,701000.0,829199.0833665141,739601.3854360422,749823.3394136936,True
Heathmont,h,Eastern Metropolitan,3,21.3,850000.0,1334782.614551684,1260707.3947704819,1328586.0182516235,True
Heidelberg Heights,h,Eastern Metropolitan,3,8.8,885000.0,785710.1706710618,717544.9494490976,747213.9951044333,False
Highett,h,Southern Metropolitan,3,16.0,1190000.0,938408.7829304253,975005.7960128792,937124.8409376098,True
Hillside,h,Western Metropolitan,3,18.0,485000.0,517687.13934369286,443339.91016354965,439014.5724469177,True
Hoppers Crossing,h,Western Metropolitan,3,18.4,530000.0,641283.4712077787,717493.4610547542,749935.0286796236,True
Hoppers Crossing,h,Western Metropolitan,3,18.4,515000.0,590588.5397874018,687215.0909652296,691416.8970341632,True
Hoppers Crossing,h,Western Metropolitan,4,18.4,1305000.0,843195.2369377872,836709.1242314911,858303.5405530627,True
Hoppers Crossing,h,Western Metropolitan,3,18.4,555500.0,661360.943561841,748628.5095988511,720491.9561394968,True
Ivanhoe,h,Eastern Metropolitan,4,7.8,1350000.0,1354069.8455211397,1272169.1144213653,1274124.3338255198,False
Ivanhoe,u,Eastern Metropolitan,3,7.8,910000.0,714536.9730625284,748166.2957174996,811918.7219100603,False
Ivanhoe,h,Eastern Metropolitan,3,7.8,1300000.0,1149117.835556293,1100354.3643100192,1074521.5384274875,False
Ivanhoe East,h,Eastern Metropolitan,3,7.8,2525000.0,1555933.087490615,1794047.0031948627,1648893.9115028766,False
Ivanhoe East,u,Eastern Metropolitan,2,7.8,535000.0,483511.17800658196,541617.6933589388,528458.8851133864,False
Keilor Downs,h,Western Metropolitan,3,15.5,580000.0,598816.4400072027,592830.5658788048,560812.893426193,True
Keilor Park,h,Western Metropolitan,3,10.4,670000.0,833789.5371493654,798530.8736139525,734364.3611638948,False
Kensington,t,Northern Metropolitan,3,3.4,855000.0,1010918.9037832054,1035563.4767562528,941460.001759971,False
Kensington,h,Northern Metropolitan,2,3.4,990000.0,1182817.3295074424,1059711.8323581405,1130115.5477057,False
Kew,u,Southern Metropolitan,2,5.4,630000.0,592337.2012585,700047.2852780384,655176.0729765346,False
Kew,t,Southern Metropolitan,2,5.4,942000.0,770111.9792046639,766549.3707893987,801863.525253596,False
Kew,h,Southern Metropolitan,2,5.4,912500.0,1319877.8529488544,1244280.264907652,1258568.544809425,False
Kew,u,Southern Metropolitan,1,5.4,515000.0,438964.38146446657,455158.2307352201,504599.4584898755,False
Kew,u,Southern Metropolitan,2,5.4,672000.0,647379.883183815,662054.5622264206,681144.9337266571,False
Kew East,h,Southern Metropolitan,4,7.3,2162000.0,2206194.66886441,2312196.411820271,2052638.4128238107,False
Kew East,h,Southern Metropolitan,3,7.3,2260000.0,2388066.1993807727,2346677.6269325307,2196737.8910041577,False
Keysborough,h,South-Eastern Metropolitan,4,25.2,745000.0,1199096.9584068835,953655.424176895,954950.9078802723,True
Kingsbury,h,Northern Metropolitan,4,12.1,800001.0,646572.3321814555,646934.1417921874,642360.264812152,False
Kingsville,h,Western Metropolitan,3,6.4,1180000.0,933433.5357959302,861039.1250911334,868674.5272534204,False
Lalor,h,Northern Metropolitan,3,16.3,521000.0,442300.19484864647,419777.6603586638,485966.4835322061,True
Malvern,t,Southern Metropolitan,2,5.9,910000.0,1170952.8301747057,974600.6851349449,1016749.9900421356,False
Malvern,h,Southern Metropolitan,3,5.9,4900000.0,2393422.41436815,2639649.7346787215,3583910.6093871584,False
Malvern,u,Southern Metropolitan,2,5.9,592000.0,541080.907411487,592854.423688215,572065.3843170976,False
Malvern,u,Southern Metropolitan,1,5.9,455000.0,348934.56387122476,382695.575692549,388684.9159698811,False
Malvern East,h,Southern Metropolitan,3,8.4,2265000.0,1639518.7406045368,1691248.3404862285,1871743.2202495653,False
Malvern East,h,Southern Metropolitan,3,8.4,1780000.0,1779891.6935508605,1919465.9417998798,1928473.1683464523,False
Maribyrnong,u,Western Metropolitan,2,4.3,585000.0,699403.8239920664,620031.9749150744,570983.2420521638,False
Maribyrnong,h,Western Metropolitan,4,4.3,1085000.0,1397025.5900956742,1409356.800317193,1343704.5128485635,False
McKinnon,h,Southern Metropolitan,4,11.4,1680000.0,1601665.8144862899,1470637.9217450535,1530668.7264593923,True
Melton,h,Western Victoria,4,31.7,400000.0,591317.6743155301,588731.4003079572,570787.1325830658,True
Melton South,h,Western Victoria,4,29.8,355000.0,676825.1422181997,638836.8351287245,582011.9907850979,True
Melton West,h,Northern Victoria,5,31.7,355000.0,598951.5586707009,552163.2456050152,582262.6332648441,True
Mentone,t,South-Eastern Metropolitan,3,20.0,815000.0,799352.488600151,800168.5539912769,783520.573114158,True
Mentone,t,South-Eastern Metropolitan,2,20.0,800000.0,675742.2812318018,510919.84643083,536731.5920354672,True
Mentone,h,South-Eastern Metropolitan,3,20.0,885000.0,887289.4927828909,873379.5424271189,876262.670947573,True
Middle Park,h,Southern Metropolitan,3,3.0,2010000.0,1852102.8680459275,2042631.8471441483,1919875.3604561633,False
Middle Park,h,Southern Metropolitan,6,3.0,5600000.0,3541051.064220356,4076743.962327209,3711425.306550923,False
Middle Park,h,Southern Metropolitan,3,3.0,1850000.0,2339846.472138103,2066915.2059505654,2372887.098922143,False
Mill Park,h,Northern Metropolitan,3,17.9,663500.0,891977.0524740453,675195.2803232012,715155.4432703068,True
Mill Park,h,Northern Metropolitan,4,17.9,732000.0,903577.2672436078,729224.2930729494,725704.275504859,True
Mill Park,h,Northern Metropolitan,4,17.9,720000.0,877764.7883985328,691390.8246198762,733335.726112465,True
Mill Park,h,Northern Metropolitan,3,17.9,556500.0,477231.485349186,461061.07783710386,573308.7492030646,True
Montmorency,u,Eastern Metropolitan,3,16.2,569000.0,551937.513576159,573810.5789099209,562020.2355338669,True
Moonee Ponds,h,Western Metropolitan,3,6.2,1850000.0,1455908.5898813617,1404624.2390650532,1481641.922813383,False
Moonee Ponds,h,Western Metropolitan,2,6.2,1090000.0,959276.2615476475,863149.67010818,874986.03488326,False
Moonee Ponds,h,Western Metropolitan,2,6.2,760000.0,822738.1204468813,710985.6342677743,756190.8298575807,False
Moorabbin,h,Southern Metropolitan,3,14.3,1090500.0,918452.8380357296,953790.8069479074,896532.380336924,False
Mooroolbark,h,Eastern Victoria,5,26.5,872000.0,1430915.4088922972,1306504.215488912,1222754.4182564754,True
Mooroolbark,h,Eastern Victoria,3,26.5,730000.0,1184906.0883111933,1079034.056676784,970262.355924212,True
Mordialloc,u,South-Eastern Metropolitan,1,21.5,519000.0,327333.9811856469,274752.63258294214,312397.8433710734,True
Mordialloc,t,South-Eastern Metropolitan,4,21.5,1170000.0,849283.4647536629,896366.1990858859,893983.359131459,True
Mount Waverley,u,Eastern Metropolitan,2,14.2,720000.0,596428.1258405687,484419.7477711497,532712.2930310454,True
Mount Waverley,u,Eastern Metropolitan,2,14.2,572000.0,588337.0175854977,480677.7180183912,523269.5456991027,True
Mount Waverley,h,Eastern Metropolitan,3,14.2,1640000.0,1283739.98453023,1005953.7186963244,1030899.3267472524,True
Mount Waverley,t,Eastern Metropolitan,3,14.2,1011000.0,929847.0016942053,770448.9587126726,840534.8590724303,True
Mount Waverley,h,Eastern Metropolitan,5,14.2,1450000.0,1405601.4319101905,1270349.035672219,1255122.701722743,True
Mulgrave,h,South-Eastern Metropolitan,3,18.8,880000.0,1156485.6128523056,939888.8069064729,871923.1149331438,True
Murrumbeena,h,Southern Metropolitan,3,10.1,1256000.0,1364509.9460107884,1437595.607396685,1404555.602635346,False
Murrumbeena,u,Southern Metropolitan,1,10.1,330000.0,313526.1551357353,315338.19483182183,353789.5707875517,False
Murrumbeena,u,Southern Metropolitan,2,10.1,670000.0,587867.3444499922,571136.1029886097,580872.7253515184,False
Murrumbeena,u,Southern Metropolitan,2,10.1,602000.0,699539.1301596327,615196.9331308699,581850.6447110118,False
Niddrie,h,Western Metropolitan,4,10.4,1337000.0,1179635.558528381,1284828.5714211296,1196904.0151592223,False
North Melbourne,h,Northern Metropolitan,2,1.8,970000.0,899356.3636778729,837967.345324966,868945.3117209602,False
Northcote,h,Northern Metropolitan,3,5.3,1232000.0,1284428.3601422329,1244595.1750296901,1263581.991121858,False
Nunawading,t,Eastern Metropolitan,4,15.4,950000.0,1084360.864362275,1028248.4929544138,896409.2769266426,True
Oak Park,u,Northern Metropolitan,2,11.2,460000.0,455480.63109920535,453158.7617030673,454848.78931739385,False
Oak Park,h,Northern Metropolitan,4,11.2,1138000.0,930117.6735090694,915712.3939759886,929483.5470002734,False
Oakleigh,h,Southern Metropolitan,4,12.3,1410000.0,1372592.214659438,1269400.0970207644,1235648.961992947,False
Oakleigh,h,Southern Metropolitan,3,12.3,1245000.0,1086140.5926631389,1120017.3510907462,1141594.4341807724,False
Oakleigh East,h,Southern Metropolitan,2,12.3,1114000.0,1207717.2615699437,1008675.2214993734,1010423.0892464748,True
Oakleigh East,u,Southern Metropolitan,3,12.3,740000.0,731894.9108464643,596997.3598230969,687408.7709904705,True
Oakleigh South,h,South-Eastern Metropolitan,4,15.5,1120000.0,904831.9675264949,989467.3335241629,900434.1339939499,False
Oakleigh South,h,South-Eastern Metropolitan,3,15.5,945000.0,980628.6793305008,987573.4690870455,984241.1211108856,False
Ormond,u,Southern Metropolitan,1,11.4,280000.0,291812.37198545615,321520.72354627773,333663.9167598703,False
Ormond,u,Southern Metropolitan,2,11.4,485000.0,503096.7810277703,509244.5278219023,538146.0193471374,False
Parkdale,h,South-Eastern Metropolitan,3,21.5,1315000.0,1087894.4563375702,872407.5798425068,928810.3007425385,True
Parkville,u,Northern Metropolitan,3,1.8,1770000.0,709834.3890049855,935191.7427853723,903842.7990374186,False
Pascoe Vale,u,Northern Metropolitan,3,8.5,630000.0,535346.0893475958,622238.8666336949,560629.1878878524,False
Port Melbourne,u,Southern Metropolitan,3,3.5,1725000.0,1600553.7245257045,1466713.8504246096,1558026.8170016871,False
Port Melbourne,h,Southern Metropolitan,3,3.5,1325000.0,1443153.0046103084,1529690.1959742622,1503347.4458901582,False
Port Melbourne,u,Southern Metropolitan,2,3.5,625000.0,665739.2711011294,691907.0334532429,625933.8578538148,False
Port Melbourne,u,Southern Metropolitan,2,3.5,665000.0,630758.9238446814,651224.1354322397,637700.2414374015,False
Prahran,h,Southern Metropolitan,3,4.6,1400000.0,1601282.0336186416,1453129.1364237273,1403557.7583556166,False
Preston,h,Northern Metropolitan,3,8.4,850000.0,716087.0853719342,748001.7843656918,726555.0087454917,False
Preston,h,Northern Metropolitan,5,8.4,1400000.0,1026066.285130982,1044845.351143306,1028995.6749146838,False
Preston,h,Northern Metropolitan,3,8.4,930000.0,843502.563058831,802036.9937768171,785533.4627286345,False
Preston,h,Northern Metropolitan,4,8.4,830000.0,1099852.747734444,916095.9193926502,828344.5299842298,False
Preston,h,Northern Metropolitan,3,8.4,881000.0,935229.8857069425,888215.8566076288,937164.6646783558,False
Preston,u,Northern Metropolitan,3,8.4,660000.0,632568.4842144435,586775.3867386328,554860.2720248997,False
Preston,h,Northern Metropolitan,3,8.4,945000.0,856954.9442122292,910291.1556813961,901121.779689028,False
Preston,h,Northern Metropolitan,3,8.4,1210000.0,1103113.2748809375,1116770.888686044,1185270.9792171211,False
Preston,h,Northern Metropolitan,3,8.4,970000.0,847276.1874271057,872545.9819056162,870404.1940889744,False
Preston,u,Northern Metropolitan,2,8.4,465000.0,451302.3265128101,411823.3812298798,383120.41592116887,False
Preston,h,Northern Metropolitan,3,8.4,725000.0,679031.8442707225,768916.7256870166,712630.5274978512,False
Preston,h,Northern Metropolitan,3,8.4,990000.0,973763.9700576841,905842.7202900704,954542.4002033566,False
Preston,h,Northern Metropolitan,3,8.4,972500.0,874452.425130015,890543.4416128817,929096.6162288174,False
Preston,h,Northern Metropolitan,3,8.4,955000.0,758646.7618906354,794150.1709448582,786819.1628973159,False
Princes Hill,h,Northern Metropolitan,3,3.5,1900000.0,1541901.8009786312,1464656.5142376663,1358311.8557768727,False
Reservoir,h,Northern Metropolitan,4,12.0,1100000.0,868640.4069728564,900374.9609107723,920828.0272275043,False
Reservoir,h,Northern Metropolitan,5,12.0,1266000.0,889962.4273208108,818928.3741096186,933152.0519593039,False
Reservoir,h,Northern Metropolitan,3,12.0,1040000.0,753440.644111627,746396.6877206761,753611.6162417993,False
Reservoir,h,Northern Metropolitan,2,12.0,888000.0,675269.6522630759,721844.0648988775,711610.9945521039,False
Reservoir,t,Northern Metropolitan,2,12.0,521000.0,470325.36425480334,439260.6583562219,444227.3238778242,False
Reservoir,h,Northern Metropolitan,3,12.0,857700.0,597924.8700783496,682263.6814446658,710839.6620652918,False
Reservoir,t,Northern Metropolitan,3,12.0,642500.0,544458.8224262906,558674.8724797529,600386.404526245,False
Richmond,h,Northern Metropolitan,3,2.4,1676000.0,1427993.9905541742,1454146.093625311,1525477.1497278675,False
Richmond,h,Northern Metropolitan,4,2.4,1400000.0,1387927.9639382928,1484094.882359875,1419105.2763161084,False
Richmond,h,Northern Metropolitan,3,2.4,1301000.0,1210920.6437569482,1173032.2141144024,1206541.0651022808,False
Richmond,u,Northern Metropolitan,2,2.4,575000.0,583698.9134781349,633371.9257246734,664423.3244274609,False
Ringwood,u,Eastern Metropolitan,3,19.9,766000.0,668332.7905777991,766555.880969067,662059.7918482429,True
Ringwood East,h,Eastern Metropolitan,4,21.3,910000.0,1431527.6020980026,1323042.0896644632,1344243.1952902963,True
Ringwood East,h,Eastern Metropolitan,4,21.3,1200000.0,1513568.4679372355,1423220.890273302,1481256.2405548682,True
Rosanna,u,Eastern Metropolitan,2,8.9,675000.0,583739.2759371239,544447.86041455,558203.4884658925,False
Rowville,h,South-Eastern Metropolitan,3,23.5,622000.0,935355.2528161218,695484.2683229491,763966.7667525366,True
Roxburgh Park,h,Northern Metropolitan,3,20.6,425000.0,484780.34228552354,462632.8447019775,474857.9734809951,True
Sandringham,t,Southern Metropolitan,4,15.2,2300000.0,1599914.301861651,1193429.7982659088,1292860.1598747848,True
Sandringham,h,Southern Metropolitan,3,15.2,1710000.0,1090557.2369716933,1197430.1997616258,942248.235567187,True
Sandringham,t,Southern Metropolitan,4,15.2,2221000.0,1642469.6064293152,1353214.6135426133,1699252.5772994515,True
Seabrook,h,Western Metropolitan,3,15.5,515000.0,601873.6996857127,634042.7524646567,633902.4562460313,True
Seaford,h,South-Eastern Metropolitan,3,35.4,540000.0,1141525.0303251692,887898.6134189714,891894.6390330092,True
Seaholme,h,Western Metropolitan,3,11.0,1360000.0,928235.822261726,995279.3332713771,919891.6670416642,False
Seddon,h,Western Metropolitan,3,5.1,1180000.0,978841.5563181804,996010.42211487,1076883.7837446823,False
South Kingsville,h,Western Metropolitan,3,6.2,790000.0,884540.3355093466,904510.379892446,945891.9097042679,False
South Melbourne,u,Southern Metropolitan,2,1.9,805000.0,992998.4653479788,965186.7413752879,1041622.9463571209,False
South Melbourne,u,Southern Metropolitan,2,1.9,530000.0,510943.68840787216,488871.2736330764,482995.7438582799,False
South Morang,h,Northern Metropolitan,4,20.5,915000.0,948473.397601654,859105.4695799709,874366.479963102,True
South Morang,h,Northern Metropolitan,3,20.5,644000.0,707129.2787892977,587867.1261710282,668856.4044511289,True
South Morang,h,Northern Metropolitan,5,20.5,905000.0,964092.4247729661,916898.6147202185,874055.8570232487,True
South Yarra,u,Southern Metropolitan,2,2.7,800000.0,640700.9682933502,677593.8905671312,657382.4579292303,False
South Yarra,h,Southern Metropolitan,2,2.7,2210000.0,1505307.8453194692,1798375.2287452258,1769979.285095345,False
South Yarra,h,Southern Metropolitan,3,2.7,1400000.0,1372863.8603581106,1362115.006987506,1241693.4798728044,False
South Yarra,u,Southern Metropolitan,3,2.7,805000.0,849129.3424525692,842210.9705059503,795687.2081037499,False
South Yarra,u,Southern Metropolitan,3,2.7,2400000.0,966944.8721046215,985370.9877563216,988822.127342448,False
South Yarra,u,Southern Metropolitan,2,2.7,535000.0,482073.4443414843,535001.6684171587,502165.7479038055,False
Southbank,u,Southern Metropolitan,1,0.7,422000.0,525688.3239612683,458626.0789140258,460788.5567507864,False
Southbank,u,Southern Metropolitan,2,0.7,590000.0,619745.2065290506,630762.5586946721,663319.9285108274,False
St Kilda,u,Southern Metropolitan,2,5.0,586500.0,614615.2006230731,550895.8240001118,534231.4481417933,False
St Kilda,u,Southern Metropolitan,1,5.0,451000.0,432729.70569196634,409852.766236509,396142.8765514653,False
Strathmore,h,Western Metropolitan,5,8.2,1780000.0,1292919.1715374028,1460571.4402711573,1568043.9507669352,False
Strathmore,h,Western Metropolitan,2,8.2,790000.0,626334.4306956341,729947.3742399892,743337.5134232291,False
Sunbury,h,Western Metropolitan,3,31.7,455000.0,523494.8461410304,482690.6103070944,541827.2492458085,True
Sunbury,h,Western Metropolitan,3,31.7,410000.0,488479.7176712298,415936.2317938908,455499.26261418377,True
Sunshine,h,Western Metropolitan,3,10.5,775000.0,727054.4816930926,789549.7621567899,786645.4623932,False
Sunshine North,h,Western Metropolitan,3,10.5,690500.0,746189.0514142407,738529.9677997116,783058.2033077992,False
Sunshine West,h,Western Metropolitan,3,10.5,520000.0,646070.1180596007,603511.6682012181,565608.2320085784,False
Surrey Hills,u,Southern Metropolitan,2,10.2,740000.0,662820.0044113789,563431.3248855046,556195.3660578115,False
Taylors Hill,h,Western Metropolitan,3,18.0,680000.0,695282.2390408942,642363.047377088,655776.738792682,True
Taylors Lakes,h,Western Metropolitan,3,15.5,790500.0,642848.5808098147,588464.5920978715,591116.1803369428,True
Taylors Lakes,h,Western Metropolitan,3,15.5,695000.0,559283.9953413772,513343.8100040258,503640.6644026795,True
Taylors Lakes,h,Western Metropolitan,5,15.5,805000.0,661249.6692344535,594357.2774251133,603748.4908556517,True
Templestowe,h,Eastern Metropolitan,3,15.5,1350000.0,1126634.607198776,1140764.2534285213,1077113.103974602,True
Templestowe Lower,t,Eastern Metropolitan,4,12.4,1010000.0,1182556.6691552494,987989.3266483129,1027746.2408590502,False
Thomastown,h,Northern Metropolitan,3,15.3,580000.0,422046.3982588373,432723.7305089159,453433.9135289507,True
Thomastown,h,Northern Metropolitan,4,15.3,653000.0,586148.9211169091,522986.0294076961,583069.8772475655,True
Thomastown,h,Northern Metropolitan,3,15.3,740000.0,508505.1635806536,528850.8959781525,541798.051547194,True
Thornbury,u,Northern Metropolitan,2,7.0,493000.0,452239.6049086457,447857.61916470854,441550.15167588205,False
Thornbury,h,Northern Metropolitan,3,7.0,1240000.0,1125465.9638386546,1072861.6209513335,1079354.0216947736,False
Thornbury,h,Northern Metropolitan,2,7.0,1010000.0,954100.3155627712,772661.2245371295,786021.525871991,False
Thornbury,h,Northern Metropolitan,4,7.0,1626000.0,1126215.398486998,1235544.7891279163,1177687.5271470651,False
Toorak,u,Southern Metropolitan,1,4.1,550000.0,460306.0951889284,401282.90332584345,447736.93299612904,False
Toorak,u,Southern Metropolitan,3,4.1,2000000.0,1190985.08355966,1266998.4849885418,1348807.1442922305,False
Toorak,u,Southern Metropolitan,2,4.1,751000.0,599784.1378006084,639344.7306236792,651307.714364434,False
Toorak,u,Southern Metropolitan,2,4.1,682000.0,540036.0794982178,595136.9608544527,617556.8850344253,False
Tullamarine,t,Western Metropolitan,2,12.9,355000.0,407436.2861210972,345339.0841941204,361934.8404413284,True
Vermont,h,Eastern Metropolitan,4,17.2,1270000.0,1281275.7872882087,1139248.7465007433,1149104.5752010234,True
Vermont,t,Eastern Metropolitan,4,17.2,975000.0,940175.7054588171,903390.8371416923,1033950.9696341795,True
Vermont,t,Eastern Metropolitan,3,17.2,820000.0,939071.642258022,846798.5676433773,895051.188694993,True
Vermont South,u,Eastern Metropolitan,3,17.2,750000.0,802942.4515260571,659753.597572634,744950.3683433421,True
Wantirna,h,Eastern Metropolitan,2,14.7,1280000.0,1446199.0488435389,937351.0061453395,1001630.4101263983,True
Warrandyte,h,Eastern Metropolitan,3,21.1,1200000.0,1487726.9676447164,1090019.9951746317,1109567.9338090797,True
Watsonia North,h,Northern Metropolitan,3,14.5,655000.0,649194.1538081975,584321.4922405435,636147.4146754479,True
Werribee,h,Western Metropolitan,3,14.7,531000.0,894401.327621598,883616.9156346032,977996.2305550005,True
Werribee,h,Western Metropolitan,3,14.7,490000.0,911908.7947246913,1073409.550044897,957474.386621839,True
Werribee,h,Western Metropolitan,3,14.7,472000.0,815930.5243302587,746839.323861766,745192.7386731829,True
Werribee,h,Western Metropolitan,3,14.7,467000.0,589435.4979960675,658254.1626649415,600864.147046442,True
Werribee,u,Western Metropolitan,2,14.7,302500.0,565844.5727676693,568166.621897351,594944.1999798776,True
Werribee,h,Western Metropolitan,5,14.7,750000.0,918038.9703129925,1065605.0356900287,1047933.448293295,True
Werribee,h,Western Metropolitan,3,14.7,390000.0,595166.62715051,653919.5969070945,658612.8747969613,True
West Footscray,h,Western Metropolitan,3,6.4,1155000.0,961650.2700394776,921945.1553248831,912129.1498119605,False
West Footscray,u,Western Metropolitan,2,6.4,480000.0,474349.8996350386,492744.39882675296,455787.16858973325,False
West Footscray,h,Western Metropolitan,3,6.4,1100000.0,935668.7636659322,936957.2639082579,993976.3865254677,False
West Melbourne,u,Northern Metropolitan,2,3.1,792000.0,569016.8124331645,662299.0465553894,631324.8424685441,False
Westmeadows,h,Northern Metropolitan,3,16.5,540000.0,419544.3227426247,429261.5488722808,460470.86365833937,True
Wheelers Hill,h,South-Eastern Metropolitan,4,16.7,1171000.0,1319068.3427121611,1141161.9586890014,1216456.8007604552,True
Wheelers Hill,h,South-Eastern Metropolitan,3,16.7,1408000.0,1147469.5400379717,997094.7789897026,1011066.0061985413,True
Williamstown,h,Western Metropolitan,3,6.8,1494000.0,1033204.8796285581,1115039.205648544,1125465.257802303,False
Williamstown,h,Western Metropolitan,5,6.8,2760000.0,1799129.3464278732,1801975.2559482267,1910693.5089538358,False
Williamstown,h,Western Metropolitan,3,6.8,1285000.0,1077968.7092854874,1258231.3560612462,1196931.928451534,False
Williamstown,h,Western Metropolitan,4,6.8,1900000.0,1621035.5410138026,1635966.789659713,1735130.090890746,False
Williamstown,h,Western Metropolitan,3,6.8,950000.0,925469.4376260247,1010607.7723318499,1007856.676231212,False
Yallambie,h,Northern Metropolitan,5,12.7,1670000.0,994595.7833282244,1132330.1486098613,1121309.0200898158,False
Yarraville,h,Western Metropolitan,2,6.3,950000.0,796346.5488452879,746209.0121608101,795539.5866991397,False
Yarraville,h,Western Metropolitan,3,6.3,1225000.0,969983.4543987584,925378.7623069934,966888.2198046145,False
Abbotsford,u,Northern Metropolitan,2,3.0,480000.0,537119.3983311281,572527.4914238367,553981.9452578916,False
Abbotsford,u,Northern Metropolitan,2,3.0,750000.0,544691.717961792,525944.1011680128,525849.3724842814,False
Airport West,t,Western Metropolitan,3,10.4,730000.0,650195.975277585,734686.1882294408,683881.9538627317,False
Albion,h,Western Metropolitan,4,10.5,820000.0,753629.0092770067,807910.9926849182,766477.1378108838,False
Alphington,h,Northern Metropolitan,3,5.7,1650000.0,1414781.2842815535,1444434.0032299184,1341895.1429349687,False
Alphington,h,Northern Metropolitan,4,5.7,2750000.0,1772602.3637814356,2062124.4558053918,1855527.8759749134,False
Altona,h,Western Metropolitan,3,11.0,853000.0,663564.6914475207,765796.1129255195,723878.340601518,False
Altona,u,Western Metropolitan,3,11.0,670000.0,665359.5997156859,601032.0580806262,608485.3147037664,False
Altona,t,Western Metropolitan,3,11.0,765000.0,605104.6032487835,728233.3694117991,662232.32760698,False
Altona Meadows,h,Western Metropolitan,3,15.5,820000.0,633553.3124489672,703260.7984238231,682218.0017284094,True
Altona North,h,Western Metropolitan,3,9.4,870000.0,843423.6734632007,808898.0587733431,806697.6665113288,False
Armadale,u,Southern Metropolitan,2,6.3,595000.0,598879.6669278713,623714.6619987402,591384.7602833081,False
Armadale,h,Southern Metropolitan,4,6.3,3200000.0,3225774.495098886,3801414.4645552165,3712774.7181801815,False
Armadale,h,Southern Metropolitan,2,6.3,1550000.0,1228173.9633281815,1180140.6063978334,1246924.7375178034,False
Ascot Vale,h,Western Metropolitan,4,4.3,1750000.0,1535719.7673060491,1655542.7864947147,1486364.8132216162,False
Ascot Vale,h,Western Metropolitan,4,4.3,1400000.0,1327948.2907975432,1309259.836696616,1215122.658897787,False
Ascot Vale,h,Western Metropolitan,3,4.3,1230000.0,1120580.3704287296,1223842.367202749,1225140.9625082968,False
Ashburton,h,Southern Metropolitan,4,10.2,2170000.0,2008864.9793577162,2115845.1773457685,2010741.9681197137,False
Ashwood,h,Southern Metropolitan,4,10.2,1680000.0,1792399.6607367734,1972398.5182765415,1772949.858028323,False
Ashwood,h,Southern Metropolitan,3,10.2,1650000.0,1636787.2536601753,1708670.6129037004,1534652.2234738783,False
Ashwood,h,Southern Metropolitan,3,10.2,860000.0,1133639.864512537,1160048.674682226,1025919.4858360965,False
Avondale Heights,h,Western Metropolitan,2,9.5,1085000.0,1014609.7430113108,905359.9653085787,991909.5767875246,False
Avondale Heights,h,Western Metropolitan,3,9.5,750000.0,691877.9297232428,641579.9277871229,580728.1777272623,False
Balwyn,h,Southern Metropolitan,3,7.9,2380000.0,2196315.551237311,2383514.0564012653,2387169.118064038,False
Balwyn,h,Southern Metropolitan,1,7.9,2100000.0,1185597.6399965503,1095065.0839937893,1050747.8789892134,False
Balwyn,h,Southern Metropolitan,4,7.9,3050000.0,2528686.3978395537,2957476.945662816,3062762.7036966267,False
Balwyn North,t,Southern Metropolitan,3,9.7,1557000.0,1350018.2431676025,1304094.6872830095,1303947.8801799843,False
Balwyn North,u,Southern Metropolitan,3,9.7,1420000.0,928351.4330096401,926751.7312892927,903914.1353517183,False
Balwyn North,h,Southern Metropolitan,4,9.7,2444000.0,2289120.047923009,2329646.3317152737,2225615.8684712136,False
Balwyn North,h,Southern Metropolitan,4,9.7,2050000.0,2068610.6477937077,1899055.285349206,1928090.3548228014,False
Balwyn North,h,Southern Metropolitan,4,9.7,1926000.0,1628141.6563947403,1883759.4427078736,1733654.857992363,False
Balwyn North,h,Southern Metropolitan,3,9.7,1490000.0,1684984.4339284564,1691509.5570204547,1591800.3445793155,False
Bayswater,u,Eastern Metropolitan,2,23.2,520000.0,576689.4717029927,525831.0185271701,545040.8941560931,True
Bayswater,h,Eastern Metropolitan,4,23.2,925000.0,1416481.7197661835,1325618.99385397,1361309.9933780665,True
Bayswater North,h,Eastern Metropolitan,3,23.2,616000.0,1169937.4636789944,1095475.396308185,1044933.563508802,True
Bentleigh,h,Southern Metropolitan,4,11.4,2700000.0,1584061.4677208685,1859404.0869727533,1741255.7289597346,False
Bentleigh,h,Southern Metropolitan,3,11.4,1116000.0,1013640.9881128484,1132896.7713360698,1030483.205125613,False
Bentleigh,h,Southern Metropolitan,3,11.4,1573000.0,1468855.5171491434,1355176.7595204918,1346126.4092449597,False
Bentleigh East,h,Southern Metropolitan,3,13.8,1316000.0,1187146.1735002317,1109141.0454428995,1104877.2502037492,False
Bentleigh East,h,Southern Metropolitan,3,13.8,1617000.0,1306474.3030077526,1220744.7745787436,1370694.1633449134,False
Bentleigh East,t,Southern Metropolitan,3,13.8,950000.0,769222.0827535171,840476.4603240868,761412.2315916871,False
Bentleigh East,h,Southern Metropolitan,3,13.8,1525000.0,1033025.7526784048,1085870.8076971315,1110747.1084939705,False
Bentleigh East,h,Southern Metropolitan,4,13.8,1330000.0,1217605.6297899063,1075170.3248198703,1084960.6209603045,False
Bentleigh East,t,Southern Metropolitan,3,13.8,850000.0,753914.1255625256,693029.7060059048,701069.7915089593,False
Bentleigh East,h,Southern Metropolitan,3,13.8,1228000.0,1155497.421137193,1115540.1821950127,1184403.8809390848,False
Berwick,h,Eastern Victoria,4,35.2,608500.0,1127675.888394136,952809.3764910834,918402.5777279967,True
Black Rock,u,Southern Metropolitan,2,17.3,879000.0,635696.2435727596,560957.3367293493,597480.9037082726,True
Blackburn,h,Eastern Metropolitan,3,13.4,1112000.0,1220309.2828449633,1075415.5240826155,1071784.5545545898,True
Blackburn,h,Eastern Metropolitan,2,13.4,1425000.0,1202697.709916743,1065319.6712941309,1021716.3702775534,True
Blackburn North,h,Eastern Metropolitan,3,13.4,1001000.0,1341083.8261797405,1170913.6416234123,1178260.057888656,True
Blackburn North,h,Eastern Metropolitan,4,13.4,1280000.0,1622702.9317032956,1476031.131147992,1457277.846434739,True
Blackburn South,h,Eastern Metropolitan,3,13.4,1300000.0,1293787.886733331,1183032.7982649847,1232386.030838125,True
Blackburn South,u,Eastern Metropolitan,2,13.4,725000.0,840988.9545273707,694860.4933689608,707381.4870926902,True
Briar Hill,h,Eastern Metropolitan,2,16.1,710500.0,708309.40577134,607515.2453122342,585516.5196905417,True
Brighton,u,Southern Metropolitan,2,10.5,855000.0,632476.4500892066,585460.1564308326,623804.7310509058,False
Brighton,h,Southern Metropolitan,3,10.5,2020000.0,1771084.7888266982,1802335.162382719,1852405.8509031644,False
Brighton,u,Southern Metropolitan,3,10.5,1410000.0,1280563.2020795685,1245514.4393928174,1097582.3918465083,False
Brighton East,h,Southern Metropolitan,4,10.3,2100000.0,2066705.3094226439,2274535.2896074825,2196257.158027424,False
Brighton East,h,Southern Metropolitan,2,10.3,1410000.0,1621742.1154854866,1396432.426936497,1379754.3012419164,False
Brighton East,t,Southern Metropolitan,4,10.3,1620000.0,2251782.9192983713,1468295.3145329105,1408589.1258197497,False
Broadmeadows,u,Northern Metropolitan,2,14.0,310000.0,423910.9099164422,354192.0597184379,384930.35869559104,True
Broadmeadows,h,Northern Metropolitan,3,14.0,374000.0,543775.4123381355,544115.0862313164,545126.008904744,True
Brunswick,u,Northern Metropolitan,2,5.2,510000.0,479347.1355861403,402864.1277327597,469227.20071366435,False
Brunswick,h,Northern Metropolitan,3,5.2,1925000.0,1483560.6329647459,1588810.3775331667,1854857.4971904447,False
Brunswick,h,Northern Metropolitan,2,5.2,890000.0,810892.9316317086,734890.5464553178,773003.5734528758,False
Brunswick,h,Northern Metropolitan,4,5.2,1500000.0,1405421.1521189103,1258370.7083366597,1213892.9443902443,False
Brunswick,h,Northern Metropolitan,3,5.2,950000.0,946772.0921971694,928154.4713280231,821315.068148754,False
Brunswick West,u,Northern Metropolitan,1,5.2,312000.0,303743.84040208306,376535.4157890617,337128.40889289137,False
Brunswick West,h,Northern Metropolitan,3,5.2,1010000.0,1206446.939009877,1352711.735559997,1386054.8460314802,False
Brunswick West,u,Northern Metropolitan,3,5.2,763000.0,597942.3277673653,652195.3744179854,615768.1416893523,False
Bulleen,h,Eastern Metropolitan,3,10.8,1100000.0,1136619.3399182395,1220796.4669153225,1271435.3398461677,False
Bundoora,h,Northern Metropolitan,3,12.1,687000.0,777128.0276384187,638846.0058231334,670377.3242163374,True
Bundoora,h,Northern Metropolitan,3,12.1,680000.0,706388.0263602326,525151.6025759076,568339.9934152663,True
Bundoora,h,Northern Metropolitan,4,12.1,755000.0,788992.2481771631,630276.44559663,683501.9323136125,True
Burnley,h,Northern Metropolitan,3,2.4,1100000.0,1899813.5142085077,1691941.0135917084,1993462.0456040932,False
Burwood,t,Southern Metropolitan,3,10.4,918000.0,1119403.6345208252,974205.022001191,1118059.3043150885,False
Burwood East,h,Eastern Metropolitan,5,14.7,1523500.0,1252121.3260147718,1104557.7767792465,1109612.8153098137,True
Burwood East,h,Eastern Metropolitan,3,14.7,968000.0,1143460.7592708676,965095.5387822195,1019674.9872036772,True
Burwood East,h,Eastern Metropolitan,4,14.7,1580000.0,1373726.1999244916,1275767.154269587,1224932.6022353068,True
Camberwell,t,Southern Metropolitan,2,7.7,795000.0,799998.1599451471,902374.2271736729,876359.7605718779,False
Camberwell,h,Southern Metropolitan,3,7.7,1775000.0,1930250.4281189966,1805054.6565075337,1980430.389421491,False
Camberwell,h,Southern Metropolitan,5,7.7,2361000.0,2673441.893720931,2786292.629601264,2963895.9525821614,False
Camberwell,u,Southern Metropolitan,4,7.7,1900000.0,993513.0763497639,1309797.4257950725,1224921.4399886418,False
Carlton North,h,Northern Metropolitan,3,3.5,1840000.0,1389580.9749378804,1418707.5775159989,1413820.4809392232,False
Carnegie,h,Southern Metropolitan,2,10.1,920000.0,1292128.1679777526,1117590.493092683,1141929.967572682,False
Carnegie,h,Southern Metropolitan,3,10.1,1550000.0,1535407.4205582198,1502269.396234835,1431007.700128239,False
Carrum Downs,h,South-Eastern Metropolitan,3,34.9,500000.0,1052800.8958151476,838129.7254743748,870659.9550354063,True
Carrum Downs,h,South-Eastern Metropolitan,3,34.9,561000.0,1217985.5626582757,1020811.2390297625,1074267.2361791139,True
Caulfield South,u,Southern Metropolitan,1,8.7,295000.0,374314.27194049454,374792.2988789661,365186.4146639472,False
Caulfield South,t,Southern Metropolitan,3,8.7,1237000.0,1036758.5279234356,1103919.9832340435,981449.7466358333,False
Chadstone,h,Southern Metropolitan,3,11.7,740000.0,761633.13394436,742882.6371426567,658242.7758732922,False
Cheltenham,h,Southern Metropolitan,4,17.9,1120000.0,1264907.5209856697,1294073.1111006616,1234818.6627248002,True
Cheltenham,h,Southern Metropolitan,3,17.9,1051000.0,923515.3285510244,916220.8582182152,826816.5637233928,True
Cheltenham,h,Southern Metropolitan,3,17.9,1170000.0,1014063.3352532537,1025273.0858124505,1001340.9539169226,True
Cheltenham,t,Southern Metropolitan,3,17.9,861000.0,891522.9840281395,937655.6247647206,953166.9517047061,True
Cheltenham,u,Southern Metropolitan,2,17.9,535000.0,731457.7371937629,633907.0054459275,699456.807610408,True
Clayton,h,South-Eastern Metropolitan,6,16.7,1361000.0,1301460.1980558774,1169934.1947224988,1022069.3698380918,True
Clayton,h,South-Eastern Metropolitan,3,16.7,1462000.0,1288127.1089307861,1020762.5475042184,1149842.650157087,True
Clayton South,h,South-Eastern Metropolitan,3,17.5,745000.0,809394.748502685,683195.4407245218,741851.637937541,True
Coburg,h,Northern Metropolitan,3,6.7,1100000.0,988679.1945446086,933034.9615512359,991467.4857433224,False
Craigieburn,h,Northern Metropolitan,3,20.6,365000.0,438333.9310651486,397211.34047687426,431727.12720421486,True
Craigieburn,h,Northern Metropolitan,4,20.6,600000.0,677027.7321764645,579077.5418525243,689544.9368827976,True
Croydon,h,Eastern Metropolitan,3,23.0,567000.0,1026453.0669026814,927363.9381746235,901923.2709516701,True
Croydon,h,Eastern Metropolitan,3,23.0,862000.0,1310860.7172608853,1260383.5248762164,1243357.1908295697,True
Croydon North,h,Eastern Metropolitan,4,23.0,820000.0,1359260.8224712815,1413471.481540026,1293039.175634316,True
Croydon North,h,Eastern Metropolitan,6,23.0,1350000.0,1668364.924785661,1630655.465735211,1489628.9910307366,True
Croydon North,h,Eastern Metropolitan,4,23.0,859000.0,1186201.1555258872,1158456.7862160022,1087671.5735178879,True
Dandenong,h,South-Eastern Metropolitan,4,24.7,1071500.0,1293339.9855162557,1072620.569088939,1229595.6604232509,True
Dandenong North,h,South-Eastern Metropolitan,4,24.7,750000.0,1225130.975281814,921117.1107684198,973651.8954471633,True
Dingley Village,h,South-Eastern Metropolitan,4,22.2,1100000.0,1391412.0721992864,1252147.5896456512,1315032.5547862097,True
Dingley Village,h,South-Eastern Metropolitan,3,22.2,980000.0,1142926.525801952,999322.5551905277,1020426.8666778232,True
Doncaster,t,Eastern Metropolitan,4,12.4,1202000.0,1220441.4038106168,1012456.9323914446,1032127.8820734913,False
Doncaster,h,Eastern Metropolitan,4,12.4,1120000.0,1057675.490993113,963631.3376783225,999421.3864876835,False
Doncaster,u,Eastern Metropolitan,4,12.4,885000.0,799173.620877338,931797.2972419601,977309.0690443788,False
Doncaster East,t,Eastern Metropolitan,5,14.3,1500000.0,1226958.4094615106,1012968.662863093,1026453.0902767848,True
Doncaster East,h,Eastern Metropolitan,4,14.3,1504000.0,1326995.3000080788,1279403.176667976,1235168.518233936,True
Doncaster East,u,Eastern Metropolitan,3,14.3,850000.0,769020.9700057846,790713.3864432198,817712.1616865919,True
Doncaster East,h,Eastern Metropolitan,4,14.3,1241000.0,1141096.1812061414,1248105.6286334784,1107174.224035481,True
Doncaster East,h,Eastern Metropolitan,4,14.3,1125000.0,1085302.9201300952,936416.469721794,929228.0845152931,True
Eaglemont,h,Eastern Metropolitan,3,8.9,2270000.0,1497997.309074168,1514112.0891702785,1598626.9841967023,False
East Melbourne,h,Northern Metropolitan,3,1.3,1875000.0,1563081.232528338,1335131.1581731718,1428702.4670502741,False
East Melbourne,t,Northern Metropolitan,2,1.3,1350000.0,905252.330927334,1042506.0021420169,998947.0962706961,False
Elsternwick,h,Southern Metropolitan,3,7.2,1460000.0,1520421.1831352096,1473130.2906280386,1539239.5006512636,False
Elsternwick,u,Southern Metropolitan,2,7.2,550000.0,573309.9332927794,531403.7647638964,515795.0540614214,False
Eltham,h,Eastern Metropolitan,4,18.0,840000.0,978423.8140898586,1083865.5784920612,895099.8684901253,True
Eltham,h,Eastern Metropolitan,4,18.0,1065000.0,1023338.8214996016,1055934.5946045287,960404.270149987,True
Eltham,h,Eastern Metropolitan,4,18.0,977500.0,1044985.2081667241,916440.7509506561,838663.1259511067,True
Eltham,t,Eastern Metropolitan,3,18.0,755000.0,693724.1389110022,579540.508656928,593244.3901297601,True
Eltham,h,Eastern Metropolitan,4,18.0,810000.0,950104.395766732,885852.971083475,763866.9425484953,True
Eltham,h,Eastern Metropolitan,4,18.0,861000.0,943786.5385194413,945427.2522722816,841982.1330242287,True
Elwood,u,Southern Metropolitan,2,7.2,810000.0,755887.4951940264,720997.7633170371,755677.1488708485,False
Elwood,h,Southern Metropolitan,2,7.2,1255000.0,1187293.4323434087,1062061.4119531133,1168648.3748562522,False
Elwood,u,Southern Metropolitan,2,7.2,550000.0,594420.9084900932,563475.3825713224,578554.1587073781,False
Elwood,u,Southern Metropolitan,2,7.2,543000.0,565989.4067073943,603262.9595844563,590357.0537209332,False
Elwood,t,Southern Metropolitan,4,7.2,1950000.0,1510683.0932276,1512696.3124817729,1520644.747402017,False
Epping,h,Northern Metropolitan,4,19.6,660000.0,568545.2044241062,447730.19884797215,534513.5852450209,True
Epping,h,Northern Metropolitan,3,19.6,568000.0,524897.3612037981,560663.9538035354,630856.4521983673,True
Epping,h,Northern Metropolitan,4,19.6,680000.0,696869.6396025043,594444.3465441279,690153.4223302712,True
Essendon,u,Western Metropolitan,2,7.5,580000.0,485428.61759209674,516597.2135538708,501571.8662744448,False
Essendon,t,Western Metropolitan,4,7.5,970000.0,871472.3122421482,911287.1577709648,873644.7646488495,False
Essendon,h,Western Metropolitan,3,7.5,1100000.0,952850.7969718195,978838.6823375731,1045984.7594150337,False
Essendon,u,Western Metropolitan,2,7.5,485000.0,478355.8859686465,476811.78210515535,463013.31255124026,False
Essendon,h,Western Metropolitan,2,7.5,1195000.0,906433.3755365763,939915.7263513914,932007.0651127549,False
Essendon,h,Western Metropolitan,4,7.5,1155000.0,1378443.5185149312,1382056.2139608643,1361247.9872030264,False
Essendon North,t,Western Metropolitan,3,8.2,800000.0,787412.7607412254,661314.4818809655,727769.9445756583,False
Essendon North,h,Western Metropolitan,2,8.2,685000.0,575714.356733442,660575.0354773224,618953.9408022031,False
Fairfield,u,Northern Metropolitan,2,5.7,667000.0,555070.4868117832,571602.5412319112,561245.2807459944,False
Fawkner,h,Northern Metropolitan,5,13.1,1018000.0,870151.4911208823,859428.2364322653,836578.7369899127,False
Ferntree Gully,h,Eastern Metropolitan,5,24.8,1100000.0,1527601.9608321278,1505730.0923957236,1499380.1618353638,True
Fitzroy,h,Northern Metropolitan,3,2.1,1394000.0,1514752.7869602845,1448137.00556312,1466108.679920092,False
Fitzroy North,h,Northern Metropolitan,3,3.6,1600000.0,1714460.3217550586,1411927.6567845375,1497955.9980585324,False
Fitzroy North,u,Northern Metropolitan,2,3.6,620000.0,525136.2298424069,601215.2445546257,630033.7977929885,False
Fitzroy North,h,Northern Metropolitan,2,3.6,1270000.0,1226123.7861357303,1226493.3486821626,1195706.8298574218,False
Footscray,u,Western Metropolitan,1,5.1,240000.0,299959.2582893621,279874.53544631373,257014.19119970323,False
Footscray,u,Western Metropolitan,3,5.1,855000.0,805852.6835877942,849751.76142378,813211.10868811,False
Footscray,u,Western Metropolitan,1,5.1,310000.0,350166.2410684635,318347.6063497387,376172.9986893067,False
Footscray,h,Western Metropolitan,2,5.1,910000.0,828172.6004991009,896983.6855097894,839751.222737213,False
Forest Hill,h,Eastern Metropolitan,3,15.4,1177000.0,1131967.0083974842,1047989.2889127636,1039912.3897512208,True
Forest Hill,h,Eastern Metropolitan,3,15.4,1131000.0,1225509.2780409118,1102658.6129748113,1141365.5955939107,True
Gisborne,h,Northern Victoria,3,45.9,540000.0,495619.8782650362,472255.9734078924,546678.837811835,True
Gladstone Park,h,Western Metropolitan,5,12.9,691000.0,755840.4597667615,726254.7093324927,779960.8513098498,True
Gladstone Park,h,Western Metropolitan,5,12.9,675000.0,684762.2676825201,648797.5114245419,695200.4982834475,True
Gladstone Park,h,Western Metropolitan,5,12.9,660000.0,678109.8592556803,622811.9249368749,666014.5249055809,True
Glen Iris,h,Southern Metropolitan,4,7.3,2305000.0,2215604.471430034,2110390.9635719084,2211885.507216779,False
Glen Iris,h,Southern Metropolitan,2,7.3,1650000.0,1836137.0826477355,1476370.175237574,1612126.1730198066,False
Glen Waverley,h,Eastern Metropolitan,3,16.7,3056000.0,1573495.446870812,1234142.8804798026,1141779.2112081635,True
Glen Waverley,h,Eastern Metropolitan,3,16.7,1900000.0,1183659.3197654572,891376.2451472916,898349.8594866873,True
Glen Waverley,h,Eastern Metropolitan,5,16.7,2650000.0,1318545.5321602335,1114288.4709093703,930698.0772490873,True
Glen Waverley,t,Eastern Metropolitan,3,16.7,655000.0,829434.2497295261,616767.299082773,690772.7751264374,True
Glen Waverley,h,Eastern Metropolitan,3,16.7,1550000.0,1248783.2260695207,1027034.1089192397,1073303.6487297693,True
Glen Waverley,h,Eastern Metropolitan,4,16.7,1715000.0,1346311.908201685,1187758.1869914145,1238891.5951144372,True
Glenroy,h,Northern Metropolitan,3,11.2,780000.0,670800.580537381,694760.9857780717,648293.1669538021,False
Glenroy,u,Northern Metropolitan,2,11.2,422000.0,431887.47287349694,419908.34387522255,430975.7858763398,False
Glenroy,h,Northern Metropolitan,4,11.2,780000.0,750348.7800791826,775301.7521366148,766665.6182153933,False
Gowanbrae,h,Western Metropolitan,4,12.9,945000.0,740666.1013892132,782339.42835364,761863.131755296,False
Greenvale,h,Northern Metropolitan,4,20.4,645000.0,636117.0022818161,569659.1435229641,598597.8787610652,True
Hadfield,h,Northern Metropolitan,3,11.2,785000.0,643470.8550767122,646960.4184186888,610933.21407774,False
Hadfield,h,Northern Metropolitan,3,11.2,810000.0,698773.03703994,760517.648667937,729637.1239083466,False
Hallam,h,South-Eastern Metropolitan,3,32.3,601000.0,1135171.3467015533,874817.2145196935,945797.8546188892,True
Hampton,u,Southern Metropolitan,3,13.8,970000.0,759756.8298257305,968944.5649335806,895746.9624992672,False
Hampton,u,Southern Metropolitan,2,13.8,805000.0,715644.7367956461,730943.407748519,806777.2833295581,False
Hampton,h,Southern Metropolitan,3,13.8,2120000.0,1598900.4082869564,1598153.5443806464,1602427.9153724152,False
Hampton,h,Southern Metropolitan,3,13.8,2100000.0,1290119.557070027,1268395.4482507422,1223792.6468734886,False
Hawthorn,u,Southern Metropolitan,2,5.3,762000.0,659044.5664029976,617167.2163795239,609734.9584204342,False
Hawthorn,h,Southern Metropolitan,4,5.3,2053000.0,2339303.5568709075,2168608.2703046575,2345693.1825176366,False
Hawthorn,h,Southern Metropolitan,4,5.3,7650000.0,3202757.2038711663,3879331.9708268396,4055624.069339932,False
Hawthorn,u,Southern Metropolitan,1,5.3,375000.0,431122.7040356227,391920.0103697758,396020.81891400134,False
Hawthorn,u,Southern Metropolitan,2,5.3,525000.0,508182.19754577643,535446.3866320421,544256.4311466367,False
Hawthorn,u,Southern Metropolitan,2,5.3,1080000.0,976645.607835747,783288.7619225705,935507.7757644521,False
Hawthorn East,h,Southern Metropolitan,3,6.2,2225000.0,1918601.0478052744,1795116.5082610238,1992848.1430009154,False
Hawthorn East,h,Southern Metropolitan,5,6.2,2855000.0,2233529.7331692083,2553293.289465567,2633942.2745530587,False
Hawthorn East,h,Southern Metropolitan,4,6.2,3255000.0,3259181.809660786,3849272.264398339,3665935.8296547728,False
Hawthorn East,h,Southern Metropolitan,6,6.2,2200000.0,2458992.274108701,2397470.0799549734,2375810.7774825115,False
Heathmont,h,Eastern Metropolitan,3,21.3,655000.0,977612.6455293257,937155.5336696185,895268.4116741506,True
Heathmont,t,Eastern Metropolitan,3,21.3,670000.0,829266.2605437394,831411.6939012227,833568.5465457354,True
Heidelberg,t,Eastern Metropolitan,4,8.9,828000.0,899927.3884595565,805980.3457876749,769889.12054005,False
Heidelberg,h,Eastern Metropolitan,4,8.9,1230000.0,1169107.8999321715,1179159.4775402886,1065717.558023701,False
Heidelberg Heights,h,Eastern Metropolitan,3,8.8,590000.0,676072.3586587667,671286.7477268477,717053.475879722,False
Highett,h,Southern Metropolitan,3,16.0,1155000.0,1046005.7517144058,1020668.507406231,1030187.9913686032,True
Highett,h,Southern Metropolitan,4,16.0,1220000.0,1313899.6412556693,1191821.7117829795,1207127.6953021362,True
Highett,h,Southern Metropolitan,2,16.0,548000.0,805739.7499867965,672909.2318300498,710856.6666201411,True
Hillside,h,Western Metropolitan,6,18.0,935000.0,724443.5837756781,599360.4054836294,653364.8216386414,True
Hoppers Crossing,h,Western Metropolitan,3,18.4,555000.0,654992.9523347316,773147.1079834178,790535.2004011401,True
Hoppers Crossing,h,Western Metropolitan,3,18.4,535000.0,590815.495529637,699924.731379178,691317.3808312685,True
Huntingdale,h,Southern Metropolitan,3,12.3,1093800.0,1025130.7550423968,933014.583489348,958178.3707603791,True
Huntingdale,h,Southern Metropolitan,4,12.3,1145000.0,1287421.751856612,1044923.3043062894,1064736.5570907786,True
Ivanhoe East,h,Eastern Metropolitan,2,7.8,1853000.0,961637.5138030018,1520564.5885749797,1475323.7334653009,False
Keilor Downs,h,Western Metropolitan,3,15.5,550000.0,719092.7494804708,588483.0573368479,567789.2667863005,True
Keilor East,h,Western Metropolitan,4,11.7,1120000.0,887978.6334512309,917685.4426728908,901656.8593174393,False
Keilor East,h,Western Metropolitan,3,11.7,1001000.0,811122.1385093632,802269.9131621438,776656.902430263,False
Keilor Park,h,Western Metropolitan,3,10.4,690000.0,830643.6163713674,801675.5212677241,731796.184616155,False
Kensington,h,Northern Metropolitan,2,3.4,1070000.0,1174379.148152714,1128045.7232018062,1168573.0706524,False
Kensington,u,Northern Metropolitan,2,3.4,730000.0,652983.8524328549,610495.2134209381,631254.1804321455,False
Kensington,u,Northern Metropolitan,1,3.4,392000.0,399063.5359075821,454158.6110691743,364304.0149028434,False
Kensington,h,Northern Metropolitan,2,3.4,1150000.0,1051315.4116865804,1062074.4276241006,996561.4997010716,False
Kensington,h,Northern Metropolitan,4,3.4,1415000.0,1364417.0906888356,1293098.5670031565,1291038.789686392,False
Kensington,u,Northern Metropolitan,1,3.4,370000.0,398142.38543573377,464834.60779382277,374949.5458811121,False
Kew,h,Southern Metropolitan,5,5.4,3175000.0,2710885.561750825,3295717.037589873,3137564.1704619196,False
Kew,t,Southern Metropolitan,3,5.4,1375000.0,1458832.9679728914,1695702.401960166,1789861.952272171,False
Kew East,h,Southern Metropolitan,3,7.3,1975000.0,2095453.6522237433,1882080.2413308278,1899548.8037884252,False
Kingsbury,h,Northern Metropolitan,5,12.1,1250000.0,824010.0930544469,803720.2627818129,806770.0583429683,False
Kingsville,h,Western Metropolitan,2,6.4,735000.0,776468.1229314804,667082.5278315492,674040.8455649454,False
Lalor,h,Northern Metropolitan,3,16.3,638000.0,509998.2239002381,491557.42507419316,538218.194817146,True
Lalor,h,Northern Metropolitan,3,16.3,716000.0,480036.46896910627,487618.72870959167,552236.4674484839,True
Langwarrin,u,Eastern Victoria,2,41.0,400000.0,549063.5894304056,422886.5849062629,469995.47263339296,True
Lower Plenty,h,Eastern Metropolitan,5,14.6,800000.0,1074261.540587299,1104472.5466455324,1086538.5253298576,True
Maidstone,t,Western Metropolitan,2,6.4,505500.0,587298.4191474856,440784.8508701334,475243.13428231183,False
Malvern East,h,Southern Metropolitan,4,8.4,2520000.0,3221213.601978183,3546857.0890011974,3147182.8607781064,False
Maribyrnong,u,Western Metropolitan,1,4.3,301000.0,321774.5034570576,308169.6809487557,278768.2805103778,False
McKinnon,u,Southern Metropolitan,3,11.4,960000.0,1013341.9975182125,1012508.0766867531,1038919.4526531497,True
Melbourne,u,Northern Metropolitan,2,0.0,740000.0,600598.9709519459,522986.00752234634,522198.23896424077,False
Melton,h,Western Victoria,4,31.7,420000.0,650282.1765184904,580594.0422220551,627347.7178484362,True
Melton South,h,Western Victoria,3,29.8,419000.0,525605.4580228024,549857.0325332315,521408.1436868985,True
Mentone,t,South-Eastern Metropolitan,3,20.0,1051000.0,882288.2071593596,910983.595838264,873658.0780090981,True
Mentone,h,South-Eastern Metropolitan,4,20.0,1700000.0,994471.3246327423,1150838.1818112507,1013169.9523097728,True
Mentone,u,South-Eastern Metropolitan,2,20.0,525000.0,609714.753720005,614384.0738355956,610756.1847096453,True
Mentone,u,South-Eastern Metropolitan,2,20.0,660000.0,602686.4546696,638080.5350020705,721363.258448056,True
Mentone,u,South-Eastern Metropolitan,2,20.0,455000.0,550335.4429586264,545981.2161646863,513709.05278770305,True
Mernda,h,Northern Metropolitan,3,25.9,517000.0,703455.9323158008,537677.6923802338,639133.9187854211,True
Mernda,h,Northern Metropolitan,4,25.9,596000.0,771719.2577570968,601658.0359761221,688099.3845318748,True
Middle Park,h,Southern Metropolitan,4,3.0,2500000.0,2098808.679969317,2503850.198324349,2695439.864304345,False
Mill Park,h,Northern Metropolitan,4,17.9,865000.0,781514.0931247529,685058.4404449938,756444.0276509298,True
Mitcham,h,Eastern Metropolitan,4,17.2,1302000.0,1663535.6539879285,1421581.1934300044,1497687.8053142997,True
Mitcham,t,Eastern Metropolitan,3,17.2,800000.0,1002793.4299990952,963571.7504491948,867961.1858277409,True
Moonee Ponds,h,Western Metropolitan,3,6.2,1850000.0,1455908.5898813617,1404624.2390650532,1481641.922813383,False
Moonee Ponds,u,Western Metropolitan,1,6.2,222000.0,315315.37623812474,372564.5342501281,339403.6907517919,False
Moorabbin,h,Southern Metropolitan,4,14.3,1289000.0,1236449.9364713223,1126425.3969297607,1110697.081236075,False
Mooroolbark,h,Eastern Victoria,4,26.5,651000.0,1308144.602453168,1443326.186452054,1294240.7981743005,True
Mooroolbark,h,Eastern Victoria,3,26.5,581000.0,1027788.1392782473,932220.992978698,940920.0694295922,True
Mordialloc,h,South-Eastern Metropolitan,4,21.5,1350000.0,796917.6489367133,770772.3897476128,775501.6666585966,True
Mordialloc,h,South-Eastern Metropolitan,4,21.5,1150000.0,979428.9352208086,919111.0012851862,909665.8817372799,True
Mordialloc,u,South-Eastern Metropolitan,2,21.5,470500.0,490792.43634286354,461603.70996024914,455573.065778382,True
Mount Waverley,h,Eastern Metropolitan,3,14.2,1530000.0,1322412.9311514518,1111157.3952245128,1208026.196017736,True
Mount Waverley,h,Eastern Metropolitan,4,14.2,1352000.0,1324577.5364670844,1130501.9132484032,1085716.2096073844,True
Mount Waverley,h,Eastern Metropolitan,3,14.2,1360000.0,1297315.7826835217,1140405.9625703895,1162701.2410693069,True
Mount Waverley,h,Eastern Metropolitan,3,14.2,1530000.0,1235608.8958172589,977609.3932448985,1102269.6346154627,True
Mount Waverley,h,Eastern Metropolitan,4,14.2,1728000.0,1522589.693348097,1283687.8324222304,1249339.2837168435,True
Mulgrave,h,South-Eastern Metropolitan,4,18.8,2000000.0,1461848.1705704823,1551059.6774822248,1679806.616349459,True
Mulgrave,h,South-Eastern Metropolitan,3,18.8,901000.0,1249267.7108606058,1043765.2872154178,1097969.46438855,True
Mulgrave,h,South-Eastern Metropolitan,3,18.8,757500.0,816926.7437758404,612392.6318932034,686643.6443964619,True
Mulgrave,h,South-Eastern Metropolitan,3,18.8,757000.0,1132056.7233470767,940424.0708465049,969997.5917104102,True
Mulgrave,h,South-Eastern Metropolitan,4,18.8,902000.0,1297555.2388149872,1073629.859010441,1019679.2406258088,True
Murrumbeena,t,Southern Metropolitan,3,10.1,900000.0,1165896.877044906,1180696.8854844442,1204615.3564824846,False
Murrumbeena,u,Southern Metropolitan,2,10.1,660000.0,701724.4312018264,615806.1578667386,658321.9589761769,False
Murrumbeena,h,Southern Metropolitan,3,10.1,1561000.0,1445214.4442496898,1554911.9514428168,1595456.480109342,False
Newport,h,Western Metropolitan,4,6.2,1005000.0,1080978.290869146,1109051.9658712435,1079782.6364542444,False
Niddrie,h,Western Metropolitan,3,10.4,1300000.0,1086311.7446700907,1122087.8203381395,1109801.7000256702,False
Niddrie,h,Western Metropolitan,4,10.4,1751000.0,1136004.7665876213,1305573.5015962431,1204617.3569846835,False
Noble Park,h,South-Eastern Metropolitan,3,22.7,635000.0,1079621.4210205418,832217.4595764688,822828.1104344942,True
North Melbourne,h,Northern Metropolitan,1,1.8,1000000.0,897464.4513778839,832824.0457287133,964161.018392808,False
North Melbourne,t,Northern Metropolitan,1,1.8,780000.0,749806.715044329,546117.0232612139,703756.4640163351,False
North Melbourne,u,Northern Metropolitan,2,1.8,550000.0,618182.0372195144,649817.356732215,737958.5909604866,False
Northcote,h,Northern Metropolitan,2,5.3,1001000.0,965698.4994738064,907512.9551839734,944272.9378622468,False
Northcote,h,Northern Metropolitan,2,5.3,905000.0,765866.7540471023,784726.2464008745,764675.8861781252,False
Northcote,h,Northern Metropolitan,3,5.3,1305000.0,1196819.2449904631,1126958.8718775779,1127854.0459960725,False
Northcote,h,Northern Metropolitan,3,5.3,1516000.0,1207752.7398732053,1407200.347278103,1446767.3253646821,False
Northcote,u,Northern Metropolitan,2,5.3,503000.0,489620.3985812844,489983.2783500305,503120.38648872054,False
Notting Hill,u,Southern Metropolitan,3,16.7,840000.0,756027.4652621681,539592.9146282997,619977.8589170149,True
Nunawading,h,Eastern Metropolitan,4,15.4,1430000.0,1463788.2969276619,1337372.9475830824,1327345.2174169011,True
Nunawading,h,Eastern Metropolitan,3,15.4,913000.0,1124332.6020510416,1047553.9255205977,1039892.82725037,True
Nunawading,h,Eastern Metropolitan,5,15.4,1060000.0,1568340.2302669564,1568378.2743996824,1522540.966502738,True
Nunawading,u,Eastern Metropolitan,3,15.4,806000.0,720342.5321911465,788232.6875219455,739817.0258296276,True
Oak Park,h,Northern Metropolitan,3,11.2,840000.0,759486.8540897529,756167.4187525229,769973.6546814496,False
Oak Park,h,Northern Metropolitan,4,11.2,1071888.0,848264.389420335,828632.477191127,862436.9579283884,False
Oak Park,t,Northern Metropolitan,2,11.2,790000.0,536911.749530059,519485.007840996,512681.36637916736,False
Oakleigh East,t,Southern Metropolitan,3,12.3,820000.0,829550.1692142249,728556.1407980515,834661.2411112111,True
Oakleigh South,h,South-Eastern Metropolitan,3,15.5,1218500.0,1079978.165350095,978710.0235218395,1048899.3712924526,False
Ormond,h,Southern Metropolitan,2,11.4,695000.0,777931.5854038581,742683.8654787419,769813.4133733491,False
Parkdale,h,South-Eastern Metropolitan,3,21.5,940000.0,904118.5060622377,841270.7558984044,890329.9431143143,True
Parkdale,h,South-Eastern Metropolitan,4,21.5,1300000.0,946570.31161569,907893.3552395819,848856.1798853384,True
Parkville,t,Northern Metropolitan,3,1.8,850000.0,1249319.0418442106,1105226.0527700756,1103661.2965814848,False
Parkville,u,Northern Metropolitan,2,1.8,900000.0,779152.0985220154,745075.6831250375,827332.2993952504,False
Pascoe Vale,h,Northern Metropolitan,4,8.5,1260000.0,1029734.7956320036,1153701.7050603305,1171613.4567526456,False
Pascoe Vale,h,Northern Metropolitan,3,8.5,1199000.0,1017398.3893577278,1134463.1447060183,1166261.2230888007,False
Point Cook,h,Western Metropolitan,4,14.7,550000.0,722430.0385025925,778987.9554025724,742342.7903185453,True
Port Melbourne,h,Southern Metropolitan,2,3.5,1355000.0,1114696.0932738124,1188071.3402009015,1134058.4321389617,False
Port Melbourne,t,Southern Metropolitan,3,3.5,1388000.0,1215286.643176937,1388882.3023835649,1374618.1177851767,False
Port Melbourne,h,Southern Metropolitan,1,3.5,964000.0,997604.148675537,831302.66698218,897963.52019548,False
Prahran,h,Southern Metropolitan,4,4.6,1805000.0,1881222.1034554034,1695973.9178447323,1716791.7737062022,False
Prahran,t,Southern Metropolitan,3,4.6,1420000.0,1566367.1812950016,1521000.5802028666,1577864.574691773,False
Prahran,u,Southern Metropolitan,2,4.6,735000.0,588248.0853609826,639799.3367386917,605044.828325976,False
Prahran,u,Southern Metropolitan,1,4.6,440000.0,402216.00059365475,411472.1679884752,435617.7025878408,False
Prahran,h,Southern Metropolitan,3,4.6,2200000.0,1454385.8709450157,1543237.2638923617,1644927.8433593176,False
Prahran,h,Southern Metropolitan,4,4.6,2300000.0,2567286.6828149464,2841283.7551677194,2950576.811289805,False
Preston,h,Northern Metropolitan,3,8.4,1017500.0,991494.2282497957,972284.8880507534,977724.3826063685,False
Preston,h,Northern Metropolitan,2,8.4,1050000.0,979996.1556218121,1024269.5823041245,995891.0321693515,False
Preston,h,Northern Metropolitan,4,8.4,840000.0,834148.4020465902,804022.2298027489,822777.0078239441,False
Reservoir,u,Northern Metropolitan,3,12.0,510000.0,465659.91898563557,443811.5951476467,462980.55780352943,False
Reservoir,h,Northern Metropolitan,4,12.0,930000.0,782775.0610922212,731612.2422681698,772349.6570180088,False
Reservoir,h,Northern Metropolitan,3,12.0,635000.0,567099.2555631138,511758.1844433511,516392.78341230797,False
Reservoir,h,Northern Metropolitan,2,12.0,850000.0,692171.4902376804,705756.9453429668,679497.5926722962,False
Reservoir,h,Northern Metropolitan,3,12.0,780000.0,799213.1552724269,713307.3816935465,735787.2934258976,False
Richmond,h,Northern Metropolitan,2,2.4,1172000.0,1073784.4897944934,1068194.7036055282,1061804.735523565,False
Richmond,t,Northern Metropolitan,3,2.4,1255000.0,1007463.2185808738,1015881.7428544653,955701.8960474739,False
Richmond,h,Northern Metropolitan,2,2.4,1275000.0,923263.9632375615,930789.6423448707,940066.0767850524,False
Richmond,h,Northern Metropolitan,3,2.4,1120000.0,1342252.8829087974,1270003.8242946581,1214446.280560009,False
Richmond,h,Northern Metropolitan,3,2.4,1190000.0,1216698.0062928142,1105570.239522309,1077790.067837873,False
Richmond,u,Northern Metropolitan,1,2.4,534000.0,430049.15917049913,455045.0543277077,411056.62534975295,False
Richmond,h,Northern Metropolitan,3,2.4,1425000.0,1213980.3975310877,1174461.6761631966,1097321.9530983567,False
Richmond,u,Northern Metropolitan,2,2.4,650000.0,680974.7509713697,693579.5991639621,661467.3629628783,False
Ringwood,u,Eastern Metropolitan,2,19.9,475000.0,508385.0451691304,640797.9027652038,570775.3052914047,True
Ringwood,h,Eastern Metropolitan,3,19.9,800000.0,1182644.4960032918,1055984.3338440205,1002176.7482112335,True
Ringwood East,h,Eastern Metropolitan,4,21.3,1175000.0,1506300.4239529192,1442325.1559024286,1575115.004779006,True
Ringwood North,h,Eastern Metropolitan,3,19.9,755000.0,962828.2005669572,904406.6468312991,914104.9327621917,True
Ringwood North,u,Eastern Metropolitan,2,19.9,602000.0,601149.042562275,623376.1235410982,628053.9031016431,True
Rowville,h,South-Eastern Metropolitan,4,23.5,1005800.0,1228632.882740078,1015228.0162302692,1016588.5382043733,True
Rowville,h,South-Eastern Metropolitan,4,23.5,1275000.0,1252910.7671141045,1169620.8579208162,1067345.4066389585,True
Sandringham,u,Southern Metropolitan,3,15.2,760000.0,776610.0968354667,573531.4371522943,597367.5039376254,True
Seaford,h,South-Eastern Metropolitan,3,35.4,782500.0,1155566.2295871517,935527.1772844914,896946.9659820654,True
Seaholme,h,Western Metropolitan,4,11.0,1410000.0,757306.8219016902,818639.2415061182,831664.2878110673,False
Seddon,h,Western Metropolitan,3,5.1,900000.0,912727.8840961844,969789.8205516188,1015370.9615950059,False
Seddon,u,Western Metropolitan,1,5.1,322500.0,338301.0121651037,324407.8320392812,315616.4118226837,False
Seddon,h,Western Metropolitan,3,5.1,900000.0,986817.8433314047,999815.5370764195,1090604.1590079193,False
Skye,h,South-Eastern Metropolitan,4,34.7,555698.0,1135397.9794913125,876776.9821287474,848294.6376414753,True
South Melbourne,u,Southern Metropolitan,3,1.9,1250000.0,886311.1051292588,1161964.5845197025,918070.6209293681,False
South Melbourne,h,Southern Metropolitan,1,1.9,407500.0,1002002.9090186236,800167.9494327591,741029.3951578023,False
South Yarra,t,Southern Metropolitan,2,2.7,1050000.0,901826.66203041,846591.8426430962,900270.4015589831,False
South Yarra,u,Southern Metropolitan,2,2.7,771000.0,626662.232715665,666649.4645257979,661482.4619972177,False
Southbank,u,Southern Metropolitan,2,0.7,642500.0,630422.9344610109,616303.0838323878,564155.9582535345,False
Southbank,u,Southern Metropolitan,1,0.7,422500.0,510225.4348014574,416862.7429688609,340930.7130402997,False
St Albans,t,Western Metropolitan,3,14.0,460000.0,508009.4629560329,426618.9634968321,432492.27671377547,True
St Albans,h,Western Metropolitan,3,14.0,610000.0,531868.728439178,446027.4856640048,446878.2197289378,True
St Albans,h,Western Metropolitan,3,14.0,630000.0,539232.5216696353,488928.09625912574,531490.7401011547,True
St Albans,u,Western Metropolitan,3,14.0,500000.0,506746.3198435774,399011.25614767696,425077.50561689347,True
St Kilda,u,Southern Metropolitan,2,5.0,615000.0,674264.6556804512,752862.2643564375,679698.3425278137,False
Sunbury,h,Western Metropolitan,3,31.7,455000.0,473490.26983865356,429106.1511853622,529133.6788365549,True
Sunshine,u,Western Metropolitan,4,10.5,660000.0,696022.9266494943,650230.1991510778,711758.8883392955,False
Sunshine,h,Western Metropolitan,3,10.5,810000.0,683074.2619718042,610304.1797755022,601120.9078439553,False
Sunshine,h,Western Metropolitan,3,10.5,805000.0,701772.2182182241,717153.1188236268,726631.6524493713,False
Sunshine West,h,Western Metropolitan,3,10.5,453000.0,552108.398386664,449652.60962689115,447991.0464386493,False
Surrey Hills,u,Southern Metropolitan,2,10.2,807000.0,713219.317184053,645557.8565102844,660905.9569153762,False
Surrey Hills,u,Southern Metropolitan,3,10.2,780000.0,671488.4366818621,783152.0121833647,796534.2916217621,False
Sydenham,h,Western Metropolitan,3,18.0,471000.0,522927.15253725805,454397.28388618666,453983.4730724581,True
Taylors Hill,h,Western Metropolitan,3,18.0,558000.0,581593.019744327,707233.9355471279,640383.093097024,True
Taylors Lakes,h,Western Metropolitan,5,15.5,780000.0,713223.9627526215,665833.2749113367,669660.9649115781,True
Taylors Lakes,h,Western Metropolitan,4,15.5,715000.0,726097.0833020714,629262.3332992345,655103.607617235,True
Templestowe,h,Eastern Metropolitan,4,15.5,2000000.0,1342671.0995717149,1116928.0097273388,1161906.6342577783,True
Templestowe Lower,h,Eastern Metropolitan,3,12.4,1240000.0,1062222.3497378812,1033851.5317447323,1056255.7171308906,False
Thornbury,t,Northern Metropolitan,2,7.0,756000.0,695421.115847188,622531.8221798583,719252.8208069366,False
Thornbury,h,Northern Metropolitan,2,7.0,1205500.0,936750.755304619,893196.6405599263,902035.3665025411,False
Thornbury,h,Northern Metropolitan,3,7.0,1031000.0,1145189.1186908004,1175790.6912617553,1122845.398855519,False
Toorak,h,Southern Metropolitan,3,4.1,2500000.0,2052383.5343708054,2098648.742319555,2382792.8830374638,False
Vermont,h,Eastern Metropolitan,5,17.2,1041000.0,1363708.2697551802,1373409.2586308415,1172835.4372044576,True
Vermont South,h,Eastern Metropolitan,4,17.2,1050000.0,1356457.5711726008,1256083.456564281,1037983.7869162563,True
Vermont South,h,Eastern Metropolitan,4,17.2,1208000.0,1408375.358754677,1298833.3103308235,1353970.2121383864,True
Viewbank,h,Eastern Metropolitan,3,8.9,940000.0,887187.209696529,899268.125015342,917644.9690723356,False
Wantirna South,h,Eastern Metropolitan,4,14.7,2020000.0,1567005.770052987,1395230.7848298545,1573351.1008023417,True
Watsonia,h,Northern Metropolitan,3,14.5,835000.0,690281.3285979672,667388.9774893019,716920.5636678676,False
Watsonia,h,Northern Metropolitan,3,14.5,1010000.0,751325.0882589692,766537.8724624754,757952.7747190497,False
Watsonia,h,Northern Metropolitan,3,14.5,830000.0,752350.1487669823,733527.4061189771,741289.4700201069,False
Werribee,h,Western Metropolitan,3,14.7,442000.0,594893.2584631296,697512.7689793066,706838.36738538,True
Werribee,h,Western Metropolitan,3,14.7,830000.0,983190.3431044017,929027.4671402575,958427.1994632559,True
Windsor,h,Southern Metropolitan,3,4.6,1400000.0,1543267.4240280003,1380736.3315375482,1532094.6364997053,False
Yarraville,h,Western Metropolitan,4,6.3,1035000.0,1167478.0354656102,1175929.8054073697,1119373.7749363799,False
Abbotsford,h,Northern Metropolitan,3,3.0,855000.0,1219573.69508447,1108618.3940309833,1059201.069733818,False
Aberfeldie,h,Western Metropolitan,3,7.5,1210000.0,1207123.2650356859,1587498.6126246043,1620496.5574154828,False
Airport West,u,Western Metropolitan,3,10.4,737500.0,625915.2566617242,700692.9209785193,702340.7981110299,False
Airport West,h,Western Metropolitan,3,10.4,905000.0,815160.455717939,847498.5724609703,820748.5966536866,False
Albanvale,h,Western Metropolitan,3,14.0,526500.0,557806.2363105495,538307.4337292335,545109.5971942954,True
Albert Park,u,Southern Metropolitan,2,3.0,685000.0,528976.083492491,676500.3555741726,653138.1757162372,False
Albert Park,h,Southern Metropolitan,3,3.0,1800000.0,1592185.5504100693,1499744.8378607682,1533200.0373164532,False
Alphington,h,Northern Metropolitan,4,5.7,1800000.0,1656942.1399654245,1703415.5200447126,1624688.3510751915,False
Alphington,h,Northern Metropolitan,1,5.7,330000.0,547525.477299577,490647.20685533853,532394.9860741529,False
Altona,h,Western Metropolitan,3,11.0,1020000.0,647384.577297456,778852.5448373773,797447.9827740785,False
Altona,h,Western Metropolitan,3,11.0,1280000.0,1064360.7930021898,1068469.09780117,1090595.619049392,False
Altona North,h,Western Metropolitan,3,9.4,875000.0,721255.5906837475,790200.720729506,709741.9060911139,False
Ascot Vale,h,Western Metropolitan,3,4.3,1010000.0,919099.2553310696,991294.0348398904,958466.8135614074,False
Ascot Vale,u,Western Metropolitan,3,4.3,819000.0,712591.6598082827,804786.3604465924,795615.4015515387,False
Ascot Vale,h,Western Metropolitan,3,4.3,990000.0,998274.5182125155,1016072.4735307868,1072714.4647195803,False
Ascot Vale,t,Western Metropolitan,3,4.3,1200000.0,925287.105728665,998493.0761183316,930405.6571606055,False
Ascot Vale,h,Western Metropolitan,3,4.3,1375000.0,1198362.6271754908,1283650.3042095848,1289359.9946208273,False
Ascot Vale,h,Western Metropolitan,3,4.3,1100000.0,996504.5037563861,1151437.007927543,1143902.3521531764,False
Ashburton,h,Southern Metropolitan,3,10.2,1850000.0,1575859.3570072374,1814900.383388163,1709138.0805428158,False
Ashwood,h,Southern Metropolitan,4,10.2,1425000.0,1607789.4897890734,1811765.8607147273,1576517.7258409464,False
Avondale Heights,h,Western Metropolitan,4,9.5,773000.0,955538.4809336313,899313.5891577953,851631.2501385022,False
Balaclava,h,Southern Metropolitan,3,6.4,1475000.0,1449389.2217459416,1364667.1811759188,1376670.3543382268,False
Balwyn,h,Southern Metropolitan,5,7.9,2180000.0,2159635.474775989,2156405.1001451826,2222265.6938670557,False
Balwyn North,h,Southern Metropolitan,2,9.7,1500000.0,1235166.9100277186,1162456.9814722107,1107344.6027485232,False
Balwyn North,h,Southern Metropolitan,5,9.7,3200000.0,2197217.1122884764,2027783.5742456636,1925466.566475147,False
Balwyn North,u,Southern Metropolitan,2,9.7,682000.0,725498.0186224228,603000.1610382331,680863.1382907276,False
Bayswater,h,Eastern Metropolitan,4,23.2,1030000.0,1544143.8013031408,1412197.1796645164,1668566.6904573084,True
Bayswater North,u,Eastern Metropolitan,3,23.2,700000.0,816976.4196502308,944102.0360378142,844522.4535362881,True
Beaconsfield Upper,h,Eastern Victoria,4,39.8,675000.0,1813849.7225816005,1054958.1309694678,1266673.849806778,True
Bentleigh,h,Southern Metropolitan,5,11.4,1900000.0,1715689.2982689391,1398739.6090272467,1363366.557905074,False
Bentleigh East,h,Southern Metropolitan,3,13.8,1410000.0,1176817.9107876944,1384852.6697479389,1238205.1608682598,False
Bentleigh East,t,Southern Metropolitan,3,13.8,817000.0,897356.8731451911,863137.339927201,832371.6887160287,False
Bentleigh East,h,Southern Metropolitan,4,13.8,1815000.0,1370787.8311788866,1668005.0067305258,1707891.9986125308,False
Bentleigh East,h,Southern Metropolitan,3,13.8,1225000.0,1001781.1337752591,999277.0119856696,1010474.1633606156,False
Berwick,h,Eastern Victoria,3,35.2,690000.0,1209933.7345980909,964276.6640372293,963074.3218388162,True
Blackburn,h,Eastern Metropolitan,3,13.4,880000.0,951605.6864073328,816567.3957888494,723688.8772428384,True
Blackburn,h,Eastern Metropolitan,4,13.4,1562000.0,1405987.2979672996,1326258.6965083913,1320703.8689663038,True
Blackburn,h,Eastern Metropolitan,3,13.4,1530000.0,1445104.8384425496,1436224.4877618328,1525647.5295951858,True
Blackburn South,h,Eastern Metropolitan,3,13.4,1264000.0,1161091.1014749315,1070404.8416567678,1087919.2443215495,True
Box Hill,h,Eastern Metropolitan,6,10.9,2150500.0,1440321.8156996402,1568770.0878640013,1414130.160145559,False
Braybrook,h,Western Metropolitan,3,8.6,810000.0,865299.0992405164,796050.6098714784,820066.0748730565,False
Braybrook,h,Western Metropolitan,2,8.6,570000.0,764147.4011675247,652488.7968175085,642483.7713333233,False
Brighton,h,Southern Metropolitan,3,10.5,2655000.0,1948036.3089293372,1951691.6982743933,2001488.1015574946,False
Brighton,t,Southern Metropolitan,3,10.5,3275000.0,1675845.954652875,1765840.984328031,1801047.9166090058,False
Brighton East,h,Southern Metropolitan,4,10.3,2720000.0,2235822.911623259,2544008.040275218,2470555.494582102,False
Brighton East,h,Southern Metropolitan,4,10.3,2525000.0,2154102.866247476,2568607.264202052,2462775.369492125,False
Brighton East,h,Southern Metropolitan,3,10.3,1300000.0,1407004.0225385525,1331227.447088623,1234778.9401918082,False
Brunswick,h,Northern Metropolitan,3,5.2,1275000.0,1332376.9962591175,1221898.2985493354,1248365.8511944562,False
Brunswick,h,Northern Metropolitan,2,5.2,900000.0,914322.486108331,771673.7345919355,719360.6313087408,False
Brunswick,u,Northern Metropolitan,2,5.2,520000.0,467542.27139854495,456056.63057179307,449914.053737252,False
Brunswick,h,Northern Metropolitan,3,5.2,1204000.0,928792.2496841697,985560.8404932556,965736.725729373,False
Brunswick,h,Northern Metropolitan,2,5.2,730000.0,860568.0024064616,833476.2389771217,811962.175339086,False
Brunswick West,h,Northern Metropolitan,4,5.2,1268000.0,1574097.618144003,1640630.5636304743,1484477.794250821,False
Brunswick West,h,Northern Metropolitan,3,5.2,1445000.0,1219687.6628463932,1271948.8251738842,1141818.6484136377,False
Bundoora,h,Northern Metropolitan,3,12.1,796000.0,649068.509739087,611567.881795115,635802.4862594781,True
Bundoora,h,Northern Metropolitan,4,12.1,769000.0,889165.6505184539,782157.2842475281,808370.8253876772,True
Bundoora,h,Northern Metropolitan,3,12.1,690000.0,720213.1290347152,598290.688160854,556357.2266901043,True
Burwood,h,Southern Metropolitan,3,10.4,1325000.0,1652341.4433504173,1543356.9622016381,1559394.3506793908,False
Burwood,h,Southern Metropolitan,3,10.4,1052000.0,1665372.2311572467,1561500.6495039542,1605949.7287927282,False
Camberwell,u,Southern Metropolitan,2,7.7,555000.0,668617.1312099029,625381.6818326628,621940.6720222189,False
Canterbury,t,Southern Metropolitan,3,8.4,1381000.0,1323653.0708437301,1433776.3226929873,1513734.9883268347,False
Carlton,h,Northern Metropolitan,3,1.6,1000000.0,1287904.5929941293,996129.9748414692,1032704.8646862638,False
Carlton,u,Northern Metropolitan,2,1.6,720000.0,596954.1913885952,570197.3782874253,588175.2357765936,False
Carlton North,h,Northern Metropolitan,3,3.5,1717500.0,1478991.072604367,1462310.4243511762,1550042.6132435547,False
Carlton North,h,Northern Metropolitan,4,3.5,2400000.0,1598196.0186238927,1492304.6221036818,1485599.398148401,False
Carlton North,h,Northern Metropolitan,3,3.5,1950000.0,1460176.2357863702,1445618.618688238,1633440.7158324742,False
Carnegie,t,Southern Metropolitan,2,10.1,817500.0,1059378.8429114104,830448.3601602628,889695.4269380452,False
Caroline Springs,h,Western Metropolitan,5,14.8,1150000.0,1050180.8115735815,1049880.9472047472,1132398.9985704115,True
Carrum,u,South-Eastern Metropolitan,3,31.2,590000.0,696031.804613528,553442.2689767779,634856.7998244617,True
Caulfield North,h,Southern Metropolitan,3,7.8,1520000.0,1646744.4942266464,1673220.5441984783,1608506.340835787,False
Caulfield South,h,Southern Metropolitan,4,8.7,1700000.0,2013558.8629564692,1774720.890319523,1860234.67030274,False
Caulfield South,h,Southern Metropolitan,2,8.7,960000.0,1101762.4502574964,1128033.9041886502,1137923.5165990682,False
Chelsea Heights,h,South-Eastern Metropolitan,4,27.0,732000.0,1212182.3856259119,953907.8074121153,1112029.789916224,True
Cheltenham,h,Southern Metropolitan,3,17.9,800000.0,825329.8827675382,801591.9829907999,739118.0105811448,True
Cheltenham,h,Southern Metropolitan,3,17.9,877000.0,921236.5402439155,929584.0000710981,897359.1094110924,True
Cheltenham,h,Southern Metropolitan,4,17.9,1255000.0,1211793.4323654755,1226846.7569033818,1090410.1956711835,True
Cheltenham,h,Southern Metropolitan,3,17.9,900000.0,925388.7801822628,948076.4481290288,936442.6186126487,True
Cheltenham,h,Southern Metropolitan,3,17.9,1199000.0,956037.1112747709,1048664.3642170979,972031.8352288742,True
Cheltenham,h,Southern Metropolitan,4,17.9,1500000.0,1311055.396731172,1311988.5188449349,1137752.0286006122,True
Clayton,u,South-Eastern Metropolitan,3,16.7,780000.0,849360.3990902279,617356.4552837473,703692.1539246568,True
Coburg,h,Northern Metropolitan,3,6.7,862500.0,921673.1011250844,914585.7942997707,907193.260964831,False
Coburg,h,Northern Metropolitan,4,6.7,1020000.0,1235489.9367565797,1255844.3720836025,1037771.301942766,False
Coburg,h,Northern Metropolitan,2,6.7,996000.0,861751.2035719042,827237.6071586754,835902.4671889141,False
Collingwood,h,Northern Metropolitan,2,2.0,1095000.0,1048939.5968614141,1045359.8684215132,954143.544935518,False
Craigieburn,h,Northern Metropolitan,5,20.6,680000.0,787363.4890568965,626207.3884359896,659531.0752747592,True
Craigieburn,h,Northern Metropolitan,4,20.6,492000.0,635732.7526612575,547221.3628260694,603202.9811788374,True
Craigieburn,h,Northern Metropolitan,3,20.6,425000.0,505730.1744594959,468150.1536273095,502001.7058328917,True
Croydon,h,Eastern Metropolitan,3,23.0,985500.0,1350431.0651874177,1258655.8911317782,1250349.1978960172,True
Croydon,h,Eastern Metropolitan,3,23.0,720000.0,1350625.7777500292,1245555.4103650295,1079771.017997512,True
Croydon,h,Eastern Metropolitan,4,23.0,860000.0,1445521.711028994,1686704.522663747,1247034.1932392025,True
Dallas,h,Northern Metropolitan,3,14.0,408500.0,474425.6054287938,453834.8018504942,512049.0281532264,True
Dallas,h,Northern Metropolitan,3,14.0,310000.0,472575.9970034818,447958.898802935,484720.4390880978,True
Dandenong,h,South-Eastern Metropolitan,3,24.7,620000.0,1059619.1322052234,756856.0027482788,707647.3674943151,True
Deer Park,h,Western Metropolitan,4,14.8,650000.0,670633.0410115102,730046.1244855656,678957.9701593054,True
Deer Park,h,Western Metropolitan,3,14.8,716000.0,611521.2956458366,629666.6039803805,614580.0785044659,True
Deer Park,h,Western Metropolitan,3,14.8,645000.0,533672.5738436755,569209.7748338215,549771.2616333489,True
Dingley Village,h,South-Eastern Metropolitan,3,22.2,840000.0,1069627.844960488,884621.9049370039,897013.7573420134,True
Dingley Village,h,South-Eastern Metropolitan,3,22.2,801000.0,1112290.9572166402,835416.311138848,897895.5373315924,True
Dingley Village,h,South-Eastern Metropolitan,5,22.2,955000.0,1202664.1830328999,1040287.6431051407,1031847.5088978943,True
Doncaster East,h,Eastern Metropolitan,3,14.3,1255000.0,991607.4522204826,844567.0352898153,819925.62792554,True
Doncaster East,h,Eastern Metropolitan,3,14.3,1369000.0,1159463.7457418162,1124329.4985046715,1117551.8930489772,True
Donvale,h,Eastern Metropolitan,3,16.1,902000.0,1223308.9793892107,1193998.6125665342,1150512.0924361758,True
East Melbourne,u,Northern Metropolitan,2,1.3,885000.0,747889.8590185253,736519.3461500102,720494.5372033147,False
Eltham North,h,Eastern Metropolitan,3,18.0,967500.0,865750.5910873632,727296.2072431553,713390.9326477788,True
Eltham North,h,Eastern Metropolitan,4,18.0,890000.0,1019239.5246420555,930742.9633380892,821294.7722008658,True
Elwood,h,Southern Metropolitan,3,7.2,1800000.0,1511501.6938978368,1466979.7444008696,1523638.20274631,False
Essendon,h,Western Metropolitan,2,7.5,1200000.0,932251.1919087141,1035553.9866157097,1019281.707248806,False
Essendon,u,Western Metropolitan,2,7.5,720000.0,730423.732283182,658111.1076655852,637284.6181276826,False
Essendon,u,Western Metropolitan,2,7.5,410000.0,400925.4566438072,390953.10436379194,411533.46199416625,False
Essendon,u,Western Metropolitan,3,7.5,930000.0,749728.5765487188,781363.6042258885,757904.608753102,False
Essendon,u,Western Metropolitan,2,7.5,600000.0,568666.7063731198,578426.2784646106,560202.4461212718,False
Essendon West,h,Western Metropolitan,3,7.5,1390000.0,1187046.165890376,1430162.3864992675,1467218.0549966895,False
Fawkner,h,Northern Metropolitan,2,13.1,761000.0,652608.7110922516,638802.0468828101,569063.7019311441,False
Fawkner,h,Northern Metropolitan,3,13.1,650000.0,601770.5871498846,592925.1432180611,579788.4639311801,False
Fitzroy,u,Northern Metropolitan,2,2.1,700000.0,535548.4060594427,561782.7034232193,538093.044488573,False
Fitzroy North,h,Northern Metropolitan,2,3.6,1275000.0,990814.0072028345,1075323.307444233,1134827.759079688,False
Fitzroy North,h,Northern Metropolitan,2,3.6,1680000.0,1208466.825599893,1162271.438582307,1219906.7385262519,False
Flemington,h,Northern Metropolitan,4,3.4,1340000.0,1581164.5632356768,1535143.2341040326,1469713.449641112,False
Forest Hill,h,Eastern Metropolitan,3,15.4,800000.0,1171281.3368786343,1010472.9594844854,895203.1622983095,True
Frankston,h,South-Eastern Metropolitan,3,38.0,545000.0,1084387.0681269313,883441.520394935,854875.3342287686,True
Frankston,h,South-Eastern Metropolitan,3,38.0,570000.0,1005757.8526614789,794599.8450331273,815831.3917193771,True
Frankston,h,South-Eastern Metropolitan,5,38.0,715000.0,1477230.1745613632,1196173.5092963031,1348869.9399288283,True
Frankston South,h,South-Eastern Metropolitan,3,38.0,860000.0,1520684.4599178403,1087316.431631017,1295456.5200732737,True
Gladstone Park,h,Western Metropolitan,3,12.9,653000.0,594000.7422185639,628823.9766597595,553289.4796520249,True
Glen Iris,h,Southern Metropolitan,5,7.3,2862000.0,2904562.1686988766,2736344.452044202,3066771.4542334126,False
Glen Iris,h,Southern Metropolitan,5,7.3,2180000.0,2156078.8637047918,2348390.1289914707,2561376.880325795,False
Glen Iris,t,Southern Metropolitan,3,7.3,1610000.0,1404334.6881890737,1466691.4756023844,1531703.4428268613,False
Glen Iris,h,Southern Metropolitan,4,7.3,2450000.0,3260183.6073826267,3084876.803120664,3550025.022755845,False
Glen Iris,h,Southern Metropolitan,4,7.3,2250000.0,2753820.6500812164,2378995.935523624,2617226.425918948,False
Glenroy,h,Northern Metropolitan,4,11.2,1100000.0,866932.0680135883,964358.1795631251,898114.4979635784,False
Glenroy,h,Northern Metropolitan,3,11.2,512000.0,502958.2712913495,524993.0844778988,496643.7735472435,False
Gowanbrae,h,Western Metropolitan,4,12.9,820000.0,726588.5096305338,721899.182575529,745117.7142742103,False
Greensborough,h,Northern Metropolitan,5,16.1,1050000.0,843916.9192857762,792083.0492108589,747886.3989988029,True
Greensborough,h,Northern Metropolitan,3,16.1,1326000.0,926442.720847292,837189.6143415966,866498.098019372,True
Greensborough,h,Northern Metropolitan,3,16.1,895000.0,1031451.7757269251,915696.8806625926,805860.6769914087,True
Greensborough,h,Northern Metropolitan,3,16.1,730000.0,724192.2051468102,647458.2604859045,630860.2333565678,True
Greensborough,h,Northern Metropolitan,5,16.1,880000.0,983762.5220978657,1096700.604734677,787601.2429252734,True
Greensborough,h,Northern Metropolitan,4,16.1,925000.0,1068300.8767142247,950547.0494893352,859375.5310344746,True
Greenvale,h,Northern Metropolitan,3,20.4,770000.0,548377.3127559667,565757.0700315599,581474.4817346842,True
Greenvale,h,Northern Metropolitan,4,20.4,715000.0,806964.8539849458,836914.8874889099,775533.242745399,True
Greenvale,h,Northern Metropolitan,4,20.4,840500.0,768130.4988243826,867919.9334050118,783949.6174331359,True
Greenvale,h,Northern Metropolitan,4,20.4,810000.0,739415.8687481316,665009.7080227567,673672.3091747041,True
Hampton,h,Southern Metropolitan,4,13.8,1600000.0,1631076.2509036874,1354569.694924336,1546105.335035859,False
Hampton,h,Southern Metropolitan,3,13.8,1325000.0,1165552.0765555315,1118613.0190124714,1008205.7375780888,False
Hampton,h,Southern Metropolitan,4,13.8,3150000.0,1976342.5072470943,1681596.851498612,1899909.5216464126,False
Hampton,t,Southern Metropolitan,2,13.8,1285000.0,1076233.3721054902,903959.5367344999,1003574.469902174,False
Hampton,u,Southern Metropolitan,2,13.8,685000.0,652042.1464334207,558574.8942459578,623120.5724309937,False
Hampton,u,Southern Metropolitan,2,13.8,878000.0,773871.4045493295,726968.5374737636,762164.0706410934,False
Hampton East,u,Southern Metropolitan,3,13.8,957000.0,813218.3819986114,971679.1616006024,1054624.6442250046,False
Hawthorn,t,Southern Metropolitan,3,5.3,1236000.0,1375479.8404290834,1279629.4868647424,1248066.647548851,False
Hawthorn,h,Southern Metropolitan,3,5.3,1750000.0,1508407.1572408269,1377213.506379558,1457921.0181212516,False
Hawthorn,h,Southern Metropolitan,4,5.3,2010000.0,2298224.437359935,2456295.5247074785,2579372.2487687618,False
Hawthorn,h,Southern Metropolitan,3,5.3,2370000.0,1927074.2393028853,1841926.7327918313,2095915.7791149921,False
Hawthorn,h,Southern Metropolitan,2,5.3,1480000.0,1208521.3407703068,1205007.9428988334,1263124.31848887,False
Hawthorn,h,Southern Metropolitan,2,5.3,1682000.0,1359290.3591578205,1270975.6832717177,1349247.9160084191,False
Heidelberg,u,Eastern Metropolitan,4,8.9,915000.0,904420.8488183158,913528.540774828,863494.5903825535,False
Heidelberg,t,Eastern Metropolitan,3,8.9,781000.0,753722.5298246687,808863.9458310287,734377.5284519088,False
Heidelberg West,h,Eastern Metropolitan,2,8.8,875000.0,732283.194604281,783773.9478164865,747580.4869573606,False
Highett,h,Southern Metropolitan,4,16.0,1300000.0,1181361.4407870101,1065587.306610901,1039457.4834543965,True
Highett,h,Southern Metropolitan,4,16.0,1430000.0,1318366.9555996426,1228966.0936364895,1302474.0665763412,True
Hillside,h,Western Metropolitan,3,18.0,660000.0,559594.5454557732,538879.5813720943,593388.9189501395,True
Hillside,h,Western Metropolitan,3,18.0,480000.0,523809.82225140714,434529.1685252096,440614.3634712262,True
Ivanhoe,h,Eastern Metropolitan,4,7.8,2380000.0,1607343.335965018,1661225.2837809378,1597900.4086169344,False
Ivanhoe,h,Eastern Metropolitan,3,7.8,1035000.0,1115672.935638635,1109105.5913340978,1069676.8463755846,False
Ivanhoe,t,Eastern Metropolitan,3,7.8,975000.0,745916.2487529577,806639.3824910359,763499.5737685036,False
Jacana,h,Northern Metropolitan,3,14.0,556000.0,507635.5863446977,484205.49996722373,465543.2461009219,False
Keilor,h,Western Metropolitan,3,14.5,875000.0,691222.456922941,716501.1016065985,670570.010183641,True
Keilor Downs,h,Western Metropolitan,4,15.5,670000.0,668407.409601992,679784.9040660971,619667.4135284249,True
Keilor Downs,h,Western Metropolitan,3,15.5,575000.0,479816.1123973005,442034.5006149403,412248.0187744902,True
Kensington,h,Northern Metropolitan,3,3.4,1250000.0,1482454.9140435364,1254044.4954487933,1396592.5405033478,False
Kensington,u,Northern Metropolitan,1,3.4,395000.0,403640.07024554274,376036.5840460896,386635.8850424466,False
Kensington,h,Northern Metropolitan,2,3.4,840500.0,892769.4973069236,996098.7125892567,867487.7700505703,False
Kew,h,Southern Metropolitan,3,5.4,1995000.0,1601294.006496644,1834813.4312368315,1922427.1711932095,False
Kew,u,Southern Metropolitan,2,5.4,600000.0,606221.4751343576,662135.1152403278,647087.1981859957,False
Kew,u,Southern Metropolitan,2,5.4,797000.0,711206.5769988344,681968.400821967,733446.0385152493,False
Kew,h,Southern Metropolitan,3,5.4,3001000.0,2232175.3750956315,2262310.304460682,2530608.0704301284,False
Keysborough,h,South-Eastern Metropolitan,3,25.2,752000.0,1046584.8540686513,763881.7294219936,730419.4025835135,True
Lalor,h,Northern Metropolitan,3,16.3,705500.0,483919.93469512946,489269.9381299643,542668.7497541421,True
Lalor,h,Northern Metropolitan,2,16.3,685000.0,501646.4990966949,515104.1036631774,602387.9620484521,True
Lalor,h,Northern Metropolitan,3,16.3,560000.0,476712.77799527126,432304.9829568291,475677.73634228855,True
Lalor,h,Northern Metropolitan,2,16.3,511500.0,428358.1717168279,371884.271371897,442428.562130136,True
Maidstone,t,Western Metropolitan,3,6.4,810000.0,798891.977835263,705017.024780564,852031.7307086274,False
Malvern East,h,Southern Metropolitan,3,8.4,1275000.0,1120761.0332494152,1373190.8439952368,1257547.9529895734,False
Malvern East,h,Southern Metropolitan,3,8.4,1690000.0,1644927.0934132189,1696955.9473794561,1647180.799116097,False
Malvern East,h,Southern Metropolitan,4,8.4,3600000.0,2453643.1371423393,2665130.5401510745,2629129.9428684786,False
Maribyrnong,t,Western Metropolitan,3,4.3,815000.0,891377.3047870968,829123.4641289435,846068.9813809339,False
Maribyrnong,h,Western Metropolitan,2,4.3,920000.0,868452.4548883588,944315.6664656443,852231.1462232155,False
Meadow Heights,h,Northern Metropolitan,3,17.4,467000.0,438237.52384568995,455821.1141899389,468545.4364872646,True
Melton,h,Western Victoria,4,31.7,405000.0,565253.6472409602,487308.3724468777,569900.7145878637,True
Melton South,h,Western Victoria,3,29.8,420000.0,551453.4457533003,542327.4281163339,511569.2502256097,True
Melton South,h,Western Victoria,3,29.8,465000.0,532465.6130640238,532530.1874742003,518888.73264774587,True
Mill Park,h,Northern Metropolitan,4,17.9,625000.0,852718.4414192169,657202.583206916,704931.8578250246,True
Mill Park,h,Northern Metropolitan,2,17.9,428000.0,590799.5496073901,442686.9939745076,537789.4432842456,True
Mill Park,h,Northern Metropolitan,4,17.9,722500.0,873695.0656735202,706113.0293197449,762776.7613733195,True
Mill Park,h,Northern Metropolitan,2,17.9,421000.0,418042.4228732159,351877.4166177557,395144.07963102334,True
Mitcham,h,Eastern Metropolitan,2,17.2,890000.0,981218.1182021375,920765.5320387239,885736.5847308266,True
Mitcham,h,Eastern Metropolitan,3,17.2,960000.0,1329918.2205631034,1131643.8554521776,1030867.9318329858,True
Montmorency,h,Eastern Metropolitan,3,16.2,755000.0,918668.4300169698,885069.9254360984,860637.0714021864,True
Moonee Ponds,u,Western Metropolitan,1,6.2,286000.0,295059.07887661085,312604.9669271089,314754.4823331756,False
Moonee Ponds,h,Western Metropolitan,3,6.2,1375000.0,1109218.699710896,1074564.8598675823,1112991.297649642,False
Moorabbin,h,Southern Metropolitan,3,14.3,1401500.0,1192217.9059026025,1308980.649628857,1238617.700747616,False
Mordialloc,h,South-Eastern Metropolitan,4,21.5,920000.0,875615.5562060459,843352.3818364309,849224.3137972712,True
Mordialloc,h,South-Eastern Metropolitan,2,21.5,1110000.0,984646.2593398647,910361.0350366784,972557.6877816046,True
Mount Evelyn,h,Eastern Victoria,3,31.6,620000.0,1686384.9543200298,1548259.5901552427,1337792.7652169345,True
Mount Waverley,h,Eastern Metropolitan,3,14.2,1200000.0,1763931.345151372,1771430.4055747574,1405511.6157956643,True
Mount Waverley,h,Eastern Metropolitan,4,14.2,1387000.0,1353748.8253898586,1147660.4625548748,1164119.6947430735,True
Mount Waverley,t,Eastern Metropolitan,4,14.2,970000.0,909289.4673404248,739440.5692778239,782076.5540777233,True
Mount Waverley,u,Eastern Metropolitan,3,14.2,870000.0,797851.0288174934,725655.1228331177,758850.0400755616,True
Mount Waverley,h,Eastern Metropolitan,3,14.2,1250000.0,1258033.9549726045,1057392.7872580704,1150666.4179004778,True
Mulgrave,h,South-Eastern Metropolitan,3,18.8,865000.0,1219583.8479451425,1049836.3796962064,1065096.777440906,True
Murrumbeena,h,Southern Metropolitan,3,10.1,1410000.0,1369010.165617554,1411168.3772421135,1442464.7796179769,False
Murrumbeena,u,Southern Metropolitan,3,10.1,1220500.0,1092706.1190628672,1157895.4754896616,1118093.4677593843,False
Murrumbeena,u,Southern Metropolitan,1,10.1,357000.0,319070.70592022396,341900.89233824227,348940.28919138224,False
Murrumbeena,h,Southern Metropolitan,4,10.1,1920000.0,1843273.0605746272,1900684.2533244158,1867566.659655772,False
Narre Warren,h,South-Eastern Metropolitan,3,34.1,597500.0,1231146.2175494365,993587.2009545963,982993.4547113405,True
Newport,h,Western Metropolitan,3,6.2,1250000.0,998990.0400394513,1033744.9867375598,1053270.2086552444,False
Newport,h,Western Metropolitan,3,6.2,1230000.0,1025179.9366620713,1032465.2687012758,1056271.877237304,False
Newport,h,Western Metropolitan,3,6.2,1220000.0,1009855.1974190582,1039990.3058631325,1087526.9060358312,False
Niddrie,h,Western Metropolitan,4,10.4,1315000.0,1073912.0037054252,1270766.1243126115,1127079.8682102682,False
Noble Park,h,South-Eastern Metropolitan,3,22.7,660000.0,1013139.3274636322,783243.1671947903,796226.9724960036,True
North Melbourne,u,Northern Metropolitan,2,1.8,570000.0,601469.6171246151,634992.5658948661,646291.054896085,False
North Melbourne,u,Northern Metropolitan,2,1.8,850000.0,708957.7248206161,781833.5524562163,774691.3351399607,False
North Warrandyte,h,Eastern Metropolitan,5,21.1,1550000.0,1657893.5265000593,1530533.3140830272,1133458.3621930492,True
Northcote,h,Northern Metropolitan,3,5.3,1000000.0,963841.3483918897,963767.6078883586,881290.8149455694,False
Northcote,h,Northern Metropolitan,3,5.3,1240000.0,1238048.339668374,1145424.4238509736,1168175.5903891858,False
Northcote,h,Northern Metropolitan,3,5.3,1590000.0,1181085.1273533371,1317790.3156205637,1265359.5316441366,False
Northcote,h,Northern Metropolitan,3,5.3,1275000.0,1125475.9486086452,983350.5461791026,936476.0766389485,False
Northcote,h,Northern Metropolitan,3,5.3,1350000.0,1189932.103417083,1075014.5163479252,1068455.2852303025,False
Nunawading,h,Eastern Metropolitan,4,15.4,1075000.0,1447161.2060904047,1185691.0945123548,1124552.2684756638,True
Oak Park,h,Northern Metropolitan,3,11.2,821000.0,764823.9709110258,750363.9119383739,723713.2202462802,False
Oak Park,h,Northern Metropolitan,4,11.2,1071888.0,848264.389420335,828632.477191127,862436.9579283884,False
Oak Park,t,Northern Metropolitan,2,11.2,560000.0,436089.5870235668,500955.1171121358,513910.3375921426,False
Oakleigh,h,Southern Metropolitan,5,12.3,1750000.0,1636444.6235205326,1655027.6641119723,1587208.5010250777,False
Oakleigh East,h,Southern Metropolitan,3,12.3,1210000.0,1170092.6833555587,1200227.1021375386,1230575.7636670563,True
Oakleigh South,h,South-Eastern Metropolitan,4,15.5,1500000.0,971235.3982504618,1063017.2634945991,965000.2343704336,False
Oakleigh South,h,South-Eastern Metropolitan,4,15.5,1215000.0,1021922.2801897892,998550.5562585633,963034.5361110562,False
Oakleigh South,h,South-Eastern Metropolitan,3,15.5,1265000.0,1118660.941430705,1016038.2094213531,1098703.447569092,False
Oakleigh South,h,South-Eastern Metropolitan,4,15.5,1050000.0,1016926.2234204339,1079787.2702980302,1009927.3785537862,False
Ormond,h,Southern Metropolitan,2,11.4,790000.0,885592.379300585,969505.2487349029,949424.0260790724,False
Pakenham,h,Eastern Victoria,4,47.3,410500.0,1067002.7694842971,856837.8057121075,877752.6423055184,True
Parkdale,h,South-Eastern Metropolitan,4,21.5,1300000.0,946570.31161569,907893.3552395819,848856.1798853384,True
Parkdale,h,South-Eastern Metropolitan,3,21.5,1400000.0,788742.7778093886,658550.09587095,745284.5839671077,True
Pascoe Vale,h,Northern Metropolitan,3,8.5,955000.0,925440.0950598211,1043926.537106043,1037684.2750420789,False
Pascoe Vale,h,Northern Metropolitan,2,8.5,860000.0,894705.5568349655,836112.1832342985,852043.4433842414,False
Pascoe Vale,h,Northern Metropolitan,2,8.5,740000.0,813810.3477750276,732447.2807225792,729342.793409266,False
Port Melbourne,u,Southern Metropolitan,2,3.5,816000.0,686713.9165129593,701841.976940163,782752.3120375297,False
Port Melbourne,u,Southern Metropolitan,3,3.5,800000.0,883872.1463247178,945035.2716932106,878661.0729095531,False
Prahran,u,Southern Metropolitan,2,4.6,1020000.0,757054.4027469076,766383.019614276,874438.7702619381,False
Prahran,u,Southern Metropolitan,2,4.6,660000.0,636956.44960074,660587.5840349525,655830.0711586162,False
Preston,h,Northern Metropolitan,3,8.4,1242000.0,1007984.9583601216,1057909.8129730483,1052973.8372964975,False
Preston,h,Northern Metropolitan,2,8.4,1365000.0,940602.4689718736,854605.4735360595,905524.5819725944,False
Preston,u,Northern Metropolitan,3,8.4,691000.0,671789.938752764,609806.0610773559,580300.7030485849,False
Preston,t,Northern Metropolitan,2,8.4,660000.0,619497.7228856292,636827.2824703263,633047.9268531551,False
Preston,t,Northern Metropolitan,3,8.4,875000.0,766204.7468037748,834034.8097131203,779979.3368214177,False
Preston,h,Northern Metropolitan,5,8.4,1350000.0,1197355.5664943315,1476752.3820839524,1495449.3524672736,False
Preston,h,Northern Metropolitan,3,8.4,1020000.0,784872.5991053471,822253.9481118522,807624.583338315,False
Reservoir,h,Northern Metropolitan,3,12.0,630000.0,509846.7135944023,440006.4074330299,526738.7317047988,False
Reservoir,h,Northern Metropolitan,3,12.0,877500.0,633328.5210355681,653367.1678710044,651395.2455977502,False
Reservoir,h,Northern Metropolitan,5,12.0,912000.0,889877.2534821376,1052411.838780714,961222.6724718919,False
Reservoir,h,Northern Metropolitan,3,12.0,685000.0,576499.1347577056,599956.0866379751,598807.8949375327,False
Reservoir,u,Northern Metropolitan,1,12.0,270000.0,303935.1801033609,252777.21151468772,236349.11416851345,False
Reservoir,h,Northern Metropolitan,3,12.0,911000.0,748385.8735240082,732908.2706101125,782964.8720448529,False
Reservoir,u,Northern Metropolitan,1,12.0,365000.0,309508.407249557,298057.1583090139,320214.9737590361,False
Reservoir,u,Northern Metropolitan,2,12.0,470000.0,337645.73293307604,375192.6423903257,353951.4606099696,False
Richmond,u,Northern Metropolitan,2,2.4,890500.0,852486.4892171123,1101837.717379151,1083660.6977143388,False
Richmond,u,Northern Metropolitan,1,2.4,355000.0,389351.9424427081,419716.00584450236,400887.1104357725,False
Richmond,h,Northern Metropolitan,3,2.4,1300000.0,1316504.7683823574,1086076.563196182,1041487.1506738366,False
Richmond,u,Northern Metropolitan,2,2.4,717000.0,661221.6312123608,795982.3555475791,755874.2525652937,False
Richmond,h,Northern Metropolitan,3,2.4,1530000.0,1369331.2437486502,1430809.9787989021,1428883.200683543,False
Riddells Creek,h,Northern Victoria,4,47.4,817000.0,866500.719664958,912588.9754732654,860297.1476493098,True
Ringwood,h,Eastern Metropolitan,3,19.9,1291000.0,1343541.0209242757,1335047.0801685515,1346826.155711571,True
Ringwood,h,Eastern Metropolitan,3,19.9,1085000.0,1383549.8859752305,1299788.1153316137,1253178.8524378173,True
Ringwood North,h,Eastern Metropolitan,3,19.9,750000.0,1030400.9981143872,958313.2543581232,945590.4484806203,True
Ripponlea,h,Southern Metropolitan,2,7.2,1005000.0,1529933.2469899717,1202355.3498362033,1358312.7632001413,False
Rowville,h,South-Eastern Metropolitan,4,23.5,860000.0,1288419.8379844096,1134655.3594774825,1080198.5823710281,True
Sandhurst,h,South-Eastern Metropolitan,4,34.7,645000.0,1180628.9196949927,980194.9712011911,1049375.2262105655,True
Sandringham,h,Southern Metropolitan,4,15.2,1770000.0,1464000.1010974997,1302392.337504331,1454222.9471442979,True
Sandringham,h,Southern Metropolitan,5,15.2,2250000.0,1863450.475117149,1312846.4477425856,1370785.4095729985,True
Scoresby,h,Eastern Metropolitan,3,22.2,833800.0,1394257.8597876325,1032935.1079972668,1077802.7173043329,True
Seaford,h,South-Eastern Metropolitan,6,35.4,1050000.0,1407458.4183106879,1326899.6701947995,1326288.5656925917,True
Seddon,h,Western Metropolitan,3,5.1,1085000.0,1127854.9404941848,1235404.4039618932,1195159.0664050586,False
Silvan,h,Eastern Victoria,4,34.6,1070000.0,1965654.4062164729,1408866.6175406328,1647319.0310689015,True
South Melbourne,h,Southern Metropolitan,3,1.9,1700000.0,1241105.541965835,1354646.6737454608,1294117.9748012135,False
South Yarra,u,Southern Metropolitan,2,2.7,470000.0,500700.7028656579,533900.3579843004,517519.0856486418,False
South Yarra,u,Southern Metropolitan,2,2.7,945000.0,495754.6770323143,606190.3906063297,596817.4634069161,False
South Yarra,h,Southern Metropolitan,3,2.7,900000.0,1231102.8865135966,1304883.066777349,1235503.133699996,False
South Yarra,h,Southern Metropolitan,3,2.7,1810000.0,1800562.529122256,1973716.0155500567,2089356.7741752788,False
Spotswood,h,Western Metropolitan,3,6.2,785000.0,950119.225018391,979533.0147782711,965547.3628310751,False
Springvale,h,South-Eastern Metropolitan,3,20.8,770000.0,1096219.1287158644,869047.0536131102,861281.2712809845,True
St Albans,h,Western Metropolitan,3,14.0,600000.0,538778.7785785153,455489.89996797155,459473.52382320707,True
St Kilda,h,Southern Metropolitan,4,5.0,1650000.0,2224297.025649146,1976268.0237979386,2091484.3061898435,False
Strathmore,h,Western Metropolitan,3,8.2,883000.0,921748.4199254008,857583.4457032437,867247.2701208127,False
Strathmore,h,Western Metropolitan,3,8.2,1650000.0,1234287.6978902495,1328788.5365611252,1435503.3166088494,False
Sunbury,h,Western Metropolitan,3,31.7,755000.0,595021.5855717827,499693.80345169624,534254.7779925098,True
Sunshine West,h,Western Metropolitan,4,10.5,780000.0,798601.1803044885,734216.7094761758,744534.543168875,False
Sunshine West,u,Western Metropolitan,3,10.5,518000.0,518288.9669169893,446336.65791061765,452387.69297110743,False
Surrey Hills,h,Southern Metropolitan,5,10.2,2000000.0,1894532.8510022,2050475.972531511,1876399.1011300327,False
Surrey Hills,h,Southern Metropolitan,3,10.2,1050000.0,1728800.993785003,1688047.630627602,1778369.0119258831,False
Taylors Lakes,h,Western Metropolitan,4,15.5,716000.0,631480.3441884165,578633.7489382908,602118.6454727306,True
Templestowe,h,Eastern Metropolitan,4,15.5,1450000.0,1278083.7031377156,1356604.204506595,1190464.9684498007,True
Templestowe,h,Eastern Metropolitan,4,15.5,1860000.0,1215142.0711297777,1124738.5494656747,1021976.5095658365,True
Templestowe Lower,h,Eastern Metropolitan,3,12.4,1181000.0,1230558.685402629,1175207.2153065607,1232820.6320730185,False
Templestowe Lower,h,Eastern Metropolitan,4,12.4,1352000.0,1151908.8008796964,1258074.0884841708,1104909.035911837,False
Thomastown,h,Northern Metropolitan,3,15.3,632500.0,432968.2700971042,442465.70574885997,488282.2502969097,True
Thomastown,u,Northern Metropolitan,3,15.3,460000.0,489279.5298557495,364622.33479265886,401611.82106404036,True
Thomastown,h,Northern Metropolitan,3,15.3,651000.0,456257.1193938016,435758.09678836656,492809.07623434684,True
Thomastown,h,Northern Metropolitan,3,15.3,831000.0,483915.5635714135,499324.9284598733,549845.9961651713,True
Thornbury,h,Northern Metropolitan,3,7.0,1250000.0,1113245.538621062,1110144.0315429575,1033643.0279783289,False
Thornbury,h,Northern Metropolitan,2,7.0,1460000.0,985688.4720262131,1036180.9934303043,993912.2267883669,False
Thornbury,h,Northern Metropolitan,2,7.0,1000000.0,979259.210128394,965910.4871987785,953498.1649343801,False
Thornbury,h,Northern Metropolitan,3,7.0,1420000.0,1089612.3586519123,1084016.6853415503,1064811.154706218,False
Toorak,u,Southern Metropolitan,3,4.1,640000.0,759113.446158546,742286.6673619043,697492.6101500101,False
Travancore,t,Western Metropolitan,2,4.3,856000.0,791556.998051653,804553.5144364813,781716.9199872352,False
Vermont,h,Eastern Metropolitan,4,17.2,1235000.0,1339802.5668561275,1063088.8528875373,1041441.5858569663,True
Vermont South,h,Eastern Metropolitan,5,17.2,1425000.0,1355429.0926662493,1388184.597334123,1277429.316965185,True
Vermont South,h,Eastern Metropolitan,4,17.2,1650000.0,1523637.0430143033,1347076.4096620162,1438968.120865284,True
Vermont South,h,Eastern Metropolitan,4,17.2,1400000.0,1354699.7153283972,1512829.8861035157,1513317.8672282111,True
Vermont South,h,Eastern Metropolitan,4,17.2,1290000.0,1282279.1546938533,1062915.6093520839,1177283.8824030997,True
Viewbank,h,Eastern Metropolitan,3,8.9,825000.0,905676.6011599103,965416.0852317424,918548.5071856205,False
Wantirna,h,Eastern Metropolitan,4,14.7,1000000.0,1337477.5124549053,1076868.4190633495,1110404.0652906785,True
Wantirna South,h,Eastern Metropolitan,3,14.7,1160000.0,1236985.4399817367,1088002.0906756134,1092984.6964643628,True
Wantirna South,h,Eastern Metropolitan,6,14.7,1180000.0,1321274.9373450296,1014335.7591215416,997858.0803861774,True
Watsonia North,h,Northern Metropolitan,4,14.5,800000.0,890626.1173057201,824418.6916149386,828228.2232884273,True
West Footscray,h,Western Metropolitan,2,6.4,749000.0,787719.6667706049,755423.4614766744,756449.5459679762,False
West Melbourne,h,Northern Metropolitan,3,3.1,1370000.0,1260490.726920375,1182643.7386562538,1106442.7582859972,False
Wheelers Hill,h,South-Eastern Metropolitan,4,16.7,1272000.0,1267276.5786777246,1197011.691067139,1150219.1206185883,True
Windsor,h,Southern Metropolitan,2,4.6,957500.0,1183998.8016250408,1063528.461442417,1070648.1994944524,False
Windsor,h,Southern Metropolitan,3,4.6,2080000.0,2307574.9734459785,2483371.2237626887,2632981.2632715194,False
Yallambie,h,Northern Metropolitan,3,12.7,852000.0,835044.74878894,849354.9515051985,855645.8964782489,False
Abbotsford,u,Northern Metropolitan,2,3.0,505000.0,489275.46191152267,470219.81284325506,426002.3142008416,False
Abbotsford,h,Northern Metropolitan,3,3.0,1402500.0,1340101.561952591,1340191.5961334098,1391935.5206215188,False
Aberfeldie,h,Western Metropolitan,5,7.5,2905000.0,1707208.4331916946,2241976.7436814974,2579540.382349022,False
Airport West,h,Western Metropolitan,2,10.4,650000.0,633323.4334068587,703185.7929919934,669908.993896566,False
Airport West,t,Western Metropolitan,3,10.4,856000.0,813316.9943327289,847632.1687735678,802779.9825962756,False
Albert Park,h,Southern Metropolitan,3,3.0,1505000.0,1587473.2239928665,1563039.7406931059,1653257.9621831416,False
Albert Park,h,Southern Metropolitan,3,3.0,1900000.0,1752650.708014929,1795913.1097037853,1795285.8256219875,False
Albion,u,Western Metropolitan,3,10.5,600000.0,714857.0265362042,554698.1808128486,609687.5276817991,False
Altona,h,Western Metropolitan,2,11.0,1030000.0,887949.4374444466,1000562.1509788607,956088.1156820989,False
Altona,h,Western Metropolitan,3,11.0,1005000.0,668706.6006605958,779844.3316347455,804423.8365095555,False
Armadale,u,Southern Metropolitan,2,6.3,410000.0,477843.87881648535,497603.7850011203,487781.9242142505,False
Armadale,u,Southern Metropolitan,2,6.3,590000.0,630543.1713033462,695524.3380853346,653604.020033056,False
Armadale,h,Southern Metropolitan,3,6.3,1850000.0,2079299.2466380114,1650170.6512131803,1835867.062435038,False
Ascot Vale,h,Western Metropolitan,3,4.3,1530000.0,1151029.4994372786,1242937.7891320146,1340231.58780394,False
Ascot Vale,h,Western Metropolitan,3,4.3,865000.0,1002131.5381410109,981461.1039616365,923004.4025301893,False
Ascot Vale,h,Western Metropolitan,3,4.3,1370000.0,1169191.8211232736,1450203.0474659426,1421075.4483724674,False
Ascot Vale,h,Western Metropolitan,3,4.3,1082000.0,959208.8375361162,1110044.0581105743,1037780.6341323464,False
Ashburton,h,Southern Metropolitan,4,10.2,1972500.0,1924113.8070026624,1775706.5050535908,1760603.694838034,False
Ashburton,h,Southern Metropolitan,3,10.2,1775000.0,1578060.8192715293,1856935.9088004008,1826616.9291853064,False
Aspendale,h,South-Eastern Metropolitan,4,21.5,1150000.0,979379.6833174512,844019.6070980447,791257.5943868915,True
Avondale Heights,h,Western Metropolitan,4,9.5,835000.0,837733.0785859075,855648.9026393387,832032.470112113,False
Balwyn,u,Southern Metropolitan,2,7.9,460000.0,552422.4577820627,542618.8892973154,525166.0822268948,False
Balwyn,u,Southern Metropolitan,2,7.9,725000.0,528515.1553361665,560254.5984414731,549515.2267013071,False
Balwyn,u,Southern Metropolitan,2,7.9,602000.0,612871.5058590573,623295.9856088625,638804.8986854148,False
Balwyn,u,Southern Metropolitan,2,7.9,830000.0,665249.1389985891,760022.4314522754,792751.0277248643,False
Balwyn North,h,Southern Metropolitan,3,9.7,1300000.0,1905292.3828876142,1722347.7194954304,1782540.8223553041,False
Balwyn North,t,Southern Metropolitan,3,9.7,1330000.0,1201866.6431812649,1121541.9542777024,1204387.6629771949,False
Balwyn North,h,Southern Metropolitan,4,9.7,2050000.0,1909671.5722180468,1939178.7157201124,2150619.296213864,False
Balwyn North,h,Southern Metropolitan,5,9.7,1940000.0,1929032.2710062165,1957124.242592393,1862093.1376346024,False
Balwyn North,h,Southern Metropolitan,3,9.7,1590000.0,1704358.5060622594,1587440.519256619,1624394.7809188068,False
Balwyn North,u,Southern Metropolitan,2,9.7,725000.0,721576.9933142728,641405.827082593,696251.2010669806,False
Balwyn North,h,Southern Metropolitan,2,9.7,2367000.0,1513000.994353361,1452866.2433365698,1425267.63990395,False
Bayswater,h,Eastern Metropolitan,4,23.2,705000.0,1342728.2843848048,1078546.797326589,1037192.2672158936,True
Beaumaris,h,Southern Metropolitan,4,17.3,2200000.0,1773269.6020558495,1880460.9828674183,1838727.5523420512,True
Bellfield,h,Eastern Metropolitan,2,8.8,736500.0,647511.3797627678,638705.6640382021,635507.493646265,False
Bellfield,h,Eastern Metropolitan,3,8.8,780000.0,902368.6197884019,959410.1760279473,926592.3692836742,False
Bentleigh,u,Southern Metropolitan,2,11.4,420000.0,466680.66885217914,458938.01054106327,439930.08506868064,False
Bentleigh,h,Southern Metropolitan,4,11.4,1479000.0,1723750.6597264886,1689540.8921587695,1647424.9804104436,False
Bentleigh,h,Southern Metropolitan,3,11.4,1199000.0,1098384.4940832548,1163891.5805406165,1059551.70652548,False
Bentleigh,h,Southern Metropolitan,4,11.4,1350000.0,1704591.5612959424,1570317.763189576,1642875.718518734,False
Bentleigh East,h,Southern Metropolitan,3,13.8,890000.0,845170.7909912402,916058.9796454138,875035.3873225832,False
Bentleigh East,h,Southern Metropolitan,4,13.8,1655000.0,1586886.0992787648,1659753.171660863,1696704.535110714,False
Bentleigh East,h,Southern Metropolitan,3,13.8,1430000.0,1204960.652586145,1123917.6357254633,1195972.6889229636,False
Bentleigh East,t,Southern Metropolitan,3,13.8,955000.0,866721.9985474511,881053.643519433,865092.2050161039,False
Berwick,h,Eastern Victoria,4,35.2,667000.0,1321834.4219327476,1112787.5682830524,1144656.5293611335,True
Berwick,h,Eastern Victoria,4,35.2,740000.0,1321029.9877867168,1115957.78942119,1236954.7458472329,True
Black Rock,u,Southern Metropolitan,3,17.3,1080000.0,932241.1117315848,958836.4877032607,988552.3749547946,True
Black Rock,u,Southern Metropolitan,2,17.3,623500.0,613505.5029448086,490386.40076481656,498136.5980290025,True
Blackburn South,h,Eastern Metropolitan,4,13.4,1258000.0,1430323.3569171026,1394518.3196309574,1463618.4730120508,True
Briar Hill,h,Eastern Metropolitan,3,16.1,590000.0,729057.1490545125,666786.7541106988,607022.7084704058,True
Brighton,t,Southern Metropolitan,3,10.5,1600000.0,1301001.253427844,1181015.8540615432,1287504.54151363,False
Brighton,h,Southern Metropolitan,3,10.5,1211000.0,1609437.8048457548,1585256.0178783962,1551026.169896696,False
Brighton,h,Southern Metropolitan,4,10.5,3225000.0,2963734.477249328,2891590.0720556546,3158619.757965024,False
Brighton,h,Southern Metropolitan,4,10.5,2385000.0,2303548.0732978163,2155176.7647963655,2283826.0999849103,False
Brighton,u,Southern Metropolitan,3,10.5,1370000.0,813429.0431837463,931312.3461165917,944350.4781835247,False
Brighton East,h,Southern Metropolitan,3,10.3,1750800.0,1638054.9068943583,1808316.9563012663,2028478.5448643721,False
Brighton East,h,Southern Metropolitan,4,10.3,2300000.0,1822601.9938327174,2040880.9639304054,1800968.3580406394,False
Brighton East,h,Southern Metropolitan,4,10.3,1605000.0,1679304.3508342535,1709616.797359537,1597563.3091688685,False
Brighton East,h,Southern Metropolitan,2,10.3,1035000.0,1068105.0360915938,865067.9101852468,925385.1416246144,False
Broadmeadows,h,Northern Metropolitan,3,14.0,505000.0,468396.90465363907,426980.1044225214,466881.6921810713,True
Brooklyn,t,Western Metropolitan,3,6.4,663000.0,894266.3372270449,763165.9949756132,801053.0777270129,False
Brunswick,h,Northern Metropolitan,2,5.2,860000.0,939513.7027174839,951334.1057514452,969207.9310216352,False
Brunswick,h,Northern Metropolitan,3,5.2,1505000.0,1204261.81310225,1169709.871378387,1182914.501323145,False
Brunswick,h,Northern Metropolitan,3,5.2,1700000.0,973065.6751422781,969710.8819409313,1018655.6453406499,False
Brunswick,h,Northern Metropolitan,3,5.2,1280000.0,1201361.0412441695,1205913.3681946513,1158292.125385436,False
Brunswick,u,Northern Metropolitan,2,5.2,755000.0,461150.6643680872,456934.08846537955,443565.02639672195,False
Brunswick,h,Northern Metropolitan,5,5.2,2545000.0,2237739.797760226,2469700.6328065465,2022160.1424069183,False
Brunswick,h,Northern Metropolitan,3,5.2,1405000.0,1335403.4646998795,1350976.5273982757,1387304.2644648168,False
Brunswick,u,Northern Metropolitan,2,5.2,460000.0,442732.09479132283,388632.3318706251,385196.7270348355,False
Brunswick East,h,Northern Metropolitan,4,4.0,1210000.0,1335260.4662057052,1731330.8576429028,1699754.3916913946,False
Brunswick East,h,Northern Metropolitan,3,4.0,1265000.0,1088190.3321234202,1209707.8041289193,1075585.3077826665,False
Brunswick West,h,Northern Metropolitan,3,5.2,1300000.0,1016865.6906007422,1149508.4974195792,1087798.1312362761,False
Brunswick West,u,Northern Metropolitan,2,5.2,460000.0,428345.9720838879,430966.86497053114,434028.0267300038,False
Brunswick West,u,Northern Metropolitan,1,5.2,263100.0,341551.50741986354,337788.0360190489,348119.9786248652,False
Brunswick West,h,Northern Metropolitan,5,5.2,1075000.0,1500121.0628832902,1401262.431825953,1440048.9108343709,False
Bulleen,t,Eastern Metropolitan,4,10.8,950000.0,916153.4322692518,841331.9874454389,974042.2434898012,False
Bulleen,h,Eastern Metropolitan,1,10.8,1310000.0,1021357.7117505814,616633.8961341064,891304.1904243608,False
Bundoora,h,Northern Metropolitan,3,12.1,714000.0,758427.0392020028,603297.1210616409,621883.8504587559,True
Bundoora,h,Northern Metropolitan,4,12.1,880000.0,751602.013062738,614848.2476878489,716870.2273647427,True
Bundoora,h,Northern Metropolitan,3,12.1,1405000.0,893918.0550990925,805026.0134147323,749122.3997929535,True
Burnley,h,Northern Metropolitan,3,2.4,1837500.0,1340783.9073389175,1360761.9842989955,1472295.3032038135,False
Burnside Heights,h,Western Metropolitan,3,14.8,593000.0,557784.6035167786,582948.3174820149,600139.4215328927,True
Burwood,h,Southern Metropolitan,3,10.4,1732000.0,1475331.3757621106,1467676.6941383546,1497924.5613449397,False
Burwood,h,Southern Metropolitan,3,10.4,1253500.0,1400201.2416561064,1323095.7918845855,1302060.2960070046,False
Burwood,h,Southern Metropolitan,7,10.4,1642000.0,2070168.996842305,1626818.0886333752,1850954.452310786,False
Burwood,t,Southern Metropolitan,2,10.4,700000.0,816811.9444541006,728457.726571377,774067.4546452065,False
Burwood East,t,Eastern Metropolitan,3,14.7,780000.0,895082.1516846404,672977.1832165505,733090.0405082715,True
Cairnlea,h,Western Metropolitan,4,14.8,720000.0,592764.1292058907,632415.3995868415,652875.9353956385,True
Camberwell,h,Southern Metropolitan,3,7.7,1622000.0,1588834.1241961597,1628499.2171574219,1842324.5531109893,False
Camberwell,h,Southern Metropolitan,3,7.7,1290000.0,1558302.673039243,1446956.4963355935,1517974.9830683274,False
Canterbury,h,Southern Metropolitan,3,8.4,1930000.0,1690599.851362348,1743338.3639628282,1710944.9874506611,False
Canterbury,h,Southern Metropolitan,4,8.4,2408000.0,2454833.81480464,2279267.772514554,2391569.5318557797,False
Canterbury,h,Southern Metropolitan,4,8.4,4750000.0,3221722.9564182977,3576082.522829178,3483864.8445778885,False
Canterbury,u,Southern Metropolitan,2,8.4,645000.0,544054.0359483259,525616.4514113682,524577.455001841,False
Carlton,u,Northern Metropolitan,2,1.6,1100000.0,951411.2905037275,904563.3023390835,1033624.2434250065,False
Carlton North,h,Northern Metropolitan,3,3.5,1628000.0,1398616.5882031505,1480572.8120177675,1571545.2173743637,False
Carnegie,u,Southern Metropolitan,3,10.1,1042000.0,1150200.341363707,969820.4719029793,954781.703879651,False
Carnegie,h,Southern Metropolitan,3,10.1,1450000.0,1531168.187959734,1565962.3026933207,1502320.4564248964,False
Carrum Downs,h,South-Eastern Metropolitan,4,34.9,525000.0,1110892.9937067665,910655.9791694899,969391.276408933,True
Caulfield,u,Southern Metropolitan,2,8.7,570000.0,538778.5990294412,515118.5212171437,535361.8321645551,False
Caulfield East,u,Southern Metropolitan,2,8.4,300000.0,482581.93784464913,482390.8470444308,482848.70291188685,False
Caulfield North,h,Southern Metropolitan,2,7.8,1417500.0,1175300.9239637237,1328394.8817939858,1266772.2343585687,False
Caulfield South,h,Southern Metropolitan,4,8.7,1550000.0,1740012.7921745116,1657229.909307449,1592598.6783728679,False
Chadstone,h,Southern Metropolitan,2,11.7,510000.0,1095950.418347801,761577.8762624296,721668.734919606,False
Cheltenham,h,Southern Metropolitan,3,17.9,1010000.0,919154.4717946006,895302.5664043679,820278.684430642,True
Cheltenham,u,Southern Metropolitan,2,17.9,601000.0,687597.7072486473,589427.0349735079,609429.8532199619,True
Cheltenham,h,Southern Metropolitan,3,17.9,1145000.0,987017.028125166,965243.6291979994,946850.8787411107,True
Cheltenham,h,Southern Metropolitan,3,17.9,755000.0,887643.6603872792,861904.3068135545,773449.0690354784,True
Chirnside Park,h,Eastern Victoria,4,27.1,911982.0,1174210.3410118585,1144326.7622084795,1088291.9782079256,True
Clayton,h,South-Eastern Metropolitan,4,16.7,1040000.0,1295466.6958681522,1139459.2684679234,1083294.601581822,True
Clayton South,u,South-Eastern Metropolitan,3,17.5,700000.0,921764.1419886292,767959.6241024683,752433.5334762516,True
Clifton Hill,h,Northern Metropolitan,3,3.6,1460000.0,1164270.1376863222,1334373.6284268925,1266408.101508631,False
Clifton Hill,u,Northern Metropolitan,2,3.6,556000.0,519661.6936788126,563960.7446647638,558040.2174187566,False
Coburg,h,Northern Metropolitan,5,6.7,1615000.0,1554932.8115389352,1429762.3250889017,1646551.3963319054,False
Coburg,h,Northern Metropolitan,3,6.7,1090000.0,1135804.2658704212,1115550.1995071513,1164606.9997158207,False
Coburg North,h,Northern Metropolitan,3,6.7,865000.0,1054618.3043954982,1207590.620093989,1132927.728756003,False
Coburg North,t,Northern Metropolitan,2,6.7,525000.0,738667.6432759702,557847.1646068268,598524.3318984271,False
Collingwood,h,Northern Metropolitan,2,2.0,1135000.0,1013631.6901663451,1013844.0070298298,940547.5168681823,False
Collingwood,h,Northern Metropolitan,2,2.0,900000.0,944077.8385857847,901270.3628700103,856437.6687840961,False
Craigieburn,t,Northern Metropolitan,2,20.6,340000.0,417846.5873130763,371705.9321137614,363936.6404128345,True
Craigieburn,h,Northern Metropolitan,3,20.6,499000.0,509030.41581881134,485736.78980438807,508661.88106902805,True
Craigieburn,h,Northern Metropolitan,6,20.6,506000.0,682963.6507665566,606392.7681056762,631747.411447782,True
Craigieburn,h,Northern Metropolitan,3,20.6,430000.0,486173.44432266464,465108.68915795063,482155.7540417039,True
Craigieburn,t,Northern Metropolitan,3,20.6,420000.0,519995.35854021704,476586.2981204532,526920.3592517644,True
Cremorne,u,Northern Metropolitan,2,2.4,570000.0,646960.8064200496,658604.4456630681,618085.3482562245,False
Cremorne,h,Northern Metropolitan,2,2.4,1253000.0,1084741.9542403286,1181589.8706123391,1055573.380114914,False
Croydon,h,Eastern Metropolitan,4,23.0,720000.0,1398435.5457682677,1428045.4932258986,1361627.5325340172,True
Croydon,h,Eastern Metropolitan,3,23.0,637000.0,1059649.8766847,988590.9962990663,986575.7070742261,True
Croydon Hills,h,Eastern Metropolitan,4,23.0,905000.0,1669360.7250930455,1463773.3968186078,1573447.020470763,True
Croydon North,h,Eastern Metropolitan,4,23.0,835000.0,1759299.43424501,1512323.1565267327,1499300.3414710448,True
Croydon South,h,Eastern Metropolitan,3,23.0,800000.0,1663554.4459827973,1405742.9200722207,1521562.4397750408,True
Dandenong,h,South-Eastern Metropolitan,3,24.7,560000.0,1213565.9272693517,887496.4938310598,952174.399262627,True
Dandenong,h,South-Eastern Metropolitan,3,24.7,665000.0,992482.4673828679,716748.4475960222,691806.4058707578,True
Deer Park,h,Western Metropolitan,4,14.8,447000.0,669321.5468807395,721432.2031671797,662511.9864610431,True
Deer Park,h,Western Metropolitan,3,14.8,570000.0,510888.4828488776,532474.9794411934,535339.2802179966,True
Derrimut,h,Western Metropolitan,4,14.7,610000.0,649148.1260366157,699028.1000891333,753294.138512342,True
Diggers Rest,h,Western Metropolitan,3,27.7,435000.0,433202.55306962086,405531.470617306,446168.7374550136,True
Dingley Village,h,South-Eastern Metropolitan,4,22.2,1255000.0,1301148.0441441035,1047723.2640401672,1194002.1787982166,True
Dingley Village,u,South-Eastern Metropolitan,2,22.2,595000.0,549452.2645125162,521595.8603484349,473653.97787889803,True
Doncaster,h,Eastern Metropolitan,4,12.4,1616000.0,1381352.0029567499,1393646.4456729419,1355972.6249859724,False
Doncaster,h,Eastern Metropolitan,3,12.4,1060000.0,1215872.4905030597,1129430.311900907,1171765.6016868171,False
Doncaster,h,Eastern Metropolitan,4,12.4,1250000.0,1376614.8764091437,1414745.2699982733,1307785.865670352,False
Doncaster East,u,Eastern Metropolitan,3,14.3,871000.0,818776.3773380717,823695.5288937538,836876.9407340414,True
Doncaster East,h,Eastern Metropolitan,3,14.3,1451000.0,1252935.5970408386,1191253.338203388,1142244.4195435247,True
Doncaster East,h,Eastern Metropolitan,3,14.3,1385000.0,1219759.5354700442,1122923.3605541766,1121212.5250500336,True
Doncaster East,h,Eastern Metropolitan,3,14.3,1360000.0,1041824.1381956389,962562.4321148623,994715.1624857332,True
Donvale,h,Eastern Metropolitan,5,16.1,2620000.0,1712249.0731132112,1755201.8266577146,1701881.295849339,True
Edithvale,h,South-Eastern Metropolitan,6,27.0,1850000.0,1536507.9087858784,1322297.012067387,1455956.0626226834,True
Edithvale,u,South-Eastern Metropolitan,2,27.0,612500.0,618151.3665469866,540358.1514501402,595185.5862402908,True
Elsternwick,h,Southern Metropolitan,3,7.2,1060000.0,1829710.3906097075,1508729.9077343734,1602214.9181406717,False
Elsternwick,t,Southern Metropolitan,4,7.2,1970000.0,1584248.0732515058,1673965.8812329103,1656168.3870301119,False
Eltham,h,Eastern Metropolitan,6,18.0,855000.0,1000839.4951462345,1002048.8833063575,826325.7716130667,True
Eltham,h,Eastern Metropolitan,3,18.0,855000.0,863312.4471047192,870938.533410328,807614.4454501029,True
Eltham North,h,Eastern Metropolitan,4,18.0,895000.0,1050938.588683689,1001281.1744290988,883069.4216633898,True
Eltham North,h,Eastern Metropolitan,4,18.0,925000.0,979939.4561396823,867959.7131567802,818793.8805434929,True
Elwood,u,Southern Metropolitan,2,7.2,902000.0,682997.9901437479,693230.0236761847,702413.6223472485,False
Elwood,h,Southern Metropolitan,2,7.2,1410000.0,1265725.0966962073,1271950.9989790935,1298845.3427559019,False
Elwood,u,Southern Metropolitan,2,7.2,660000.0,595406.6673410549,640181.5105838832,638908.2003869064,False
Elwood,t,Southern Metropolitan,3,7.2,1360000.0,1554456.5464797507,1551652.7415147822,1515906.5783664843,False
Epping,h,Northern Metropolitan,3,19.6,500000.0,487953.3157377201,482125.1155996776,534259.8402881103,True
Epping,h,Northern Metropolitan,3,19.6,573000.0,739733.0597038917,603272.8300392603,701053.1277601041,True
Epping,u,Northern Metropolitan,3,19.6,380500.0,538115.4830107164,362610.8831344872,438707.75758796034,True
Epping,h,Northern Metropolitan,3,19.6,528000.0,489807.7862624761,488648.6696394657,536115.7090952563,True
Epping,h,Northern Metropolitan,3,19.6,465000.0,494590.5140423869,490885.42303909466,536140.0837215707,True
Epping,h,Northern Metropolitan,4,19.6,545000.0,767188.3165348554,575279.4736979286,662961.7210493129,True
Epping,h,Northern Metropolitan,2,19.6,452500.0,439324.968225244,390770.4632892648,443723.45650840533,True
Essendon,h,Western Metropolitan,2,7.5,1980000.0,994999.111452058,1296545.126722499,1203503.2213668278,False
Essendon,t,Western Metropolitan,3,7.5,830000.0,786867.0258281161,775478.8471668334,771971.1799348961,False
Essendon,h,Western Metropolitan,3,7.5,886000.0,845296.9277365218,908840.5164899395,859003.7875861933,False
Essendon,u,Western Metropolitan,1,7.5,280000.0,298523.6598954417,338571.70742998377,330118.50612995814,False
Essendon,h,Western Metropolitan,3,7.5,850000.0,857745.6348281853,1001943.5731243305,961513.5725398395,False
Essendon North,u,Western Metropolitan,2,8.2,445000.0,393677.8024755853,373144.2524088456,390160.3505708685,False
Essendon West,h,Western Metropolitan,3,7.5,1050000.0,1269997.8456804517,1393179.7472314718,1447412.9366113131,False
Fawkner,h,Northern Metropolitan,3,13.1,710000.0,588049.7175373267,602039.8664549108,552268.5001349988,False
Fawkner,h,Northern Metropolitan,4,13.1,800000.0,737317.8842292271,759999.7598000717,745878.0804683486,False
Fawkner,h,Northern Metropolitan,3,13.1,805000.0,646789.9548130747,661973.2605205064,657035.8474703899,False
Fawkner,h,Northern Metropolitan,2,13.1,786000.0,758224.9322829677,762473.0233684866,688228.4306065834,False
Fawkner,t,Northern Metropolitan,3,13.1,577000.0,576273.0653412233,552054.1178487584,522738.27084924094,False
Ferntree Gully,t,Eastern Metropolitan,3,24.8,670000.0,853833.365776218,689985.5703881456,772367.9321410313,True
Ferntree Gully,u,Eastern Metropolitan,2,24.8,617000.0,737255.4054366609,616778.4402047792,638563.4339773867,True
Fitzroy North,h,Northern Metropolitan,2,3.6,1321000.0,1193863.8144927877,1118948.3044869367,1181862.9805958106,False
Fitzroy North,h,Northern Metropolitan,2,3.6,960000.0,1046708.902473701,1025572.7217961216,1008117.6446060246,False
Fitzroy North,u,Northern Metropolitan,1,3.6,495000.0,401406.92263928783,427109.4824519978,399955.89662817103,False
Flemington,h,Northern Metropolitan,2,3.4,990000.0,1101401.6626146077,1030145.4683794784,999239.1840250731,False
Footscray,h,Western Metropolitan,3,5.1,1100000.0,1002742.8620610413,1022565.267473878,1025654.8174277504,False
Footscray,t,Western Metropolitan,2,5.1,455000.0,503574.8155284767,470607.4236974741,448042.7182915792,False
Forest Hill,h,Eastern Metropolitan,2,15.4,680000.0,684952.893639952,506515.56415909354,511007.02027297736,True
Forest Hill,h,Eastern Metropolitan,5,15.4,1205000.0,1405852.8012617193,1122389.780389601,1104354.227733153,True
Frankston,h,South-Eastern Metropolitan,3,38.0,491000.0,1094760.502063034,849607.7792090882,851598.9022321283,True
Frankston,h,South-Eastern Metropolitan,3,38.0,566000.0,1108234.1377488256,841234.5408991025,852597.7158854136,True
Frankston,h,South-Eastern Metropolitan,3,38.0,740000.0,1161599.2626339577,903201.7864993265,950063.1077953097,True
Frankston South,h,South-Eastern Metropolitan,4,38.0,1400000.0,1611199.7520016215,1723198.0564667862,1715054.7112198207,True
Gardenvale,h,Southern Metropolitan,5,7.2,1880000.0,1877059.646338591,1897260.6289844692,2047481.8713040755,False
Gladstone Park,h,Western Metropolitan,3,12.9,755000.0,824238.1668633232,704261.2249228894,659804.1314109078,True
Gladstone Park,h,Western Metropolitan,4,12.9,635000.0,687320.915353761,670190.3133231245,709177.4240892045,True
Glen Iris,u,Southern Metropolitan,2,7.3,762000.0,706785.9805451393,791959.8140885826,783344.9354064334,False
Glen Iris,u,Southern Metropolitan,2,7.3,501000.0,558520.3858521061,622893.9223454971,580593.796196178,False
Glen Iris,h,Southern Metropolitan,4,7.3,2920000.0,3289087.9611751097,3133683.6217702795,3409149.5156946257,False
Glen Iris,t,Southern Metropolitan,3,7.3,1501000.0,1591401.9765265281,1450088.7371791552,1487142.6048347591,False
Glen Iris,h,Southern Metropolitan,3,7.3,1500000.0,1859713.566660229,1756221.2473032149,1899672.2983978356,False
Glen Iris,h,Southern Metropolitan,3,7.3,1440000.0,1276330.5252843888,1448303.7978052145,1553139.867354276,False
Glen Iris,u,Southern Metropolitan,3,7.3,1330000.0,1065633.515327186,1227474.6988237118,1156757.9697205552,False
Glen Waverley,h,Eastern Metropolitan,4,16.7,1130000.0,1335934.380567343,1166030.1516422865,1151397.2826784062,True
Glen Waverley,h,Eastern Metropolitan,4,16.7,1331000.0,1380283.2778087973,1210047.7005682536,1243668.256369821,True
Glen Waverley,h,Eastern Metropolitan,4,16.7,1100000.0,1378849.770159211,1179307.526224989,1156248.3926761155,True
Glen Waverley,u,Eastern Metropolitan,3,16.7,1135000.0,906778.1918609862,755397.9397010852,778495.2814108146,True
Glenroy,h,Northern Metropolitan,4,11.2,651000.0,678638.4295590026,650983.4915780668,646669.4598697237,False
Glenroy,h,Northern Metropolitan,3,11.2,865000.0,729742.225095187,774424.8703310654,813197.0159114058,False
Glenroy,u,Northern Metropolitan,1,11.2,362500.0,272016.88741558517,329144.6127992359,313762.7382814133,False
Glenroy,h,Northern Metropolitan,3,11.2,922000.0,664748.7757645877,672342.3400568706,696016.0685114829,False
Glenroy,h,Northern Metropolitan,2,11.2,650000.0,656448.5985695851,669227.4698807391,626153.3412389406,False
Glenroy,h,Northern Metropolitan,3,11.2,963500.0,705497.7515387365,785157.4063982085,807021.2215032816,False
Glenroy,h,Northern Metropolitan,3,11.2,815000.0,691902.3122978102,716958.5216688114,712712.9600337857,False
Greensborough,h,Northern Metropolitan,3,16.1,740000.0,729316.93988428,655365.3362426457,637000.1487535592,True
Greenvale,h,Northern Metropolitan,5,20.4,750000.0,735323.1639270859,649729.3361585406,656115.5957058857,True
Greenvale,h,Northern Metropolitan,4,20.4,730000.0,753906.8279987547,719727.1533966853,724554.3764423794,True
Greenvale,h,Northern Metropolitan,3,20.4,770000.0,549316.3798871948,586086.6213652561,593818.9747097392,True
Greenvale,h,Northern Metropolitan,3,20.4,550000.0,475818.8215526573,550427.157338224,479694.0236513374,True
Hadfield,h,Northern Metropolitan,3,11.2,870000.0,757424.0034446925,735455.6694675817,743339.5834413037,False
Hampton,h,Southern Metropolitan,4,13.8,2905000.0,1970317.0613486597,1569440.1193635783,1761584.4271950736,False
Hampton,h,Southern Metropolitan,2,13.8,1695000.0,1504955.3310288934,1258671.6282565508,1356217.3609425446,False
Hampton,h,Southern Metropolitan,4,13.8,2550000.0,2293790.5774022727,1714527.6332985603,1706153.1674185488,False
Hampton Park,h,South-Eastern Metropolitan,3,33.3,561000.0,1126734.0534876622,970535.3223723613,942897.7475746858,True
Hawthorn,u,Southern Metropolitan,2,5.3,525000.0,609363.7485559675,686511.5390311028,662410.4311605691,False
Hawthorn,h,Southern Metropolitan,4,5.3,2800000.0,2469920.5604827926,2458798.9157316936,2364307.2952267253,False
Hawthorn,h,Southern Metropolitan,3,5.3,1870000.0,1381018.9424996532,1280471.2315390133,1319125.5650963502,False
Hawthorn,h,Southern Metropolitan,3,5.3,2402500.0,1575517.973529326,1692076.95219165,1841494.6093203304,False
Hawthorn,h,Southern Metropolitan,3,5.3,1955000.0,1472257.1184537874,1505151.8943745783,1524913.9183716692,False
Hawthorn,h,Southern Metropolitan,3,5.3,1702000.0,1432014.282073322,1511970.36778318,1524805.4600383968,False
Hawthorn,u,Southern Metropolitan,2,5.3,500000.0,606418.8096356705,630424.5290045224,659850.4541591882,False
Hawthorn,h,Southern Metropolitan,4,5.3,3399000.0,2288087.531961613,2569740.021968925,2540264.441031476,False
Hawthorn,h,Southern Metropolitan,4,5.3,3900000.0,2201420.90208388,2230134.06482893,2566322.85777787,False
Hawthorn,u,Southern Metropolitan,2,5.3,697000.0,598804.7874167681,620677.716233883,600928.7386748925,False
Hawthorn East,u,Southern Metropolitan,2,6.2,802500.0,719262.5452245743,747014.9648997501,837328.2632382623,False
Hawthorn East,u,Southern Metropolitan,1,6.2,441000.0,361957.8089176464,406641.18972797453,406440.39937317086,False
Hawthorn East,h,Southern Metropolitan,3,6.2,2680000.0,1969304.0521645444,1882146.0251057718,2244069.787047112,False
Hawthorn East,u,Southern Metropolitan,2,6.2,500000.0,583747.3638771978,568683.1261677445,579653.9261570357,False
Heidelberg,t,Eastern Metropolitan,2,8.9,738000.0,625394.4079383174,653432.9080930647,691417.2619988171,False
Heidelberg Heights,t,Eastern Metropolitan,3,8.8,715000.0,672798.7065587685,677849.8778832661,632158.0563640954,False
Heidelberg Heights,h,Eastern Metropolitan,3,8.8,800000.0,760077.1709335926,786298.6631943217,820993.5704948669,False
Heidelberg Heights,t,Eastern Metropolitan,2,8.8,680000.0,576187.6093464409,641529.967323611,659997.1881744008,False
Heidelberg Heights,h,Eastern Metropolitan,3,8.8,1010000.0,890431.2016520996,915462.8205455178,911943.8783220394,False
Heidelberg Heights,u,Eastern Metropolitan,3,8.8,630000.0,541963.348245597,486995.7920022621,510125.56306193204,False
Heidelberg West,h,Eastern Metropolitan,3,8.8,605000.0,619187.8076552002,684457.9375462786,623662.3491979577,False
Heidelberg West,h,Eastern Metropolitan,3,8.8,580000.0,625577.6568345826,688662.0131441327,663260.4602244215,False
Heidelberg West,u,Eastern Metropolitan,2,8.8,444000.0,494899.77316130634,472522.97563945927,480262.8996977097,False
Heidelberg West,h,Eastern Metropolitan,2,8.8,532000.0,592507.3425098241,647787.5984934291,602851.8662360199,False
Highett,h,Southern Metropolitan,3,16.0,1600000.0,1185533.489265128,1139198.1431791948,1134948.5222364834,True
Hillside,h,Western Metropolitan,4,18.0,677000.0,644218.0294566922,617895.4634908678,644641.616868053,True
Hillside,h,Western Metropolitan,4,18.0,737500.0,760859.0014937861,613054.5711619969,693304.7239070558,True
Hoppers Crossing,h,Western Metropolitan,3,18.4,520000.0,640167.5667486157,697645.5669480094,675280.8924562661,True
Hoppers Crossing,h,Western Metropolitan,3,18.4,553100.0,649638.2500405664,745319.770690275,728545.178684106,True
Hoppers Crossing,h,Western Metropolitan,3,18.4,418000.0,626811.5218029305,696653.6114853808,674058.7628769402,True
Hoppers Crossing,h,Western Metropolitan,3,18.4,505000.0,766156.9889956047,756530.192642219,754582.8261076121,True
Hoppers Crossing,h,Western Metropolitan,3,18.4,492000.0,592552.2473793478,707460.4242697031,703268.6583323526,True
Hoppers Crossing,h,Western Metropolitan,4,18.4,680000.0,909275.0084908977,882001.983233486,834185.8069976955,True
Hoppers Crossing,h,Western Metropolitan,4,18.4,472000.0,669121.74499959,678727.1968757819,754151.0622733339,True
Hoppers Crossing,h,Western Metropolitan,3,18.4,442500.0,591382.8182113525,674782.5201967901,660678.1444816872,True
Hughesdale,u,Southern Metropolitan,3,12.3,1203500.0,953146.4975687704,945698.7014198613,950973.5189715944,False
Hughesdale,h,Southern Metropolitan,3,12.3,1250000.0,1165935.8026678227,1081585.3449483574,1174883.1907047366,False
Ivanhoe,h,Eastern Metropolitan,3,7.8,1475000.0,1091304.1872619512,1108201.1077077738,1059826.199817697,False
Ivanhoe East,h,Eastern Metropolitan,3,7.8,1640000.0,1402518.0333601348,1649186.5265953573,1569377.4040199432,False
Jacana,h,Northern Metropolitan,3,14.0,590500.0,530567.8037346678,521212.4649099299,552077.0280274918,False
Keilor,h,Western Metropolitan,3,14.5,895000.0,542674.9242073944,591101.1578886369,541371.8710280322,True
Keilor Downs,h,Western Metropolitan,4,15.5,790000.0,657528.0324067385,664879.5601626494,623369.5129173764,True
Keilor East,h,Western Metropolitan,3,11.7,825000.0,693700.5471962867,702063.5884534232,668014.188470286,False
Keilor East,h,Western Metropolitan,3,11.7,806000.0,736741.8716065559,805903.4543325005,729665.1071141212,False
Keilor East,h,Western Metropolitan,4,11.7,698000.0,775707.2928378799,824205.0135057315,816545.5104213662,False
Keilor Park,h,Western Metropolitan,3,10.4,752500.0,772819.0673464482,775395.4408726858,697901.1640971664,False
Kensington,u,Northern Metropolitan,1,3.4,400000.0,412947.90448559646,477213.2165443633,400172.0995693774,False
Kensington,t,Northern Metropolitan,1,3.4,715000.0,714211.5166725549,586023.6373749077,583213.023576643,False
Kew,h,Southern Metropolitan,3,5.4,1300000.0,1359227.2575400001,1498376.0571269726,1443608.8598783102,False
Kew,u,Southern Metropolitan,3,5.4,660000.0,823452.8120269763,927668.8132946114,908162.1246997364,False
Kew,h,Southern Metropolitan,4,5.4,2425000.0,2135167.996577386,2355592.068672982,2389841.3815727406,False
Kew,t,Southern Metropolitan,2,5.4,825000.0,1062370.1134905587,915412.740665861,1016334.4474358029,False
Kew,u,Southern Metropolitan,2,5.4,682000.0,616510.8688456598,602963.3333962988,627534.7322644099,False
Kew,h,Southern Metropolitan,5,5.4,3200500.0,2645421.650321145,2869449.9720222875,2951565.179816239,False
Kew,h,Southern Metropolitan,3,5.4,1110000.0,1322971.3154423172,1425043.3772204807,1383605.5544125063,False
Kew East,h,Southern Metropolitan,4,7.3,2258000.0,2342563.1234155754,2335426.6241589757,2299580.595368724,False
Kew East,h,Southern Metropolitan,3,7.3,1650000.0,1415652.3871217915,1286314.882172646,1290990.8845085634,False
Keysborough,h,South-Eastern Metropolitan,4,25.2,1250000.0,1203302.5169262988,1070600.949205338,1122165.641942967,True
Kings Park,h,Western Metropolitan,5,14.0,520000.0,603970.9902041873,544920.5718146978,595741.2797058562,True
Knoxfield,h,Eastern Metropolitan,4,23.3,1218000.0,1514095.541024448,1441805.4364793017,1445713.9748414613,True
Knoxfield,h,Eastern Metropolitan,4,23.3,1010000.0,1314461.3319073375,1085982.728708275,1080590.8473361565,True
Lalor,u,Northern Metropolitan,2,16.3,383000.0,420282.38875158736,321967.3386975174,392950.52849037974,True
Lalor,h,Northern Metropolitan,3,16.3,600000.0,489112.59028801706,486437.82945046795,538359.5910800787,True
Lalor,h,Northern Metropolitan,3,16.3,487000.0,465040.29619101697,432394.3494008557,478706.03486997087,True
Lalor,h,Northern Metropolitan,3,16.3,572000.0,498067.2434926068,508761.3284677032,554863.4939103184,True
Lower Plenty,u,Eastern Metropolitan,2,14.6,650000.0,663263.4884604932,544859.3425058959,542038.8435512476,True
Maidstone,h,Western Metropolitan,3,6.4,793000.0,951666.9163191627,828237.9168067876,935053.6305428935,False
Malvern,h,Southern Metropolitan,4,5.9,2775000.0,1986612.7897841828,2020566.6516084091,2047777.1134353327,False
Malvern,h,Southern Metropolitan,3,5.9,1700000.0,1938584.6706682905,1678566.4257693992,1709526.4816461038,False
Malvern East,t,Southern Metropolitan,3,8.4,1060000.0,983938.9056826384,1032710.545075455,955362.6070385124,False
Malvern East,h,Southern Metropolitan,4,8.4,2400000.0,1848262.7531457702,1956930.2923442586,1848084.5501608925,False
Maribyrnong,u,Western Metropolitan,2,4.3,530000.0,464599.6182142581,444602.96490393474,401436.7155671266,False
Maribyrnong,u,Western Metropolitan,2,4.3,450000.0,429319.0429991061,420255.70211376465,419923.6309470114,False
Maribyrnong,h,Western Metropolitan,4,4.3,1510500.0,1316877.6590747086,1347952.7454439134,1337812.3821717566,False
Maribyrnong,u,Western Metropolitan,2,4.3,353000.0,474927.221859281,420878.39578957163,415335.04603564396,False
McKinnon,h,Southern Metropolitan,2,11.4,1250000.0,1071973.8288613302,1077252.5179942946,996630.4859843191,True
McKinnon,h,Southern Metropolitan,5,11.4,2300000.0,1911857.055134161,2041857.0886663971,2214839.9175721454,True
Melbourne,u,Northern Metropolitan,2,0.0,720000.0,655928.9286686713,576758.221816227,613971.7786515116,False
Melton,h,Western Victoria,3,31.7,295000.0,446009.96379908605,408311.7847994385,420629.87197612866,True
Melton South,h,Western Victoria,4,29.8,347500.0,573767.344198472,547311.8415970956,551949.6556081746,True
Melton West,h,Northern Victoria,3,31.7,410000.0,531001.3737502523,539918.035645776,555627.1498753675,True
Mentone,t,South-Eastern Metropolitan,3,20.0,1010000.0,789295.9070330192,834760.2987306743,882760.4842978527,True
Mentone,h,South-Eastern Metropolitan,5,20.0,1485000.0,1123251.1556825626,1175635.6494983563,1013005.0546801302,True
Middle Park,h,Southern Metropolitan,3,3.0,3750000.0,2157205.571624523,2055544.1395919935,2431633.839810156,False
Middle Park,h,Southern Metropolitan,3,3.0,1750000.0,1833618.93854119,1738679.6589035196,1867503.5145128132,False
Mill Park,t,Northern Metropolitan,2,17.9,480750.0,525281.136584163,388590.6717630372,438356.2249110214,True
Mill Park,h,Northern Metropolitan,5,17.9,725000.0,654818.2111069721,544539.151987164,665020.3005652339,True
Mitcham,u,Eastern Metropolitan,2,17.2,695000.0,641649.7640635193,646517.7882281635,691128.9500142353,True
Mitcham,h,Eastern Metropolitan,2,17.2,655000.0,967888.2985292778,780076.0595566271,759490.4273148722,True
Mitcham,u,Eastern Metropolitan,3,17.2,775000.0,677069.296668553,720630.6974775823,637603.465409585,True
Mitcham,u,Eastern Metropolitan,3,17.2,820000.0,643419.4827898135,833683.8733185325,595230.276203316,True
Mitcham,h,Eastern Metropolitan,4,17.2,990000.0,1410981.882362714,1374035.9382127165,1268052.4665955042,True
Mitcham,h,Eastern Metropolitan,2,17.2,883000.0,1261914.89689265,1068146.2562034985,1073205.5865270547,True
Mont Albert,h,Eastern Metropolitan,4,10.2,1462000.0,1591434.2976457085,1560980.2289585117,1673165.8599131561,False
Montmorency,h,Eastern Metropolitan,3,16.2,1130000.0,937289.5965684033,957052.8387591271,865092.144571468,True
Montmorency,t,Eastern Metropolitan,3,16.2,960000.0,772433.8743735732,722233.6484454,769501.5968721915,True
Montmorency,h,Eastern Metropolitan,4,16.2,1050000.0,1018023.6232544938,1080627.6907721774,1071646.5892739727,True
Montmorency,h,Eastern Metropolitan,3,16.2,900000.0,750437.3880142433,799644.4207037586,741855.5509579089,True
Montmorency,h,Eastern Metropolitan,3,16.2,806000.0,686266.0848878217,608845.9722450796,563682.9367305614,True
Montmorency,h,Eastern Metropolitan,3,16.2,1160000.0,1160980.7301403405,955525.5646442005,920765.6007639577,True
Montmorency,h,Eastern Metropolitan,3,16.2,700000.0,787898.2394759306,738720.588719428,672104.9563293265,True
Montmorency,h,Eastern Metropolitan,4,16.2,980000.0,1018097.6953943328,1117105.615916669,984201.1403235638,True
Mount Waverley,t,Eastern Metropolitan,4,14.2,1250800.0,927158.4016855386,761896.9842856905,821211.1544493479,True
Mount Waverley,h,Eastern Metropolitan,4,14.2,1327000.0,1415764.5273263496,1323165.9423734741,1461762.3948221004,True
Mount Waverley,u,Eastern Metropolitan,2,14.2,670000.0,609505.8964282307,504977.0284133853,542993.118622217,True
Mount Waverley,h,Eastern Metropolitan,3,14.2,1615000.0,1499646.1455407394,1132751.3274475012,1261478.6179330875,True
Mount Waverley,h,Eastern Metropolitan,4,14.2,1400000.0,1379837.2554033718,1247263.7827154843,1208944.1773393175,True
Mount Waverley,u,Eastern Metropolitan,2,14.2,620000.0,595794.5055228765,486417.1488867764,542275.6850404792,True
Mulgrave,h,South-Eastern Metropolitan,3,18.8,800000.0,924848.5459444816,738747.9793327779,819820.7736123274,True
Murrumbeena,h,Southern Metropolitan,4,10.1,1540000.0,1658336.7970127694,1830069.0589689426,1734747.5739093123,False
Murrumbeena,t,Southern Metropolitan,1,10.1,470000.0,617342.4471481885,471459.66783355107,558219.5119861035,False
Murrumbeena,u,Southern Metropolitan,3,10.1,1160000.0,1092706.1190628672,1152326.9553156877,1116271.5627203973,False
Niddrie,t,Western Metropolitan,3,10.4,715000.0,680445.3512233272,685077.4516104518,684701.0659420086,False
Niddrie,h,Western Metropolitan,4,10.4,1010000.0,957882.7583828006,1108276.5151509612,943320.3770733601,False
Niddrie,h,Western Metropolitan,3,10.4,980000.0,802819.2584040194,874878.4768931918,827712.4420790283,False
Noble Park,h,South-Eastern Metropolitan,3,22.7,730000.0,1177628.054529891,914804.920229856,927113.6086786286,True
Noble Park,h,South-Eastern Metropolitan,3,22.7,676000.0,1077764.810846683,787315.7606851266,758506.4638672642,True
Noble Park,h,South-Eastern Metropolitan,4,22.7,805000.0,1259048.7377423423,1038420.5875864736,990714.1541562849,True
Noble Park,h,South-Eastern Metropolitan,3,22.7,802000.0,1227076.6706984846,928914.7672696866,1060561.4108469486,True
North Melbourne,h,Northern Metropolitan,2,1.8,1126000.0,873883.6112914755,850846.1883663343,910519.510191953,False
North Melbourne,h,Northern Metropolitan,4,1.8,1746000.0,1403951.85763556,1383590.7580485458,1421592.2838368367,False
North Melbourne,u,Northern Metropolitan,2,1.8,799000.0,665436.8658267489,649431.3817415801,726030.4798477563,False
North Melbourne,h,Northern Metropolitan,3,1.8,1285000.0,1319849.1443659419,1003608.7581175632,992280.4348330983,False
Northcote,h,Northern Metropolitan,3,5.3,1512000.0,1428836.726004703,1282939.3991977575,1404074.7724802524,False
Northcote,h,Northern Metropolitan,4,5.3,2042000.0,1671855.4144049487,1554952.7712288862,1694960.5569614382,False
Northcote,h,Northern Metropolitan,2,5.3,1260000.0,1120744.9479759515,1112661.5584876372,1085483.882264533,False
Northcote,h,Northern Metropolitan,4,5.3,1650000.0,1582226.6998107939,1898832.5945547505,1913498.4110408446,False
Nunawading,t,Eastern Metropolitan,3,15.4,1235000.0,988335.4129287162,898883.8140527317,817826.2896825235,True
Nunawading,h,Eastern Metropolitan,4,15.4,1570000.0,1379252.3749173083,1334442.175148009,1321639.8852005058,True
Nunawading,u,Eastern Metropolitan,3,15.4,777000.0,790406.5206712727,920556.4771911051,859229.6198925378,True
Oak Park,h,Northern Metropolitan,3,11.2,972000.0,811306.1876195796,785105.600389637,756593.5581360378,False
Oakleigh,h,Southern Metropolitan,2,12.3,1225000.0,1041090.4320716253,1023864.6766322299,1059733.8899492244,False
Oakleigh East,h,Southern Metropolitan,3,12.3,1292000.0,1204932.125593744,1234645.3345083704,1303698.1903753441,True
Oakleigh East,t,Southern Metropolitan,4,12.3,912000.0,1112398.154300999,953047.29119455,1003810.6617721138,True
Ormond,h,Southern Metropolitan,4,11.4,1565000.0,1912576.6371138769,1839026.1625207344,1916740.7543988256,False
Ormond,u,Southern Metropolitan,2,11.4,640000.0,473917.27615783806,480880.23298233596,476204.73095962347,False
Parkdale,h,South-Eastern Metropolitan,2,21.5,1270000.0,1273957.0490131984,998108.8248206826,1049180.2765206345,True
Parkdale,h,South-Eastern Metropolitan,5,21.5,1485000.0,1253749.0495351488,1111355.760802268,1030790.3270545675,True
Parkdale,h,South-Eastern Metropolitan,4,21.5,1137500.0,1026070.832772951,969032.3700781432,949200.104854036,True
Parkdale,h,South-Eastern Metropolitan,3,21.5,1415000.0,916606.8939975665,843737.1999450772,867562.9421281461,True
Parkville,u,Northern Metropolitan,3,1.8,1560000.0,890386.4274543306,985897.1775897016,993540.8199572236,False
Pascoe Vale,t,Northern Metropolitan,2,8.5,530000.0,513576.1040270581,460584.20193513576,469759.40641707566,False
Pascoe Vale,h,Northern Metropolitan,3,8.5,876000.0,951438.6555222136,850608.6297934174,876362.8458088456,False
Pascoe Vale,h,Northern Metropolitan,3,8.5,802000.0,921908.9172365442,841836.9171581682,855400.0502342004,False
Pascoe Vale,u,Northern Metropolitan,3,8.5,736000.0,527446.0414156113,566876.3168797585,527628.260342919,False
Pascoe Vale,t,Northern Metropolitan,3,8.5,755000.0,708295.3672109026,672407.3463486569,648116.6427957464,False
Pascoe Vale,h,Northern Metropolitan,2,8.5,478000.0,484989.8987178321,529626.1521277109,471842.6743748516,False
Pascoe Vale,h,Northern Metropolitan,2,8.5,650000.0,878935.8433296137,757687.6154122428,769606.6188738747,False
Port Melbourne,h,Southern Metropolitan,2,3.5,1335000.0,1241741.5711741091,1218192.8696126891,1210492.0211959148,False
Port Melbourne,u,Southern Metropolitan,1,3.5,545000.0,508925.1093601884,486139.7306284963,533536.3625056832,False
Prahran,u,Southern Metropolitan,2,4.6,740000.0,752720.7104479311,717889.5298551201,741691.2406192349,False
Prahran,u,Southern Metropolitan,2,4.6,698000.0,742965.3421018177,703597.1188089886,745636.4690605444,False
Prahran,h,Southern Metropolitan,2,4.6,780000.0,970104.352156919,948419.4852537338,907072.9677275261,False
Prahran,t,Southern Metropolitan,2,4.6,1190000.0,946610.3337617341,937073.5141455508,951915.9569692758,False
Prahran,h,Southern Metropolitan,2,4.6,1170000.0,1158751.2038953092,1254364.3656506944,1231703.4665628655,False
Prahran,u,Southern Metropolitan,2,4.6,660000.0,565073.0727802091,631575.4019378427,598831.0848125871,False
Preston,h,Northern Metropolitan,3,8.4,920000.0,894672.6413910016,889360.3410716025,817781.8266876856,False
Preston,h,Northern Metropolitan,3,8.4,1115000.0,986605.394621123,1033260.1927722619,987908.9357576419,False
Preston,u,Northern Metropolitan,3,8.4,550000.0,674234.9495569933,638963.4460474735,690084.3389199319,False
Preston,h,Northern Metropolitan,3,8.4,1171000.0,995597.4692341121,957179.0467267075,1064076.9842316757,False
Preston,h,Northern Metropolitan,5,8.4,1060000.0,976343.9778503303,1008600.4631295756,1019336.3022460508,False
Preston,h,Northern Metropolitan,3,8.4,996000.0,952548.4351642453,924884.5687373759,940970.8026960717,False
Preston,h,Northern Metropolitan,2,8.4,617500.0,547402.5662579308,648453.3253545625,579396.7702617663,False
Reservoir,h,Northern Metropolitan,3,12.0,817000.0,771457.974592806,739837.6475597499,735324.6784361345,False
Reservoir,t,Northern Metropolitan,2,12.0,575000.0,452224.441062063,492421.6311276674,465345.4998679242,False
Reservoir,h,Northern Metropolitan,3,12.0,635000.0,598089.0288862803,543861.1856863995,554393.1722133807,False
Reservoir,u,Northern Metropolitan,2,12.0,470000.0,425247.8756135121,413257.76430553984,407998.6071405284,False
Reservoir,h,Northern Metropolitan,3,12.0,700000.0,728772.4870093045,682644.4717029665,717368.4264217139,False
Reservoir,h,Northern Metropolitan,3,12.0,860000.0,762692.9078705239,759817.8976292376,806272.6313763098,False
Richmond,h,Northern Metropolitan,2,2.4,1000000.0,1073110.1330615922,956976.7171941539,879962.7179208125,False
Richmond,h,Northern Metropolitan,3,2.4,1250000.0,1256069.3284838765,1003157.6421782173,1103061.4708024813,False
Richmond,h,Northern Metropolitan,3,2.4,1280000.0,1221888.3706738017,1255969.0743575261,1283645.2351785812,False
Richmond,u,Northern Metropolitan,2,2.4,615000.0,676080.4720688835,574469.5447491441,592612.8226360388,False
Richmond,u,Northern Metropolitan,1,2.4,314000.0,351309.12632120546,352105.0310931839,341846.18342527363,False
Richmond,h,Northern Metropolitan,2,2.4,1341000.0,1024916.8273356637,1019965.1660217349,1010293.2494990872,False
Ringwood,h,Eastern Metropolitan,3,19.9,930000.0,1305444.7938457376,1230106.0275025629,1251193.6549184136,True
Ringwood East,u,Eastern Metropolitan,2,21.3,609000.0,532404.0393244188,585879.6232147862,544860.9818403493,True
Ringwood North,h,Eastern Metropolitan,4,19.9,1085000.0,1440882.445241237,1400550.8419901575,1282213.0252526093,True
Rosanna,h,Eastern Metropolitan,3,8.9,1100000.0,902336.8733399377,980622.5892040862,904717.121928957,False
Rosanna,h,Eastern Metropolitan,4,8.9,1185000.0,1124232.4169048262,1134415.5130431177,1159653.8878152107,False
Roxburgh Park,h,Northern Metropolitan,4,20.6,500000.0,613857.7084140973,522911.545658151,583609.1908248129,True
Sandringham,u,Southern Metropolitan,3,15.2,630000.0,848704.9658930867,723730.9853501625,848666.3921690286,True
Sandringham,u,Southern Metropolitan,2,15.2,760000.0,605342.5250044318,535416.021788459,577316.1733771564,True
Sandringham,h,Southern Metropolitan,4,15.2,2100000.0,1741482.0177681579,1437755.6580671503,1612408.6452666007,True
Seaford,h,South-Eastern Metropolitan,4,35.4,795000.0,1233221.76256606,1002785.5366135755,975175.3162160519,True
Seddon,h,Western Metropolitan,3,5.1,1315000.0,953130.1230202698,1056047.7751786853,1037244.3568371754,False
Seddon,h,Western Metropolitan,2,5.1,830000.0,814361.4126347594,783098.9057066588,790689.0041504401,False
Seddon,h,Western Metropolitan,2,5.1,940000.0,831149.4326273655,895305.0976493993,951180.706623992,False
Silvan,h,Eastern Victoria,3,34.6,1085000.0,1942312.2365811162,1224619.518030491,1555816.1816659092,True
South Kingsville,h,Western Metropolitan,3,6.2,835000.0,922350.9640961832,796120.9087270696,871074.452387133,False
South Melbourne,h,Southern Metropolitan,1,1.9,807500.0,1066303.281027565,1006913.9017657986,1152991.7841264005,False
South Melbourne,h,Southern Metropolitan,4,1.9,4100000.0,2009769.308697225,2178326.446102847,2335646.767728308,False
South Yarra,u,Southern Metropolitan,3,2.7,1430000.0,889099.3123143688,1164760.797838267,1231776.7105698439,False
South Yarra,h,Southern Metropolitan,4,2.7,2920000.0,2694049.9348951844,3267322.3861014848,3221829.4868072895,False
South Yarra,u,Southern Metropolitan,1,2.7,400000.0,379385.956612574,362784.0965310402,371202.5623394286,False
Southbank,u,Southern Metropolitan,2,0.7,600000.0,640137.5265347966,614391.8208553467,632281.8399345896,False
Southbank,u,Southern Metropolitan,2,0.7,600000.0,565855.9559922001,504537.0146139605,506027.01220733125,False
Spotswood,h,Western Metropolitan,4,6.2,1300000.0,1493986.6693837126,1251850.808749834,1179435.6089198755,False
Spotswood,h,Western Metropolitan,3,6.2,1000000.0,942605.2037831262,887224.5878026317,878419.8913041316,False
St Albans,h,Western Metropolitan,3,14.0,650000.0,667550.277372778,595896.0651809869,629732.5461361133,True
St Albans,h,Western Metropolitan,1,14.0,565000.0,543871.3382108554,543190.7462461109,533685.155568919,True
St Helena,h,Eastern Metropolitan,5,16.1,1387000.0,1541989.7755505713,1148034.8554677519,1092400.8104649573,True
St Kilda,u,Southern Metropolitan,1,5.0,480000.0,415308.9872631155,424207.78632983955,462508.28946454165,False
St Kilda,u,Southern Metropolitan,2,5.0,730000.0,708941.1893964616,729153.1698009389,690847.5037848047,False
Sunbury,h,Western Metropolitan,4,31.7,535000.0,661579.847047067,506802.9414620296,555888.0650130725,True
Sunshine,h,Western Metropolitan,3,10.5,865000.0,693885.0005150394,700911.722460274,714472.78293805,False
Sunshine,h,Western Metropolitan,3,10.5,1070000.0,770228.9969829618,795624.7217837898,834706.3486403985,False
Sunshine,u,Western Metropolitan,1,10.5,245000.0,226476.997582351,183280.43588133625,268748.2565788269,False
Sunshine North,h,Western Metropolitan,6,10.5,750000.0,782801.0166348002,719935.0189466933,757272.369452361,False
Sunshine North,h,Western Metropolitan,3,10.5,632000.0,663759.7535600692,663042.8187442786,645813.5484889777,False
Sunshine North,h,Western Metropolitan,3,10.5,905000.0,807201.9392806545,746226.489469225,800860.6882857792,False
Surrey Hills,h,Southern Metropolitan,5,10.2,2505000.0,2100235.3408901966,2554719.618654526,2372893.6353856935,False
Surrey Hills,h,Southern Metropolitan,3,10.2,1785000.0,1590001.1248103534,1601284.2427679347,1597239.0114210772,False
Surrey Hills,h,Southern Metropolitan,3,10.2,1580000.0,1485935.313988162,1422971.9407072028,1394527.3284465142,False
Surrey Hills,h,Southern Metropolitan,3,10.2,1620000.0,1767048.5529331467,1626598.9476291083,1781358.0912413555,False
Taylors Hill,h,Western Metropolitan,3,18.0,645000.0,614345.4232935082,634438.0036139651,609831.6251062164,True
Taylors Lakes,h,Western Metropolitan,5,15.5,1300000.0,737919.1514267429,636605.356903864,649625.8735589772,True
Templestowe Lower,h,Eastern Metropolitan,5,12.4,1381000.0,1257690.826937959,1310771.4099186112,1178553.9047351065,False
Templestowe Lower,h,Eastern Metropolitan,5,12.4,1225000.0,1239119.3185200787,1203336.0044006722,1172966.4856707894,False
Templestowe Lower,h,Eastern Metropolitan,4,12.4,1375000.0,1195420.1597220823,1017702.1801507281,1084795.916374668,False
Thomastown,h,Northern Metropolitan,3,15.3,705000.0,435678.22980820335,449972.7506860387,493478.35639026936,True
Thomastown,h,Northern Metropolitan,3,15.3,550000.0,432336.4469100862,432189.5255383521,480027.4523366337,True
Thomastown,h,Northern Metropolitan,3,15.3,630000.0,471946.7046784969,460002.4615162835,509392.9869251315,True
Thomastown,h,Northern Metropolitan,3,15.3,740000.0,496101.6862038747,516836.09943654184,590491.5412121663,True
Thornbury,u,Northern Metropolitan,2,7.0,745000.0,542575.1701515588,511283.54406561016,513223.83492754167,False
Thornbury,h,Northern Metropolitan,3,7.0,1225000.0,1082333.5306945227,1072157.5020629202,1005108.9019416054,False
Thornbury,h,Northern Metropolitan,4,7.0,1400000.0,992355.8427531547,1209454.7292197647,1199160.7291738295,False
Truganina,u,Western Metropolitan,3,18.4,390000.0,732932.7975170731,577135.9863029987,565424.5190731016,True
Tullamarine,t,Western Metropolitan,3,12.9,555000.0,541752.4700720583,566182.2356704362,569140.4500147526,True
Tullamarine,h,Western Metropolitan,3,12.9,695000.0,639629.5356011495,670562.6078961749,649364.9702368391,True
Upwey,h,Eastern Victoria,2,29.3,575000.0,1544084.5409311445,997426.4186846437,1035061.6988798782,True
Viewbank,h,Eastern Metropolitan,3,8.9,870000.0,845213.2273480481,799096.3879909597,794446.6804319271,False
Warrandyte,h,Eastern Metropolitan,4,21.1,1050000.0,1699370.7589813427,1404164.403993112,1447829.2915399775,True
Watsonia North,h,Northern Metropolitan,4,14.5,710000.0,754371.3216464788,684568.1670476311,681800.7340359411,True
Watsonia North,h,Northern Metropolitan,3,14.5,705000.0,698797.7894679985,636654.4672158028,655332.9083573085,True
Werribee,h,Western Metropolitan,3,14.7,570000.0,757327.9720029668,780356.5849226379,751807.4992113227,True
Werribee,h,Western Metropolitan,3,14.7,372000.0,577810.1136780772,623874.7311851699,548111.786150621,True
West Footscray,u,Western Metropolitan,3,6.4,597000.0,573833.2554372929,517043.84561068995,533104.4640906824,False
West Melbourne,u,Northern Metropolitan,2,3.1,660000.0,478336.1653038146,567079.2873510828,553768.2283926802,False
Westmeadows,t,Northern Metropolitan,3,16.5,500000.0,464951.0392814826,402225.4066812048,430188.9564178417,True
Westmeadows,h,Northern Metropolitan,5,16.5,560000.0,649655.5165845362,578080.7874839978,630458.4000839517,True
Wheelers Hill,h,South-Eastern Metropolitan,4,16.7,1200000.0,1268742.6076219527,1276758.3286502827,1249655.0691206958,True
Wheelers Hill,h,South-Eastern Metropolitan,5,16.7,1223000.0,1299076.844569533,1279864.303075783,1221446.7712861868,True
Wheelers Hill,h,South-Eastern Metropolitan,4,16.7,1035000.0,1242772.1516236481,1136966.7305212577,1059328.2242708437,True
Williamstown,h,Western Metropolitan,3,6.8,1367000.0,1110175.7694390349,1176642.623982925,1159378.0034682008,False
Williamstown,u,Western Metropolitan,2,6.8,880000.0,568026.803364145,708500.7995197031,709445.802790415,False
Williamstown North,h,Western Metropolitan,3,6.8,862000.0,994623.2486683456,894410.8556121476,976091.024142049,False
Wollert,h,Northern Metropolitan,4,25.5,595000.0,778998.2230991083,650746.4114213561,783754.3988020497,True
Yarraville,h,Western Metropolitan,4,6.3,1190000.0,1097115.257362254,1074057.8870136507,1008381.1754777821,False
Yarraville,u,Western Metropolitan,2,6.3,709500.0,460851.81742535793,464716.6427148815,489929.55260784714,False
Abbotsford,u,Northern Metropolitan,2,3.0,550000.0,570319.1795160914,665108.6327201179,613478.5603538755,False
Airport West,u,Western Metropolitan,3,10.4,670000.0,528623.69705261,622378.8676403904,575188.5516546691,False
Albert Park,h,Southern Metropolitan,4,3.0,3560000.0,2047281.1624168754,2073378.0104905136,2292024.6257284805,False
Altona North,h,Western Metropolitan,5,9.4,1500000.0,1166291.8912449584,1621368.8587243052,1398281.8295386075,False
Altona North,h,Western Metropolitan,4,9.4,1030000.0,885011.4277552794,998627.2383753567,892600.9319225713,False
Ascot Vale,h,Western Metropolitan,2,4.3,1130000.0,916230.8716627631,926279.955938093,922082.8961398276,False
Avondale Heights,h,Western Metropolitan,3,9.5,820000.0,854847.5832740936,834540.6427447312,855913.3900980463,False
Avondale Heights,h,Western Metropolitan,3,9.5,680000.0,730457.5734192507,682958.1566154121,640606.8465668499,False
Avondale Heights,h,Western Metropolitan,3,9.5,720000.0,742378.0658949855,670129.4281514823,650828.9567122763,False
Avondale Heights,h,Western Metropolitan,3,9.5,1107500.0,966876.6583086157,1007430.9378537502,1119594.3646584675,False
Bacchus Marsh,h,Western Victoria,3,37.5,285000.0,441779.9484740933,410829.5218480619,459787.26762293366,True
Balaclava,u,Southern Metropolitan,1,6.4,328500.0,364786.2317288585,372577.7922436774,380206.30964703846,False
Balwyn North,t,Southern Metropolitan,4,9.7,1575000.0,1490181.9496997856,1331051.9238795582,1511445.3400478014,False
Bayswater,h,Eastern Metropolitan,5,23.2,900000.0,1445184.6500816243,1369020.281475355,1515807.503227552,True
Bayswater,u,Eastern Metropolitan,2,23.2,520000.0,521892.1048000956,457265.24128810776,460137.42694190546,True
Bentleigh,u,Southern Metropolitan,2,11.4,380000.0,470901.7277269063,441345.8440119586,435070.80658687564,False
Berwick,h,Eastern Victoria,4,35.2,920000.0,1471260.2979979182,1338452.1064918386,1492330.7871075473,True
Berwick,h,Eastern Victoria,4,35.2,950000.0,1371684.6130012658,1180868.4898486442,1361264.8590784648,True
Blackburn,u,Eastern Metropolitan,2,13.4,485000.0,469544.9605593514,422476.7644876347,401724.4896015789,True
Blackburn South,h,Eastern Metropolitan,3,13.4,1291000.0,1160565.9426363579,1035896.1921200263,1108552.7920681308,True
Boronia,h,Eastern Metropolitan,3,25.0,775000.0,1275590.4962702873,1140294.8881153094,1180359.7738868152,True
Boronia,h,Eastern Metropolitan,4,25.0,820000.0,1402692.6470704817,1184156.8882825659,1136812.9378569713,True
Box Hill,h,Eastern Metropolitan,5,10.9,2285000.0,1556623.8822529411,1901620.3290800927,1822328.4987774328,False
Braybrook,h,Western Metropolitan,3,8.6,797000.0,869811.4180894615,854428.5640925961,896064.4408044011,False
Braybrook,h,Western Metropolitan,5,8.6,760000.0,927383.487524343,986990.0020345942,977036.7745794536,False
Braybrook,h,Western Metropolitan,2,8.6,590000.0,690927.6326036131,595236.7110867393,600830.6869542687,False
Brighton,u,Southern Metropolitan,3,10.5,1180000.0,1149286.9768548103,1079241.7355312651,1020467.8324379557,False
Brighton East,u,Southern Metropolitan,2,10.3,585000.0,643201.7775287256,482531.305256022,515779.2005144158,False
Brighton East,h,Southern Metropolitan,4,10.3,1580000.0,2196961.0415913663,1789974.8587634787,1762171.0578299982,False
Broadmeadows,h,Northern Metropolitan,3,14.0,460000.0,489306.2247497355,470887.5782049542,499931.79671568854,True
Broadmeadows,h,Northern Metropolitan,3,14.0,386000.0,471373.2594769018,423190.4534682627,413340.88925330614,True
Brooklyn,u,Western Metropolitan,2,6.4,515000.0,548956.3012573285,533439.597512667,536492.0164552378,False
Brunswick,h,Northern Metropolitan,4,5.2,1515000.0,1561135.0442905142,1442327.6223344964,1565226.9335924874,False
Brunswick,h,Northern Metropolitan,3,5.2,1037000.0,869962.5803026019,901694.109834858,848918.1465612429,False
Brunswick,h,Northern Metropolitan,3,5.2,1100000.0,899430.0301526347,935489.7352002333,827106.7377938007,False
Brunswick East,h,Northern Metropolitan,3,4.0,1330000.0,1408699.7756433324,1515065.9759506737,1292744.7707571501,False
Brunswick East,t,Northern Metropolitan,3,4.0,937000.0,874642.025995478,897143.4329082394,836835.7767439102,False
Brunswick East,u,Northern Metropolitan,1,4.0,290000.0,336589.4173840978,397671.6795507791,379547.224364233,False
Bundoora,h,Northern Metropolitan,3,12.1,730000.0,730806.133596608,676890.2490474476,682086.740504979,True
Bundoora,h,Northern Metropolitan,3,12.1,660000.0,762560.0557911173,674702.0725618792,711304.9358411295,True
Burwood,h,Southern Metropolitan,3,10.4,1530000.0,1609023.752387589,1508756.2761514145,1501774.525421922,False
Burwood East,h,Eastern Metropolitan,3,14.7,1150000.0,1262345.031155654,1106681.0024944097,1137296.3236908165,True
Burwood East,h,Eastern Metropolitan,4,14.7,1600000.0,1352164.3087626765,1157405.3143633145,1235714.324242917,True
Cairnlea,h,Western Metropolitan,3,14.8,636000.0,548920.6560512915,566469.3053446707,552234.0756554925,True
Camberwell,u,Southern Metropolitan,2,7.7,755000.0,671258.9365047046,629145.9069208574,681395.9195858835,False
Camberwell,h,Southern Metropolitan,8,7.7,2200000.0,2686892.494465564,1806686.806354888,2547802.0217179046,False
Carnegie,h,Southern Metropolitan,3,10.1,1530000.0,1475155.3832878405,1418411.4680556385,1435730.357874864,False
Carnegie,u,Southern Metropolitan,2,10.1,750000.0,721753.409288444,636986.4247248936,693257.1071507189,False
Carnegie,u,Southern Metropolitan,1,10.1,286000.0,307174.0013468548,295196.98151802283,307674.12358126516,False
Carnegie,u,Southern Metropolitan,2,10.1,580010.0,489727.6915702481,466715.0432267097,461606.820303494,False
Carnegie,t,Southern Metropolitan,4,10.1,1250000.0,1553503.7172707557,1580818.0748892927,1454559.9362714665,False
Caroline Springs,t,Western Metropolitan,3,14.8,430000.0,521603.45104181406,441142.410409741,459825.33999384235,True
Caroline Springs,t,Western Metropolitan,3,14.8,360000.0,498523.53206348285,321070.96325194906,338463.5154652262,True
Caroline Springs,h,Western Metropolitan,4,14.8,740000.0,837832.5039873114,768678.611864865,827245.1823430061,True
Carrum Downs,h,South-Eastern Metropolitan,4,34.9,647000.0,1283371.6423825398,1018661.5391233013,1079792.9572993526,True
Caulfield South,u,Southern Metropolitan,2,8.7,636500.0,610016.6469998371,563525.4443840507,600978.549026241,False
Chadstone,t,Southern Metropolitan,3,11.7,930000.0,796671.2709500537,770712.7273862652,814634.2704305715,False
Clayton,h,South-Eastern Metropolitan,3,16.7,1018000.0,1064978.6043157505,899668.6346333663,874775.3003638451,True
Coburg,h,Northern Metropolitan,2,6.7,760000.0,892820.9357486792,848407.110406702,866045.3289522303,False
Coburg,t,Northern Metropolitan,2,6.7,876000.0,706192.7807207385,688257.2856948156,718693.9023260875,False
Coburg North,h,Northern Metropolitan,1,6.7,867000.0,911576.3274740643,986628.6842242756,885424.8962570798,False
Collingwood,u,Northern Metropolitan,1,2.0,365000.0,372078.7105525673,398162.7033648781,379575.5680283242,False
Collingwood,h,Northern Metropolitan,3,2.0,1297000.0,1393293.2374625423,1505370.4893662296,1448536.9101969206,False
Coolaroo,h,Northern Metropolitan,4,17.4,515000.0,559088.5709937154,459821.4200967755,520199.21250151034,True
Cranbourne North,h,South-Eastern Metropolitan,4,34.7,670000.0,1150957.9284406707,1016501.5161529877,943635.6953076657,True
Croydon,h,Eastern Metropolitan,5,23.0,865000.0,1388184.6113702205,1244485.9883712837,1088860.1248373564,True
Croydon,h,Eastern Metropolitan,4,23.0,760000.0,1430574.5875236634,1343494.8775343506,1241165.993486287,True
Croydon,h,Eastern Metropolitan,3,23.0,725000.0,1400084.7345392222,1327716.2585041984,1318837.762536627,True
Croydon,t,Eastern Metropolitan,2,23.0,480000.0,1516463.743937518,658630.0427727798,678897.9617646993,True
Croydon,h,Eastern Metropolitan,4,23.0,1120000.0,1570626.6386790534,1584220.5102240606,1578131.7345656655,True
Dandenong North,h,South-Eastern Metropolitan,3,24.7,465000.0,919052.5953696333,673384.3507503327,715650.4724347595,True
Dandenong North,h,South-Eastern Metropolitan,4,24.7,614000.0,1210599.0161295023,1092277.1018705207,985805.9834582896,True
Dandenong North,h,South-Eastern Metropolitan,4,24.7,930000.0,1300773.0445736856,1012707.5476287868,1200795.1421658995,True
Deer Park,h,Western Metropolitan,3,14.8,557000.0,540704.2862227323,540621.2914106114,513979.17575013184,True
Deer Park,h,Western Metropolitan,3,14.8,650000.0,645234.8960924797,583631.1689696246,558437.654837076,True
Derrimut,h,Western Metropolitan,4,14.7,750000.0,670097.8706339198,640122.0516497266,601360.790499792,True
Dingley Village,h,South-Eastern Metropolitan,3,22.2,806000.0,1007070.38666874,840334.5454504833,876513.2713526335,True
Dingley Village,h,South-Eastern Metropolitan,3,22.2,892000.0,1052733.8746533708,912249.3939225298,875352.6469031728,True
Doncaster,h,Eastern Metropolitan,3,12.4,1345000.0,1387660.2250383224,1352887.2624581251,1288413.1658524137,False
Doncaster,h,Eastern Metropolitan,4,12.4,1430000.0,1377611.3963908914,1383055.1617067293,1405629.6109427805,False
Doncaster,h,Eastern Metropolitan,4,12.4,1663000.0,1475766.7821976207,1405550.1218706856,1365440.33826789,False
Doncaster East,h,Eastern Metropolitan,4,14.3,1310000.0,1411444.4107822122,1266422.3073768492,1268443.6103042066,True
Doncaster East,h,Eastern Metropolitan,3,14.3,1530000.0,1303977.1801649635,1128493.0842709634,1096007.8419323552,True
Doncaster East,h,Eastern Metropolitan,4,14.3,1390000.0,1341302.4701560463,1333424.495122242,1268452.210068694,True
Doncaster East,h,Eastern Metropolitan,3,14.3,1423000.0,1191312.490713284,1150744.3329736323,1122472.5489001768,True
Donvale,t,Eastern Metropolitan,2,16.1,630000.0,675776.3137985456,578870.1260131166,539286.3346073553,True
Eaglemont,h,Eastern Metropolitan,3,8.9,1300000.0,1053160.1266551735,1083604.2923552534,1123589.8656155742,False
Edithvale,h,South-Eastern Metropolitan,5,27.0,1260000.0,1462023.5766699447,1527780.7150735059,1492297.5003997127,True
Eltham,h,Eastern Metropolitan,3,18.0,655000.0,641836.9978563234,587095.5920322839,588191.1846500823,True
Eltham North,h,Eastern Metropolitan,4,18.0,792000.0,987522.4787839468,956963.61709541,886063.292759751,True
Elwood,u,Southern Metropolitan,1,7.2,435000.0,397651.77538127603,384676.095092977,371565.40352054755,False
Elwood,u,Southern Metropolitan,1,7.2,350000.0,346495.11346446804,304080.8275939617,292232.2172785561,False
Epping,h,Northern Metropolitan,3,19.6,490000.0,497104.62182341906,487505.13509136863,523936.8121583385,True
Epping,h,Northern Metropolitan,3,19.6,490000.0,417818.0185536192,424089.66599124175,448153.91871361557,True
Epping,u,Northern Metropolitan,3,19.6,392250.0,477218.7477846761,361222.6467704894,400837.45731638913,True
Epping,h,Northern Metropolitan,2,19.6,417500.0,386709.9844622792,332853.0433788716,415679.58422092383,True
Essendon,h,Western Metropolitan,3,7.5,1000000.0,1082366.482385405,1004399.4934483733,1000755.212490981,False
Essendon,u,Western Metropolitan,1,7.5,310000.0,296639.15677176206,317132.38922475674,342260.1985788156,False
Essendon,h,Western Metropolitan,3,7.5,1398000.0,1240328.3649949029,1165624.5787263112,1211731.3801925357,False
Ferntree Gully,t,Eastern Metropolitan,3,24.8,664000.0,833765.2056615413,654144.2757927603,743581.5589215205,True
Ferntree Gully,t,Eastern Metropolitan,3,24.8,1900000.0,1555752.719468206,878338.9884897914,880117.104539862,True
Fitzroy,u,Northern Metropolitan,2,2.1,790000.0,691718.4402663165,758590.7020123721,770027.3351954733,False
Fitzroy,u,Northern Metropolitan,2,2.1,830000.0,674296.1714896404,684927.4754142361,633466.8150044723,False
Fitzroy,u,Northern Metropolitan,1,2.1,456000.0,440262.593991406,442135.7894000488,454424.8494641561,False
Flemington,h,Northern Metropolitan,2,3.4,1000000.0,978198.1872070763,1053865.4822173016,941000.2061891195,False
Footscray,t,Western Metropolitan,3,5.1,800000.0,776204.6905059305,878259.5738793574,824514.9143176979,False
Frankston,h,South-Eastern Metropolitan,3,38.0,565000.0,1215637.8924143724,987876.6040143128,1026247.939710073,True
Frankston South,h,South-Eastern Metropolitan,3,38.0,810000.0,1283104.8689086859,976572.2140528362,1029051.65704233,True
Gladstone Park,h,Western Metropolitan,4,12.9,749000.0,675504.9681249484,639104.6360834512,681305.3974069648,True
Glen Iris,u,Southern Metropolitan,1,7.3,260000.0,326242.84312551346,310486.2202091122,298837.39134027035,False
Glen Iris,u,Southern Metropolitan,1,7.3,330000.0,362798.6800157255,342147.88221636845,335948.69703998236,False
Glen Iris,u,Southern Metropolitan,2,7.3,501000.0,569774.2449308798,569077.5212263287,548555.8059706419,False
Glen Waverley,h,Eastern Metropolitan,3,16.7,1908000.0,1267650.4827456465,1073391.649664409,1139976.1864903327,True
Glen Waverley,h,Eastern Metropolitan,3,16.7,1070000.0,1313599.0536253115,1013322.1052423627,1201486.9605774016,True
Glenroy,h,Northern Metropolitan,4,11.2,700000.0,745430.0292378925,751580.8579689043,706197.1681986615,False
Glenroy,h,Northern Metropolitan,3,11.2,805000.0,733756.4731740216,731592.4856972797,728346.8829563729,False
Glenroy,h,Northern Metropolitan,3,11.2,721000.0,616560.1798701755,637133.8510992872,613076.5406361233,False
Glenroy,t,Northern Metropolitan,2,11.2,400000.0,427839.4315918269,387949.04972319765,383051.5075085999,False
Glenroy,h,Northern Metropolitan,2,11.2,675000.0,450112.6641660719,492531.87517601415,471810.5008682133,False
Glenroy,t,Northern Metropolitan,4,11.2,656000.0,608941.9071310813,626798.4509918246,633857.5963454596,False
Greensborough,h,Northern Metropolitan,3,16.1,866000.0,871705.9195257794,832770.3100971791,779089.2900948375,True
Greensborough,h,Northern Metropolitan,4,16.1,1028000.0,937441.6085041672,940305.3217914643,812973.6270140625,True
Greenvale,h,Northern Metropolitan,4,20.4,783000.0,673484.3480455107,642493.140502831,658854.0360652824,True
Greenvale,h,Northern Metropolitan,5,20.4,800000.0,808701.3948576298,935636.4078472354,785178.8340051393,True
Hadfield,h,Northern Metropolitan,3,11.2,735000.0,657713.3710158098,694142.2584365995,666107.6383609682,False
Hadfield,t,Northern Metropolitan,2,11.2,595000.0,516402.501682754,497725.320289556,483265.0469575418,False
Hadfield,t,Northern Metropolitan,2,11.2,539000.0,467686.6850244104,515710.45068561943,481042.5692103728,False
Hallam,h,South-Eastern Metropolitan,3,32.3,1300000.0,1441366.5075691887,1117116.8324105018,1241226.6470759767,True
Hampton,u,Southern Metropolitan,1,13.8,580000.0,428875.37795123423,692607.7580311344,548874.3749345434,False
Hampton East,t,Southern Metropolitan,2,13.8,771000.0,758163.9364168493,676482.9232404663,786011.7256200365,False
Hampton Park,h,South-Eastern Metropolitan,4,33.3,622000.0,1202103.3320243182,1004123.8453802378,917346.797558582,True
Hampton Park,h,South-Eastern Metropolitan,3,33.3,400000.0,808409.4439447388,508152.6873384157,613054.8983675225,True
Hawthorn,u,Southern Metropolitan,1,5.3,455000.0,385151.83649992687,388525.5671492014,383862.05135791807,False
Hawthorn East,u,Southern Metropolitan,2,6.2,615888.0,580481.259126277,578535.302395053,612071.1258832956,False
Heidelberg,h,Eastern Metropolitan,4,8.9,1430000.0,1180076.9665857893,1129273.098371708,1078825.2083102888,False
Heidelberg,u,Eastern Metropolitan,2,8.9,534000.0,486240.75388670474,528231.5749660779,507051.08142749796,False
Heidelberg West,h,Eastern Metropolitan,3,8.8,575500.0,618523.7156516231,699558.6991495477,685465.8044046159,False
Heidelberg West,h,Eastern Metropolitan,3,8.8,600000.0,630667.328360985,657382.9699439807,600177.048554352,False
Heidelberg West,u,Eastern Metropolitan,2,8.8,445000.0,452989.9770816474,394020.65167511866,384377.472174971,False
Highett,h,Southern Metropolitan,3,16.0,1430000.0,1016666.370052115,1097336.5121707807,1084098.5390146396,True
Highett,h,Southern Metropolitan,4,16.0,1820000.0,1751005.651586008,1884096.8730389317,1739976.460265317,True
Hillside,h,Western Metropolitan,4,18.0,660000.0,636327.9448087534,564219.5769012164,608138.8450130891,True
Hughesdale,h,Southern Metropolitan,5,12.3,1475000.0,1519595.2793877427,1459160.308822975,1429332.3467734521,False
Ivanhoe,h,Eastern Metropolitan,5,7.8,2100000.0,1732013.1541756052,1710247.5877799618,1515275.3498750257,False
Ivanhoe,h,Eastern Metropolitan,3,7.8,1510000.0,1216023.7828451113,1260471.6226955596,1175468.4292561132,False
Ivanhoe,u,Eastern Metropolitan,3,7.8,880000.0,715582.8211269794,709319.612370901,711454.5756880856,False
Ivanhoe,h,Eastern Metropolitan,2,7.8,1320000.0,1010670.2683628402,1166798.0044145184,1199394.9908271316,False
Jacana,h,Northern Metropolitan,2,14.0,575500.0,543413.7796189745,525166.334990562,539597.43596012,False
Keilor,h,Western Metropolitan,3,14.5,775000.0,553619.0175757792,601025.2574398614,556472.8821995049,True
Keilor,h,Western Metropolitan,4,14.5,635000.0,582390.757676645,563127.9340479677,616845.1256160389,True
Keilor Downs,h,Western Metropolitan,3,15.5,675000.0,641838.6850946209,662332.9756384,665988.2533324851,True
Keilor Downs,h,Western Metropolitan,3,15.5,620000.0,591571.0139931999,571126.8184999666,566230.6483904325,True
Keilor East,h,Western Metropolitan,5,11.7,1005000.0,859051.8952393666,916977.7238036428,894614.2469760684,False
Keilor East,t,Western Metropolitan,4,11.7,710000.0,761669.6823945106,719082.9747207012,735469.5385489528,False
Keilor Park,h,Western Metropolitan,3,10.4,700000.0,695245.204634324,731867.9143189548,664148.9172399893,False
Keilor Park,h,Western Metropolitan,3,10.4,635000.0,583904.126396189,587195.6354864021,553621.0203391549,False
Kensington,u,Northern Metropolitan,2,3.4,438000.0,532231.9252589303,493563.764779804,537797.0324371611,False
Kensington,u,Northern Metropolitan,2,3.4,710000.0,752612.094128833,647375.377034869,746191.2939108434,False
Kensington,u,Northern Metropolitan,1,3.4,390000.0,399063.5359075821,454158.6110691743,364304.0149028434,False
Kew,t,Southern Metropolitan,3,5.4,1205000.0,1425944.0946036107,1485522.6664280202,1524338.6646210745,False
Kew,h,Southern Metropolitan,3,5.4,1410000.0,1454090.9123837664,1406795.3418331419,1496224.7465883468,False
Kew,u,Southern Metropolitan,1,5.4,520000.0,398280.01264921774,404558.83398170565,375934.11277216196,False
Kilsyth,h,Eastern Metropolitan,3,26.0,811000.0,1510549.1240892827,1259735.2156800884,1322540.9912957286,True
Lalor,h,Northern Metropolitan,3,16.3,710500.0,514671.47708806576,515075.53772016417,577879.9720620025,True
Lalor,h,Northern Metropolitan,3,16.3,752000.0,444236.80371210043,475960.9946514202,516305.04892669216,True
Lalor,h,Northern Metropolitan,3,16.3,622000.0,437695.1715783786,430138.90700131597,500620.00695895,True
Maidstone,t,Western Metropolitan,3,6.4,650000.0,839494.4021060545,643217.5484580505,730657.3739071048,False
Maidstone,u,Western Metropolitan,2,6.4,435000.0,535714.6158869102,451335.72168491303,489295.11615381105,False
Maidstone,h,Western Metropolitan,3,6.4,876000.0,1000585.2973520616,910306.0167718647,994865.6390776156,False
Malvern,u,Southern Metropolitan,1,5.9,338000.0,384712.4983897308,392309.33992491686,382459.7522248384,False
Maribyrnong,h,Western Metropolitan,4,4.3,1340000.0,1659334.3273406657,1416831.4142332524,1385608.4294989305,False
Meadow Heights,h,Northern Metropolitan,3,17.4,450000.0,476523.27047631965,482500.2443034851,509076.1619257997,True
Meadow Heights,h,Northern Metropolitan,3,17.4,440000.0,435520.6327749567,470007.8078376475,519315.12437083514,True
Melbourne,u,Northern Metropolitan,2,0.0,1075000.0,715540.9791522442,654823.8073483628,688070.2204742805,False
Melton,h,Western Victoria,4,31.7,550000.0,708252.3280825322,587746.1664341688,605331.5809465975,True
Melton,h,Western Victoria,3,31.7,373500.0,479285.82107940526,464430.7642446122,502913.94536623906,True
Melton South,h,Western Victoria,2,29.8,280500.0,430850.3930484807,396876.38054077514,384050.79788755433,True
Mentone,u,South-Eastern Metropolitan,2,20.0,640000.0,550044.1346963035,518089.73862163676,476435.64098828513,True
Mentone,h,South-Eastern Metropolitan,4,20.0,1322000.0,896802.070437448,1012885.901445966,923297.7610753411,True
Mentone,t,South-Eastern Metropolitan,3,20.0,940000.0,822991.5301830247,820652.0276967091,857466.9378679394,True
Mill Park,h,Northern Metropolitan,3,17.9,767500.0,785874.8444834992,643123.7373294212,699478.7644198774,True
Mill Park,h,Northern Metropolitan,3,17.9,705000.0,547242.2448176756,536569.3894923172,622893.3111963671,True
Mill Park,h,Northern Metropolitan,3,17.9,705000.0,882543.7799052645,709550.0433927368,778355.9085558907,True
Mill Park,h,Northern Metropolitan,4,17.9,790000.0,651157.4728055911,561876.2545746934,617357.3239317989,True
Mill Park,h,Northern Metropolitan,4,17.9,676000.0,636612.5957655456,538989.4691879812,605285.0711555805,True
Mill Park,h,Northern Metropolitan,5,17.9,704500.0,766544.9516662911,663586.8764702199,752527.0769627735,True
Mill Park,h,Northern Metropolitan,4,17.9,550000.0,655056.7253319976,562152.6387887334,597801.8424055727,True
Mill Park,h,Northern Metropolitan,5,17.9,598000.0,703180.1287282334,614854.8025582922,703776.4850857669,True
Mill Park,h,Northern Metropolitan,3,17.9,592000.0,704362.3614283402,534903.1999571807,567397.3242650059,True
Mill Park,h,Northern Metropolitan,3,17.9,602000.0,458258.83959413954,444638.5399041369,462602.7802288217,True
Mitcham,h,Eastern Metropolitan,3,17.2,1095000.0,1091957.0845865717,1029064.1668097615,1008038.2284957486,True
Mitcham,h,Eastern Metropolitan,2,17.2,480000.0,715074.9788795842,656162.1944037178,593154.0435276611,True
Montrose,h,Eastern Victoria,4,28.8,735000.0,1430513.7081020093,1435713.8660483314,1337509.891601846,True
Moonee Ponds,h,Western Metropolitan,1,6.2,1425500.0,986323.960384735,1028375.2269215367,1048355.7384247936,False
Moonee Ponds,h,Western Metropolitan,3,6.2,1320000.0,1172140.5919728049,1125783.1251768647,1091563.406831452,False
Moonee Ponds,h,Western Metropolitan,4,6.2,1270000.0,1250342.1194276346,1307701.6871143726,1246058.962311722,False
Mooroolbark,h,Eastern Victoria,3,26.5,650000.0,1340919.8639273297,1137467.635787512,1077097.578095875,True
Mordialloc,h,South-Eastern Metropolitan,4,21.5,1400000.0,997471.9819504558,904701.5834050059,908867.5782039735,True
Mordialloc,t,South-Eastern Metropolitan,3,21.5,1627000.0,847566.1736489775,887063.9623092554,928408.8385799142,True
Mount Waverley,h,Eastern Metropolitan,3,14.2,1150000.0,1251807.2864513502,1000777.7733574277,974553.1239018069,True
Mount Waverley,t,Eastern Metropolitan,3,14.2,1375000.0,1002369.354000719,768111.6262897663,794917.9318956954,True
Mount Waverley,h,Eastern Metropolitan,3,14.2,850000.0,888861.1409935142,664124.5625853603,656820.2797649613,True
Mount Waverley,h,Eastern Metropolitan,3,14.2,1850000.0,1303669.0789363955,904364.166980506,1003127.3460215617,True
Mulgrave,h,South-Eastern Metropolitan,5,18.8,1016000.0,1279657.880988335,1152446.737509579,1078183.940189088,True
Mulgrave,h,South-Eastern Metropolitan,4,18.8,992000.0,1293097.1469031768,1148396.018670292,1256246.3773569348,True
Murrumbeena,h,Southern Metropolitan,4,10.1,1820000.0,1886971.9104263447,2171933.2680438356,2142963.066391341,False
Murrumbeena,h,Southern Metropolitan,3,10.1,1620000.0,1471102.2142181115,1741225.675941975,1722641.3548632127,False
Newport,h,Western Metropolitan,3,6.2,1000000.0,1031352.89405507,1139482.5492527925,1118951.2434522996,False
Noble Park,h,South-Eastern Metropolitan,3,22.7,650000.0,1125919.2327606617,853540.2248046759,874159.5773089917,True
North Melbourne,u,Northern Metropolitan,2,1.8,785000.0,687863.480533007,700830.7519972939,722062.8014249726,False
North Melbourne,u,Northern Metropolitan,2,1.8,620000.0,556628.7215120266,551121.1829099744,562785.5310660367,False
Nunawading,h,Eastern Metropolitan,3,15.4,1040000.0,1259838.6400068172,1120421.0100591586,1035172.3578161639,True
Nunawading,u,Eastern Metropolitan,2,15.4,676000.0,596589.9956812502,594540.3994466022,549160.1792170973,True
Nunawading,h,Eastern Metropolitan,3,15.4,1002000.0,1188719.8811250243,1120335.7301365673,1151567.1292880997,True
Nunawading,t,Eastern Metropolitan,4,15.4,1175000.0,1074250.5240074254,992156.3670434726,988423.2846972056,True
Oakleigh,h,Southern Metropolitan,3,12.3,1365000.0,1243892.5510564698,1249175.783760474,1290207.1580291453,False
Oakleigh East,h,Southern Metropolitan,3,12.3,875000.0,874001.0835864841,865038.5717884427,864022.0460975638,True
Oakleigh South,h,South-Eastern Metropolitan,3,15.5,880000.0,895341.5308004043,890661.7956080656,925225.1811750141,False
Oakleigh South,h,South-Eastern Metropolitan,3,15.5,1150000.0,919371.3618387223,862544.1192604529,922438.9431189,False
Oakleigh South,u,South-Eastern Metropolitan,4,15.5,774000.0,844876.3474876755,767961.3510919872,840417.6993784847,False
Oakleigh South,h,South-Eastern Metropolitan,3,15.5,1122000.0,1097115.0168041121,1036126.1563541604,1114663.2156416883,False
Ormond,u,Southern Metropolitan,1,11.4,327000.0,309903.82306453487,314927.3457790684,305386.7076631656,False
Ormond,h,Southern Metropolitan,4,11.4,1900000.0,1712659.445530163,1872979.8872608687,1752185.05843935,False
Parkdale,h,South-Eastern Metropolitan,4,21.5,2185000.0,825876.9592121275,882902.4751221187,951922.5378924176,True
Parkville,t,Northern Metropolitan,2,1.8,800000.0,1080398.7392805647,655234.4682655961,644774.1900450618,False
Pascoe Vale,h,Northern Metropolitan,3,8.5,1210000.0,959256.5827670954,967467.4566094866,1020748.4152032491,False
Port Melbourne,u,Southern Metropolitan,2,3.5,635000.0,693970.3039226102,711710.9963050977,731766.7657280301,False
Prahran,u,Southern Metropolitan,2,4.6,1003000.0,840292.0912977319,748728.4494577744,811206.8388333322,False
Preston,h,Northern Metropolitan,2,8.4,820000.0,621097.0293019114,706654.7439869232,704501.1726252551,False
Preston,h,Northern Metropolitan,3,8.4,1150000.0,980778.8897297697,897012.1177709083,971162.7912357949,False
Reservoir,h,Northern Metropolitan,3,12.0,925000.0,793270.1919041226,802261.4411747504,804919.6236480172,False
Reservoir,h,Northern Metropolitan,3,12.0,526250.0,506423.48299520253,561389.1620770379,554991.8594956747,False
Reservoir,h,Northern Metropolitan,1,12.0,351000.0,377422.5529259896,344340.6745488639,392346.4244866839,False
Reservoir,h,Northern Metropolitan,3,12.0,760000.0,680767.9740566913,685555.8025514967,695499.7150711467,False
Reservoir,h,Northern Metropolitan,3,12.0,690000.0,622295.2356934722,602092.5124286677,598970.5443226926,False
Richmond,u,Northern Metropolitan,2,2.4,715000.0,663973.6751994063,680163.023118137,675403.616248248,False
Richmond,u,Northern Metropolitan,2,2.4,630000.0,590157.931885882,590108.5180675068,604291.6691888493,False
Richmond,h,Northern Metropolitan,2,2.4,1200000.0,1196606.956200549,1130792.9645498742,1283025.0211617097,False
Ringwood,h,Eastern Metropolitan,4,19.9,1725000.0,1612158.0307651106,1610581.3870251721,1525964.3304954695,True
Ringwood,h,Eastern Metropolitan,2,19.9,633000.0,687103.3387875499,696778.8365864835,651988.2636685346,True
Ringwood East,h,Eastern Metropolitan,4,21.3,1090000.0,1700341.6763676873,1574827.4268579849,1669553.772032912,True
Rowville,h,South-Eastern Metropolitan,4,23.5,936000.0,1260344.0966667957,1114180.0714102206,1104051.5038030182,True
Rowville,h,South-Eastern Metropolitan,3,23.5,860000.0,1106058.6935618694,868366.9038996322,955630.9099169073,True
Sandringham,h,Southern Metropolitan,4,15.2,850000.0,2212062.207667218,1885705.0980792204,1805584.6637049066,True
Scoresby,h,Eastern Metropolitan,3,22.2,1000000.0,1951793.113629594,1377756.2252861916,1462695.6665585537,True
Seabrook,h,Western Metropolitan,3,15.5,640000.0,677710.4976088903,773037.6140876645,779901.5887715041,True
Seaford,h,South-Eastern Metropolitan,4,35.4,800000.0,1451901.3543634126,1121583.6283149845,1104779.3739246845,True
South Melbourne,h,Southern Metropolitan,3,1.9,1720000.0,1324220.0747535476,1462376.3859803886,1362002.6374275228,False
South Morang,h,Northern Metropolitan,3,20.5,690000.0,767855.555350924,569200.5575070779,660993.0121433361,True
South Morang,h,Northern Metropolitan,4,20.5,875000.0,934209.1354329649,755661.8273065935,801111.0241462289,True
South Morang,t,Northern Metropolitan,3,20.5,420000.0,575952.7583018749,468577.1918359121,574852.8686855872,True
South Morang,h,Northern Metropolitan,4,20.5,677500.0,892760.0149806876,645805.2492541315,732963.4787804929,True
South Yarra,u,Southern Metropolitan,2,2.7,600000.0,508426.5955879133,522910.8333949271,528365.1714736882,False
South Yarra,u,Southern Metropolitan,2,2.7,762500.0,635057.9978986771,591409.8621316683,649533.1448132516,False
South Yarra,h,Southern Metropolitan,4,2.7,1855500.0,2558534.141900588,2575445.575956966,2734316.209033313,False
Spotswood,h,Western Metropolitan,2,6.2,802000.0,813439.8669052335,782665.6037880282,887653.6427987679,False
Springvale,h,South-Eastern Metropolitan,3,20.8,1016000.0,1053065.8033301886,867910.326587467,837814.6593012266,True
St Albans,h,Western Metropolitan,3,14.0,600000.0,560278.0427558125,510821.45677285036,584157.075415776,True
St Albans,h,Western Metropolitan,4,14.0,631000.0,575520.7026038261,509125.680661037,587026.7319441022,True
St Albans,h,Western Metropolitan,3,14.0,711100.0,649879.1765269153,627755.5864933019,675378.5622922659,True
St Albans,h,Western Metropolitan,3,14.0,582000.0,639477.5546591358,572113.332130614,573061.4601819784,True
St Albans,h,Western Metropolitan,3,14.0,730000.0,542958.5906841168,564573.7483012914,608782.8297391281,True
St Kilda,u,Southern Metropolitan,1,5.0,468000.0,418929.410710842,402645.2163893658,453951.5589399725,False
St Kilda,u,Southern Metropolitan,1,5.0,470000.0,370246.2849342584,373655.2493947504,370344.18601211667,False
Strathmore,h,Western Metropolitan,4,8.2,1140000.0,874806.8331637399,890835.6148868051,953569.0086767187,False
Strathmore,u,Western Metropolitan,3,8.2,750000.0,668851.0138198592,756450.9233958463,779496.2410946985,False
Sunbury,h,Western Metropolitan,3,31.7,487000.0,433923.5200141541,391433.37106798944,434714.7908413602,True
Sunbury,h,Western Metropolitan,4,31.7,410000.0,567449.2047917038,401702.91206210497,472899.81605206674,True
Sunbury,h,Western Metropolitan,4,31.7,512500.0,571889.7555508772,472995.8923689952,581509.862361074,True
Sunshine,h,Western Metropolitan,3,10.5,830500.0,723460.6610599232,684799.0420274815,726071.4347981951,False
Sunshine North,u,Western Metropolitan,2,10.5,429000.0,427491.5505731105,368603.40612646815,399518.830054087,False
Sunshine West,h,Western Metropolitan,3,10.5,551000.0,600069.9034387578,564398.3527834568,572099.8219438281,False
Sunshine West,h,Western Metropolitan,3,10.5,450000.0,540469.6244697352,461378.5131143113,437705.73235121253,False
Surrey Hills,t,Southern Metropolitan,2,10.2,781000.0,881885.5603882654,867818.7158152555,894385.7230482363,False
Tarneit,h,Western Metropolitan,4,18.4,586000.0,678748.9310862996,681743.3821122434,711212.3610038391,True
Tarneit,h,Western Metropolitan,4,18.4,496000.0,656882.6099109882,663967.952601982,688100.7066011557,True
Templestowe,h,Eastern Metropolitan,3,15.5,1280000.0,1126485.6864835387,1203526.9054208011,1143456.6607371254,True
Templestowe,h,Eastern Metropolitan,4,15.5,1635000.0,1301215.1585229412,1463714.9417888552,1281604.6285747732,True
Templestowe,t,Eastern Metropolitan,3,15.5,795000.0,806351.8639238426,734393.8503842414,688525.3760576802,True
Templestowe Lower,h,Eastern Metropolitan,3,12.4,1138000.0,1294394.7829574137,1205932.6718148834,1188297.4965287508,False
The Basin,h,Eastern Metropolitan,3,27.0,477000.0,1083965.5556133713,955025.8736897409,1156326.8337068579,True
Thomastown,h,Northern Metropolitan,3,15.3,605000.0,436760.8572010408,453566.45301011205,505754.4731519469,True
Thomastown,h,Northern Metropolitan,3,15.3,610000.0,454136.4079043325,461323.2267131642,497060.81905584346,True
Thomastown,h,Northern Metropolitan,3,15.3,580000.0,459164.2309621871,446096.77355084615,490059.4406821221,True
Thornbury,u,Northern Metropolitan,1,7.0,415000.0,344433.61342209415,339040.910513283,327326.2269290323,False
Thornbury,h,Northern Metropolitan,2,7.0,905000.0,986686.1645308605,836707.4627066365,870326.0966026003,False
Toorak,u,Southern Metropolitan,2,4.1,725000.0,661398.2116040969,687391.6976787372,693272.5324772228,False
Toorak,u,Southern Metropolitan,1,4.1,577000.0,462839.7729477326,440191.3542524332,447881.3190983478,False
Truganina,h,Western Metropolitan,3,18.4,451000.0,606065.0387484255,644282.8465056615,594189.1040160534,True
Truganina,u,Western Metropolitan,3,18.4,453350.0,761412.2688584223,636287.3590015593,605350.9892281792,True
Tullamarine,h,Western Metropolitan,4,12.9,895000.0,872333.8950224965,973362.6037270972,937971.9482458545,True
Tullamarine,h,Western Metropolitan,4,12.9,586000.0,637300.806392288,671822.7683659282,691973.4954641422,True
Wantirna South,u,Eastern Metropolitan,3,14.7,570000.0,726672.7993761793,583910.2363027119,638674.8521774769,True
Wantirna South,h,Eastern Metropolitan,3,14.7,778000.0,920723.1300892865,766697.1395013795,918661.3213457,True
Wantirna South,h,Eastern Metropolitan,4,14.7,1055000.0,1357060.8650537673,1149390.7556552726,1159842.088849267,True
Watsonia North,h,Northern Metropolitan,3,14.5,790000.0,713692.7656985129,648930.9908313701,660281.9950656213,True
Werribee,h,Western Metropolitan,4,14.7,514000.0,784004.0863451903,878720.1761826773,935109.0546556069,True
Werribee,h,Western Metropolitan,3,14.7,529000.0,934337.3176670144,995379.6892675193,949255.1041863204,True
Werribee,h,Western Metropolitan,3,14.7,484000.0,589491.9115254106,643842.8666648716,667455.527347356,True
West Melbourne,u,Northern Metropolitan,2,3.1,670000.0,579169.9115316016,663209.9559339344,649752.1554932387,False
West Melbourne,u,Northern Metropolitan,2,3.1,510000.0,513897.7792270902,610078.2852985803,543295.3426010826,False
Westmeadows,h,Northern Metropolitan,3,16.5,410000.0,423186.58122814447,404874.87141147285,422007.8363254423,True
Westmeadows,h,Northern Metropolitan,4,16.5,675000.0,678781.2853908743,637388.2472720945,666815.5126455546,True
Williamstown,h,Western Metropolitan,3,6.8,1200000.0,905704.3521809516,1007105.5408285126,1024359.7745309118,False
Williamstown,u,Western Metropolitan,2,6.8,650000.0,442080.7259426487,500220.61809380754,479227.6329611629,False
Windsor,u,Southern Metropolitan,1,4.6,410000.0,422154.1510198458,398326.62908714893,398654.5604316723,False
Wyndham Vale,h,Western Metropolitan,4,27.2,478000.0,714519.9291639827,770880.6951665551,789818.5809528937,True
Yallambie,h,Northern Metropolitan,4,12.7,743500.0,896753.1985158937,863036.7153940041,874311.8392810456,False
Yarraville,h,Western Metropolitan,3,6.3,1285000.0,1014077.410533932,972457.6451404045,1049358.2566609853,False
Yarraville,u,Western Metropolitan,2,6.3,440000.0,500455.7573228592,511422.3524859381,490111.9485396442,False
Abbotsford,h,Northern Metropolitan,3,3.0,1635000.0,1226804.8101401215,1301392.6766829875,1186317.6769432842,False
Abbotsford,h,Northern Metropolitan,2,3.0,940000.0,1325462.500929248,1389315.598529382,1439753.6930763551,False
Abbotsford,h,Northern Metropolitan,3,3.0,1375000.0,1352131.9576719825,1438513.483486459,1440337.4002745682,False
Abbotsford,t,Northern Metropolitan,4,3.0,1525000.0,1467615.1437423013,1265365.061480336,1298183.5708541027,False
Aberfeldie,h,Western Metropolitan,4,7.5,1380000.0,1658108.0626708518,1716046.83665848,1711271.3661638082,False
Airport West,u,Western Metropolitan,3,10.4,700000.0,625818.2532146038,653565.1319254749,711901.3253197517,False
Airport West,t,Western Metropolitan,4,10.4,950000.0,688052.8196930344,657016.7406321693,677092.8391286011,False
Albanvale,u,Western Metropolitan,2,14.0,415000.0,404123.348750794,334099.49294097227,336342.91198386485,True
Alphington,h,Northern Metropolitan,3,5.7,1625000.0,1406115.5338473758,1187368.6082333387,1187169.797867154,False
Altona,h,Western Metropolitan,3,11.0,1225000.0,827248.1369886326,873215.7586888226,838200.7281477946,False
Altona,u,Western Metropolitan,3,11.0,660000.0,618545.0489946977,597741.0980454512,584399.7267014717,False
Altona,u,Western Metropolitan,3,11.0,767000.0,729816.1625296733,676825.5088411522,686611.2355056143,False
Altona Meadows,h,Western Metropolitan,4,15.5,810000.0,889642.6176034342,916670.257856105,877620.6879467566,True
Armadale,h,Southern Metropolitan,2,6.3,1480000.0,1452555.4867256938,1469119.0968452503,1540686.93910235,False
Armadale,u,Southern Metropolitan,2,6.3,821000.0,595615.5444619821,773233.1087479402,690763.7159477569,False
Ascot Vale,h,Western Metropolitan,3,4.3,1250000.0,1126457.2817831319,1060847.4404029103,1021701.4537399946,False
Ashburton,t,Southern Metropolitan,4,10.2,1520000.0,1434147.4105813454,1488910.095548983,1419711.747380845,False
Ashburton,h,Southern Metropolitan,3,10.2,2299500.0,1733790.3582853475,1922170.9410376034,1731805.820394175,False
Aspendale Gardens,h,South-Eastern Metropolitan,3,21.5,951000.0,1165914.2122478704,938158.0868076639,958309.3860037657,True
Balaclava,u,Southern Metropolitan,2,6.4,700000.0,579834.4781862117,563306.4226176301,625906.3034221702,False
Balwyn,u,Southern Metropolitan,2,7.9,614000.0,625048.6224618044,640606.5893373591,638335.8822605772,False
Balwyn,h,Southern Metropolitan,4,7.9,2360000.0,2782570.6595073785,3126463.150094596,3336199.5753217167,False
Balwyn,h,Southern Metropolitan,3,7.9,1750000.0,1970083.5661877822,2058454.3765131442,2061937.3530553104,False
Balwyn North,h,Southern Metropolitan,4,9.7,1460000.0,1610221.2774622124,1448627.7568488116,1431927.0856730493,False
Balwyn North,h,Southern Metropolitan,3,9.7,1360000.0,1531546.3155109833,1482998.2630599795,1459607.9024715913,False
Balwyn North,h,Southern Metropolitan,3,9.7,1739000.0,1678772.0753747034,1580462.7856018438,1631956.4025803828,False
Bayswater,h,Eastern Metropolitan,3,23.2,720000.0,892034.3571524472,763411.4461227602,834095.8870015155,True
Beaumaris,h,Southern Metropolitan,5,17.3,1780000.0,1106527.3949925678,1331569.1882015595,1265338.762625698,True
Beaumaris,h,Southern Metropolitan,4,17.3,1611000.0,1157727.0577664261,1276341.0123238384,1172273.4566512916,True
Bellfield,h,Eastern Metropolitan,3,8.8,1006000.0,1017039.817593615,1086332.979339697,1056153.3064372283,False
Bentleigh,h,Southern Metropolitan,4,11.4,1700000.0,1677215.881396811,1741285.785264943,1836574.321344456,False
Bentleigh,t,Southern Metropolitan,4,11.4,1280000.0,1196976.2475108984,1312715.529915442,1283920.767010089,False
Bentleigh,t,Southern Metropolitan,4,11.4,1750000.0,1461434.7528675576,1558957.0999652878,1527112.3622287095,False
Bentleigh East,h,Southern Metropolitan,3,13.8,1175000.0,1049720.210007338,1140545.524185212,1073591.7273948074,False
Bentleigh East,h,Southern Metropolitan,3,13.8,1290000.0,1023884.8142859777,1055931.4938988634,1026500.0502204908,False
Berwick,h,Eastern Victoria,4,35.2,683000.0,1246634.862474533,1073601.2151201935,1035927.8917145303,True
Black Rock,h,Southern Metropolitan,4,17.3,1730000.0,1596394.1203497835,1315345.5535800818,1336409.238639947,True
Blackburn,h,Eastern Metropolitan,3,13.4,1100000.0,1132080.2777330827,1152862.4999305257,1109296.5486729671,True
Blackburn North,h,Eastern Metropolitan,4,13.4,1250000.0,1406394.7085662503,1202325.5516292364,1224819.4270097625,True
Blackburn South,h,Eastern Metropolitan,3,13.4,1246000.0,1254024.3867181838,1120816.3498539985,1196661.4759736904,True
Boronia,t,Eastern Metropolitan,4,25.0,740000.0,934948.0643457428,708255.4414915378,794862.7726231667,True
Box Hill,h,Eastern Metropolitan,3,10.9,1525000.0,1395099.1236200593,1299869.755151665,1296433.4722089588,False
Box Hill,t,Eastern Metropolitan,2,10.9,730000.0,719034.7469124614,669829.2185355574,627823.6410552766,False
Briar Hill,h,Eastern Metropolitan,3,16.1,830000.0,1034283.7434738772,958171.6323930733,930503.5726824442,True
Brighton,h,Southern Metropolitan,5,10.5,3000000.0,3045259.9950594357,2824255.146706779,2739637.385078991,False
Brighton,h,Southern Metropolitan,3,10.5,1900000.0,1379073.3828161252,1318604.6020474546,1356792.642819823,False
Brighton,u,Southern Metropolitan,3,10.5,1296000.0,838593.8114493458,1011646.7156311384,1064708.2604480002,False
Brighton,h,Southern Metropolitan,4,10.5,4050000.0,2618344.3039384186,3003395.0921354922,3117528.1339153564,False
Brighton,h,Southern Metropolitan,4,10.5,2210000.0,1867720.0036516604,1864399.3236788004,1851339.1835559846,False
Brighton East,h,Southern Metropolitan,4,10.3,1655000.0,1788054.7191548795,1869630.180076657,1696827.7939741258,False
Brighton East,h,Southern Metropolitan,4,10.3,2000000.0,1666756.8850576088,1908614.8713683428,1674985.680340748,False
Brighton East,h,Southern Metropolitan,3,10.3,2150000.0,1610391.674525946,1769318.5560893046,1750797.8991298932,False
Brighton East,h,Southern Metropolitan,3,10.3,1680000.0,1545923.5474401698,1567626.9141446534,1549676.1559291831,False
Brighton East,u,Southern Metropolitan,2,10.3,890000.0,767213.3793110156,743556.934302438,776239.6722272845,False
Broadmeadows,h,Northern Metropolitan,3,14.0,616000.0,516285.8259276813,492445.473159814,538672.0427902773,True
Broadmeadows,h,Northern Metropolitan,3,14.0,632000.0,521037.32687179116,499221.0635401758,568053.7297362045,True
Brunswick,h,Northern Metropolitan,3,5.2,1310000.0,1056706.1371638847,1033547.933308472,994130.7569804476,False
Brunswick East,h,Northern Metropolitan,3,4.0,1615000.0,1341721.2068650867,1576528.0201719964,1478237.4226677946,False
Brunswick West,h,Northern Metropolitan,4,5.2,1500000.0,1493366.7208061689,1633594.2047793688,1549788.8588159003,False
Bulleen,h,Eastern Metropolitan,4,10.8,1751000.0,1249240.8081915595,1579488.4116861834,1491451.3679394105,False
Bulleen,h,Eastern Metropolitan,3,10.8,1200000.0,983901.0570759306,999622.3705052035,1007991.6891432307,False
Bulleen,h,Eastern Metropolitan,4,10.8,1580000.0,1266945.6604709737,1397591.046524152,1274863.58669767,False
Bullengarook,h,Northern Victoria,3,45.9,535000.0,592915.3132840238,489355.0205523925,578632.243700414,True
Bundoora,t,Northern Metropolitan,4,12.1,685000.0,603008.1086261419,489812.1310206635,548133.0789488062,True
Bundoora,h,Northern Metropolitan,3,12.1,685000.0,554922.377801098,509217.78769025346,567019.3943706552,True
Bundoora,h,Northern Metropolitan,4,12.1,725000.0,772497.9688034237,574721.4948360277,641433.2012850802,True
Bundoora,t,Northern Metropolitan,2,12.1,505000.0,456736.3244941406,491225.78740913153,482680.0656165341,True
Bundoora,h,Northern Metropolitan,4,12.1,1300000.0,875703.778563907,693911.0947253542,798437.2082710057,True
Bundoora,h,Northern Metropolitan,4,12.1,1253000.0,919865.8955959288,837426.5721108211,946416.2488444169,True
Burwood,h,Southern Metropolitan,3,10.4,1170000.0,1460438.2309660788,1393229.9687823076,1368591.8001094456,False
Burwood,h,Southern Metropolitan,4,10.4,1390000.0,1595976.1406493415,1557701.5265412864,1508926.7722560153,False
Burwood,h,Southern Metropolitan,4,10.4,1471000.0,1634233.5921813257,2087932.4825170725,1925587.3522821313,False
Burwood East,u,Eastern Metropolitan,2,14.7,746000.0,575061.5653424213,538915.7581663512,547224.7055320728,True
Cairnlea,h,Western Metropolitan,3,14.8,560000.0,529053.8865503327,466556.31481354753,450900.79395227047,True
Camberwell,h,Southern Metropolitan,3,7.7,1650000.0,1630976.7564252866,1696456.217574722,1773864.3244441892,False
Camberwell,u,Southern Metropolitan,2,7.7,881000.0,771680.4618716631,826545.0074467203,809257.2071653391,False
Camberwell,h,Southern Metropolitan,5,7.7,3190000.0,2837673.0705508892,3145573.150199444,3076069.940061459,False
Canterbury,h,Southern Metropolitan,4,8.4,2100000.0,1980500.6489140322,1998468.6466097264,2043255.9614864257,False
Canterbury,h,Southern Metropolitan,4,8.4,2725000.0,2346156.770602197,2317334.8179082796,2544014.9440149283,False
Canterbury,h,Southern Metropolitan,4,8.4,3250000.0,2622217.0977752106,2519826.579173468,2890379.915674912,False
Carnegie,h,Southern Metropolitan,3,10.1,1370000.0,1381387.8634110107,1367081.1896160115,1380375.7899257406,False
Caroline Springs,h,Western Metropolitan,4,14.8,870000.0,740100.8566800646,654991.0375874914,730668.4033551017,True
Carrum,u,South-Eastern Metropolitan,3,31.2,687500.0,782566.730524709,696948.4238070656,797703.9787720444,True
Carrum Downs,h,South-Eastern Metropolitan,3,34.9,552500.0,1252125.9301839836,1005864.4510390797,1057884.8279183002,True
Caulfield,h,Southern Metropolitan,2,8.7,1070000.0,1106958.095455565,1007677.0807668114,1014514.1260164075,False
Caulfield North,h,Southern Metropolitan,4,7.8,1925000.0,2046179.2921175996,1891707.751090203,1822731.9161611388,False
Chadstone,h,Southern Metropolitan,4,11.7,995000.0,1260946.439625222,1188833.0737249139,1158788.5494984516,False
Chadstone,h,Southern Metropolitan,5,11.7,1310000.0,1478981.9428598313,1397519.266902522,1410255.644224155,False
Cheltenham,h,Southern Metropolitan,3,17.9,1275000.0,1060015.3372310481,1104983.687783405,1018996.8700372473,True
Cheltenham,h,Southern Metropolitan,4,17.9,1200000.0,1221419.0891215934,1098202.0070672457,1003255.8914356597,True
Cheltenham,h,Southern Metropolitan,3,17.9,1095000.0,1024667.2823133983,1047935.7416900429,1004718.7594103804,True
Chirnside Park,h,Eastern Victoria,3,27.1,640000.0,1104242.9701990162,1069306.6273673833,1083370.1176807273,True
Clarinda,h,South-Eastern Metropolitan,4,17.5,1241000.0,1258363.3066479934,1003607.8535099628,1126585.2258820196,True
Clayton,h,South-Eastern Metropolitan,4,16.7,1250000.0,1151019.9625943382,942530.3270799826,963329.7699866561,True
Clayton,h,South-Eastern Metropolitan,3,16.7,729500.0,879987.3223669308,690771.803379844,821996.612576345,True
Clifton Hill,h,Northern Metropolitan,2,3.6,973000.0,1207184.3670248706,1142272.464107256,1133912.951587535,False
Collingwood,u,Northern Metropolitan,2,2.0,560000.0,545529.7553515186,522942.6848350298,481412.44867269555,False
Craigieburn,h,Northern Metropolitan,4,20.6,565000.0,698391.0485491662,635309.3192174649,714588.5139913899,True
Craigieburn,h,Northern Metropolitan,4,20.6,615000.0,747942.6629230955,669583.7498381926,760728.8456306282,True
Craigieburn,h,Northern Metropolitan,4,20.6,548000.0,627337.0778082212,509178.07829615753,546896.1294650605,True
Craigieburn,h,Northern Metropolitan,3,20.6,716000.0,625069.5008602573,557955.1979268976,576855.5180469225,True
Craigieburn,h,Northern Metropolitan,4,20.6,667500.0,656639.5442238745,533608.3820162975,640256.2727225273,True
Cranbourne,h,South-Eastern Metropolitan,3,34.7,555000.0,1101794.0227992344,906658.3717400479,860295.973737083,True
Croydon,h,Eastern Metropolitan,3,23.0,730000.0,960027.2882698695,838586.785708011,824533.798016685,True
Croydon,h,Eastern Metropolitan,2,23.0,1080000.0,1458993.5452940345,1099003.8517516712,1063756.1971005362,True
Croydon,h,Eastern Metropolitan,3,23.0,702500.0,1278890.5364698186,1081456.1993816704,1074271.3041558864,True
Croydon North,u,Eastern Metropolitan,2,23.0,505000.0,557839.0331626255,564564.2414984693,540065.6527894649,True
Croydon North,h,Eastern Metropolitan,3,23.0,766000.0,1076243.543145965,1003708.475878187,991161.8220110987,True
Dandenong,u,South-Eastern Metropolitan,2,24.7,370000.0,584841.1070772499,443002.91565322556,522022.61557950435,True
Dandenong,h,South-Eastern Metropolitan,2,24.7,488000.0,905375.1746223092,599869.521066385,633419.7555670048,True
Deepdene,t,Southern Metropolitan,4,7.9,1680000.0,1454405.2458786638,1314948.629851552,1307384.8335767854,True
Deer Park,h,Western Metropolitan,3,14.8,665000.0,586890.8792281714,571605.0041687593,565775.6586251003,True
Delahey,h,Western Metropolitan,3,18.0,475000.0,532452.2852323208,473943.1743270178,501817.5335120665,True
Diamond Creek,h,Northern Victoria,4,21.8,898000.0,882383.1135135898,794685.088955141,784544.4083503054,True
Diamond Creek,h,Northern Victoria,3,21.8,815000.0,873088.3999784747,657786.0794424692,698142.3056417782,True
Diggers Rest,h,Western Metropolitan,6,27.7,615000.0,843491.7659101913,651004.5264589522,646557.759767261,True
Dingley Village,h,South-Eastern Metropolitan,4,22.2,915000.0,1207044.675112289,1124475.1111054537,1050536.2304362783,True
Dingley Village,h,South-Eastern Metropolitan,3,22.2,736000.0,1053701.216746501,846126.5675611059,868769.7358203669,True
Doncaster,h,Eastern Metropolitan,3,12.4,1400000.0,1195794.0054501635,1160566.437418697,1176012.1968924224,False
Doncaster,u,Eastern Metropolitan,3,12.4,780000.0,645697.5534998901,703085.1634929333,614679.2926283549,False
Donvale,h,Eastern Metropolitan,5,16.1,1328000.0,1553657.1833662335,1404690.147980257,1370233.6933468545,True
East Melbourne,u,Northern Metropolitan,2,1.3,1300000.0,706096.3043645234,763736.830113548,726845.8356296845,False
Eltham,h,Eastern Metropolitan,3,18.0,830000.0,907054.7217970804,848012.8048935286,688138.4696788841,True
Eltham,h,Eastern Metropolitan,4,18.0,762000.0,911159.4789179886,822389.2219355727,808113.6335908036,True
Eltham,h,Eastern Metropolitan,3,18.0,925000.0,975783.4616674978,833336.220059647,807945.4111759769,True
Eltham North,h,Eastern Metropolitan,3,18.0,900000.0,938398.3550381793,881797.7145546557,814196.6790142158,True
Elwood,u,Southern Metropolitan,1,7.2,559000.0,414293.16725755064,398748.53528451355,400648.19914441195,False
Elwood,t,Southern Metropolitan,3,7.2,1225000.0,1012573.6505557636,1247429.2467089547,1157008.7292368256,False
Elwood,h,Southern Metropolitan,4,7.2,3175000.0,2217111.0985461622,2412773.040022253,2494511.345946903,False
Elwood,u,Southern Metropolitan,2,7.2,520000.0,567989.7460558539,563110.0307875823,564822.7337827773,False
Epping,h,Northern Metropolitan,4,19.6,550000.0,617365.7089569353,513750.84185568057,574303.1908205028,True
Epping,h,Northern Metropolitan,3,19.6,561000.0,436222.70067680156,415003.98785732564,456200.6189384989,True
Epping,h,Northern Metropolitan,3,19.6,556000.0,437358.5914116591,415965.2173807297,455657.11550306913,True
Epping,h,Northern Metropolitan,3,19.6,441000.0,493083.7117156074,424574.92390703515,446525.430144913,True
Epping,h,Northern Metropolitan,3,19.6,552000.0,433479.7847776289,430201.52510339464,474266.8910677447,True
Essendon,h,Western Metropolitan,4,7.5,2165000.0,1913505.4509414844,2059004.4456232218,1936280.0572691564,False
Essendon,h,Western Metropolitan,2,7.5,1280000.0,941826.4152394555,912747.2769888481,954328.5907126764,False
Essendon,h,Western Metropolitan,3,7.5,1165000.0,1120590.4303953692,1059598.395034615,1185739.59849451,False
Essendon,h,Western Metropolitan,5,7.5,2050000.0,1785532.5227973468,1811538.967716303,1815542.7120763112,False
Essendon,h,Western Metropolitan,4,7.5,1500000.0,1137893.4218289792,1323681.1490418925,1235589.2643114368,False
Fawkner,h,Northern Metropolitan,5,13.1,900000.0,834008.8903829508,813521.1303216759,763594.1010865619,False
Fawkner,h,Northern Metropolitan,3,13.1,700000.0,658523.322216551,648065.3114220984,623351.556528799,False
Fawkner,h,Northern Metropolitan,1,13.1,515000.0,451327.40988142067,392565.5143664891,401036.4114193435,False
Ferntree Gully,h,Eastern Metropolitan,3,24.8,904000.0,1375470.1882293364,1084988.1461464486,1171507.606397465,True
Fitzroy,h,Northern Metropolitan,3,2.1,2700000.0,1903234.426186322,1644521.5825315758,1752290.5761432804,False
Fitzroy,u,Northern Metropolitan,3,2.1,1060000.0,989764.209377159,1002383.2669078411,955553.8336471859,False
Fitzroy,u,Northern Metropolitan,1,2.1,545000.0,469593.129254175,453987.8035511346,439364.11408516223,False
Fitzroy,h,Northern Metropolitan,4,2.1,3200000.0,2199594.8324731565,1991119.8688824887,1815449.0585754612,False
Fitzroy North,h,Northern Metropolitan,3,3.6,1705000.0,1375487.4945240011,1221724.4472786686,1241711.1325189027,False
Fitzroy North,u,Northern Metropolitan,3,3.6,850250.0,837655.249092165,888789.3606779492,917931.0804809792,False
Flemington,h,Northern Metropolitan,3,3.4,1220000.0,1411754.3860666668,1286058.5292517012,1393019.9769125078,False
Footscray,u,Western Metropolitan,2,5.1,455000.0,426930.2803029294,415866.8157046091,396535.063107674,False
Footscray,t,Western Metropolitan,2,5.1,575000.0,577008.8386066094,501007.172058207,440804.7692555067,False
Forest Hill,h,Eastern Metropolitan,1,15.4,360000.0,713911.0652894487,355633.9735037846,463978.4841434863,True
Frankston,h,South-Eastern Metropolitan,3,38.0,610000.0,1124188.0008164453,925999.825222822,947905.4678944871,True
Frankston South,h,South-Eastern Metropolitan,3,38.0,850000.0,1154430.6921592872,749767.0327425617,931061.9716276387,True
Gisborne,h,Northern Victoria,3,45.9,775000.0,674120.6745088157,664900.6598294558,708079.0637946827,True
Gladstone Park,h,Western Metropolitan,3,12.9,629000.0,494283.75584016735,528264.2962509,547221.4991800314,True
Gladstone Park,h,Western Metropolitan,3,12.9,452500.0,461573.87320592545,477919.77238021046,458710.94980731845,True
Glen Iris,h,Southern Metropolitan,5,7.3,3400000.0,3292705.589529749,3024510.6175852143,3103955.999302872,False
Glen Iris,u,Southern Metropolitan,1,7.3,320000.0,344570.0881059071,305417.32732330647,289695.4585996315,False
Glen Iris,u,Southern Metropolitan,2,7.3,839000.0,690564.7477133722,655587.196920164,692465.4260098952,False
Glen Iris,h,Southern Metropolitan,3,7.3,1690000.0,1739491.5249664735,1697222.9733132964,1844588.0973230186,False
Glen Iris,h,Southern Metropolitan,4,7.3,2165000.0,2188378.2394513157,2388304.1849117773,2639559.408097176,False
Glen Iris,h,Southern Metropolitan,5,7.3,2215000.0,2571878.0177799156,2542486.2355009527,2826674.3084315984,False
Glen Iris,u,Southern Metropolitan,2,7.3,851000.0,677003.9421218827,640385.6820632704,697080.7826859488,False
Glen Iris,h,Southern Metropolitan,3,7.3,1910000.0,1786550.4009688944,1602679.3351391694,1671739.664414536,False
Glen Waverley,h,Eastern Metropolitan,3,16.7,1311000.0,1288887.6690846842,877442.3883541598,1060738.4369655133,True
Glenroy,u,Northern Metropolitan,2,11.2,565000.0,455647.8238568723,463506.8180137282,463063.55679565493,False
Glenroy,h,Northern Metropolitan,3,11.2,770000.0,636272.7815975511,668421.8821633814,665142.4035820666,False
Glenroy,h,Northern Metropolitan,2,11.2,1220000.0,816159.5335448792,821937.347068003,859471.8395877446,False
Greensborough,h,Northern Metropolitan,3,16.1,714000.0,673003.3319221898,534170.0346316734,563913.0504542022,True
Greensborough,h,Northern Metropolitan,3,16.1,815000.0,795672.4281174421,736362.210337656,715533.8974291645,True
Hampton East,h,Southern Metropolitan,3,13.8,1345000.0,1060315.1123187523,1030064.3637446268,1072990.0458154306,False
Hawthorn,u,Southern Metropolitan,2,5.3,630000.0,831379.5057881712,865471.1025278385,874057.6538891578,False
Hawthorn,u,Southern Metropolitan,1,5.3,420000.0,396003.39657073363,418566.52336810523,418500.917198436,False
Hawthorn,h,Southern Metropolitan,2,5.3,1857000.0,1353268.5498939173,1314881.7102538098,1353521.86553352,False
Hawthorn,u,Southern Metropolitan,1,5.3,370000.0,342620.85674345976,330104.5852610591,323024.1136693993,False
Hawthorn,h,Southern Metropolitan,3,5.3,1500000.0,1520112.087596289,1556186.8487091223,1699645.428328317,False
Hawthorn,h,Southern Metropolitan,3,5.3,1425000.0,1492186.4075001108,1403291.776737827,1453245.1068284258,False
Hawthorn,h,Southern Metropolitan,3,5.3,1910000.0,1524177.1831512174,1553676.6223628116,1588873.0848442987,False
Hawthorn,h,Southern Metropolitan,3,5.3,1485000.0,1192083.8542590654,1383321.862468557,1376147.8697199346,False
Hawthorn East,u,Southern Metropolitan,1,6.2,505000.0,383601.7914939844,385452.01061495696,411122.38116494444,False
Hawthorn East,u,Southern Metropolitan,2,6.2,595000.0,593281.7504020444,635373.9746897137,658406.4619276021,False
Hawthorn East,u,Southern Metropolitan,1,6.2,560000.0,343344.2844801374,382081.07138699474,330291.35264880734,False
Hawthorn East,h,Southern Metropolitan,3,6.2,2825000.0,2174839.3799152183,2032366.4925152503,2264928.3985340307,False
Heathmont,h,Eastern Metropolitan,4,21.3,1031000.0,1535097.0505107678,1443151.3376090305,1674728.1907164638,True
Heathmont,h,Eastern Metropolitan,3,21.3,1040000.0,1262853.0829221203,1172767.7466289212,1234580.5349407224,True
Heathmont,h,Eastern Metropolitan,3,21.3,912000.0,1094069.6734233734,984159.3981599542,1004977.8332672549,True
Heidelberg,u,Eastern Metropolitan,2,8.9,450000.0,469744.58674644906,393304.0015948097,469130.7371964987,False
Heidelberg,h,Eastern Metropolitan,3,8.9,1250000.0,1150193.3160545945,1138917.5647987884,1108437.9868841395,False
Heidelberg Heights,h,Eastern Metropolitan,2,8.8,650000.0,787018.1788522875,796183.3084087522,791630.8625826832,False
Heidelberg Heights,h,Eastern Metropolitan,3,8.8,680000.0,763473.5000870661,859354.9014277823,841628.1689906624,False
Heidelberg Heights,h,Eastern Metropolitan,4,8.8,1645000.0,957622.2237485426,1034934.0590302239,1129992.666378221,False
Heidelberg Heights,u,Eastern Metropolitan,3,8.8,720000.0,583875.9704326736,526534.9568733271,506588.55790922395,False
Heidelberg Heights,h,Eastern Metropolitan,3,8.8,697500.0,655797.5977022054,752146.5890047889,732270.5192235099,False
Heidelberg Heights,h,Eastern Metropolitan,3,8.8,810000.0,825540.0232614944,876889.7066688797,855065.688931317,False
Heidelberg West,u,Eastern Metropolitan,2,8.8,463000.0,474631.3704924839,472522.97563945927,480262.8996977097,False
Highett,h,Southern Metropolitan,3,16.0,1242000.0,1063268.2641412807,1170219.3580430069,1135084.5722707899,True
Highett,u,Southern Metropolitan,2,16.0,677500.0,742260.2683220261,612893.7507759825,652327.2909960699,True
Hillside,h,Western Metropolitan,4,18.0,580000.0,578165.5654350438,477857.7089027938,543406.9144461207,True
Hoppers Crossing,h,Western Metropolitan,4,18.4,540000.0,755726.0594315695,792237.3760979451,794427.1743201832,True
Hoppers Crossing,h,Western Metropolitan,3,18.4,516000.0,579516.774490173,660533.8693014391,683881.3753191202,True
Hughesdale,h,Southern Metropolitan,4,12.3,1570000.0,1378055.9283678404,1283028.792374479,1155066.7525520648,False
Hurstbridge,h,Northern Victoria,5,26.1,790000.0,1085132.524089816,834221.6980921954,821904.3838226411,True
Ivanhoe,h,Eastern Metropolitan,2,7.8,2400000.0,907479.0657679131,1173133.8654224754,1185499.8496767932,False
Ivanhoe,h,Eastern Metropolitan,3,7.8,950000.0,1061226.101507297,944265.4286002178,875257.9430093766,False
Jacana,h,Northern Metropolitan,3,14.0,550000.0,519554.166826184,454277.0573584947,474059.9206723849,False
Keilor East,t,Western Metropolitan,4,11.7,1022000.0,760428.4578035453,727531.5148085796,773690.659933201,False
Keilor East,h,Western Metropolitan,3,11.7,850000.0,771228.8258986623,773251.4622219786,750226.3720142532,False
Keilor East,t,Western Metropolitan,3,11.7,518500.0,583419.0691073727,535890.8521822917,532946.6462313681,False
Kensington,h,Northern Metropolitan,3,3.4,1225000.0,1528548.995759877,1303056.8562563707,1475839.5844178908,False
Kew,h,Southern Metropolitan,5,5.4,2660000.0,2147598.686056759,2507763.9997767922,2486753.1388834636,False
Kew,h,Southern Metropolitan,3,5.4,1510000.0,1464932.551836004,1473750.6939298152,1461676.7736835864,False
Kew,u,Southern Metropolitan,2,5.4,802000.0,589962.2189817724,622010.1828633077,608290.0152629886,False
Kew,t,Southern Metropolitan,3,5.4,1007000.0,1058780.5842659937,1045986.300392662,1001081.050315165,False
Kew,h,Southern Metropolitan,7,5.4,4050000.0,2712477.681097253,2672005.8652757662,3047355.200693938,False
Kew,h,Southern Metropolitan,4,5.4,2550000.0,2191503.8670386774,2919046.2333904714,3169841.497162527,False
Kew,u,Southern Metropolitan,2,5.4,860000.0,675819.5873503775,670005.1333101385,714774.2947282479,False
Kew East,h,Southern Metropolitan,2,7.3,1840000.0,2022124.6788673496,1526847.3341073152,1688123.276769525,False
Kew East,h,Southern Metropolitan,4,7.3,1750000.0,1937402.2285038228,1918822.8360364994,1809344.005467256,False
Keysborough,t,South-Eastern Metropolitan,2,25.2,688000.0,739170.3613618605,546836.4666475343,623355.7461779877,True
Kingsville,u,Western Metropolitan,3,6.4,570000.0,527268.4141663216,499599.6242807005,481137.43260649237,False
Kingsville,h,Western Metropolitan,3,6.4,900000.0,915339.3035510689,891633.434448459,952649.5462153469,False
Kurunjang,h,Northern Victoria,4,31.7,345000.0,570860.3431944924,480527.64720928966,549246.9668979174,True
Lalor,h,Northern Metropolitan,3,16.3,570000.0,435032.5206418805,455531.85358206107,503864.60130853887,True
Langwarrin,h,Eastern Victoria,3,41.0,650000.0,1424614.14194144,1313669.4883640013,1237180.45570056,True
Lower Plenty,u,Eastern Metropolitan,2,14.6,420000.0,416770.6129547841,349801.58768536366,342674.48121054395,True
Maidstone,t,Western Metropolitan,2,6.4,642500.0,648592.915937991,630429.6476086616,658599.1441691727,False
Maidstone,h,Western Metropolitan,3,6.4,798000.0,905137.223676568,819384.271455717,866192.4120908824,False
Maidstone,h,Western Metropolitan,3,6.4,755000.0,919013.3554574123,799634.1466537032,905938.8216817362,False
Maidstone,t,Western Metropolitan,3,6.4,710000.0,852363.2279761238,631242.2242802413,709691.1174171601,False
Malvern,h,Southern Metropolitan,4,5.9,4050000.0,3012088.8442740752,3536115.0379752195,3457842.394287621,False
Malvern,h,Southern Metropolitan,3,5.9,1650000.0,1668421.1400397755,1703891.2172954285,1940184.4270831556,False
Malvern,h,Southern Metropolitan,3,5.9,2020000.0,2189134.0872028265,1958972.3915634237,2608298.0637328294,False
Malvern East,h,Southern Metropolitan,4,8.4,3000000.0,2180881.3243716126,2426683.3788070963,2507480.0690274965,False
Malvern East,h,Southern Metropolitan,3,8.4,2500000.0,2118708.657333108,2642728.941283266,2714562.0647902037,False
Malvern East,h,Southern Metropolitan,3,8.4,2500000.0,1600909.7138017954,1645091.3325415612,1593566.9796160266,False
Maribyrnong,h,Western Metropolitan,3,4.3,1200000.0,1104038.141267,1116013.845398466,1079546.302950139,False
Maribyrnong,t,Western Metropolitan,3,4.3,940000.0,1122178.6488518792,1097046.068925113,1049609.6672259301,False
McKinnon,h,Southern Metropolitan,2,11.4,1200000.0,1027027.1519491222,992651.8483925278,952183.0887556174,True
Melton West,h,Northern Victoria,4,31.7,600000.0,730731.9132045138,689623.4196941992,703347.5125628603,True
Mentone,h,South-Eastern Metropolitan,3,20.0,900000.0,938685.9872178164,768102.3690745545,771694.2893687104,True
Mentone,h,South-Eastern Metropolitan,4,20.0,2025000.0,1024595.782548903,1078957.7294455029,1094055.4737613425,True
Mernda,h,Northern Metropolitan,4,25.9,630000.0,869952.4677026924,700192.5110276646,772737.1264257912,True
Mitcham,h,Eastern Metropolitan,3,17.2,1071000.0,1228197.785193943,1175290.5287283543,1129426.373308624,True
Mitcham,t,Eastern Metropolitan,3,17.2,973000.0,970846.9861797147,1018167.1225345839,923438.7557178866,True
Montmorency,h,Eastern Metropolitan,3,16.2,881100.0,934109.9926554112,936055.9538451494,854472.0670782641,True
Moonee Ponds,h,Western Metropolitan,2,6.2,1060000.0,943563.2481544644,897524.3687193042,897320.8238624315,False
Moonee Ponds,h,Western Metropolitan,3,6.2,1225000.0,1290803.0076713527,1355518.8816687616,1410985.506839148,False
Mooroolbark,h,Eastern Victoria,3,26.5,930000.0,1269983.6360958796,1253217.8221478285,1262868.8045728141,True
Mordialloc,h,South-Eastern Metropolitan,4,21.5,1800000.0,1175481.5481657656,1097319.3146803302,1096203.946272586,True
Mordialloc,h,South-Eastern Metropolitan,4,21.5,1440000.0,1016900.0420317824,1080112.5085310268,1026124.3931473334,True
Mount Waverley,t,Eastern Metropolitan,3,14.2,900000.0,926841.4894570825,663190.7420173519,708577.8977297076,True
Mount Waverley,u,Eastern Metropolitan,2,14.2,730000.0,609505.8964282307,508814.7887438089,539878.3490700868,True
Mount Waverley,h,Eastern Metropolitan,5,14.2,2558000.0,1659424.7652491753,1673953.7842755003,1710427.8568294058,True
Mulgrave,h,South-Eastern Metropolitan,4,18.8,1001000.0,1266146.8636893858,1111545.0646044468,1053276.5917987712,True
Narre Warren,h,South-Eastern Metropolitan,4,34.1,655000.0,1188539.3485582047,1068734.900140922,1020877.5396961432,True
Newport,h,Western Metropolitan,2,6.2,1050000.0,833040.0905316061,930647.3667100808,934164.3934252813,False
Newport,t,Western Metropolitan,3,6.2,730000.0,883579.5146134472,989739.2329475621,979180.2633672768,False
Newport,h,Western Metropolitan,3,6.2,1195000.0,1058548.372581594,1276640.7659606866,1294587.287549005,False
Newport,h,Western Metropolitan,4,6.2,923000.0,1041568.3166848011,1144090.217453736,1134443.2119733861,False
Newport,u,Western Metropolitan,2,6.2,600000.0,550329.084661888,563123.32656699,566736.0702966746,False
Niddrie,h,Western Metropolitan,3,10.4,1230000.0,862249.5996211431,1048134.039231826,1021333.4237869421,False
North Melbourne,h,Northern Metropolitan,4,1.8,1475000.0,1485939.7352084357,1404331.7969991148,1552276.881800485,False
North Melbourne,u,Northern Metropolitan,2,1.8,450000.0,501959.9871000661,504400.6445103207,492603.0306386116,False
North Melbourne,u,Northern Metropolitan,2,1.8,525000.0,506915.07845962653,513805.47777732904,467437.02257586544,False
Northcote,h,Northern Metropolitan,3,5.3,1225000.0,1244608.053492678,1182812.1462857057,1184056.9057269462,False
Northcote,h,Northern Metropolitan,4,5.3,1955000.0,1174977.285566289,1224868.2386244137,1299805.9433141917,False
Northcote,h,Northern Metropolitan,3,5.3,2775000.0,1481179.0169094924,1660406.7449377233,1739165.060712482,False
Nunawading,h,Eastern Metropolitan,3,15.4,1310000.0,1255132.3901031252,1250128.2667972099,1203664.2684771067,True
Oakleigh,h,Southern Metropolitan,4,12.3,1415000.0,1389223.9342804812,1235478.0275084763,1255572.9530045975,False
Oakleigh South,u,South-Eastern Metropolitan,2,15.5,601000.0,449891.5952844405,364215.84764143056,373962.873893772,False
Ormond,u,Southern Metropolitan,2,11.4,440000.0,506290.1898298121,577059.2978260773,580431.2632123518,False
Ormond,u,Southern Metropolitan,1,11.4,370000.0,372825.31154336006,373576.6582360498,378066.2504386815,False
Parkdale,h,South-Eastern Metropolitan,3,21.5,1051000.0,967080.9632596344,910533.8855614371,932202.9982386538,True
Parkdale,t,South-Eastern Metropolitan,3,21.5,1206000.0,818120.0314038878,859618.2138947558,865310.6284883406,True
Pascoe Vale,t,Northern Metropolitan,3,8.5,900000.0,760150.7522732579,643546.9783795458,752482.0722554085,False
Pascoe Vale,h,Northern Metropolitan,3,8.5,940000.0,972600.1953918139,881828.2524328465,899054.7148835588,False
Pascoe Vale,u,Northern Metropolitan,1,8.5,257500.0,283188.387278082,280037.2926709148,270339.2918890906,False
Pascoe Vale,u,Northern Metropolitan,1,8.5,257500.0,284383.4195685541,294127.5881004747,289096.57339956186,False
Pascoe Vale,h,Northern Metropolitan,3,8.5,1114000.0,839973.5203500155,866151.3167792921,883364.8094641147,False
Point Cook,h,Western Metropolitan,3,14.7,520000.0,600515.2094690435,660997.2067056738,625870.7403164672,True
Point Cook,h,Western Metropolitan,4,14.7,715000.0,770586.9941313086,854196.3800908249,940908.3992963114,True
Port Melbourne,h,Southern Metropolitan,3,3.5,1900000.0,1929024.4483082904,1911884.065023069,1932830.328184695,False
Port Melbourne,u,Southern Metropolitan,2,3.5,1480000.0,1288435.3361099623,984610.6347552255,1128753.16651565,False
Port Melbourne,u,Southern Metropolitan,2,3.5,760000.0,635327.2420590707,719509.2754532474,686655.4261976158,False
Prahran,h,Southern Metropolitan,4,4.6,2635000.0,2070103.652657082,2447016.8088682336,2258208.350802352,False
Prahran,h,Southern Metropolitan,2,4.6,1250000.0,1153542.9930110099,1321836.9276804982,1216049.6784935647,False
Prahran,u,Southern Metropolitan,1,4.6,400000.0,382058.42203400197,476863.94152725406,451060.63355378294,False
Prahran,h,Southern Metropolitan,4,4.6,4200000.0,2939572.3003982827,3606498.157319551,3632505.3669863204,False
Prahran,h,Southern Metropolitan,2,4.6,1310000.0,1087841.8259764016,1154269.1649501636,1072479.24452986,False
Prahran,u,Southern Metropolitan,2,4.6,626000.0,658230.5739304592,720652.3563842252,741859.8063793697,False
Preston,h,Northern Metropolitan,3,8.4,1270000.0,1056738.933832908,1074275.0222333642,1094061.3836643554,False
Preston,h,Northern Metropolitan,3,8.4,980000.0,977054.726498123,968573.6778203048,1035466.191527707,False
Preston,h,Northern Metropolitan,4,8.4,1148000.0,956941.659252746,894886.6956750805,904808.090168541,False
Princes Hill,h,Northern Metropolitan,3,3.5,1540000.0,1557719.5821966818,1474648.4551992195,1757287.5098845821,False
Reservoir,h,Northern Metropolitan,4,12.0,1210000.0,899409.1427053595,946014.724616072,992442.7376412342,False
Reservoir,h,Northern Metropolitan,3,12.0,935000.0,677403.6422973138,687057.239657361,698991.6256779202,False
Reservoir,h,Northern Metropolitan,3,12.0,510000.0,623432.8605015551,602255.7991650153,604737.5739713572,False
Reservoir,h,Northern Metropolitan,5,12.0,861000.0,801265.0022467474,766132.3795562492,815061.1768337566,False
Reservoir,h,Northern Metropolitan,3,12.0,732000.0,814609.8236797826,722323.3812531672,754585.704636732,False
Reservoir,h,Northern Metropolitan,4,12.0,755000.0,681897.238005554,635615.2947423122,658093.3401961185,False
Reservoir,u,Northern Metropolitan,1,12.0,325000.0,293364.98834610946,303937.4719294215,325217.2861172774,False
Reservoir,h,Northern Metropolitan,4,12.0,1200000.0,880318.6601668082,886296.5098839839,1012048.9545953803,False
Ringwood,h,Eastern Metropolitan,3,19.9,1450000.0,1533881.00555916,1475637.9219240646,1393477.5793323638,True
Ringwood,h,Eastern Metropolitan,3,19.9,800000.0,1135002.5596512468,1000934.2563769502,1024631.5728656644,True
Ringwood,u,Eastern Metropolitan,2,19.9,655000.0,630753.8152750172,636346.1662616109,601910.904430105,True
Ringwood North,h,Eastern Metropolitan,4,19.9,812000.0,1451646.2820046565,1443681.7604396616,1449582.426012846,True
Rosanna,h,Eastern Metropolitan,3,8.9,1400000.0,1017261.0417346507,1004453.9960886653,1020979.5612545158,False
Rosanna,h,Eastern Metropolitan,5,8.9,1170000.0,1146463.0949847393,1356781.676346117,1225721.0505637876,False
Rowville,h,South-Eastern Metropolitan,5,23.5,970000.0,1271659.9639640495,1228387.7069386705,1108635.7727133299,True
Sandringham,h,Southern Metropolitan,5,15.2,3350000.0,2277555.623096904,1633769.8290665098,1721905.1216263257,True
Sandringham,h,Southern Metropolitan,5,15.2,2255000.0,1509278.0548794917,1352513.6522424235,1659060.4897871648,True
Scoresby,h,Eastern Metropolitan,3,22.2,870000.0,1242799.158940876,981594.8137508351,955875.0525969265,True
Seddon,h,Western Metropolitan,4,5.1,1870000.0,1500958.583907786,1567496.2306404666,1520788.1168087164,False
South Melbourne,t,Southern Metropolitan,3,1.9,1750000.0,1326364.09629063,1400614.35664804,1454762.1167800769,False
South Melbourne,h,Southern Metropolitan,4,1.9,1800000.0,2086588.8500854592,1854606.9447345138,1771508.699222667,False
South Melbourne,h,Southern Metropolitan,4,1.9,3825000.0,2045069.4649738667,2385881.0713143684,2202912.610032825,False
South Morang,h,Northern Metropolitan,4,20.5,485000.0,732686.1311936288,573172.7627563203,618852.0117727657,True
South Yarra,u,Southern Metropolitan,2,2.7,1350000.0,848353.0152333591,872587.4898474352,904757.0783789308,False
South Yarra,u,Southern Metropolitan,3,2.7,940000.0,776403.737463975,1263695.0621585443,1179033.8449835961,False
South Yarra,u,Southern Metropolitan,1,2.7,410000.0,422017.7287436896,385608.51021374174,410949.31010328035,False
South Yarra,u,Southern Metropolitan,2,2.7,980000.0,570440.8591812765,629013.2212243691,615381.3915474167,False
South Yarra,u,Southern Metropolitan,1,2.7,380000.0,372270.8419720395,392173.645648261,389118.7543135642,False
Southbank,u,Southern Metropolitan,2,0.7,625000.0,647757.1667589295,646079.020372319,666185.2517809016,False
Springvale,h,South-Eastern Metropolitan,6,20.8,917000.0,1302370.7687822736,1151031.5896349845,1121852.451889835,True
St Albans,h,Western Metropolitan,4,14.0,632500.0,600886.086361605,588366.5864965648,652036.8071431497,True
St Albans,h,Western Metropolitan,3,14.0,702000.0,519302.78620205855,516409.7509394393,511242.5148408708,True
St Kilda,u,Southern Metropolitan,2,5.0,701000.0,639251.0092911097,628958.5966588461,636647.7261639086,False
St Kilda,h,Southern Metropolitan,4,5.0,1600000.0,2487922.4958296646,2524172.293828802,2588577.3785577677,False
Strathmore,h,Western Metropolitan,7,8.2,2000000.0,1456466.45767512,1370069.2122953902,1522294.352701174,False
Strathmore,h,Western Metropolitan,4,8.2,1610000.0,1385642.5077891236,1707573.4643931703,1564585.562031397,False
Strathmore,h,Western Metropolitan,3,8.2,1742000.0,1224054.472958357,1320856.1944120897,1421298.0890038267,False
Strathmore,h,Western Metropolitan,3,8.2,1016000.0,977926.7270035984,932453.764641088,1050845.4892109353,False
Sunshine,h,Western Metropolitan,3,10.5,700000.0,680449.8320079304,736307.7416341178,693768.967883423,False
Sunshine,h,Western Metropolitan,2,10.5,615000.0,626639.5179502321,644546.5168282312,658347.323882192,False
Sunshine West,h,Western Metropolitan,3,10.5,650000.0,663058.7961851379,578292.5090600413,574627.3815029992,False
Surrey Hills,h,Southern Metropolitan,5,10.2,2400000.0,1952510.8805034233,2065297.6430716987,2015435.6148489853,False
Surrey Hills,t,Southern Metropolitan,3,10.2,938000.0,1179177.9338641,1036777.2363372691,1039828.3214283951,False
Surrey Hills,h,Southern Metropolitan,4,10.2,2290000.0,2101994.292610687,2175308.8398813806,2226494.8906343323,False
Surrey Hills,h,Southern Metropolitan,3,10.2,1775000.0,1864241.251793078,1889675.436795569,2041252.24745094,False
Sydenham,h,Western Metropolitan,3,18.0,659500.0,610385.6320275735,595786.4917999936,586274.1541932547,True
Tarneit,h,Western Metropolitan,4,18.4,505000.0,653596.4384484007,649248.9513350622,707460.1878235154,True
Tarneit,h,Western Metropolitan,4,18.4,560000.0,640687.0900144945,624451.732376668,636147.2546122973,True
Taylors Lakes,h,Western Metropolitan,4,15.5,701000.0,634884.3647907485,630671.9583319533,651343.4762401141,True
Templestowe,h,Eastern Metropolitan,4,15.5,2600000.0,1473820.1720949365,1387798.9843680162,1420017.6710970828,True
Templestowe,h,Eastern Metropolitan,4,15.5,1205000.0,1145836.8790784327,1089330.3925249411,1076410.7830726178,True
Templestowe,h,Eastern Metropolitan,5,15.5,1750000.0,1304534.4607578742,1376399.2024084188,1140467.0666661602,True
Templestowe,h,Eastern Metropolitan,4,15.5,1350000.0,1166426.0171258145,1283548.7745144977,1045592.1323883476,True
Templestowe,h,Eastern Metropolitan,5,15.5,2300000.0,1486309.674248832,1201035.2376108868,1106134.2436844208,True
Templestowe,h,Eastern Metropolitan,5,15.5,2330000.0,1123430.1781395033,1266890.1816646315,1106410.54241675,True
Templestowe Lower,h,Eastern Metropolitan,3,12.4,1350000.0,1138172.3151934522,1146629.5063909416,1094898.9631450402,False
Templestowe Lower,h,Eastern Metropolitan,5,12.4,1410000.0,1314681.4663172727,1254471.8328258928,1235504.7147088356,False
Templestowe Lower,h,Eastern Metropolitan,3,12.4,1204000.0,1136145.248337737,1175992.449015835,1181660.8675267615,False
The Basin,h,Eastern Metropolitan,3,27.0,610000.0,2095109.6592372542,1314567.4568507152,1656351.895207095,True
Thomastown,h,Northern Metropolitan,4,15.3,760000.0,592151.9919895328,491602.26926680503,525038.9101206996,True
Thomastown,h,Northern Metropolitan,3,15.3,670000.0,489726.96548393834,516441.7036766421,561220.4277249578,True
Toorak,u,Southern Metropolitan,3,4.1,1860000.0,1551866.2169271738,1637549.3553518818,1575719.4650491371,False
Toorak,u,Southern Metropolitan,3,4.1,1400000.0,1200405.4959121188,1226148.0501901351,1218432.570363079,False
Toorak,u,Southern Metropolitan,3,4.1,1350000.0,946641.9049261303,1203079.1422698512,1184698.6711722165,False
Travancore,h,Western Metropolitan,4,4.3,2070000.0,1360673.0694917333,1438239.1434685055,1441548.4716910997,False
Vermont,h,Eastern Metropolitan,3,17.2,865000.0,1133393.5455412483,939139.2495501617,927726.5340159964,True
Vermont,h,Eastern Metropolitan,4,17.2,980000.0,1247819.716287565,1021412.1547346808,1063998.848778497,True
Vermont South,h,Eastern Metropolitan,4,17.2,950000.0,1357962.8445932453,1240666.2623633298,1074038.3429757466,True
Viewbank,h,Eastern Metropolitan,4,8.9,1295000.0,1031133.9239179109,1056521.570263843,957096.0224428808,False
Watsonia,h,Northern Metropolitan,4,14.5,788800.0,839079.4219947754,823482.5771789168,819144.7486137564,False
Watsonia,h,Northern Metropolitan,3,14.5,900000.0,713640.7961937013,644766.5427882787,686977.091698097,False
Watsonia,h,Northern Metropolitan,3,14.5,700000.0,701952.2233341349,631744.602783911,642289.8385474026,False
Werribee,h,Western Metropolitan,4,14.7,455000.0,667849.8642579161,714436.4242022645,773483.5353929774,True
Werribee,h,Western Metropolitan,3,14.7,483000.0,598694.5390179632,694137.0605197479,700822.8268173491,True
Werribee,h,Western Metropolitan,3,14.7,455000.0,600248.063918767,697874.0443587765,685895.4578047346,True
West Footscray,h,Western Metropolitan,4,6.4,1276000.0,1155303.549700452,1002333.4884001443,1037191.2540983888,False
Westmeadows,h,Northern Metropolitan,3,16.5,700000.0,522356.965355971,553924.0345666296,573850.8736655235,True
Westmeadows,h,Northern Metropolitan,3,16.5,729000.0,486570.326729159,501532.73451436806,524776.401742551,True
Wheelers Hill,h,South-Eastern Metropolitan,4,16.7,1184000.0,1242036.8718315675,1143562.8541413387,1081051.3676949204,True
Wheelers Hill,h,South-Eastern Metropolitan,4,16.7,1157000.0,1261824.9222308958,1008760.3251760663,992797.4945860874,True
Wheelers Hill,h,South-Eastern Metropolitan,5,16.7,1100000.0,1346815.3260493318,1127488.0425205997,1197190.4463764662,True
Williamstown,h,Western Metropolitan,4,6.8,2200000.0,1732255.804557382,1817874.594331138,1848936.1983374257,False
Windsor,h,Southern Metropolitan,2,4.6,865000.0,1315589.9895407374,1128629.1367949264,1164921.9207268634,False
Wonga Park,h,Eastern Victoria,3,25.2,900000.0,922768.9505329259,751141.6511329875,921535.8264170352,True
Wyndham Vale,h,Western Metropolitan,4,27.2,500000.0,717652.9769247001,748130.1104098014,874775.4901561027,True
Yarraville,h,Western Metropolitan,4,6.3,1142000.0,1154583.5921791187,1149235.2396824795,1154617.9759621583,False
Yarraville,h,Western Metropolitan,3,6.3,1100000.0,1121885.1835675926,1194009.6374005522,1297607.0545813446,False
Yarraville,h,Western Metropolitan,2,6.3,780000.0,668094.0268362295,683544.6495428504,742846.5180059624,False
Yarraville,h,Western Metropolitan,3,6.3,920000.0,921641.4347269188,1011028.966361057,994217.1840910865,False
Yarraville,u,Western Metropolitan,2,6.3,500000.0,409149.5315400411,420174.8200268862,428364.6017306657,False
Albanvale,h,Western Metropolitan,4,14.0,655000.0,708452.2392496924,678342.576317827,733918.1575710379,True
Altona,h,Western Metropolitan,4,11.0,890000.0,725631.9106600177,783290.431498441,852426.374754936,False
Altona,h,Western Metropolitan,4,11.0,935000.0,830844.978560802,857743.6977851373,878950.9062710843,False
Altona,t,Western Metropolitan,3,11.0,815000.0,594123.6340332307,741006.3426580816,679382.0496724361,False
Altona Meadows,u,Western Metropolitan,3,15.5,440500.0,613676.1479997454,556844.8135024032,554663.8973933499,True
Altona North,u,Western Metropolitan,3,9.4,451500.0,579758.2384700204,550679.5371184954,553757.4555249079,False
Ascot Vale,u,Western Metropolitan,3,4.3,825000.0,1127461.913074312,712890.2502162702,891631.0621368863,False
Ascot Vale,u,Western Metropolitan,2,4.3,425500.0,492028.7151471139,476862.676985665,458401.5016024461,False
Ascot Vale,h,Western Metropolitan,2,4.3,920000.0,930534.2369264889,933393.0978947879,991138.3881425221,False
Ascot Vale,t,Western Metropolitan,3,4.3,762000.0,823041.8334797162,760304.4059185609,734414.7931093693,False
Ascot Vale,h,Western Metropolitan,3,4.3,1306000.0,989683.4107494914,1036229.657356497,1009511.2442778042,False
Ascot Vale,u,Western Metropolitan,2,4.3,566000.0,507420.4319089795,518000.47927280766,491945.9060542057,False
Ashwood,h,Southern Metropolitan,3,10.2,1420000.0,1557709.66351012,1521059.0197404309,1511254.57262212,False
Aspendale,t,South-Eastern Metropolitan,3,21.5,805000.0,820052.4244870153,702332.7201216107,796933.9210751399,True
Avondale Heights,h,Western Metropolitan,4,9.5,934000.0,870014.2039784854,853403.038398418,840854.913245724,False
Balaclava,u,Southern Metropolitan,2,6.4,585000.0,542569.9898109632,566122.6147675951,597025.0681229363,False
Balwyn,h,Southern Metropolitan,3,7.9,2330000.0,1998907.8624837676,2080945.6481887805,2211296.9568757727,False
Balwyn North,t,Southern Metropolitan,3,9.7,1721000.0,1277979.4574908377,1270126.8909289036,1283817.7565569885,False
Bayswater North,h,Eastern Metropolitan,3,23.2,650000.0,1300455.382215141,1186943.075684188,1159156.2670167615,True
Bayswater North,h,Eastern Metropolitan,3,23.2,762000.0,1369834.0069654386,1306906.948111855,1259375.658028581,True
Bentleigh East,h,Southern Metropolitan,4,13.8,1384000.0,1299770.4556058007,1409370.4319086024,1417999.9984738796,False
Blackburn,h,Eastern Metropolitan,3,13.4,1350000.0,1303397.3365171466,1216638.974575421,1216491.0854389137,True
Blackburn,h,Eastern Metropolitan,3,13.4,1070000.0,1039045.0222589206,968614.672957637,940304.1798318486,True
Blackburn,h,Eastern Metropolitan,2,13.4,1500000.0,1407193.431401819,1173551.680325379,1205795.5953356735,True
Blackburn,h,Eastern Metropolitan,3,13.4,1200000.0,1195220.3934545764,1150432.0487411951,1186249.3322708863,True
Blackburn North,h,Eastern Metropolitan,6,13.4,1200000.0,1557592.5394598066,1436084.6102053404,1245325.5976009902,True
Blackburn North,h,Eastern Metropolitan,3,13.4,1100000.0,1269526.0361353252,1179794.8784576557,1177582.7593581548,True
Blackburn North,u,Eastern Metropolitan,2,13.4,706000.0,658368.9646808499,769724.2351520588,696274.1699008391,True
Boronia,h,Eastern Metropolitan,3,25.0,785000.0,1286831.5799988885,1169089.317497031,1106805.159388898,True
Boronia,h,Eastern Metropolitan,4,25.0,950000.0,1687130.7308733936,1455131.6594794132,1590771.7293894577,True
Brighton,h,Southern Metropolitan,4,10.5,2800000.0,2537435.5633081244,2303412.456822113,2140988.958732434,False
Brighton,u,Southern Metropolitan,1,10.5,290000.0,322672.91148003796,313099.49489932467,321355.68095664197,False
Broadmeadows,h,Northern Metropolitan,3,14.0,570500.0,498171.03302727186,486616.718928248,527912.6139239372,True
Broadmeadows,h,Northern Metropolitan,4,14.0,631000.0,682407.4074742679,613615.437986308,670391.189646986,True
Brooklyn,u,Western Metropolitan,2,6.4,372100.0,407495.87402737705,368876.402870953,374858.51260585396,False
Brunswick,h,Northern Metropolitan,4,5.2,1350000.0,1345175.049637948,1263984.9900196798,1303017.7790139453,False
Brunswick,h,Northern Metropolitan,5,5.2,1300000.0,1309549.2768377978,1326011.4682060452,1446108.6214578147,False
Brunswick,u,Northern Metropolitan,1,5.2,315000.0,314686.6580571875,304226.6965517551,309038.8619723915,False
Brunswick East,t,Northern Metropolitan,2,4.0,702500.0,689093.1792080089,674905.6223509441,681544.7344878552,False
Brunswick West,u,Northern Metropolitan,1,5.2,275000.0,306966.86052080675,313381.5827680637,302452.33264595305,False
Brunswick West,h,Northern Metropolitan,2,5.2,835000.0,790226.1462436965,740328.190651859,747316.6042908602,False
Bundoora,h,Northern Metropolitan,10,12.1,900000.0,719312.1590790214,542059.8959720246,764951.8408517506,True
Bundoora,h,Northern Metropolitan,3,12.1,710000.0,645400.1077135907,578612.6644791797,596033.8054889562,True
Burwood East,h,Eastern Metropolitan,3,14.7,1320000.0,1157548.297986741,992787.6858026441,1019674.9872036772,True
Carnegie,u,Southern Metropolitan,2,10.1,480000.0,519090.4028625434,538437.6785182487,494492.1439954545,False
Carnegie,h,Southern Metropolitan,3,10.1,1840000.0,1511434.9350562238,1672198.1956560647,1681157.7619924552,False
Carnegie,u,Southern Metropolitan,2,10.1,430000.0,452435.45267929515,434248.2285883111,469511.78650522826,False
Caroline Springs,h,Western Metropolitan,3,14.8,525000.0,494921.2707805121,450030.078727533,458606.5012293337,True
Carrum,t,South-Eastern Metropolitan,2,31.2,495000.0,699948.5393364206,561277.2592304911,664927.8813077605,True
Carrum Downs,h,South-Eastern Metropolitan,2,34.9,403500.0,850906.4900038351,572262.3518674071,722211.1950930706,True
Caulfield East,h,Southern Metropolitan,4,8.4,1550000.0,1902755.1611244886,1816474.3680021698,1925345.3664065404,False
Caulfield North,u,Southern Metropolitan,1,7.8,361000.0,395392.8541069544,370818.066722242,397354.9128059551,False
Chadstone,u,Southern Metropolitan,3,11.7,960000.0,995186.0970827191,938442.3476732869,922489.6340139802,False
Clayton,u,South-Eastern Metropolitan,3,16.7,696000.0,711553.9521085472,592369.4419157237,610286.2681630763,True
Clayton,h,South-Eastern Metropolitan,5,16.7,1115000.0,1040277.5493443444,1025741.2125618957,939303.8198357769,True
Clayton,h,South-Eastern Metropolitan,3,16.7,1950000.0,1215499.6481695478,1093432.8911364947,1125204.5233240773,True
Clayton South,h,South-Eastern Metropolitan,4,17.5,962000.0,1294801.01390605,1246992.458224634,1163054.8571322868,True
Coburg,h,Northern Metropolitan,3,6.7,900000.0,859715.4956275941,913345.918424185,932401.2102504527,False
Collingwood,u,Northern Metropolitan,1,2.0,365000.0,372078.7105525673,398162.7033648781,379575.5680283242,False
Craigieburn,t,Northern Metropolitan,2,20.6,310000.0,373703.3780250853,265490.92218674865,341111.3546907204,True
Croydon,h,Eastern Metropolitan,3,23.0,662000.0,970154.6319085704,926462.4685920245,935780.7877958853,True
Croydon,u,Eastern Metropolitan,3,23.0,625500.0,758643.4240601489,749016.714638011,745979.4689669332,True
Dallas,h,Northern Metropolitan,3,14.0,459000.0,472070.3897418524,441383.37566186924,474828.4527016963,True
Dallas,h,Northern Metropolitan,3,14.0,420500.0,514079.3902542075,489028.0083991563,535751.3706581178,True
Dandenong,h,South-Eastern Metropolitan,4,24.7,583000.0,1227030.7553987196,1057303.123509302,986822.2816789392,True
Dandenong North,h,South-Eastern Metropolitan,3,24.7,618500.0,1025355.5280860753,814368.1940743173,829222.5855228738,True
Dandenong North,h,South-Eastern Metropolitan,3,24.7,727000.0,1186865.645987407,968803.2486620725,1029772.7405808807,True
Deer Park,h,Western Metropolitan,3,14.8,535000.0,604284.8753830512,609161.1452660417,585894.822857992,True
Delahey,h,Western Metropolitan,3,18.0,560000.0,567340.0619254495,554656.1244053433,541076.4924149675,True
Derrimut,h,Western Metropolitan,4,14.7,860000.0,671167.2946456366,721023.8311098553,696235.8930289511,True
Dingley Village,t,South-Eastern Metropolitan,3,22.2,802000.0,875081.3204855049,695457.7379329248,860500.9923128482,True
Dingley Village,h,South-Eastern Metropolitan,3,22.2,800000.0,1302095.6127293902,1074889.1510383205,1134906.2878427443,True
Dingley Village,h,South-Eastern Metropolitan,4,22.2,854000.0,1254439.2510922174,1092958.4412876384,1059534.2560602585,True
Doncaster East,h,Eastern Metropolitan,3,14.3,1735000.0,1190137.0386518885,1197284.1714002178,1175210.610239566,True
Donvale,t,Eastern Metropolitan,3,16.1,920000.0,875047.089288035,1023650.8671248438,883031.4124318671,True
Donvale,h,Eastern Metropolitan,3,16.1,904000.0,1319215.4940658265,1303065.110353634,1347100.7514439397,True
Doveton,h,South-Eastern Metropolitan,3,28.8,500000.0,1192052.9652282412,910277.3839542815,860662.2429628763,True
Eaglemont,h,Eastern Metropolitan,3,8.9,1440000.0,1025541.1268612726,1267975.5994982119,1242907.4438212656,False
Elsternwick,u,Southern Metropolitan,3,7.2,900000.0,955301.3488174598,1000459.313029671,913958.9431241469,False
Eltham,u,Eastern Metropolitan,2,18.0,540000.0,412065.9454520904,338336.5171710781,331609.2965440311,True
Eltham,h,Eastern Metropolitan,4,18.0,1054000.0,1012913.9765217832,1090177.9105432264,955751.2802830287,True
Endeavour Hills,h,South-Eastern Metropolitan,4,28.5,625000.0,1239792.3960449062,1014347.1374770692,914731.6623181117,True
Epping,h,Northern Metropolitan,3,19.6,600000.0,462993.0012721971,438910.71335765335,486682.1599490784,True
Epping,t,Northern Metropolitan,2,19.6,401500.0,411320.18921234505,333877.6241293002,407261.7136662444,True
Epping,h,Northern Metropolitan,3,19.6,630000.0,489804.0498662381,491666.88345398,565712.0430785654,True
Epping,h,Northern Metropolitan,4,19.6,1012000.0,855628.8071612131,862018.6883934978,871782.5090092787,True
Epping,h,Northern Metropolitan,4,19.6,565000.0,634202.2853532294,518659.0678530734,629887.6338301164,True
Essendon,u,Western Metropolitan,2,7.5,502500.0,426403.93910618377,425999.63024623395,429995.4032642477,False
Essendon,h,Western Metropolitan,3,7.5,1550000.0,1264680.6601733544,1305288.212256361,1399112.3347856745,False
Essendon,u,Western Metropolitan,2,7.5,420000.0,460287.92531345907,495273.3675601426,473159.4886487604,False
Essendon North,u,Western Metropolitan,2,8.2,785000.0,512863.66694925266,528992.6775862165,526464.1594869638,False
Essendon West,h,Western Metropolitan,3,7.5,1410000.0,1245362.2961100119,1200168.063484905,1340323.382172994,False
Fawkner,h,Northern Metropolitan,3,13.1,750000.0,686621.9375849203,703105.3063555681,644525.0017783162,False
Ferntree Gully,h,Eastern Metropolitan,4,24.8,748888.0,1605735.8841762312,1312951.5747983821,1501593.9399043152,True
Ferntree Gully,h,Eastern Metropolitan,4,24.8,850000.0,1362215.916493194,1120065.9795534944,1136587.7918920866,True
Fitzroy,u,Northern Metropolitan,1,2.1,490000.0,486603.33232341654,468750.94224315643,500744.0419548194,False
Fitzroy North,u,Northern Metropolitan,1,3.6,381000.0,414100.6872561083,530729.6734964257,544510.4449604087,False
Fitzroy North,u,Northern Metropolitan,2,3.6,650000.0,516870.0520911643,510142.46442271984,504036.55171874224,False
Fitzroy North,h,Northern Metropolitan,3,3.6,1502000.0,1250623.4674749188,1264671.5121751353,1345140.7139436125,False
Footscray,h,Western Metropolitan,3,5.1,878000.0,870460.0075549448,900654.789569559,868269.7309291059,False
Footscray,u,Western Metropolitan,3,5.1,440000.0,552818.8459814992,541861.9919707833,548831.3523812881,False
Footscray,u,Western Metropolitan,2,5.1,395000.0,435128.92152411817,451965.2727209229,418303.32760644483,False
Footscray,h,Western Metropolitan,2,5.1,991000.0,827524.5761550047,950488.4556185325,926890.2064005656,False
Forest Hill,h,Eastern Metropolitan,4,15.4,945000.0,1023417.132510038,893967.1789534581,1004057.616586822,True
Forest Hill,h,Eastern Metropolitan,2,15.4,1020000.0,1042061.6469779056,832791.7883291078,855861.1284696917,True
Forest Hill,h,Eastern Metropolitan,6,15.4,1234000.0,1399163.6252594374,1128319.1898909828,1033423.0213820154,True
Frankston,h,South-Eastern Metropolitan,3,38.0,506000.0,1060594.9426990214,827345.3613143599,828829.53843703,True
Frankston,h,South-Eastern Metropolitan,4,38.0,755000.0,1179795.2641977356,929569.1539746956,908419.0838079137,True
Gisborne,h,Northern Victoria,4,45.9,807000.0,689509.132886562,632179.9121838941,692698.1890895531,True
Gisborne,h,Northern Victoria,3,45.9,426000.0,454142.3204848774,372178.1010640109,455990.6324497269,True
Glen Iris,u,Southern Metropolitan,2,7.3,540000.0,566821.8197275755,568660.0408792505,574150.0719198505,False
Glen Waverley,u,Eastern Metropolitan,2,16.7,960000.0,627851.4098103064,528614.0119705169,563376.3597828839,True
Glen Waverley,h,Eastern Metropolitan,5,16.7,1116500.0,1380740.7237237268,1154864.1711916844,1134082.8032423656,True
Greensborough,u,Northern Metropolitan,2,16.1,610000.0,449875.46823278686,412912.615172324,420423.638481132,True
Greensborough,h,Northern Metropolitan,3,16.1,690000.0,731510.513691482,615412.0374607489,597145.2304552725,True
Greensborough,u,Northern Metropolitan,2,16.1,585000.0,446759.69234270597,390775.29009528767,405185.9480186249,True
Greensborough,h,Northern Metropolitan,3,16.1,800000.0,789175.8127644956,682366.3129893251,670975.5084164834,True
Greensborough,h,Northern Metropolitan,4,16.1,800000.0,842669.6103352752,760735.4371115903,804330.313952051,True
Greensborough,h,Northern Metropolitan,3,16.1,896000.0,783386.5024041773,772534.5701578804,789199.8682539302,True
Greensborough,h,Northern Metropolitan,3,16.1,1010000.0,750834.3687808948,730836.774431568,702745.6752821902,True
Hampton,t,Southern Metropolitan,3,13.8,1660000.0,1380751.136429246,1401793.747390889,1463763.2570478062,False
Hampton,h,Southern Metropolitan,2,13.8,1960000.0,1571258.3709564467,1268768.3288260847,1366416.8434956695,False
Hawthorn,t,Southern Metropolitan,3,5.3,1200000.0,2019466.0036832911,1516745.692374639,1602568.4094027935,False
Hawthorn,u,Southern Metropolitan,2,5.3,670000.0,625183.1630961931,607178.72284168,596154.1178524614,False
Hawthorn,u,Southern Metropolitan,2,5.3,600000.0,577422.4984580699,579118.4001512342,588535.7806498014,False
Hawthorn,u,Southern Metropolitan,1,5.3,415000.0,405039.56844436756,407859.68287491665,399459.9191028282,False
Hawthorn,u,Southern Metropolitan,3,5.3,1150000.0,765922.3024973708,925370.5529098674,929520.7023896119,False
Hawthorn,h,Southern Metropolitan,3,5.3,1100000.0,1162615.7544241035,1288535.2270031862,1136242.7212923046,False
Heathmont,u,Eastern Metropolitan,2,21.3,525000.0,527189.4192104394,509546.9769749946,506863.4022159204,True
Heidelberg Heights,t,Eastern Metropolitan,2,8.8,650000.0,572166.8736006859,627435.26211443,648732.0794089931,False
Heidelberg West,h,Eastern Metropolitan,2,8.8,580000.0,629100.592190641,597584.5483216568,599110.0183945051,False
Heidelberg West,h,Eastern Metropolitan,2,8.8,820000.0,786780.2292670726,734314.189255116,688552.6165504497,False
Hillside,h,Western Metropolitan,4,18.0,600000.0,669264.0956391352,601030.6158083809,598708.2177844474,True
Hoppers Crossing,h,Western Metropolitan,3,18.4,536500.0,667141.728515305,783141.2084905619,770134.8983489474,True
Hoppers Crossing,h,Western Metropolitan,3,18.4,541000.0,615753.2792991288,723761.5462750205,699494.2254158633,True
Hoppers Crossing,h,Western Metropolitan,3,18.4,557000.0,576991.2386214287,650866.8812943873,641611.5843349161,True
Ivanhoe East,h,Eastern Metropolitan,2,7.8,1601000.0,930732.9349496367,1355264.8790294903,1288294.5611087019,False
Jacana,h,Northern Metropolitan,3,14.0,559000.0,464866.4723381515,444091.74090393115,479753.8237053471,False
Keilor,h,Western Metropolitan,3,14.5,930000.0,776557.8396236466,830659.8422641295,735904.8011622294,True
Keilor Downs,h,Western Metropolitan,4,15.5,705000.0,733825.1883764147,659231.2147641833,684648.7617575915,True
Keilor Downs,h,Western Metropolitan,4,15.5,590000.0,680219.5406541952,603689.1332186232,567910.663522913,True
Keilor East,h,Western Metropolitan,3,11.7,920000.0,748525.0361650889,705197.2915886228,721811.1696734041,False
Keilor East,h,Western Metropolitan,4,11.7,1100000.0,992876.4546535448,1149769.2616264697,1306911.488687027,False
Keilor East,h,Western Metropolitan,3,11.7,840000.0,794697.773263616,759633.1382761545,728712.6276757943,False
Keilor East,h,Western Metropolitan,3,11.7,860000.0,697761.8988524174,724514.2429529054,655883.4286927561,False
Kensington,h,Northern Metropolitan,3,3.4,840000.0,1254769.7981419994,1042844.3291951395,1024700.3709003902,False
Kensington,u,Northern Metropolitan,2,3.4,535000.0,707527.7634827847,702565.8899883487,601282.4159582244,False
Kew,h,Southern Metropolitan,3,5.4,1080000.0,1322072.851527717,1471093.4111693082,1506760.6450061654,False
Keysborough,h,South-Eastern Metropolitan,4,25.2,575000.0,918664.1046420721,754103.7204874485,787275.0932992172,True
Kingsbury,h,Northern Metropolitan,3,12.1,740000.0,697610.6217165735,717928.1093303646,685302.9571354024,False
Knoxfield,h,Eastern Metropolitan,4,23.3,1040000.0,1308040.6936128964,1108781.1884276883,1134350.8656236525,True
Lalor,h,Northern Metropolitan,4,16.3,795000.0,628950.0519651519,553962.7932492302,604745.5638309717,True
Lalor,h,Northern Metropolitan,4,16.3,660000.0,647629.9083971408,572613.3380497079,648329.6293995385,True
Maidstone,h,Western Metropolitan,2,6.4,1170000.0,835426.9370439574,990696.3303818933,978886.7689766091,False
Maidstone,h,Western Metropolitan,3,6.4,930000.0,955511.875250596,887426.4281892605,977157.202346612,False
Maidstone,t,Western Metropolitan,2,6.4,650000.0,668692.6750347851,656533.8803945761,682442.3750737873,False
Maidstone,t,Western Metropolitan,3,6.4,702000.0,841246.0105624852,661803.5544012602,715166.7650295288,False
Malvern,u,Southern Metropolitan,2,5.9,575000.0,511167.0185025836,560739.3977380702,593975.9243331434,False
Maribyrnong,t,Western Metropolitan,2,4.3,675000.0,710506.1945477615,650034.3330211767,681436.6235382339,False
Maribyrnong,u,Western Metropolitan,2,4.3,440000.0,428888.0172819286,391851.9342926636,405162.08668362314,False
Meadow Heights,h,Northern Metropolitan,3,17.4,520000.0,458254.2883426226,488977.23835316993,511675.9505357647,True
Meadow Heights,h,Northern Metropolitan,3,17.4,430000.0,431004.22365883505,458064.37741869205,496343.7260991295,True
Meadow Heights,h,Northern Metropolitan,4,17.4,570000.0,757654.767041198,720870.7866766549,771334.6260860607,True
Meadow Heights,h,Northern Metropolitan,3,17.4,520000.0,564498.1972037852,551513.4939876389,594361.4934032235,True
Meadow Heights,h,Northern Metropolitan,4,17.4,515000.0,734446.1893637168,610504.1941247769,619779.3255308615,True
Melbourne,u,Northern Metropolitan,2,0.0,387000.0,641491.3101542409,499768.57045236253,511049.221682792,False
Melton South,h,Western Victoria,3,29.8,341000.0,558631.0241431599,590743.1360945719,589440.1936528711,True
Melton South,h,Western Victoria,3,29.8,336000.0,519711.6319217771,517070.3523074035,503777.2518896977,True
Melton South,h,Western Victoria,4,29.8,426000.0,616737.2946270556,606969.1508168206,587465.4693677824,True
Mernda,h,Northern Metropolitan,4,25.9,780000.0,949664.0450012261,758711.0343022024,772383.9953558267,True
Mill Park,h,Northern Metropolitan,3,17.9,775500.0,825615.4577444047,636813.9188006251,735841.6072477078,True
Mill Park,h,Northern Metropolitan,3,17.9,726000.0,758697.3862510804,614781.5825919748,638798.9625794155,True
Mill Park,h,Northern Metropolitan,4,17.9,710000.0,801514.0054589646,626549.3984115544,669626.268230884,True
Mitcham,h,Eastern Metropolitan,3,17.2,1045000.0,1016285.6596294987,938574.0778355564,961308.5391405947,True
Montmorency,t,Eastern Metropolitan,3,16.2,820000.0,781998.0987364273,667448.7154509386,731929.0316537989,True
Montmorency,h,Eastern Metropolitan,3,16.2,1301000.0,853484.8417381323,828413.1683768628,835120.4956771543,True
Moonee Ponds,h,Western Metropolitan,2,6.2,951000.0,901077.7271396222,873155.2470225561,876016.2839644988,False
Moonee Ponds,h,Western Metropolitan,4,6.2,1425000.0,1247335.5269399495,1400375.889245926,1270376.4197409532,False
Moorabbin,t,Southern Metropolitan,3,14.3,935000.0,885777.5316884059,891169.6668148182,829371.1681233421,False
Mooroolbark,h,Eastern Victoria,3,26.5,637500.0,1123548.454443085,964162.1515508938,940777.48063101,True
Mooroolbark,h,Eastern Victoria,3,26.5,780000.0,1387791.6494284796,1215555.5773768248,1111337.1770274427,True
Mount Waverley,h,Eastern Metropolitan,3,14.2,1800000.0,1300529.2055432578,1145341.4605149503,1181825.0103942682,True
Mount Waverley,h,Eastern Metropolitan,3,14.2,1700000.0,1350341.6565209513,1091057.6973929785,1062329.3577446353,True
Mount Waverley,h,Eastern Metropolitan,5,14.2,2248000.0,1659373.4722258684,1664603.3902662045,1691309.1960516782,True
Mount Waverley,h,Eastern Metropolitan,3,14.2,1260000.0,1312570.487540858,910998.2667816955,1033565.6902633585,True
Mulgrave,h,South-Eastern Metropolitan,5,18.8,960000.0,1244132.1937096037,1098908.3407617619,1060183.9414836236,True
Murrumbeena,u,Southern Metropolitan,2,10.1,550000.0,683871.5819851075,634860.0311139453,553746.6316330635,False
Murrumbeena,t,Southern Metropolitan,3,10.1,956000.0,962407.9632297474,1016843.2406494205,1068704.3046177875,False
Narre Warren,h,South-Eastern Metropolitan,3,34.1,620000.0,1140137.952127562,1010441.6997987174,959763.4929273211,True
Narre Warren,h,South-Eastern Metropolitan,3,34.1,605000.0,1193018.814356362,943993.2052416495,886755.5456247982,True
Newport,h,Western Metropolitan,3,6.2,740000.0,874300.4613510879,869456.7134742242,917594.1047033952,False
Newport,h,Western Metropolitan,3,6.2,990000.0,980629.3793934092,1071245.3098019129,1120026.153402154,False
Niddrie,h,Western Metropolitan,4,10.4,950000.0,808433.1288022785,880487.6308522467,885634.1473948299,False
Noble Park,h,South-Eastern Metropolitan,4,22.7,650000.0,1180831.2592822849,1034687.4853900098,997155.4675594224,True
Noble Park,h,South-Eastern Metropolitan,3,22.7,752000.0,1140137.952127562,978711.4265841623,949165.113319241,True
North Melbourne,u,Northern Metropolitan,2,1.8,541000.0,600892.60174721,566980.3936668164,578286.6531664828,False
Northcote,h,Northern Metropolitan,3,5.3,1307500.0,1163323.5919008392,1224773.2136816327,1310884.8903806058,False
Northcote,h,Northern Metropolitan,3,5.3,1100000.0,1253931.1255981475,1261205.7260781676,1224487.1929847824,False
Northcote,h,Northern Metropolitan,3,5.3,1050000.0,1152229.160106703,1289376.2324934816,1222508.6611709497,False
Northcote,h,Northern Metropolitan,3,5.3,1800000.0,1252584.4666993457,1350026.901880109,1278761.6006169675,False
Northcote,h,Northern Metropolitan,3,5.3,1550000.0,1465965.3366662308,1357870.397191239,1473264.501426595,False
Notting Hill,h,Southern Metropolitan,4,16.7,1211000.0,1358638.4181475828,1152151.2447356305,1143079.9948307478,True
Oak Park,h,Northern Metropolitan,3,11.2,970000.0,860640.3919409737,892072.9952378584,885700.6874732608,False
Oak Park,h,Northern Metropolitan,4,11.2,1453000.0,803651.4805827552,816576.1923256002,816841.6546238689,False
Oakleigh,h,Southern Metropolitan,4,12.3,1610000.0,1409834.9661042779,1306207.7576769236,1316925.1435203182,False
Oakleigh East,h,Southern Metropolitan,2,12.3,1150000.0,903354.1323370268,876878.8637877669,918176.6125583757,True
Officer,h,Eastern Victoria,4,43.3,559000.0,1147136.889907558,899977.3617158274,872722.4902875551,True
Pakenham,h,Eastern Victoria,4,47.3,435000.0,1230034.5896878643,995684.0275097259,1094533.6319003252,True
Parkdale,t,South-Eastern Metropolitan,3,21.5,1190000.0,759550.1728477909,605650.615444993,672275.1329800992,True
Parkdale,t,South-Eastern Metropolitan,1,21.5,503750.0,611623.3103763614,357450.2563967031,441906.3088772242,True
Pascoe Vale,h,Northern Metropolitan,2,8.5,962000.0,934128.300345911,874549.7277899144,860148.634012406,False
Pascoe Vale,t,Northern Metropolitan,3,8.5,629000.0,913942.2345070973,773986.7340812759,796913.2669054113,False
Pascoe Vale,h,Northern Metropolitan,3,8.5,881000.0,894669.3096781153,774044.2197191289,773711.7439290049,False
Point Cook,h,Western Metropolitan,4,14.7,690000.0,902824.2622840569,913835.4025617373,930155.0587084076,True
Point Cook,h,Western Metropolitan,4,14.7,596000.0,721739.5053473178,767338.9769062202,767644.1788570391,True
Point Cook,h,Western Metropolitan,4,14.7,698000.0,759362.8570075551,782534.2925563398,862299.1432902691,True
Prahran,u,Southern Metropolitan,2,4.6,500000.0,599103.6905522282,555664.8259880027,548957.3952170333,False
Preston,h,Northern Metropolitan,4,8.4,1060500.0,910784.5246034967,970582.5704890284,960343.5771036064,False
Preston,h,Northern Metropolitan,4,8.4,990000.0,928422.0307657922,914933.8743327265,905594.1914505156,False
Reservoir,u,Northern Metropolitan,2,12.0,652000.0,440274.4531878538,435499.83098687703,436239.89958031394,False
Reservoir,h,Northern Metropolitan,3,12.0,953000.0,714440.0329684002,730504.2405184647,769999.418173783,False
Reservoir,u,Northern Metropolitan,2,12.0,468000.0,424217.6333904942,450453.8906895741,460738.89292776235,False
Reservoir,t,Northern Metropolitan,2,12.0,710000.0,538643.5484120682,555455.3425952098,564579.4998572465,False
Reservoir,h,Northern Metropolitan,3,12.0,550000.0,711335.0349803045,538262.0472534745,597641.1352048006,False
Reservoir,h,Northern Metropolitan,3,12.0,725000.0,656610.3448692238,631077.7528247307,658108.9292638915,False
Reservoir,h,Northern Metropolitan,3,12.0,880000.0,725018.4845358516,766597.2790086225,799999.91709113,False
Reservoir,u,Northern Metropolitan,2,12.0,502000.0,407630.00140057225,398391.78668081964,435608.5313709264,False
Reservoir,h,Northern Metropolitan,3,12.0,1175000.0,730624.6849095505,738714.7486691235,797321.0569669497,False
Richmond,u,Northern Metropolitan,1,2.4,432000.0,431239.53937507095,393636.31971267436,387659.9547548581,False
Richmond,u,Northern Metropolitan,2,2.4,800000.0,740383.0167700263,821111.6694431163,857226.9127452787,False
Ringwood East,h,Eastern Metropolitan,3,21.3,710000.0,882447.758131359,899415.4965139254,840935.989248521,True
Rosanna,h,Eastern Metropolitan,2,8.9,1310000.0,1445459.5061628434,1044581.618311864,1113221.0032622146,False
Rosanna,h,Eastern Metropolitan,2,8.9,855000.0,726064.1350478668,805527.0897078915,772455.0751754373,False
Rowville,h,South-Eastern Metropolitan,3,23.5,735000.0,1212928.1257093481,994984.4699823492,1069073.1130507777,True
Rowville,h,South-Eastern Metropolitan,3,23.5,755000.0,1101690.8891250673,845735.5199485326,917754.7380207377,True
Roxburgh Park,h,Northern Metropolitan,3,20.6,537000.0,526239.6373074702,572814.9679257823,600032.8980377746,True
Seaford,t,South-Eastern Metropolitan,2,35.4,386000.0,704401.0749345104,538287.7448736852,612535.930986276,True
Seaford,h,South-Eastern Metropolitan,4,35.4,763000.0,1181126.9890885227,925941.125340057,952247.4738661787,True
Seaford,h,South-Eastern Metropolitan,3,35.4,725000.0,1230445.9589668354,992914.4401851875,1049044.0071783327,True
Seaford,h,South-Eastern Metropolitan,4,35.4,768000.0,1102413.0028577205,876610.750310549,887750.3041615998,True
South Melbourne,h,Southern Metropolitan,3,1.9,2800000.0,2243920.773224773,2089635.1210017465,1963151.5505901726,False
South Morang,t,Northern Metropolitan,2,20.5,345000.0,619552.5004678376,381803.88943226106,449362.20727008727,True
South Yarra,u,Southern Metropolitan,2,2.7,666000.0,596248.4891041357,663137.6799606426,648251.275295382,False
South Yarra,u,Southern Metropolitan,2,2.7,910000.0,1025569.9643243775,973558.4187046568,995096.1431151282,False
South Yarra,u,Southern Metropolitan,1,2.7,401500.0,446161.80438503524,450255.22681424086,416297.50917353807,False
Springvale,h,South-Eastern Metropolitan,3,20.8,760000.0,1086547.5570911001,856061.7984445712,831973.3578761101,True
St Albans,h,Western Metropolitan,2,14.0,610000.0,522702.13985270524,392628.9166531491,427781.29335518664,True
St Albans,h,Western Metropolitan,3,14.0,550000.0,545098.0997240434,541255.712717658,526633.418965662,True
St Albans,h,Western Metropolitan,4,14.0,520000.0,675808.4005147935,546861.656814903,563959.8388792824,True
St Helena,h,Eastern Metropolitan,3,16.1,805000.0,984514.9854269251,691082.0966943369,700180.4368870801,True
St Kilda,u,Southern Metropolitan,2,5.0,470000.0,468358.07640530256,479315.8152637665,474133.7155739931,False
St Kilda,h,Southern Metropolitan,3,5.0,1000000.0,1331072.004393658,1375100.2924579724,1299249.957458402,False
Sunshine,h,Western Metropolitan,3,10.5,860000.0,683550.1553668779,728389.9519887466,739839.017192493,False
Sunshine,h,Western Metropolitan,3,10.5,532000.0,563535.2052262516,555315.2784529622,574421.3309405164,False
Sunshine,h,Western Metropolitan,3,10.5,960000.0,759319.4765077684,861760.1391081995,837728.9480663106,False
Sunshine West,h,Western Metropolitan,3,10.5,630000.0,619326.4966443699,604565.4765623861,575547.5011357301,False
Sunshine West,h,Western Metropolitan,4,10.5,580000.0,627740.1469704423,542806.6923242297,564982.0706312248,False
Taylors Lakes,h,Western Metropolitan,4,15.5,853000.0,920561.4186013759,923427.2790890051,828807.2644038792,True
Taylors Lakes,h,Western Metropolitan,4,15.5,704000.0,623664.0408037988,642293.4467708408,640391.878750299,True
Thomastown,h,Northern Metropolitan,3,15.3,508000.0,488112.7103074529,420580.2175047961,432119.5148854253,True
Thornbury,h,Northern Metropolitan,3,7.0,1236000.0,1181445.0657201752,1112868.1527008966,1117686.579808657,False
Thornbury,u,Northern Metropolitan,1,7.0,328000.0,379081.1534902561,400973.43483588606,389028.56770163943,False
Toorak,u,Southern Metropolitan,2,4.1,1140000.0,1137315.8454313276,1125505.4131800346,1284944.3045932495,False
Travancore,u,Western Metropolitan,2,4.3,341500.0,482136.436140725,453686.4695527204,447559.3177527375,False
Tullamarine,u,Western Metropolitan,2,12.9,470000.0,432967.9145523969,414623.4786902898,391252.7629889648,True
Vermont,h,Eastern Metropolitan,3,17.2,1111500.0,1232899.1435369384,1067334.5637160798,1100379.1566985054,True
Wantirna,h,Eastern Metropolitan,4,14.7,1214000.0,1341580.3294928302,1274705.7879103755,1268560.2092357243,True
Wantirna South,h,Eastern Metropolitan,4,14.7,1045000.0,1370165.050336158,1209766.3631466203,1187730.6087319143,True
Wantirna South,u,Eastern Metropolitan,3,14.7,622000.0,638674.1094393613,526784.2269323029,600513.5163749078,True
Warrandyte,h,Eastern Metropolitan,3,21.1,826000.0,1265103.9472986988,1099091.293675157,1117517.8024836332,True
Waterways,h,South-Eastern Metropolitan,4,21.5,1265000.0,1253134.1773943207,937842.4167715954,1051623.1356349038,True
Watsonia,u,Northern Metropolitan,2,14.5,604000.0,431293.0605063603,405065.6484200844,400275.1679459641,False
Watsonia,u,Northern Metropolitan,2,14.5,655000.0,463927.3721362049,429923.9732283345,482011.77476716234,False
Watsonia North,h,Northern Metropolitan,3,14.5,740000.0,909270.1109932016,820157.3264102285,873050.0955431304,True
Werribee,h,Western Metropolitan,3,14.7,505000.0,639211.5602380149,709496.6506635712,694516.8500407455,True
Werribee,h,Western Metropolitan,3,14.7,570000.0,929553.0962744264,995884.2076663395,959795.2582415774,True
Werribee,h,Western Metropolitan,3,14.7,453000.0,599692.2826927127,699814.2023339741,711878.5280820148,True
Werribee,h,Western Metropolitan,2,14.7,335000.0,523806.30588824494,586446.0237300682,521409.5969503682,True
West Footscray,h,Western Metropolitan,1,6.4,280000.0,488196.1631124379,358182.4052285179,357353.50562025164,False
West Footscray,h,Western Metropolitan,4,6.4,955000.0,1184161.1924404786,1052422.640147847,1059046.8962561886,False
West Footscray,t,Western Metropolitan,3,6.4,700000.0,819683.2132297847,768960.8004158257,767995.545883931,False
West Melbourne,u,Northern Metropolitan,1,3.1,380000.0,427202.2179681576,427553.6643714261,412722.39174046187,False
West Melbourne,h,Northern Metropolitan,4,3.1,1900000.0,1682458.511359646,1476408.9656039914,1314518.2393945036,False
Westmeadows,h,Northern Metropolitan,3,16.5,800000.0,638777.3885081692,609659.9983829178,624706.3691724356,True
Wheelers Hill,h,South-Eastern Metropolitan,5,16.7,1090000.0,1375802.4399329622,1128729.0863705382,1138100.1845609215,True
Williamstown,h,Western Metropolitan,4,6.8,1920000.0,1444320.2565944802,1611174.0644819727,1622018.8439254027,False
Wollert,h,Northern Metropolitan,4,25.5,530000.0,638683.8757398187,552167.9583471538,573890.86873577,True
Yarraville,h,Western Metropolitan,3,6.3,982500.0,865773.4276360024,1016200.9636710647,984839.0700366119,False
Yarraville,h,Western Metropolitan,3,6.3,1400000.0,1095149.7584754967,1358574.833879937,1420677.4053753875,False
Yarraville,h,Western Metropolitan,3,6.3,1042000.0,946064.0230648179,967015.5591799563,986557.1791208654,False
Yarraville,h,Western Metropolitan,3,6.3,1230000.0,1138240.901337007,1191911.2472074218,1195902.8969393054,False
Yarraville,h,Western Metropolitan,3,6.3,1005000.0,838844.6348691689,899949.4992340608,870238.9870957865,False
Abbotsford,h,Northern Metropolitan,2,3.0,911000.0,1069384.1991590103,1092897.3991980043,1066571.149110059,False
Abbotsford,h,Northern Metropolitan,2,3.0,1190000.0,1482736.7671621924,1232345.1372979097,1136854.6349829463,False
Aberfeldie,h,Western Metropolitan,3,7.5,2050000.0,1054371.513169911,1471461.8480188674,1498718.5460500896,False
Aberfeldie,h,Western Metropolitan,3,7.5,1680000.0,1266521.75891155,1532607.8463153488,1723080.3068801973,False
Aberfeldie,u,Western Metropolitan,1,7.5,280000.0,264728.6465528899,272301.79790346813,251119.73478763166,False
Aberfeldie,u,Western Metropolitan,1,7.5,310000.0,306672.43273756426,370802.9630796009,371728.81561460014,False
Aberfeldie,h,Western Metropolitan,5,7.5,1472000.0,1330921.584951733,1681545.9333960302,1677662.3518482868,False
Airport West,u,Western Metropolitan,2,10.4,454000.0,487141.7248203195,505031.8800529481,496962.1232843631,False
Altona,h,Western Metropolitan,3,11.0,1005000.0,774907.7655302531,851088.7413793927,894139.2447320358,False
Altona,t,Western Metropolitan,4,11.0,820000.0,730004.1148365772,773936.3629010766,803819.4367879655,False
Altona,h,Western Metropolitan,4,11.0,1360000.0,934736.8488943888,1030001.8545791777,1064120.9809861241,False
Altona,h,Western Metropolitan,3,11.0,950000.0,628697.2837760169,679187.3424325167,678779.3883166378,False
Altona Meadows,h,Western Metropolitan,3,15.5,620000.0,587271.2752165361,641667.6253246922,594289.7282244479,True
Altona North,h,Western Metropolitan,3,9.4,830000.0,799354.458961169,862803.091731498,805990.4486329266,False
Altona North,h,Western Metropolitan,3,9.4,730000.0,640090.612229992,636042.3298901578,601265.9701812615,False
Altona North,h,Western Metropolitan,4,9.4,805000.0,879905.8311548234,972582.4348931835,927448.8290522636,False
Altona North,h,Western Metropolitan,2,9.4,510000.0,583420.2069962302,550600.4309815891,529747.4424491854,False
Ardeer,h,Western Metropolitan,3,12.8,645000.0,608447.8531315447,634883.0417816654,618368.4886619236,True
Armadale,u,Southern Metropolitan,2,6.3,486000.0,512335.5408609939,649040.198227947,565564.2501681786,False
Ascot Vale,t,Western Metropolitan,3,4.3,855000.0,861139.5022132755,869470.7678899348,870527.8858992544,False
Ascot Vale,h,Western Metropolitan,2,4.3,1035000.0,976575.1206640049,1021194.4315275585,976130.4797572558,False
Ascot Vale,h,Western Metropolitan,3,4.3,1310000.0,1144860.1760767135,1276032.7088191633,1291546.1107280627,False
Ashwood,h,Southern Metropolitan,4,10.2,1450000.0,1645349.0983576765,1845204.751603122,1842445.9107732892,False
Ashwood,t,Southern Metropolitan,3,10.2,1060000.0,1191197.5670168363,1145662.58808939,1094985.3557986023,False
Aspendale,h,South-Eastern Metropolitan,3,21.5,970000.0,1032974.2343407853,752382.2841102579,773738.0362404282,True
Aspendale Gardens,h,South-Eastern Metropolitan,4,21.5,840000.0,1054633.983685167,798414.1766473795,778683.0161901078,True
Avondale Heights,h,Western Metropolitan,4,9.5,665000.0,745877.8133423289,701190.6139423188,664199.7965882217,False
Avondale Heights,h,Western Metropolitan,3,9.5,750000.0,699933.3529986922,696176.9081658392,637503.9341450267,False
Avondale Heights,h,Western Metropolitan,5,9.5,800000.0,895052.1961511951,829008.5497073005,779700.4150640533,False
Balwyn,u,Southern Metropolitan,2,7.9,800000.0,632678.3028680936,632753.5657852998,621070.1437409999,False
Balwyn,h,Southern Metropolitan,5,7.9,2400000.0,2583659.669809575,2544805.690234153,2712028.3525650008,False
Balwyn North,h,Southern Metropolitan,5,9.7,2400000.0,2276826.1574571384,2356189.0734763346,2300316.8517154437,False
Balwyn North,h,Southern Metropolitan,3,9.7,2668000.0,1853176.5651660413,1882018.4041728994,1921044.8627952223,False
Balwyn North,h,Southern Metropolitan,4,9.7,1750000.0,1913614.6348901864,1929514.5453780948,1832208.8868059106,False
Balwyn North,h,Southern Metropolitan,4,9.7,1850000.0,2259934.844508713,2783619.3428484765,2677703.4543856774,False
Beaconsfield,h,Eastern Victoria,4,39.0,670000.0,1583856.826369033,1302943.6335259257,1238753.0618154376,True
Beaumaris,t,Southern Metropolitan,3,17.3,1850000.0,1026660.791721669,888254.6750169845,897221.0537001165,True
Bellfield,h,Eastern Metropolitan,2,8.8,906000.0,867786.9522314945,809639.5055329718,865191.9767216602,False
Bentleigh,h,Southern Metropolitan,3,11.4,1640000.0,1234463.0244144807,1285666.2662571536,1257407.0407604182,False
Bentleigh,h,Southern Metropolitan,3,11.4,1610000.0,1523365.2861980242,1549300.4505102006,1521034.6633207083,False
Bentleigh,u,Southern Metropolitan,2,11.4,410000.0,545626.8188239959,520661.3883848963,503747.3959185047,False
Bentleigh,h,Southern Metropolitan,5,11.4,1500000.0,1409005.8609573685,1378667.2589213108,1306402.6050035476,False
Bentleigh East,u,Southern Metropolitan,2,13.8,860000.0,704636.9458787013,654390.7152276494,713125.9956679572,False
Berwick,h,Eastern Victoria,4,35.2,775000.0,1111559.499935539,865538.0398319773,786539.8690178121,True
Berwick,h,Eastern Victoria,3,35.2,755000.0,1276318.5699952743,1035413.6538780926,1126587.0939682382,True
Blackburn,h,Eastern Metropolitan,3,13.4,1020000.0,1248318.8360405716,1125682.8811451935,1070707.0192307446,True
Blackburn South,h,Eastern Metropolitan,3,13.4,874000.0,834213.7700931155,826424.0632135578,855209.7190171576,True
Braybrook,t,Western Metropolitan,3,8.6,560000.0,598574.7061034287,536770.0502523886,524721.9137557758,False
Brighton East,u,Southern Metropolitan,2,10.3,620000.0,670295.5625761771,654721.6350510817,581937.4911927106,False
Brighton East,h,Southern Metropolitan,3,10.3,1500000.0,1246163.1493346046,1438187.0541742512,1370660.0270325427,False
Broadmeadows,h,Northern Metropolitan,1,14.0,1100000.0,621551.6909347745,415544.294947616,464663.5872752903,True
Broadmeadows,h,Northern Metropolitan,3,14.0,450000.0,471568.9445684466,384553.5764880489,440740.2807523353,True
Broadmeadows,h,Northern Metropolitan,3,14.0,560000.0,543308.0999237497,535704.1801625603,530740.2818876124,True
Brunswick,h,Northern Metropolitan,3,5.2,1120000.0,1055551.133398095,1129516.2271936417,1159817.7207661818,False
Brunswick,h,Northern Metropolitan,2,5.2,1110000.0,999181.7601999195,981329.590376827,990734.9214759471,False
Brunswick,h,Northern Metropolitan,3,5.2,1260000.0,1051682.3602638158,1126914.230838625,1110143.0710270465,False
Brunswick,h,Northern Metropolitan,4,5.2,1790000.0,1843319.6060904858,2061213.0379793681,1853493.74920447,False
Brunswick East,u,Northern Metropolitan,1,4.0,390500.0,408295.079879767,432393.1104589268,418860.5406039444,False
Bundoora,h,Northern Metropolitan,4,12.1,800000.0,793098.4668793976,696583.7641513678,686153.1094119862,True
Bundoora,h,Northern Metropolitan,5,12.1,999000.0,942229.9793836492,837595.2869292296,839384.4678213395,True
Bundoora,h,Northern Metropolitan,3,12.1,680000.0,740802.6127218006,654977.286967612,683994.38141005,True
Cairnlea,h,Western Metropolitan,4,14.8,750000.0,589999.9683596583,512124.1599845324,534074.810483136,True
Camberwell,h,Southern Metropolitan,3,7.7,1830000.0,1787288.4241056659,1929493.4079113721,2043166.497540914,False
Carlton,h,Northern Metropolitan,3,1.6,920000.0,1348819.0024406298,1193302.954648792,1154858.6045876862,False
Carlton North,h,Northern Metropolitan,3,3.5,1400000.0,1260396.0145582268,1068079.4597861164,1099644.3378968092,False
Carnegie,u,Southern Metropolitan,2,10.1,796000.0,723009.3184253793,646308.9517613645,713145.8609078293,False
Carnegie,h,Southern Metropolitan,2,10.1,1630000.0,1529812.9318444517,1222762.2303637238,1336141.003154524,False
Carnegie,h,Southern Metropolitan,3,10.1,1050000.0,997822.0424267893,1021887.4189544229,883955.4173336867,False
Carrum,h,South-Eastern Metropolitan,3,31.2,825000.0,1058547.0725106655,763739.9783620451,929281.8695714292,True
Caulfield North,u,Southern Metropolitan,2,7.8,610000.0,583595.7149631359,568099.0280294907,586719.4166772367,False
Chadstone,t,Southern Metropolitan,3,11.7,977500.0,840891.0813942107,935028.1511210132,894217.103862729,False
Chelsea,u,South-Eastern Metropolitan,2,27.0,639000.0,632937.8101332678,534436.8712763409,645767.5491537142,True
Cheltenham,h,Southern Metropolitan,4,17.9,1138000.0,1006221.0402314867,1048349.8215352985,972661.7827921652,True
Cheltenham,h,Southern Metropolitan,3,17.9,1050000.0,927196.6462231929,855759.667581385,783593.8237072508,True
Clifton Hill,u,Northern Metropolitan,2,3.6,640000.0,744385.4504344937,782941.9220299902,756880.5839609662,False
Coburg,h,Northern Metropolitan,3,6.7,1285000.0,1055843.6436987107,1094293.3897115595,1078854.8785685864,False
Coburg,h,Northern Metropolitan,3,6.7,890000.0,980849.3547462363,976696.7867205482,1051286.7244036107,False
Collingwood,h,Northern Metropolitan,2,2.0,1080000.0,982538.8390468862,1025572.3795412125,961591.8570455682,False
Craigieburn,h,Northern Metropolitan,6,20.6,1000000.0,755513.0418451176,646776.2244848636,685555.3694778894,True
Craigieburn,h,Northern Metropolitan,3,20.6,607500.0,545266.4792268964,552213.4287086701,614907.4834055037,True
Craigieburn,h,Northern Metropolitan,3,20.6,500000.0,503616.7413927203,501484.36924927507,546463.274299018,True
Craigieburn,h,Northern Metropolitan,3,20.6,515000.0,482426.09424000105,491568.3996918564,536457.3407300932,True
Craigieburn,h,Northern Metropolitan,3,20.6,510000.0,504284.8928041489,497287.7151876494,537398.2925283428,True
Craigieburn,h,Northern Metropolitan,4,20.6,592500.0,677913.1724420155,566894.7469791243,676416.0042841983,True
Craigieburn,h,Northern Metropolitan,4,20.6,595000.0,648929.8481437567,529649.7319411469,629328.4945829093,True
Croydon,h,Eastern Metropolitan,3,23.0,1005000.0,1369073.5203206802,1189222.784734233,1269904.2057692884,True
Dandenong,h,South-Eastern Metropolitan,3,24.7,669000.0,1189605.089522158,947021.2946587274,1021954.7582858981,True
Dandenong,h,South-Eastern Metropolitan,3,24.7,880000.0,1180524.6848455654,1029111.7764940495,1081518.1401183526,True
Dandenong North,h,South-Eastern Metropolitan,3,24.7,560000.0,1116237.770715072,903477.4785005106,900989.5431144031,True
Dandenong North,h,South-Eastern Metropolitan,5,24.7,895000.0,1300415.9685988228,1045319.9216650513,1063602.9344982696,True
Deepdene,h,Southern Metropolitan,2,7.9,710000.0,1624508.0071779478,1574707.4091645998,1562633.63090754,True
Deer Park,h,Western Metropolitan,3,14.8,572000.0,552642.9385058923,647492.2078413697,656510.1095640373,True
Delahey,h,Western Metropolitan,4,18.0,505000.0,569526.3676198052,520750.8063761301,554795.0818399248,True
Delahey,h,Western Metropolitan,3,18.0,550000.0,610196.2560070574,580969.2706750868,544208.638555267,True
Doncaster,h,Eastern Metropolitan,5,12.4,1530000.0,1528595.30055193,1631127.7666658605,1409959.3881661717,False
Doncaster East,t,Eastern Metropolitan,3,14.3,816000.0,832244.433418098,704394.0370920836,761981.219724764,True
Doncaster East,h,Eastern Metropolitan,4,14.3,1385000.0,1390668.4384714568,1109932.6832890594,1182028.5305202366,True
Donvale,h,Eastern Metropolitan,3,16.1,900000.0,1219752.5681255355,1166374.645700435,1047048.7303033655,True
Doveton,h,South-Eastern Metropolitan,2,28.8,472500.0,975673.8425538882,772003.8974616168,701242.5965372133,True
East Melbourne,u,Northern Metropolitan,1,1.3,895000.0,584026.4148700241,583045.4342095596,496198.50957736233,False
Edithvale,u,South-Eastern Metropolitan,2,27.0,724000.0,621123.8545390472,523650.18435405585,623321.7476999959,True
Elsternwick,h,Southern Metropolitan,3,7.2,1975000.0,1884058.2764517474,2002697.835931686,2064200.5737758416,False
Elsternwick,t,Southern Metropolitan,3,7.2,1200000.0,1414273.6229765185,1321177.7968787944,1179355.1102537522,False
Eltham,t,Eastern Metropolitan,3,18.0,751000.0,703920.6870268313,583812.374756843,599262.9667773307,True
Elwood,u,Southern Metropolitan,2,7.2,635000.0,754345.4618709545,757862.3034131837,770654.9053184678,False
Elwood,u,Southern Metropolitan,2,7.2,630000.0,565963.1439487935,608688.3878636431,630619.1205057121,False
Elwood,u,Southern Metropolitan,2,7.2,730000.0,772961.714980385,736722.5202833763,760080.8086674585,False
Epping,h,Northern Metropolitan,4,19.6,600000.0,630874.1512888111,512781.0494322715,600389.3667794389,True
Epping,h,Northern Metropolitan,3,19.6,410000.0,465379.61574626603,374448.6687833342,410520.16722280736,True
Epping,h,Northern Metropolitan,3,19.6,545000.0,439553.2878762544,433594.92566876527,481240.96931248106,True
Essendon,h,Western Metropolitan,3,7.5,1620000.0,999370.6799173196,1041485.131844864,1026017.0329798977,False
Essendon,u,Western Metropolitan,1,7.5,326000.0,313563.05199763447,329902.30144744297,331442.3234373816,False
Essendon North,h,Western Metropolitan,3,8.2,1535000.0,1413542.3391171244,1354745.7477517575,1429862.937850108,False
Fawkner,h,Northern Metropolitan,2,13.1,830000.0,766477.6237878609,677129.4412598795,652641.5325092729,False
Ferntree Gully,h,Eastern Metropolitan,3,24.8,740000.0,1427884.3662573665,1093611.053564337,1143444.7008033136,True
Flemington,u,Northern Metropolitan,2,3.4,505000.0,475548.62680134486,596718.9048770611,541349.0660616931,False
Footscray,u,Western Metropolitan,2,5.1,430000.0,446737.2068391552,429477.9823947816,418521.3682250814,False
Footscray,h,Western Metropolitan,3,5.1,900000.0,995114.5850590573,1072544.257696345,1090124.7247910139,False
Footscray,h,Western Metropolitan,4,5.1,1000000.0,1360364.9879876648,1261551.1876253348,1093433.3441927165,False
Footscray,h,Western Metropolitan,4,5.1,891000.0,1492941.895873524,1283123.8153675904,1386829.6410692914,False
Forest Hill,h,Eastern Metropolitan,3,15.4,742000.0,985747.9419229132,833747.5633745028,872193.7573770717,True
Forest Hill,h,Eastern Metropolitan,3,15.4,1011000.0,1108804.338989851,964758.579751356,979145.5300569969,True
Frankston,h,South-Eastern Metropolitan,4,38.0,600500.0,1108422.2394094176,968319.631497673,931694.5667556464,True
Frankston South,h,South-Eastern Metropolitan,3,38.0,665000.0,1136543.6892085422,921512.6763810677,945961.6070256182,True
Gladstone Park,h,Western Metropolitan,3,12.9,645000.0,593309.427639643,592027.4859251798,520668.393824093,True
Gladstone Park,h,Western Metropolitan,3,12.9,627000.0,539923.1446083728,563760.4988485229,545511.4418968277,True
Glen Iris,u,Southern Metropolitan,2,7.3,580000.0,459094.3072037266,519250.8075539128,485226.5202303248,False
Glen Iris,u,Southern Metropolitan,2,7.3,519500.0,561224.4856547232,601206.7538224437,580678.9837178851,False
Glen Waverley,u,Eastern Metropolitan,2,16.7,656000.0,618830.5590014193,524023.32167415624,578259.9975991026,True
Glen Waverley,u,Eastern Metropolitan,2,16.7,730000.0,476049.7907667178,384111.8343289209,385417.14938744437,True
Glen Waverley,h,Eastern Metropolitan,5,16.7,1182000.0,1322970.0798959935,1103357.1107848685,1097169.3736231325,True
Glen Waverley,u,Eastern Metropolitan,4,16.7,1500000.0,786102.6332720163,638232.1453029445,657554.8797346033,True
Glen Waverley,h,Eastern Metropolitan,3,16.7,1800000.0,1205670.2580612185,1024377.630839543,1102168.57741739,True
Glen Waverley,h,Eastern Metropolitan,5,16.7,1832000.0,1401238.7474172306,1270825.329404481,1324580.0746572353,True
Glen Waverley,u,Eastern Metropolitan,3,16.7,1000000.0,837530.8421974882,625643.1711696616,669471.6482675201,True
Glenroy,u,Northern Metropolitan,2,11.2,493000.0,462299.7104701669,518733.9188892502,488903.6570880053,False
Glenroy,h,Northern Metropolitan,3,11.2,940000.0,727050.9234791879,775955.4224482822,727178.4529323134,False
Glenroy,u,Northern Metropolitan,2,11.2,435000.0,416051.9564772649,415147.45019631734,411590.0141845679,False
Greensborough,h,Northern Metropolitan,3,16.1,725000.0,789877.4582073346,687256.0836848846,669551.6625369675,True
Greenvale,h,Northern Metropolitan,3,20.4,476500.0,436777.7053385852,413494.29278981924,426581.3569021874,True
Hadfield,h,Northern Metropolitan,4,11.2,741000.0,757059.7408107389,768408.7959815747,741308.0038390046,False
Hadfield,h,Northern Metropolitan,3,11.2,550000.0,534693.6728672805,554108.8442573346,564870.353960098,False
Hampton,h,Southern Metropolitan,3,13.8,1930000.0,1667034.0527231703,1457017.549370683,1530245.973347167,False
Hampton,t,Southern Metropolitan,3,13.8,1405000.0,1114283.7963049093,1194554.0025488362,1093509.0111586202,False
Hawthorn,u,Southern Metropolitan,2,5.3,500000.0,547425.1811480628,552469.3180647945,531475.353991978,False
Hawthorn East,u,Southern Metropolitan,2,6.2,520000.0,539313.6691811612,536147.3589164398,518452.51698176406,False
Heathmont,h,Eastern Metropolitan,4,21.3,1270500.0,1487045.6255838226,1433514.773970399,1403643.8618501015,True
Heathmont,h,Eastern Metropolitan,3,21.3,751000.0,1387777.2890318804,1164188.6634267499,1179473.6710231476,True
Heidelberg,h,Eastern Metropolitan,3,8.9,1515000.0,1262689.404161952,1131406.395655123,1185266.3230249775,False
Heidelberg West,h,Eastern Metropolitan,2,8.8,735000.0,761449.6969772087,834496.9802576231,739484.1307907363,False
Heidelberg West,h,Eastern Metropolitan,4,8.8,590000.0,746924.653135646,814647.1019727385,769467.744398236,False
Highett,h,Southern Metropolitan,3,16.0,1460000.0,1233134.7897050825,1231269.773894319,1220279.2154841747,True
Highett,h,Southern Metropolitan,4,16.0,1535000.0,1792024.188208908,1704208.067389238,1732176.4218540438,True
Hillside,h,Western Metropolitan,4,18.0,700000.0,776863.2450299135,664048.4041820156,687000.7925088444,True
Hoppers Crossing,h,Western Metropolitan,3,18.4,520000.0,593285.1979947276,694911.0041409943,667797.2065042687,True
Hoppers Crossing,h,Western Metropolitan,4,18.4,650000.0,844743.827121228,885698.3877222602,918835.3982049306,True
Hoppers Crossing,h,Western Metropolitan,4,18.4,576000.0,725242.5252661232,825886.9565566732,890829.7400608098,True
Hughesdale,u,Southern Metropolitan,2,12.3,472000.0,517112.18103408895,476525.07378398126,431732.85409212735,False
Ivanhoe,t,Eastern Metropolitan,2,7.8,880000.0,774646.126721511,730498.3877944464,799054.0422941849,False
Ivanhoe,t,Eastern Metropolitan,4,7.8,985000.0,1048235.1078120035,1022388.847214837,1005646.7818559677,False
Jacana,h,Northern Metropolitan,3,14.0,528000.0,456462.4355500273,404414.73504906916,428635.3777714278,False
Kealba,h,Western Metropolitan,4,14.0,590000.0,643713.3240870469,562941.7188381328,608970.7391695383,False
Keilor East,h,Western Metropolitan,3,11.7,918000.0,774327.2245026443,892002.1347030622,781455.8847378674,False
Keilor East,t,Western Metropolitan,3,11.7,777000.0,772828.1349952716,738911.1336963421,749728.2977699384,False
Keilor East,h,Western Metropolitan,4,11.7,880000.0,760580.1565778018,773084.8210232147,745672.7441196573,False
Kew,u,Southern Metropolitan,2,5.4,591000.0,781060.248783212,693592.8354341321,779389.2099796814,False
Kings Park,h,Western Metropolitan,3,14.0,565000.0,566550.65293781,568416.2054108396,559659.1106963074,True
Kurunjang,h,Northern Victoria,4,31.7,362000.0,606068.7158137095,497264.10387181374,546747.2835917257,True
Kurunjang,h,Northern Victoria,3,31.7,330000.0,487894.79481179145,424760.1729965045,460548.41572339606,True
Lalor,h,Northern Metropolitan,3,16.3,798000.0,547295.6445431543,499734.7168242602,544080.5331374393,True
Lalor,h,Northern Metropolitan,3,16.3,560000.0,439786.5494892062,421642.1199261619,495518.1889955216,True
Langwarrin,u,Eastern Victoria,3,41.0,447000.0,755563.2300002546,553726.5000421478,618456.3443213993,True
Langwarrin,h,Eastern Victoria,4,41.0,900000.0,1491900.6461973141,1272537.7562201982,1474623.6039697218,True
Maidstone,h,Western Metropolitan,3,6.4,681000.0,902346.8183914681,812428.5592520608,874254.8562373124,False
Maidstone,h,Western Metropolitan,3,6.4,1005000.0,1171350.8523251591,1071756.5468747662,1147065.5994939979,False
Maidstone,h,Western Metropolitan,2,6.4,468000.0,685828.4137291946,618319.0618250712,644900.5510915953,False
Maidstone,h,Western Metropolitan,2,6.4,650000.0,787625.8831035333,705825.4196965959,746316.1000945652,False
Malvern East,h,Southern Metropolitan,3,8.4,1638000.0,1518111.4546766148,1634462.0248146143,1666809.0392013586,False
Maribyrnong,t,Western Metropolitan,3,4.3,640000.0,873478.2175460368,685106.3181422534,708443.5752166379,False
Maribyrnong,u,Western Metropolitan,2,4.3,410000.0,398351.02179934847,389384.37660874915,403291.8251271356,False
Meadow Heights,u,Northern Metropolitan,3,17.4,420000.0,492336.2779467087,361298.5167124536,405032.57769714016,True
Melton South,h,Western Victoria,3,29.8,375000.0,520956.2802818857,539368.3421865001,524054.77186381415,True
Melton South,h,Western Victoria,3,29.8,326000.0,501354.9738390467,482818.1877201119,451478.07808991,True
Melton South,h,Western Victoria,3,29.8,400000.0,671462.8584692967,601296.654059246,600217.5593459494,True
Melton South,h,Western Victoria,3,29.8,412250.0,519426.0851437456,521800.31363983115,508397.26770607603,True
Melton West,h,Northern Victoria,3,31.7,371500.0,476739.61668158596,479682.79479404766,494191.96510474104,True
Mill Park,h,Northern Metropolitan,3,17.9,725000.0,716247.3079539384,607242.3319375745,618294.6647817729,True
Mitcham,h,Eastern Metropolitan,3,17.2,1101000.0,1608743.3600225078,1319204.7935601673,1398634.6707992845,True
Mitcham,t,Eastern Metropolitan,4,17.2,926000.0,1241516.7145526847,1073102.4872790363,1043250.5870419985,True
Moonee Ponds,u,Western Metropolitan,1,6.2,362000.0,375365.6332725513,376505.9576254746,383810.18543460505,False
Mordialloc,u,South-Eastern Metropolitan,1,21.5,309000.0,309917.78583768074,263658.84240007884,308886.0544065336,True
Mount Waverley,h,Eastern Metropolitan,3,14.2,1267000.0,1258581.8967045578,1086438.090497845,1181574.139066704,True
Mount Waverley,u,Eastern Metropolitan,2,14.2,611000.0,594515.7574001382,481290.1021168639,521534.9106143361,True
Mount Waverley,h,Eastern Metropolitan,4,14.2,1750000.0,1399579.7276264206,1208344.8298657387,1131537.350390545,True
Mulgrave,h,South-Eastern Metropolitan,3,18.8,755000.0,815169.6650740044,648720.6117496133,777613.8111002125,True
Mulgrave,h,South-Eastern Metropolitan,3,18.8,862000.0,800522.903754995,645286.5821673949,833267.9029151446,True
Mulgrave,h,South-Eastern Metropolitan,3,18.8,815500.0,1010244.9799852754,809130.3160190555,797868.178865699,True
Newport,h,Western Metropolitan,3,6.2,1100000.0,1081330.4112963101,1205587.8851186207,1132662.8587536344,False
Niddrie,h,Western Metropolitan,4,10.4,1130000.0,995183.3348142946,1042164.5077751648,997474.1061984353,False
Niddrie,h,Western Metropolitan,4,10.4,1006000.0,791476.5101426198,910966.7040354596,809209.0891225094,False
Noble Park,u,South-Eastern Metropolitan,2,22.7,445000.0,618241.1048323507,463478.70024679945,542163.5672158574,True
Noble Park,h,South-Eastern Metropolitan,3,22.7,650000.0,1107580.7921227072,802650.5883910828,807297.3067385962,True
North Melbourne,u,Northern Metropolitan,2,1.8,465000.0,547666.7798237619,517070.4860491252,454827.04841147567,False
Northcote,h,Northern Metropolitan,3,5.3,1290000.0,1249797.4911952594,1206131.166332415,1319374.4770872062,False
Northcote,h,Northern Metropolitan,3,5.3,1335000.0,1248477.615986054,1258581.471886458,1273536.9084469192,False
Northcote,u,Northern Metropolitan,1,5.3,352500.0,381993.09835863893,387675.13178751303,356782.11511493655,False
Northcote,h,Northern Metropolitan,3,5.3,1875000.0,1259642.793775936,1478107.9168530183,1393739.974290742,False
Oakleigh South,h,South-Eastern Metropolitan,4,15.5,1390000.0,1058819.585638493,1044977.713283302,1076543.9194973183,False
Pakenham,h,Eastern Victoria,4,47.3,643500.0,1272137.903285564,1123201.1858800307,1129884.3766980271,True
Pascoe Vale,u,Northern Metropolitan,2,8.5,541000.0,471152.343413507,485270.6792526447,478240.4884893334,False
Pascoe Vale,t,Northern Metropolitan,2,8.5,510000.0,517099.1401338552,460176.2456534101,486311.4534637181,False
Pascoe Vale,u,Northern Metropolitan,2,8.5,550000.0,477215.8818079963,450790.9808644847,494447.0922795087,False
Pascoe Vale,u,Northern Metropolitan,2,8.5,580000.0,495196.96789292904,503577.6679138459,532092.2468411237,False
Pascoe Vale,u,Northern Metropolitan,2,8.5,706000.0,512305.9419493253,519517.17204740725,533491.3735199932,False
Port Melbourne,u,Southern Metropolitan,2,3.5,559000.0,708375.9501147321,642169.2419668797,706750.8383562488,False
Prahran,u,Southern Metropolitan,2,4.6,570000.0,734566.1899308979,663892.7336045598,688468.5061584205,False
Preston,u,Northern Metropolitan,1,8.4,250000.0,285535.17386310507,294695.57260448823,283167.4884961311,False
Preston,u,Northern Metropolitan,1,8.4,392000.0,293304.42629588215,348730.94937741366,320838.99893150845,False
Preston,u,Northern Metropolitan,1,8.4,505000.0,326106.6589107766,346724.2553542313,372327.2910511954,False
Preston,h,Northern Metropolitan,3,8.4,980000.0,859338.7927203827,903186.1446346553,951153.8746179651,False
Reservoir,u,Northern Metropolitan,2,12.0,495000.0,457186.6497007853,490510.0627078298,469750.73591794836,False
Reservoir,h,Northern Metropolitan,2,12.0,320000.0,413059.13856847544,402508.48788090906,332231.7385766935,False
Reservoir,t,Northern Metropolitan,2,12.0,617500.0,535111.8308729946,466726.98885789566,485040.698702774,False
Reservoir,h,Northern Metropolitan,5,12.0,1282500.0,933707.6220235253,913702.2840214653,907795.0950424069,False
Reservoir,h,Northern Metropolitan,4,12.0,760500.0,797686.0719454192,813896.1669111197,803082.5131248053,False
Richmond,u,Northern Metropolitan,2,2.4,419000.0,599760.4314122912,526111.2335732013,513653.5795131106,False
Richmond,h,Northern Metropolitan,3,2.4,1590000.0,1375993.512410113,1181230.214647123,1304470.6491345922,False
Richmond,u,Northern Metropolitan,2,2.4,592000.0,812764.2579956761,846404.7255938427,850137.5627449243,False
Richmond,u,Northern Metropolitan,2,2.4,1667500.0,987777.2182776014,1061395.294692983,1056445.488684385,False
Richmond,u,Northern Metropolitan,2,2.4,685000.0,637109.3800493578,668071.3436505423,612311.9311150181,False
Ringwood,h,Eastern Metropolitan,3,19.9,882500.0,1387436.5971699206,1333909.621753726,1286649.5547815606,True
Ringwood,h,Eastern Metropolitan,3,19.9,910000.0,1283938.2842842296,1145417.450657376,1137958.851672211,True
Ringwood East,h,Eastern Metropolitan,3,21.3,777000.0,1157465.299614802,1101018.2910773752,1116460.8903884746,True
Roxburgh Park,h,Northern Metropolitan,3,20.6,510000.0,491881.61044985027,517203.17582556716,539742.2404933424,True
Sandringham,h,Southern Metropolitan,3,15.2,1651000.0,1087493.348816888,1034956.5065185396,958654.7526355991,True
Sandringham,u,Southern Metropolitan,2,15.2,770000.0,755910.1939712735,628573.5034690006,669735.2390634085,True
Scoresby,h,Eastern Metropolitan,4,22.2,1040000.0,2078573.8211495357,1388376.7806839035,1487980.1970166024,True
Scoresby,h,Eastern Metropolitan,4,22.2,1120000.0,1718503.949161874,1330163.8580455142,1367074.9148548166,True
Seddon,u,Western Metropolitan,3,5.1,886000.0,866963.7611729546,836382.1005889993,839726.8517101165,False
South Morang,h,Northern Metropolitan,3,20.5,601000.0,715652.7494807283,544169.6852914306,600771.3267789378,True
South Morang,h,Northern Metropolitan,4,20.5,810000.0,833694.4152293316,650115.2480264029,736993.5076740275,True
South Morang,h,Northern Metropolitan,5,20.5,945000.0,890493.0763951079,737570.2601255209,757760.2445472283,True
South Morang,h,Northern Metropolitan,3,20.5,500000.0,670251.2897386501,485207.868433028,579621.8474816879,True
South Yarra,u,Southern Metropolitan,2,2.7,747500.0,760488.9774543201,688649.395459762,725442.0554821824,False
South Yarra,u,Southern Metropolitan,1,2.7,420000.0,377563.2099711374,400810.53490269516,391406.99468143424,False
South Yarra,u,Southern Metropolitan,2,2.7,460000.0,635922.9878821757,544477.9531936159,625206.3833395157,False
South Yarra,u,Southern Metropolitan,2,2.7,1340000.0,1175227.074828492,1010542.0919385987,1139798.399457034,False
Springvale,u,South-Eastern Metropolitan,2,20.8,580000.0,672506.5938560149,565386.931136698,660389.5846957626,True
Springvale South,h,South-Eastern Metropolitan,3,22.2,700000.0,1132023.8722375259,808308.9660821912,812857.5304304418,True
St Albans,h,Western Metropolitan,3,14.0,627000.0,526265.7284664823,461703.59329619235,479379.60523418,True
St Kilda,u,Southern Metropolitan,1,5.0,360000.0,398810.52715156454,391257.10414702346,384439.66113421833,False
St Kilda,u,Southern Metropolitan,2,5.0,530000.0,540489.9253750993,528470.6086642252,488342.26007124054,False
St Kilda,u,Southern Metropolitan,2,5.0,533000.0,612730.0176410737,704535.794201301,700375.1265401515,False
St Kilda,h,Southern Metropolitan,3,5.0,1180000.0,1285539.879587081,1336451.0607501864,1391545.4922491137,False
Strathmore,h,Western Metropolitan,4,8.2,1220000.0,1170794.8403422448,1255013.4075841787,1286654.3230310967,False
Sunbury,h,Western Metropolitan,3,31.7,500000.0,524419.1254553007,446508.9212724446,518517.17219405563,True
Sunbury,h,Western Metropolitan,3,31.7,438000.0,451226.4003521441,404897.50210434775,483151.1602408642,True
Sunshine,h,Western Metropolitan,3,10.5,910000.0,810817.8847334465,731406.3518306061,813454.4801278913,False
Sunshine North,t,Western Metropolitan,4,10.5,650000.0,676478.4830633639,641632.7373116006,633875.0733394782,False
Sunshine North,h,Western Metropolitan,3,10.5,595000.0,599212.3112050885,549909.232003367,523098.242326217,False
Sunshine West,h,Western Metropolitan,3,10.5,710000.0,676489.4250052952,577735.0014277153,567635.329456199,False
Sunshine West,t,Western Metropolitan,3,10.5,615000.0,558775.8899641733,480571.7295844865,422323.8520889795,False
Sunshine West,h,Western Metropolitan,4,10.5,859000.0,756044.3823963195,757677.3892633321,738042.0277919632,False
Surrey Hills,h,Southern Metropolitan,3,10.2,2225000.0,1966701.446969062,1711097.7737504595,1732473.4833353045,False
Surrey Hills,h,Southern Metropolitan,2,10.2,1950000.0,1260478.9471488483,1179175.987809245,1091005.0062940777,False
Surrey Hills,h,Southern Metropolitan,4,10.2,2550000.0,2146121.280900092,2240570.4114507968,2272216.393691799,False
Surrey Hills,u,Southern Metropolitan,2,10.2,830000.0,613838.7893458336,646268.144924347,634281.7022301208,False
Sydenham,h,Western Metropolitan,4,18.0,740000.0,689131.7225505126,644147.8028952965,612355.8485039667,True
Sydenham,h,Western Metropolitan,3,18.0,620000.0,536809.914823299,478235.76137292106,475962.80654411414,True
Tarneit,h,Western Metropolitan,4,18.4,463500.0,674512.4451270833,748734.8056949691,703260.0854529119,True
Tarneit,h,Western Metropolitan,3,18.4,530000.0,565914.875975599,564353.282524906,546614.1551464138,True
Tarneit,h,Western Metropolitan,3,18.4,446000.0,558692.6810847868,647540.078042321,565255.5173419451,True
Taylors Hill,h,Western Metropolitan,3,18.0,520000.0,558361.4360163059,511705.2449026894,515619.00830596074,True
Taylors Hill,h,Western Metropolitan,3,18.0,530000.0,523455.9275878633,454481.975339117,481088.5566306714,True
Taylors Hill,h,Western Metropolitan,5,18.0,725500.0,772011.5428139708,716206.8364016531,801781.7079819023,True
Taylors Lakes,h,Western Metropolitan,4,15.5,688000.0,636535.8655388933,623410.225938623,639378.9204856227,True
Taylors Lakes,h,Western Metropolitan,3,15.5,630000.0,602986.3618621517,598110.1147940526,598746.3342099615,True
Taylors Lakes,h,Western Metropolitan,4,15.5,800000.0,762736.1217378696,746168.6042494306,756965.459163828,True
Taylors Lakes,h,Western Metropolitan,3,15.5,760000.0,577568.242564098,537280.9667317396,529840.6794596281,True
Taylors Lakes,t,Western Metropolitan,3,15.5,502000.0,493890.37895237707,406388.18264380563,422250.7916380501,True
Templestowe,h,Eastern Metropolitan,4,15.5,1275000.0,1102075.1317606156,920176.5177901179,884643.611819017,True
Templestowe,h,Eastern Metropolitan,5,15.5,1300000.0,1094468.4030992577,1262003.5670957097,1090933.5057420146,True
Templestowe Lower,h,Eastern Metropolitan,4,12.4,1215000.0,1214417.9465237416,1249025.9141093951,1139058.7553294003,False
Templestowe Lower,h,Eastern Metropolitan,4,12.4,1320000.0,1267313.1166591288,1350609.5409198517,1270776.7267701232,False
Templestowe Lower,t,Eastern Metropolitan,2,12.4,731000.0,671610.25237024,648238.5395669689,634892.3267735627,False
Thomastown,h,Northern Metropolitan,3,15.3,651000.0,426683.17521101434,433329.3714190775,469703.5875823567,True
Thomastown,h,Northern Metropolitan,3,15.3,631000.0,436184.51285232755,441470.3643637868,504633.694107925,True
Thomastown,h,Northern Metropolitan,3,15.3,715500.0,485437.7115990762,485404.0714350062,528560.5319112993,True
Thornbury,h,Northern Metropolitan,3,7.0,1110000.0,1067577.6175873545,1043983.9365518031,1041618.0176044912,False
Toorak,u,Southern Metropolitan,2,4.1,735000.0,684184.9515910723,683588.9500602185,689691.1224100764,False
Toorak,u,Southern Metropolitan,2,4.1,920000.0,821991.8305420459,791527.4882934503,806812.7383051129,False
Toorak,u,Southern Metropolitan,1,4.1,350000.0,388237.08700521546,402370.3668732489,394433.5571407902,False
Tullamarine,h,Western Metropolitan,3,12.9,822000.0,764898.2579588735,739742.703277775,776180.0320605137,True
Vermont,h,Eastern Metropolitan,3,17.2,988000.0,1221591.020395647,1038210.3775423829,1135033.8458419119,True
Wantirna South,h,Eastern Metropolitan,3,14.7,855000.0,1239858.994122875,1120652.3690807128,1128870.4098283607,True
Wantirna South,t,Eastern Metropolitan,3,14.7,630000.0,811226.0129057922,666472.7651733863,730514.5716536104,True
Watsonia,h,Northern Metropolitan,3,14.5,830000.0,669790.8365119639,672073.1813196469,656633.3825909195,False
Watsonia North,h,Northern Metropolitan,3,14.5,710000.0,699464.4319652898,658110.9496863601,675382.8239880597,True
Watsonia North,h,Northern Metropolitan,3,14.5,850000.0,810012.4961362304,750646.9594589811,741413.1876537062,True
Werribee,h,Western Metropolitan,3,14.7,383000.0,589486.3586705469,651006.685553245,663926.5965644985,True
Werribee,h,Western Metropolitan,4,14.7,463000.0,696537.1234488663,800844.3751637251,764322.3698465725,True
Werribee,h,Western Metropolitan,3,14.7,471500.0,595153.6185610547,674748.6132416753,684973.396294353,True
Werribee,h,Western Metropolitan,3,14.7,412500.0,595202.9448434877,680818.778272477,685660.8202458547,True
Werribee,h,Western Metropolitan,3,14.7,452000.0,582813.7474955348,654591.6697992885,635845.2883469351,True
Werribee,h,Western Metropolitan,4,14.7,665000.0,776347.4871321535,851749.4130059495,992713.9804917302,True
Werribee,h,Western Metropolitan,3,14.7,485000.0,667529.0976914464,638449.6100487363,716895.6548014864,True
Werribee,h,Western Metropolitan,4,14.7,510000.0,709317.1734448184,724649.9173811997,809221.5696073595,True
West Footscray,h,Western Metropolitan,3,6.4,850000.0,955817.1526904706,865694.5189990887,925870.8231136237,False
West Footscray,h,Western Metropolitan,3,6.4,915000.0,860772.1675098852,860712.9133973499,924309.8220733752,False
Wheelers Hill,h,South-Eastern Metropolitan,5,16.7,1591000.0,1353388.5412179409,1406299.6847326523,1419239.417520738,True
Wheelers Hill,h,South-Eastern Metropolitan,5,16.7,1490000.0,1263868.758950605,1176502.4432605763,1074521.0793916623,True
Williamstown,h,Western Metropolitan,4,6.8,1440000.0,1299547.2466094422,1447805.826895888,1558230.049232137,False
Wollert,h,Northern Metropolitan,3,25.5,400000.0,488766.13458658586,462101.7482405226,465375.47742954124,True
Yarra Glen,h,Northern Victoria,3,31.4,620000.0,927432.2122864856,614809.4379807665,646289.8519798304,True
Yarraville,h,Western Metropolitan,2,6.3,900000.0,810967.9729300558,987285.6959928387,1002696.9611757121,False
Yarraville,h,Western Metropolitan,4,6.3,1407000.0,1184294.5180255426,1152299.9540417918,1097478.2635308728,False
Yarraville,h,Western Metropolitan,2,6.3,1044000.0,874862.4828262533,791547.059547151,875000.5991220005,False
Airport West,t,Western Metropolitan,3,10.4,780000.0,695339.9798338294,756932.2251386406,698020.8222260127,False
Albanvale,h,Western Metropolitan,3,14.0,555000.0,545879.6086859487,524370.3427897509,492062.7930722134,True
Albion,h,Western Metropolitan,3,10.5,613000.0,619178.2069634694,587008.0377284791,567345.7962968616,False
Albion,t,Western Metropolitan,2,10.5,340000.0,472957.65445535566,396087.3999939675,369420.1943581108,False
Albion,t,Western Metropolitan,3,10.5,580000.0,505852.7257712483,471270.65684073995,511135.21787686425,False
Ardeer,h,Western Metropolitan,3,12.8,627000.0,684518.8193691672,678812.5238012981,675686.1639806248,True
Armadale,u,Southern Metropolitan,1,6.3,380000.0,372310.5246549259,410295.77124628803,392301.66614824545,False
Armadale,u,Southern Metropolitan,2,6.3,631500.0,595015.976707307,631416.3384231499,597111.3702482544,False
Ascot Vale,t,Western Metropolitan,3,4.3,1185000.0,951465.313478007,1010747.9930468074,960680.7875791169,False
Ashwood,h,Southern Metropolitan,4,10.2,1540000.0,1773163.742806871,1855574.4040259884,1663274.0006720233,False
Aspendale,h,South-Eastern Metropolitan,4,21.5,1510000.0,925962.0476158665,844647.3036615308,819957.4670296602,True
Balwyn,h,Southern Metropolitan,5,7.9,3812000.0,2535822.2650796734,2854313.9935308173,2827779.9106481625,False
Balwyn,t,Southern Metropolitan,4,7.9,1450000.0,1404764.1757775042,1517528.1443871288,1482962.2302558848,False
Balwyn North,u,Southern Metropolitan,3,9.7,1600000.0,985939.1119139337,1092870.616009917,1013254.3886596798,False
Balwyn North,u,Southern Metropolitan,2,9.7,950000.0,758400.2282105904,629938.9997074573,686419.1833979505,False
Balwyn North,h,Southern Metropolitan,4,9.7,1755000.0,1872900.2437765147,1882908.0169019306,1856330.6440140218,False
Bayswater,h,Eastern Metropolitan,3,23.2,606000.0,976451.8169043019,833644.2624826472,815634.27490843,True
Beaconsfield,u,Eastern Victoria,3,39.0,537000.0,727111.0612065986,623850.5711327635,631524.4066188806,True
Beaumaris,t,Southern Metropolitan,3,17.3,900000.0,829166.2997016797,804210.1202194827,806137.7051552805,True
Beaumaris,h,Southern Metropolitan,3,17.3,1500000.0,1056849.8507039808,1094257.0159981176,1051149.6405544216,True
Bentleigh,t,Southern Metropolitan,3,11.4,1435000.0,1178510.1311537472,1154982.8896995168,1198945.3109012716,False
Bentleigh East,u,Southern Metropolitan,2,13.8,592000.0,647547.713820254,616341.9603937892,617185.8480182949,False
Bentleigh East,h,Southern Metropolitan,3,13.8,900000.0,902866.6183314922,940539.7202286792,918692.9119431274,False
Bentleigh East,h,Southern Metropolitan,4,13.8,1780000.0,1317592.8127155667,1305301.4717507814,1406317.2220952278,False
Bentleigh East,t,Southern Metropolitan,3,13.8,1260000.0,1022764.7294306676,976073.9682308467,1038864.6761294293,False
Berwick,h,Eastern Victoria,3,35.2,620000.0,1265378.5991775524,956413.9960886361,1037997.2042457196,True
Black Rock,u,Southern Metropolitan,2,17.3,600000.0,586683.6099567853,522501.24177022517,530141.4673410814,True
Black Rock,t,Southern Metropolitan,3,17.3,1215000.0,1088891.9759329653,1071026.8968541971,1042620.8014906571,True
Blackburn South,u,Eastern Metropolitan,2,13.4,615000.0,561873.7324142118,571881.403057263,524521.3415743753,True
Boronia,h,Eastern Metropolitan,3,25.0,790000.0,1322187.5441233432,1239048.0232830865,1303958.636553669,True
Boronia,h,Eastern Metropolitan,4,25.0,770000.0,1359279.43957693,1059576.625664733,1115835.8103069242,True
Box Hill,h,Eastern Metropolitan,4,10.9,1831000.0,1438457.5901159064,1399260.3873241583,1455407.8166162411,False
Braybrook,h,Western Metropolitan,3,8.6,800000.0,867890.8606312298,804616.0607652928,813076.7423517685,False
Brighton,u,Southern Metropolitan,2,10.5,845000.0,649122.7517704805,643915.7290665887,691693.261092686,False
Brighton,u,Southern Metropolitan,1,10.5,495000.0,453238.30182609346,453522.6693847615,477070.3814973402,False
Brighton,u,Southern Metropolitan,2,10.5,760000.0,719613.8912645944,632864.0133251908,622118.86064654,False
Brighton,h,Southern Metropolitan,3,10.5,1240000.0,1384231.4380137455,1504279.4754386481,1357967.3242447008,False
Broadmeadows,h,Northern Metropolitan,3,14.0,586000.0,560094.8055791791,551144.0988344246,536937.0771645729,True
Broadmeadows,h,Northern Metropolitan,4,14.0,706000.0,657874.3705147193,579901.3483397075,666067.3240609587,True
Broadmeadows,h,Northern Metropolitan,3,14.0,550000.0,565431.3879887231,564604.5431192208,526970.9113813611,True
Brookfield,h,Western Victoria,4,29.8,456000.0,607857.4461058177,594738.2959708136,676022.5108295834,True
Brooklyn,u,Western Metropolitan,2,6.4,555000.0,694918.6236232196,558200.7316635225,601916.0384224523,False
Brunswick,h,Northern Metropolitan,2,5.2,650000.0,615617.5223028614,614742.0110262827,627431.8785069191,False
Brunswick,h,Northern Metropolitan,4,5.2,1080000.0,1238825.9917361143,1094473.5219313395,1045214.79200245,False
Brunswick East,h,Northern Metropolitan,2,4.0,620000.0,877634.9720911342,922016.494732077,864335.7114689891,False
Brunswick East,h,Northern Metropolitan,2,4.0,683000.0,763685.8002150495,846898.1826077811,734188.3464981191,False
Brunswick East,h,Northern Metropolitan,2,4.0,501000.0,696127.2201537014,744911.3495742833,664266.0016427209,False
Brunswick East,u,Northern Metropolitan,2,4.0,615000.0,540360.041931069,512785.7427943128,521251.5345906505,False
Brunswick East,h,Northern Metropolitan,2,4.0,1220000.0,1006200.7019124649,1160601.2227642487,1165099.2761636947,False
Brunswick West,h,Northern Metropolitan,2,5.2,1150000.0,1007110.5785739084,1058947.1313235434,1132794.8569685875,False
Brunswick West,u,Northern Metropolitan,2,5.2,400000.0,567480.5095937236,507741.81466437795,496496.5520677633,False
Burwood,h,Southern Metropolitan,3,10.4,1750500.0,1639974.8958145063,1640702.038193366,1579272.0502706366,False
Burwood East,u,Eastern Metropolitan,3,14.7,835000.0,907928.1122330533,780141.50261925,855360.5602723939,True
Cairnlea,h,Western Metropolitan,3,14.8,640000.0,560357.0997358117,538700.3255891418,523091.7507748913,True
Camberwell,t,Southern Metropolitan,3,7.7,1280000.0,1262808.120562561,1302905.4556171831,1355235.6993825305,False
Camberwell,h,Southern Metropolitan,5,7.7,2400000.0,2199755.0230186223,1770559.3140234316,1882401.8571024365,False
Camberwell,u,Southern Metropolitan,2,7.7,682000.0,695494.2729150928,671624.3837407685,713937.9308487213,False
Camberwell,h,Southern Metropolitan,4,7.7,2500000.0,2278306.9582275,2398882.6332752244,2431653.696964155,False
Camberwell,u,Southern Metropolitan,3,7.7,682000.0,753085.611959243,906520.5191078453,902082.9142751248,False
Camberwell,u,Southern Metropolitan,2,7.7,600800.0,551694.2327983789,574331.0265389275,581114.3436308521,False
Carlton,h,Northern Metropolitan,3,1.6,920000.0,1348819.0024406298,1193302.954648792,1154858.6045876862,False
Carlton North,h,Northern Metropolitan,2,3.5,1690000.0,1196101.5816826033,1174279.780154189,1230690.18416569,False
Carnegie,u,Southern Metropolitan,2,10.1,680000.0,733467.7208224271,656590.7863736539,679864.4060240792,False
Carnegie,u,Southern Metropolitan,1,10.1,316000.0,318335.83804329607,261580.831270882,276490.75323274947,False
Carnegie,u,Southern Metropolitan,3,10.1,1151000.0,980316.6166466664,954677.7526228988,929639.145519957,False
Caroline Springs,h,Western Metropolitan,3,14.8,518000.0,507127.24647701305,428583.6641361033,445293.11536873376,True
Carrum,h,South-Eastern Metropolitan,3,31.2,625000.0,1132279.6069428895,724471.8557692164,909342.5113393267,True
Carrum Downs,h,South-Eastern Metropolitan,3,34.9,480000.0,998327.6914013494,770517.9193600211,812738.0839376013,True
Chadstone,t,Southern Metropolitan,5,11.7,1050000.0,1086589.979173257,1035027.3988916432,1023662.2585587897,False
Chelsea,h,South-Eastern Metropolitan,3,27.0,750000.0,919093.4746489485,713959.2882814799,687838.3192085159,True
Chelsea Heights,h,South-Eastern Metropolitan,5,27.0,835500.0,1375651.1787242144,1179163.6041303258,1378233.8915312607,True
Cheltenham,h,Southern Metropolitan,4,17.9,1740000.0,1498612.663182647,1451784.6318742773,1327183.3877348048,True
Cheltenham,u,Southern Metropolitan,2,17.9,560000.0,718890.7791716817,630932.5719328178,678643.5890717413,True
Cheltenham,t,Southern Metropolitan,2,17.9,751000.0,746689.454957661,646327.4916264744,666607.07574508,True
Clarinda,h,South-Eastern Metropolitan,5,17.5,976000.0,1102200.956132425,1018886.1317858963,989998.9714473691,True
Clifton Hill,h,Northern Metropolitan,4,3.6,1662500.0,1669063.4224202796,1679248.1987392963,1710481.6802445496,False
Clifton Hill,u,Northern Metropolitan,2,3.6,591000.0,509790.2511833975,501590.9648079045,478536.58112645836,False
Coburg,h,Northern Metropolitan,2,6.7,650000.0,766836.128940665,668788.4894312333,744071.1556797833,False
Coburg,h,Northern Metropolitan,4,6.7,1400000.0,1090060.4537441214,1273822.0167286578,1156922.866021565,False
Coburg,h,Northern Metropolitan,2,6.7,996000.0,861751.2035719042,827237.6071586754,835902.4671889141,False
Coburg,u,Northern Metropolitan,1,6.7,430000.0,298415.9014249676,351298.463989661,372284.5315337963,False
Coburg North,h,Northern Metropolitan,4,6.7,1011000.0,1103325.7911093216,1168079.4235120253,1153872.4343373226,False
Coburg North,h,Northern Metropolitan,3,6.7,770000.0,1032217.6437569594,957578.6615505066,1029622.9268308694,False
Coburg North,t,Northern Metropolitan,3,6.7,830000.0,880690.5370038046,841872.083624639,868666.0434144725,False
Coolaroo,h,Northern Metropolitan,3,17.4,455000.0,422281.7652357217,428398.4411202685,441457.11530179,True
Craigieburn,h,Northern Metropolitan,4,20.6,510000.0,608313.0897119995,394245.99408013985,532084.2063866911,True
Craigieburn,h,Northern Metropolitan,4,20.6,590000.0,675652.4049261329,562535.0816580075,676282.8958063466,True
Craigieburn,h,Northern Metropolitan,3,20.6,390000.0,447249.99143090507,409371.73231076816,430906.0549066296,True
Cranbourne North,h,South-Eastern Metropolitan,4,34.7,500000.0,1104081.810984935,946929.9398470015,908003.565309492,True
Croydon,h,Eastern Metropolitan,2,23.0,1150000.0,1502163.9724881481,1067957.8136927455,894826.0657237578,True
Croydon,h,Eastern Metropolitan,3,23.0,745000.0,937254.5685882551,917034.0807479518,870479.2384708218,True
Croydon,h,Eastern Metropolitan,3,23.0,928000.0,1339456.4021645735,1182905.4720704649,1253950.4805064376,True
Croydon Hills,h,Eastern Metropolitan,4,23.0,1020000.0,1463994.4862458706,1321649.377210673,1578486.6677793697,True
Dandenong North,u,South-Eastern Metropolitan,4,24.7,617000.0,900222.5321586998,715160.2558307827,824433.1035387225,True
Doncaster,h,Eastern Metropolitan,3,12.4,1420000.0,1389083.4348868767,1250341.780481959,1359909.8393467313,False
Doncaster East,h,Eastern Metropolitan,3,14.3,1120000.0,1199031.941368998,1143036.9042564018,1164760.114366986,True
Doncaster East,h,Eastern Metropolitan,6,14.3,1655000.0,1328574.1380319844,1323922.8571674714,1168974.508061357,True
Doncaster East,t,Eastern Metropolitan,3,14.3,970000.0,926861.4120235848,890434.9502881817,842888.0906975919,True
Doncaster East,h,Eastern Metropolitan,4,14.3,1225000.0,1295662.9047461303,1108478.5807638764,1194837.7788945963,True
Doncaster East,t,Eastern Metropolitan,3,14.3,1120000.0,890270.7996226854,752734.9512468443,749626.8202723779,True
Doncaster East,h,Eastern Metropolitan,3,14.3,1460000.0,1210206.2553086793,1096735.1892135062,1053247.611844384,True
Doreen,h,Northern Victoria,4,25.9,500000.0,809310.0924148083,662080.9287421985,635691.4636899885,True
Doreen,h,Northern Victoria,4,25.9,531000.0,786403.0664224977,569022.1857225363,662053.0629513569,True
Doveton,h,South-Eastern Metropolitan,3,28.8,508000.0,1136102.38470758,1013923.4284663844,1006427.0783039371,True
Doveton,h,South-Eastern Metropolitan,3,28.8,450000.0,1035802.3964919391,807113.7932240143,721930.9788861532,True
Eaglemont,h,Eastern Metropolitan,4,8.9,3300000.0,2288047.9087599493,2264388.214163925,2301944.6626402102,False
Edithvale,u,South-Eastern Metropolitan,4,27.0,700000.0,850445.4238576542,622047.3963928026,667385.2118371007,True
Elsternwick,u,Southern Metropolitan,2,7.2,834500.0,725913.1615553328,779155.5578302604,761862.271141204,False
Eltham North,h,Eastern Metropolitan,4,18.0,850000.0,932004.5994908733,839212.3649053521,762546.4646522347,True
Eltham North,h,Eastern Metropolitan,4,18.0,920000.0,1445247.6712397905,1363038.8500212743,1095207.2580379543,True
Eltham North,h,Eastern Metropolitan,5,18.0,850000.0,973326.8209006179,900279.7765282702,834096.2336291434,True
Elwood,u,Southern Metropolitan,2,7.2,930000.0,668698.1395005721,721531.0890861852,695485.0187378612,False
Elwood,u,Southern Metropolitan,2,7.2,720000.0,812296.828252811,831828.8057521022,874833.7135106975,False
Elwood,t,Southern Metropolitan,3,7.2,1035000.0,1051402.8919787803,1222894.92570573,1061298.1306147964,False
Elwood,h,Southern Metropolitan,3,7.2,1820000.0,1375051.316144332,1534713.7851095663,1544839.2074739279,False
Elwood,t,Southern Metropolitan,2,7.2,710000.0,800839.5714148317,743730.2556091332,744926.7595244263,False
Elwood,u,Southern Metropolitan,2,7.2,715000.0,592171.2511575213,626388.7971382712,643000.3445859521,False
Emerald,h,Eastern Victoria,2,36.9,655000.0,1476974.385607864,788375.5985172548,822711.5809413119,True
Endeavour Hills,h,South-Eastern Metropolitan,3,28.5,630000.0,1120183.8491772374,883492.144432369,795154.5940589439,True
Endeavour Hills,h,South-Eastern Metropolitan,5,28.5,1015000.0,1286286.4555361245,1056825.3472334945,1050287.4611828735,True
Endeavour Hills,h,South-Eastern Metropolitan,3,28.5,676000.0,1266277.3204780738,955324.5166701331,956598.8839071633,True
Endeavour Hills,h,South-Eastern Metropolitan,3,28.5,580000.0,1138940.8363518366,959508.6215411891,986722.0938977195,True
Epping,h,Northern Metropolitan,4,19.6,658000.0,667989.1508825575,507417.19460538577,595019.5132564367,True
Epping,h,Northern Metropolitan,3,19.6,500000.0,499536.35452745063,471716.99791992194,538085.770645821,True
Epping,h,Northern Metropolitan,3,19.6,560000.0,499182.2732077298,504215.28742971725,525310.3139282647,True
Epping,u,Northern Metropolitan,2,19.6,503000.0,574426.3709324574,420213.37574613234,547638.6890816384,True
Essendon,u,Western Metropolitan,2,7.5,468000.0,450562.3610194512,496538.4274391082,478038.77917007916,False
Essendon,t,Western Metropolitan,3,7.5,1002000.0,867884.9619858478,926007.1464236816,897490.3808900442,False
Essendon,h,Western Metropolitan,3,7.5,1315000.0,949201.8890036327,1096524.9574854756,1056455.34145566,False
Essendon,u,Western Metropolitan,2,7.5,550000.0,475638.6097299951,543632.8413209846,514916.7929387164,False
Essendon,h,Western Metropolitan,3,7.5,1875000.0,1285521.112198829,1342275.4745159468,1368677.7541088809,False
Fairfield,h,Northern Metropolitan,3,5.7,1800000.0,1439573.7263422394,1377817.8843799836,1443230.3143932004,False
Fawkner,h,Northern Metropolitan,3,13.1,661000.0,626728.6437733104,664898.7559196209,613375.7658619273,False
Ferntree Gully,h,Eastern Metropolitan,3,24.8,861000.0,1272096.4581122925,1037936.7094576919,1077934.7905148414,True
Ferntree Gully,h,Eastern Metropolitan,3,24.8,760000.0,1363408.664816162,1140798.1101303597,1304937.6611627096,True
Ferntree Gully,h,Eastern Metropolitan,4,24.8,890000.0,1355900.42625159,1110400.7086568645,1195547.0145617824,True
Footscray,u,Western Metropolitan,2,5.1,370000.0,419910.3295226937,414357.72109106276,410774.1510572175,False
Footscray,h,Western Metropolitan,2,5.1,957000.0,814484.8247599667,785822.012790849,753593.1980524907,False
Frankston,u,South-Eastern Metropolitan,2,38.0,266000.0,502871.4935018305,377346.0486511487,446510.4674207117,True
Frankston,h,South-Eastern Metropolitan,4,38.0,680000.0,1339475.45425839,1082802.9038100627,905461.655965714,True
Frankston,h,South-Eastern Metropolitan,3,38.0,655000.0,1144024.414646755,835564.4765276175,816437.6754596035,True
Frankston North,h,Eastern Victoria,3,36.9,570000.0,1162686.0790116724,825946.537250693,813231.8951909605,True
Frankston South,h,South-Eastern Metropolitan,4,38.0,945000.0,1407941.8349310486,1196463.8036181189,1289081.26621161,True
Glen Huntly,u,Southern Metropolitan,2,10.1,450000.0,566905.3936773251,561360.1166531532,617721.9489704744,False
Glen Iris,h,Southern Metropolitan,4,7.3,1908000.0,2049306.963902482,1930364.7309580247,1821339.3887371405,False
Glen Iris,t,Southern Metropolitan,2,7.3,955000.0,879521.4975552318,766993.7318623888,792081.4231828224,False
Glen Waverley,h,Eastern Metropolitan,4,16.7,1200000.0,1326602.7252663842,1156992.042687102,1156536.0956800685,True
Glen Waverley,h,Eastern Metropolitan,3,16.7,1130000.0,1293740.973425276,1024412.0621793348,1182194.1667417935,True
Glenroy,h,Northern Metropolitan,3,11.2,820000.0,731398.4091438028,764252.2896710323,789780.3120997105,False
Glenroy,h,Northern Metropolitan,3,11.2,760000.0,646775.2026298526,675296.0320770976,652591.1573871128,False
Glenroy,h,Northern Metropolitan,3,11.2,680000.0,568160.8815732301,585797.4701054966,574142.4710516329,False
Glenroy,h,Northern Metropolitan,3,11.2,629500.0,610332.3329168214,637518.7729313746,586033.97966583,False
Gowanbrae,h,Western Metropolitan,3,12.9,900000.0,637457.5287635473,656550.026468882,620575.5610101554,False
Greensborough,h,Northern Metropolitan,4,16.1,770000.0,907876.9522704992,860389.6183829722,702963.1363289426,True
Greensborough,h,Northern Metropolitan,4,16.1,887500.0,835527.7223923283,704180.8461600036,720312.4045066868,True
Greensborough,h,Northern Metropolitan,4,16.1,900000.0,943445.542757328,925857.2399921281,816654.8169038233,True
Hadfield,h,Northern Metropolitan,3,11.2,860000.0,729493.6120132728,773680.8603929016,746567.1090534839,False
Hawthorn,u,Southern Metropolitan,2,5.3,580000.0,582347.9303166241,612694.6603019463,594438.7604824242,False
Hawthorn,u,Southern Metropolitan,2,5.3,840000.0,634678.928696133,625352.1180944002,646622.3817052285,False
Hawthorn,h,Southern Metropolitan,3,5.3,1460000.0,1396820.0588980187,1382233.5319654937,1393307.6914382898,False
Hawthorn East,u,Southern Metropolitan,2,6.2,400000.0,546221.602768021,518611.9845198954,491375.2403121442,False
Heathmont,h,Eastern Metropolitan,3,21.3,901000.0,1253912.2784307967,1111638.8103344676,1087221.0937790393,True
Heidelberg,t,Eastern Metropolitan,3,8.9,835000.0,763768.0010297839,753487.1105799095,704646.3886172791,False
Highett,h,Southern Metropolitan,3,16.0,1257000.0,1033393.6621674688,1082872.3286542625,1072268.1550264184,True
Highett,t,Southern Metropolitan,3,16.0,1200000.0,1026902.3372164756,911071.8911195551,987392.6484595437,True
Highett,t,Southern Metropolitan,3,16.0,1030000.0,1022882.6502613354,1011894.6248737341,875424.8216920272,True
Highett,h,Southern Metropolitan,3,16.0,1260000.0,991563.5488399708,1121978.741961638,1101248.292957489,True
Highett,t,Southern Metropolitan,4,16.0,1200000.0,1109342.6551724658,1290960.5450046705,1184628.6015845789,True
Highett,h,Southern Metropolitan,2,16.0,1150000.0,1005903.7153177628,887078.9600000454,891561.0493248008,True
Hillside,u,Western Metropolitan,3,18.0,485000.0,631737.8068622102,476416.73242703103,517417.95110414375,True
Hillside,h,Western Metropolitan,4,18.0,618350.0,667166.4850353419,559172.8997651582,672655.2082694044,True
Hoppers Crossing,h,Western Metropolitan,3,18.4,540000.0,683257.2244683696,776916.901931553,820176.6497232317,True
Huntingdale,h,Southern Metropolitan,3,12.3,990000.0,1117183.7593467936,935696.0290080798,1063102.755335811,True
Ivanhoe,h,Eastern Metropolitan,4,7.8,2250000.0,1722943.6787167685,1709324.8093707967,1718697.9380198985,False
Ivanhoe,h,Eastern Metropolitan,4,7.8,2530000.0,1869124.7329073239,1545875.4367315976,1536059.6032699088,False
Jacana,h,Northern Metropolitan,3,14.0,620500.0,557224.2564404657,554193.8796083789,584321.1163368274,False
Keilor East,h,Western Metropolitan,4,11.7,1475000.0,983223.2687213434,1111247.2163529072,977580.6284787855,False
Keilor Park,h,Western Metropolitan,3,10.4,750000.0,987586.9735861041,1040208.6314028499,891047.5693721634,False
Keilor Park,h,Western Metropolitan,5,10.4,765000.0,946508.8908405381,1007994.2022011937,892289.4509140232,False
Kensington,u,Northern Metropolitan,2,3.4,445000.0,477213.990085923,454937.3563708563,450694.02725033305,False
Kensington,u,Northern Metropolitan,2,3.4,501000.0,530519.3359092728,501776.6950176859,526372.2749866577,False
Kensington,h,Northern Metropolitan,3,3.4,1060000.0,1378593.3008353307,1165071.348802655,1272556.4346814721,False
Kew,t,Southern Metropolitan,3,5.4,1405000.0,1461716.56223955,1516812.2388652395,1528715.0340146024,False
Kew,h,Southern Metropolitan,4,5.4,3015000.0,2768120.8762649684,2916583.789224715,2947808.69589622,False
Kew East,h,Southern Metropolitan,3,7.3,1500000.0,1726892.6991154093,1571797.4303539395,1653082.2268495532,False
Keysborough,h,South-Eastern Metropolitan,3,25.2,745000.0,1012488.9868555868,741925.2973587244,746332.0681679543,True
Keysborough,h,South-Eastern Metropolitan,3,25.2,725000.0,1074711.205641572,835666.9085074635,839390.3993787167,True
Kingsville,u,Western Metropolitan,1,6.4,216000.0,241989.9246434329,244740.99793192474,269344.9411132989,False
Knoxfield,h,Eastern Metropolitan,5,23.3,1070000.0,1365332.373472102,1168353.9218559926,1012693.9683183086,True
Kurunjang,h,Northern Victoria,3,31.7,375000.0,510891.3882071578,463787.33501385053,503336.13574270456,True
Lalor,u,Northern Metropolitan,2,16.3,444000.0,432862.48771394393,365003.35102354514,391238.2533379283,True
Lalor,h,Northern Metropolitan,3,16.3,544000.0,453681.3892569401,435516.97195533215,482025.4542601357,True
Lalor,h,Northern Metropolitan,3,16.3,580500.0,486512.685749863,461920.46604675247,483341.70441409806,True
Lalor,h,Northern Metropolitan,4,16.3,710000.0,576681.8610375404,486597.136298857,558065.9809032353,True
Lalor,h,Northern Metropolitan,3,16.3,700000.0,427564.1420151465,428680.8890341309,466535.2307369092,True
Langwarrin,h,Eastern Victoria,3,41.0,565500.0,955805.3892550055,724268.752623569,769912.485524616,True
Lower Plenty,h,Eastern Metropolitan,4,14.6,1129000.0,1027780.4491311327,1157258.1955814876,1157907.6910171323,True
Maidstone,t,Western Metropolitan,3,6.4,670000.0,839391.8324134686,665704.9051224916,743842.6669533548,False
Maidstone,t,Western Metropolitan,4,6.4,821000.0,955163.4221194063,865985.5417412838,906012.9962315857,False
Meadow Heights,t,Northern Metropolitan,3,17.4,360000.0,445649.500032162,375250.7861909302,403075.43468698487,True
Meadow Heights,h,Northern Metropolitan,3,17.4,510000.0,477855.8977053675,497427.4798484593,539100.1942528337,True
Melbourne,u,Northern Metropolitan,2,0.0,565000.0,661713.7247269782,577794.8863540837,669096.1495183115,False
Melbourne,u,Northern Metropolitan,2,0.0,540000.0,600571.6940323657,419817.8083347921,455147.03239281086,False
Melton South,h,Western Victoria,3,29.8,300000.0,502906.69151691394,530986.7655001255,512062.9397466158,True
Melton South,h,Western Victoria,3,29.8,385000.0,605103.1049028952,580456.7824273591,560197.5684157565,True
Melton West,h,Northern Victoria,4,31.7,427500.0,660791.6899124209,549295.3086229436,600473.4870794136,True
Mentone,u,South-Eastern Metropolitan,2,20.0,641000.0,517158.2440577213,496591.4598579806,506142.02272612916,True
Mill Park,h,Northern Metropolitan,3,17.9,668000.0,535972.4267324057,529654.1403546754,580884.5232204476,True
Mill Park,h,Northern Metropolitan,3,17.9,650000.0,795820.5200865646,610869.5823921014,619876.6950173046,True
Mill Park,h,Northern Metropolitan,2,17.9,490000.0,457211.137170057,414909.8535318934,520137.4836735113,True
Mill Park,h,Northern Metropolitan,4,17.9,800000.0,859458.20895168,699079.9841156305,733178.506194269,True
Mill Park,h,Northern Metropolitan,5,17.9,955000.0,861443.201814842,698026.6894824875,772166.1406498054,True
Mill Park,h,Northern Metropolitan,3,17.9,635000.0,692122.2596535041,519751.42550900666,561783.6350561439,True
Mont Albert,t,Eastern Metropolitan,3,10.2,943000.0,959492.0127434578,978469.7480476599,1088256.8065216674,False
Moonee Ponds,h,Western Metropolitan,4,6.2,1400000.0,1266949.7972043667,1237477.1242320638,1178818.576242336,False
Moonee Ponds,h,Western Metropolitan,3,6.2,1245000.0,952589.7587123412,1004834.35614448,1011157.0598016807,False
Moorabbin,t,Southern Metropolitan,3,14.3,920000.0,879161.7450687762,948726.1609375069,930166.4775604752,False
Mooroolbark,h,Eastern Victoria,3,26.5,696000.0,1323294.774783055,1295960.0495960305,1302050.8976834188,True
Mordialloc,u,South-Eastern Metropolitan,2,21.5,600000.0,492802.2272632908,450839.800545169,454601.324025653,True
Mount Waverley,h,Eastern Metropolitan,3,14.2,1635000.0,1284597.8796688302,1088212.6466343156,1103673.612040807,True
Mount Waverley,h,Eastern Metropolitan,3,14.2,1406000.0,1263879.8380317637,1076562.223938976,1099468.6240191434,True
Mount Waverley,h,Eastern Metropolitan,4,14.2,1640000.0,1487688.3301930365,1320971.1832459886,1595952.9125138645,True
Mulgrave,h,South-Eastern Metropolitan,3,18.8,9000000.0,1183295.5187666344,838998.1664246492,854088.3583417163,True
Mulgrave,h,South-Eastern Metropolitan,3,18.8,1001000.0,1239660.351468312,1051355.2095823407,1165219.7491608113,True
Mulgrave,h,South-Eastern Metropolitan,4,18.8,1030000.0,1093173.0298280332,929404.1492353714,886013.3828458575,True
Murrumbeena,u,Southern Metropolitan,2,10.1,540000.0,439700.59691541985,429305.96341822745,420466.9522613489,False
Murrumbeena,u,Southern Metropolitan,2,10.1,910000.0,762613.091534318,735676.5455961898,778823.3963000721,False
Murrumbeena,u,Southern Metropolitan,1,10.1,295000.0,285141.2053679401,244458.85372635862,265859.37874650373,False
Murrumbeena,h,Southern Metropolitan,3,10.1,1965000.0,1580476.571781594,2004687.245460594,1790398.9350887293,False
Newport,t,Western Metropolitan,3,6.2,950000.0,832455.1958813055,894878.2254681477,891218.5212256464,False
Newport,u,Western Metropolitan,2,6.2,582000.0,489327.9537436866,527536.6665398238,508467.0117332396,False
Noble Park,h,South-Eastern Metropolitan,3,22.7,695000.0,1223557.780092995,897181.5333761211,991326.7041760021,True
North Melbourne,u,Northern Metropolitan,3,1.8,681000.0,661245.3391671515,764601.9489190145,779180.9394798263,False
North Melbourne,h,Northern Metropolitan,2,1.8,1803000.0,1068411.2590239116,1040169.6700864909,1085310.0695877825,False
Northcote,h,Northern Metropolitan,2,5.3,950000.0,772641.1420290503,843516.7023410557,863932.3414101104,False
Northcote,h,Northern Metropolitan,3,5.3,1610000.0,1305692.8837515544,1598143.1948050403,1514994.562374764,False
Northcote,h,Northern Metropolitan,4,5.3,1515000.0,1294041.871176877,1359275.9157431186,1372183.2691081197,False
Nunawading,u,Eastern Metropolitan,2,15.4,725000.0,587625.4535998618,716467.8702367899,656458.9675163197,True
Nunawading,u,Eastern Metropolitan,3,15.4,813000.0,852763.661961301,816159.0973854809,850157.1724036096,True
Oak Park,t,Northern Metropolitan,2,11.2,545000.0,412260.5224013307,384374.16692214407,398803.00392084225,False
Oak Park,h,Northern Metropolitan,4,11.2,1300000.0,936376.6235366213,945492.520412625,932484.2537842564,False
Oak Park,h,Northern Metropolitan,4,11.2,1260000.0,913916.8555017934,946986.5096897219,975140.3163105268,False
Oak Park,h,Northern Metropolitan,4,11.2,921000.0,791889.6454701256,801741.9428871298,806267.7858766443,False
Oakleigh South,h,South-Eastern Metropolitan,3,15.5,1250000.0,1021643.3363756589,980337.3690850039,1025130.6135534205,False
Oakleigh South,h,South-Eastern Metropolitan,3,15.5,840000.0,895532.5230658498,811092.0087850519,740662.3417417308,False
Parkdale,h,South-Eastern Metropolitan,5,21.5,1350000.0,1057490.9674961723,916837.5437924968,818097.2740929249,True
Pascoe Vale,u,Northern Metropolitan,2,8.5,541000.0,471152.343413507,485270.6792526447,478240.4884893334,False
Pascoe Vale,u,Northern Metropolitan,2,8.5,565000.0,519600.2135447667,534267.8156447508,535986.0969634582,False
Pascoe Vale,h,Northern Metropolitan,3,8.5,840000.0,842401.4547950366,720359.1567884884,724285.7729579601,False
Pascoe Vale,h,Northern Metropolitan,3,8.5,940000.0,898276.8174987972,805448.7704406697,855077.6389862935,False
Point Cook,h,Western Metropolitan,4,14.7,620000.0,855565.598475319,896306.9089903384,980736.216793139,True
Point Cook,h,Western Metropolitan,4,14.7,801000.0,767486.6025617241,872718.8699412538,929751.451966785,True
Port Melbourne,h,Southern Metropolitan,2,3.5,1722500.0,1020477.3183921191,979576.5666110263,958164.9953621677,False
Port Melbourne,h,Southern Metropolitan,3,3.5,2730000.0,1627096.5715222366,1517675.6015590061,1561968.8692954509,False
Port Melbourne,h,Southern Metropolitan,3,3.5,1030000.0,1230627.870548149,1321709.1218866312,1200702.1395629873,False
Prahran,u,Southern Metropolitan,2,4.6,520000.0,715265.0323685114,711548.3747123079,724140.8824043055,False
Preston,h,Northern Metropolitan,4,8.4,1485000.0,1030890.7238791565,1042377.0952807594,1051252.8793149234,False
Preston,h,Northern Metropolitan,7,8.4,1350000.0,1002503.3393239635,858670.8841926341,1112949.8041677217,False
Preston,h,Northern Metropolitan,3,8.4,905000.0,933134.2105803423,773579.4383117375,792900.0793772937,False
Preston,h,Northern Metropolitan,3,8.4,1045000.0,862219.8487180106,909211.8827346826,906626.7950282951,False
Reservoir,h,Northern Metropolitan,4,12.0,905000.0,790460.1957215095,778269.6756216811,811376.8458514792,False
Reservoir,h,Northern Metropolitan,2,12.0,875000.0,699020.8298762557,681269.8614326763,687181.0865084357,False
Reservoir,h,Northern Metropolitan,3,12.0,670000.0,614273.4855971428,546448.5534075234,539868.1393444572,False
Reservoir,h,Northern Metropolitan,3,12.0,605000.0,530261.6799726172,507782.62334457494,487390.17789621826,False
Reservoir,t,Northern Metropolitan,2,12.0,672000.0,512588.8330343934,500757.35367651214,493256.19438400917,False
Richmond,u,Northern Metropolitan,2,2.4,660000.0,578234.3975868787,511962.6554542894,475647.53483849304,False
Richmond,h,Northern Metropolitan,3,2.4,1310000.0,1274860.2503269257,1374917.0491056875,1260129.713031175,False
Richmond,u,Northern Metropolitan,2,2.4,666000.0,576261.4946018248,553210.7591694851,544770.9318195282,False
Richmond,u,Northern Metropolitan,1,2.4,330000.0,365794.8086133494,340184.58968927764,318958.6642856507,False
Richmond,u,Northern Metropolitan,2,2.4,927000.0,710655.5448648283,774491.0314047418,812829.8531442803,False
Richmond,u,Northern Metropolitan,2,2.4,575500.0,640243.1524801629,628659.1184033034,621422.0752016602,False
Ringwood East,h,Eastern Metropolitan,3,21.3,1400000.0,1616180.506488099,1388107.8447677232,1408323.159635095,True
Ringwood North,h,Eastern Metropolitan,5,19.9,850000.0,1377747.2577887776,1433781.7674255471,1101740.4324423058,True
Ringwood North,h,Eastern Metropolitan,4,19.9,1005000.0,1421649.1919076964,1365439.114843963,1277079.1196367464,True
Ripponlea,u,Southern Metropolitan,2,7.2,558500.0,510681.32857521076,440620.6191216899,463311.69858215365,False
Roxburgh Park,h,Northern Metropolitan,3,20.6,393200.0,440397.24678223004,417661.39470716956,443324.7612607716,True
Roxburgh Park,h,Northern Metropolitan,3,20.6,460000.0,514198.89284466597,467371.0144603458,482839.8978109272,True
Roxburgh Park,h,Northern Metropolitan,3,20.6,490000.0,499332.25910465827,487838.48495303735,513812.7510939471,True
Sandringham,h,Southern Metropolitan,4,15.2,1660000.0,1376085.1311426796,1288633.6710054707,1448938.771019218,True
Sandringham,h,Southern Metropolitan,4,15.2,1235000.0,1305347.6282179796,1197894.7825119714,1220277.4325293829,True
Seabrook,h,Western Metropolitan,4,15.5,590000.0,727284.4685370142,815122.8972511922,888900.9443961704,True
Seaford,h,South-Eastern Metropolitan,4,35.4,870000.0,1307823.1675068303,1112622.4601444942,1074170.5239420866,True
Seaford,h,South-Eastern Metropolitan,4,35.4,880000.0,1118221.4604924207,901832.1013867543,945761.6546044153,True
Seaholme,u,Western Metropolitan,1,11.0,312000.0,242421.9610341557,260859.2346492223,273197.6452432569,False
Seddon,h,Western Metropolitan,2,5.1,945000.0,786110.1320641458,753308.1469750307,813120.111727623,False
South Kingsville,t,Western Metropolitan,3,6.2,730000.0,893516.6666486624,853185.6916878751,820077.1804532146,False
South Melbourne,h,Southern Metropolitan,3,1.9,2200000.0,1723279.757176824,1687210.1387922221,1551055.6378892683,False
South Melbourne,h,Southern Metropolitan,2,1.9,980000.0,1019525.931561907,873484.9974967986,874538.803995648,False
South Morang,h,Northern Metropolitan,4,20.5,561000.0,747873.0747234697,520042.88511637313,566035.5969707902,True
South Morang,h,Northern Metropolitan,4,20.5,612000.0,808653.5301824112,610624.0172811041,715427.6280950002,True
South Morang,h,Northern Metropolitan,3,20.5,690000.0,819748.6057545241,643405.0930858346,714924.8675154273,True
South Yarra,u,Southern Metropolitan,2,2.7,1090000.0,929636.6978410112,886608.662380364,968638.4233495025,False
South Yarra,u,Southern Metropolitan,2,2.7,570000.0,476112.96119850746,506071.91519019724,480209.85732114787,False
South Yarra,u,Southern Metropolitan,1,2.7,555000.0,459933.99423247424,458947.0715722342,460527.95007185644,False
Southbank,u,Southern Metropolitan,2,0.7,732000.0,618456.1588755836,567637.3433678187,574792.7737446709,False
St Kilda,u,Southern Metropolitan,1,5.0,481000.0,409070.33492281195,468525.5208228957,450242.7101136474,False
St Kilda,u,Southern Metropolitan,2,5.0,600000.0,644233.3402876649,587915.6319666215,586180.6400750278,False
Sunbury,u,Western Metropolitan,2,31.7,360000.0,378853.3154578882,259583.73180967005,306919.3147448864,True
Sunbury,h,Western Metropolitan,4,31.7,597000.0,693929.3050203382,537960.0886485438,617678.9017164736,True
Sunbury,h,Western Metropolitan,3,31.7,475000.0,547061.0356070288,479478.3404161589,569515.660589774,True
Sunbury,h,Western Metropolitan,3,31.7,495000.0,498131.25488360325,459310.7033100274,507306.1307454726,True
Sunshine West,h,Western Metropolitan,3,10.5,695000.0,725289.4110234546,633962.8669130449,668167.8738115717,False
Sunshine West,h,Western Metropolitan,3,10.5,760000.0,800300.9248984267,682066.0979054124,714691.0827860836,False
Sunshine West,h,Western Metropolitan,3,10.5,583500.0,663207.7155627927,600132.8950315063,609322.2770263227,False
Surrey Hills,u,Southern Metropolitan,3,10.2,1050000.0,979786.3389096383,890716.7574264673,885682.0819913647,False
Sydenham,h,Western Metropolitan,3,18.0,585000.0,688358.8025561937,668794.0778158543,683205.0553954468,True
Taylors Lakes,h,Western Metropolitan,3,15.5,685000.0,608872.8486864963,580992.0168787987,598607.1904252989,True
Taylors Lakes,h,Western Metropolitan,3,15.5,693000.0,639675.5078799679,640960.1451996514,621845.1203142703,True
Templestowe Lower,h,Eastern Metropolitan,3,12.4,1245000.0,1175952.3897813517,1129928.4858107842,1104141.086468526,False
Templestowe Lower,h,Eastern Metropolitan,6,12.4,2000000.0,1591827.2529498963,1571001.0800067682,1487412.2472155963,False
Thomastown,h,Northern Metropolitan,3,15.3,867000.0,563442.8580801864,523830.2153892167,613482.230527152,True
Thomastown,u,Northern Metropolitan,2,15.3,407000.0,428542.90336294344,346498.42652361945,391870.50046428794,True
Thomastown,h,Northern Metropolitan,3,15.3,590500.0,432826.893552858,456088.793362801,484145.43006656284,True
Thornbury,h,Northern Metropolitan,3,7.0,1000000.0,1212603.7449987365,1114991.6406380213,1114344.0399953728,False
Thornbury,h,Northern Metropolitan,3,7.0,891000.0,1036148.6561211237,1033106.1130456756,1011245.6810431185,False
Tullamarine,h,Western Metropolitan,3,12.9,615500.0,506053.51219079865,578232.9003581649,563021.2294430409,True
Tullamarine,u,Western Metropolitan,2,12.9,300000.0,341584.25111896754,329668.1913763197,333833.7265736651,True
Wantirna,h,Eastern Metropolitan,4,14.7,908000.0,1391429.859449422,1264178.4301663842,1408867.034088641,True
Wantirna,h,Eastern Metropolitan,4,14.7,850000.0,1387125.764795997,1259925.19908464,1141110.8967694677,True
Wantirna,h,Eastern Metropolitan,4,14.7,1200000.0,1362892.324547472,1238911.2578483156,1186420.992616389,True
Wantirna South,h,Eastern Metropolitan,5,14.7,1310000.0,1493217.4270614968,1338040.148173004,1324317.4959621753,True
Wantirna South,h,Eastern Metropolitan,4,14.7,930000.0,1297264.3333078292,1128852.7147849344,1111512.1573128079,True
Watsonia,u,Northern Metropolitan,2,14.5,686000.0,466349.53053277347,427433.46984467894,435869.3544099603,False
Watsonia North,h,Northern Metropolitan,4,14.5,755000.0,757903.9756670784,716729.5008268458,708098.663548041,True
Werribee,h,Western Metropolitan,2,14.7,678000.0,592587.0449444121,703842.2007482041,660770.145692651,True
Werribee,h,Western Metropolitan,4,14.7,645000.0,814487.0151873548,717533.0270660316,861631.0643673871,True
Werribee,h,Western Metropolitan,4,14.7,482500.0,721855.0311999479,760641.7467930447,808804.3308830376,True
Werribee,u,Western Metropolitan,3,14.7,394000.0,823798.8715969624,619314.1995971225,693148.7028219133,True
Werribee,h,Western Metropolitan,3,14.7,597000.0,761967.2235188481,763174.3094828282,782864.3809202169,True
West Footscray,h,Western Metropolitan,4,6.4,1300000.0,1353458.1660064054,1124376.4132576003,1191885.1338784862,False
Westmeadows,h,Northern Metropolitan,4,16.5,821000.0,778410.5102520256,701962.5875723896,768594.601579626,True
Westmeadows,h,Northern Metropolitan,3,16.5,635000.0,550654.4101879155,558661.2753998456,578184.6601165313,True
Wheelers Hill,h,South-Eastern Metropolitan,5,16.7,1095000.0,1200953.7063125554,1070452.084067219,1028857.2542357049,True
Whittlesea,h,Northern Victoria,3,35.5,601000.0,980433.7278831982,662293.0370935639,742782.1385417158,True
Williamstown,h,Western Metropolitan,3,6.8,1050000.0,941524.5284666201,980696.2901021509,942712.8262176326,False
Williamstown,u,Western Metropolitan,1,6.8,385000.0,310622.14411286666,302552.5046444592,332290.48333185056,False
Williamstown,h,Western Metropolitan,3,6.8,1285000.0,1001752.4757740576,1092635.3501790655,1113564.5807483606,False
Windsor,u,Southern Metropolitan,2,4.6,560000.0,472472.4569322436,517167.3158264269,555315.27702753,False
Wollert,h,Northern Metropolitan,3,25.5,525300.0,488237.7173883204,449257.9869754939,505791.2053257121,True
Yarraville,h,Western Metropolitan,2,6.3,750000.0,806882.7370480179,784248.437968718,760769.1895821647,False
Yarraville,h,Western Metropolitan,6,6.3,2450000.0,2284774.1034205137,2379598.5871149777,2384078.029467352,False
Aberfeldie,h,Western Metropolitan,4,7.5,1436000.0,1384456.9516307025,1688789.1185141613,1622051.226510424,False
Albion,h,Western Metropolitan,5,10.5,905000.0,868600.3177741924,1063789.440359074,906594.533025549,False
Alphington,h,Northern Metropolitan,4,5.7,1680000.0,1931163.5450592781,1975538.0216683133,1850535.345168412,False
Altona,h,Western Metropolitan,3,11.0,913000.0,702372.5765279521,791166.6942838621,764846.731334994,False
Altona Meadows,h,Western Metropolitan,3,15.5,590000.0,576079.714017364,595209.6724919062,542556.2372677224,True
Altona North,h,Western Metropolitan,3,9.4,1070000.0,881361.7198166774,854472.9326098914,911802.5375561031,False
Armadale,h,Southern Metropolitan,4,6.3,5100000.0,3033411.002147586,3407012.3619818185,3616270.274591141,False
Armadale,u,Southern Metropolitan,2,6.3,820000.0,637746.03047052,689483.8164324681,655881.0927417773,False
Ascot Vale,h,Western Metropolitan,3,4.3,985000.0,933852.7544014775,1000047.0311560844,956484.4082219399,False
Balaclava,u,Southern Metropolitan,2,6.4,600000.0,552217.515437829,526222.785355173,544525.5147037263,False
Balwyn North,h,Southern Metropolitan,3,9.7,1785000.0,1751039.765108853,1815717.3919170715,1842168.6573611023,False
Balwyn North,h,Southern Metropolitan,4,9.7,2650000.0,2166050.1090888344,2093047.8896929054,1965205.2379631556,False
Balwyn North,h,Southern Metropolitan,5,9.7,1951000.0,1871785.3691265266,2159472.371492562,2086978.4355442622,False
Balwyn North,h,Southern Metropolitan,5,9.7,1950000.0,2027674.0577068261,2237821.0180255943,2331824.87957993,False
Bayswater,h,Eastern Metropolitan,3,23.2,824000.0,1269052.301310426,1113161.7888040412,1117461.0950151125,True
Bentleigh East,h,Southern Metropolitan,4,13.8,1216000.0,1047403.3846456015,1140454.8647878289,1065275.649286677,False
Bentleigh East,h,Southern Metropolitan,2,13.8,1575000.0,1237413.760648907,1093108.0685283034,1359588.7155703213,False
Bentleigh East,h,Southern Metropolitan,3,13.8,1470000.0,1094697.6557346568,1095787.4270400025,1134408.317412361,False
Berwick,h,Eastern Victoria,4,35.2,975000.0,1405358.4207165383,1279914.4119831868,1225969.2252917173,True
Black Rock,h,Southern Metropolitan,4,17.3,1950000.0,1882460.2816694311,1341451.98093021,1315876.63642855,True
Blackburn North,h,Eastern Metropolitan,3,13.4,1160000.0,1249596.0119916364,1147499.7610301487,1152283.2034257571,True
Blackburn North,h,Eastern Metropolitan,4,13.4,1375000.0,1606018.758729706,1477674.803934459,1456780.8398064265,True
Blackburn North,h,Eastern Metropolitan,3,13.4,1320000.0,1531688.095837202,1419231.7445071747,1429778.8010886763,True
Box Hill,h,Eastern Metropolitan,3,10.9,2831000.0,1619011.279810783,1580326.185656369,1777894.7242242403,False
Box Hill,h,Eastern Metropolitan,2,10.9,1820000.0,1467318.6972266482,1130910.1165842286,1235523.283845225,False
Briar Hill,u,Eastern Metropolitan,2,16.1,610000.0,431184.6736771013,397969.0395338395,396000.29324587807,True
Brighton,h,Southern Metropolitan,5,10.5,5500000.0,2890962.948605711,2559212.336083207,2971379.2338901786,False
Brighton East,h,Southern Metropolitan,4,10.3,2515000.0,2261467.031788686,2287084.2977743736,2139500.583056038,False
Brighton East,u,Southern Metropolitan,2,10.3,817500.0,785948.3249637742,721260.1689103055,802156.1728231104,False
Brighton East,h,Southern Metropolitan,3,10.3,1590000.0,1496863.7070838064,1679852.0747367775,1502689.456574362,False
Brighton East,h,Southern Metropolitan,3,10.3,1775000.0,1471044.0351631828,1522115.3623899953,1417563.4585937667,False
Broadmeadows,h,Northern Metropolitan,3,14.0,673000.0,572431.4224878709,561073.4429265184,532174.8434790595,True
Brunswick,h,Northern Metropolitan,3,5.2,1200000.0,1062066.6182032416,1150514.1358227974,1201510.1170501316,False
Brunswick,h,Northern Metropolitan,2,5.2,800000.0,798991.1302109404,779278.3062903781,758077.3860630605,False
Brunswick East,h,Northern Metropolitan,2,4.0,1023000.0,925043.7352814776,1016350.8750981202,954219.6384532843,False
Bundoora,h,Northern Metropolitan,3,12.1,680000.0,616801.1595061367,526553.2375771311,546426.9138150404,True
Bundoora,h,Northern Metropolitan,3,12.1,814000.0,651680.0666309027,574953.1697476418,650002.9541403486,True
Bundoora,h,Northern Metropolitan,3,12.1,715000.0,631890.7127306886,588082.3014421642,608443.2538944494,True
Burnside,h,Western Metropolitan,3,14.8,657500.0,560965.4395371848,587857.786637798,567714.8504244657,True
Burwood East,h,Eastern Metropolitan,3,14.7,930000.0,995651.715010268,802705.4110293246,868677.1954444407,True
Camberwell,h,Southern Metropolitan,4,7.7,4060000.0,2973756.312321269,2866533.2743632966,3102612.224842517,False
Camberwell,u,Southern Metropolitan,2,7.7,692500.0,586888.4393309515,573807.8110907059,581977.2668691749,False
Carlton North,h,Northern Metropolitan,2,3.5,1520000.0,1200385.9361460751,1301515.4563236998,1284910.3050413164,False
Caulfield East,h,Southern Metropolitan,4,8.4,1609000.0,2092008.535491494,2125004.1857299665,2129015.710715308,False
Cheltenham,h,Southern Metropolitan,3,17.9,1295000.0,1114836.785062878,1063393.5118514164,1018544.9707031972,True
Clayton South,u,South-Eastern Metropolitan,2,17.5,575000.0,525766.2446113621,543449.7499193638,476510.92595278926,True
Clifton Hill,h,Northern Metropolitan,3,3.6,1436000.0,1238961.4085797467,1182845.448792624,1221437.6744159693,False
Coburg,h,Northern Metropolitan,4,6.7,1055000.0,1021441.3641142275,1051512.8336420702,1080266.6701224544,False
Coburg,h,Northern Metropolitan,4,6.7,1080000.0,969693.1824994222,950433.810613228,892436.4791291984,False
Coburg,h,Northern Metropolitan,3,6.7,1210000.0,1114675.305825785,1069741.5843809557,1100549.0589670243,False
Coburg,t,Northern Metropolitan,2,6.7,631000.0,694835.6481503164,597194.7399726696,533734.5874301872,False
Coburg North,h,Northern Metropolitan,4,6.7,926000.0,1171756.1722931466,1124174.7175815618,1094297.7459696794,False
Coolaroo,h,Northern Metropolitan,3,17.4,457000.0,426069.27773138403,422175.68436673627,467836.3936885429,True
Craigieburn,h,Northern Metropolitan,4,20.6,505000.0,620055.355533111,500655.0207646966,606342.1376444802,True
Croydon,h,Eastern Metropolitan,4,23.0,730000.0,1383348.6125963712,1343980.2990702544,1075949.167727873,True
Croydon,h,Eastern Metropolitan,3,23.0,1005000.0,1509728.0879009233,1373007.436859617,1362523.7450760817,True
Croydon Hills,h,Eastern Metropolitan,3,23.0,790000.0,1434831.056348774,1298854.178095223,1454534.919498435,True
Croydon Hills,h,Eastern Metropolitan,3,23.0,931000.0,1682494.613277781,1561140.187870702,1719775.2586811376,True
Croydon North,h,Eastern Metropolitan,3,23.0,857000.0,1405191.815956539,1242868.1390488609,1255184.0818476113,True
Dallas,h,Northern Metropolitan,3,14.0,477000.0,486400.652925809,454991.2879776361,517544.20096728473,True
Dandenong,h,South-Eastern Metropolitan,3,24.7,500000.0,919052.5953696333,653870.4742424799,709712.7574772437,True
Dandenong,h,South-Eastern Metropolitan,3,24.7,510000.0,1171559.965239564,913402.8708601155,983877.0845283396,True
Dandenong North,h,South-Eastern Metropolitan,3,24.7,632000.0,1064427.5249715159,801496.5920198259,767154.6445819138,True
Diamond Creek,h,Northern Victoria,4,21.8,950000.0,971160.144459807,830842.0116842217,823730.7395192749,True
Dingley Village,h,South-Eastern Metropolitan,4,22.2,955000.0,1136261.9403960453,1050372.7378402995,1002729.4439170206,True
Doncaster,h,Eastern Metropolitan,4,12.4,1375000.0,1404524.9896598004,1300133.951431371,1266912.683793543,False
Doncaster,h,Eastern Metropolitan,5,12.4,1820000.0,1418934.5685415948,1396317.0858308699,1373030.683961543,False
Doncaster East,h,Eastern Metropolitan,3,14.3,1482000.0,1226070.580403423,1164679.8162772853,1134294.4965461567,True
Doncaster East,h,Eastern Metropolitan,4,14.3,1470000.0,1307873.5403483352,1245634.720840632,1183104.9400865547,True
Doncaster East,t,Eastern Metropolitan,4,14.3,1175000.0,1546693.4844245482,1091679.7309666744,1005082.867008931,True
Doncaster East,h,Eastern Metropolitan,3,14.3,1381000.0,1267007.7893540042,1125413.6203171199,1131532.8406164832,True
Doncaster East,h,Eastern Metropolitan,3,14.3,1620000.0,1311454.6270260115,1254296.002948278,1266687.3260145364,True
Donvale,t,Eastern Metropolitan,3,16.1,1171000.0,859587.5787207676,886753.5436897144,843380.5593770138,True
Doreen,h,Northern Victoria,4,25.9,555000.0,782752.6209651938,583359.2587338104,639137.4375104025,True
Eltham North,h,Eastern Metropolitan,3,18.0,881017.0,865101.737657453,805681.1756799857,734049.7662390311,True
Elwood,u,Southern Metropolitan,2,7.2,670000.0,602432.5631020073,583446.6673011737,585808.5445658277,False
Epping,h,Northern Metropolitan,4,19.6,652000.0,573792.6037912223,459483.28394457436,564183.8238358942,True
Epping,h,Northern Metropolitan,3,19.6,557500.0,505771.7739938071,464461.9934460714,551949.5862942786,True
Essendon,t,Western Metropolitan,4,7.5,1185000.0,955117.9225838999,1027795.5354279443,1018086.9985047869,False
Essendon,h,Western Metropolitan,4,7.5,2100000.0,1875411.3709352757,1749676.4881764543,1660030.3371084782,False
Essendon,h,Western Metropolitan,4,7.5,900000.0,1050232.8110686415,1058068.73423966,1057596.689121014,False
Essendon,h,Western Metropolitan,3,7.5,1500000.0,1196875.0279699415,1232846.4275173761,1276767.6555189886,False
Essendon North,u,Western Metropolitan,3,8.2,801000.0,718559.1899921319,762124.2879788278,791434.3796766595,False
Fairfield,h,Northern Metropolitan,3,5.7,1492000.0,1435161.4137353068,1304135.8497988621,1266176.7064673272,False
Fawkner,t,Northern Metropolitan,2,13.1,515000.0,431498.98465729365,476478.6416189136,429464.368553345,False
Ferntree Gully,h,Eastern Metropolitan,3,24.8,760000.0,1349604.35295499,1181156.7198227209,1164490.6284947228,True
Fitzroy,h,Northern Metropolitan,3,2.1,2300000.0,1684736.749744433,1671968.087208113,1911949.4409490302,False
Flemington,h,Northern Metropolitan,2,3.4,1090000.0,1218403.605099397,1169372.6745716764,1135029.6149367394,False
Flemington,h,Northern Metropolitan,3,3.4,1500000.0,1425749.6712850432,1230247.9475385896,1209404.0994150275,False
Footscray,h,Western Metropolitan,3,5.1,810000.0,871877.5384273622,914774.3774695848,892912.7220223394,False
Forest Hill,u,Eastern Metropolitan,2,15.4,730000.0,550811.0352346189,543333.8225587644,569016.1863664656,True
Frankston,h,South-Eastern Metropolitan,4,38.0,695000.0,1362501.2246755927,1082948.2581763424,1040271.1580513722,True
Frankston,h,South-Eastern Metropolitan,3,38.0,938000.0,1300569.817319837,983550.7846491964,1184204.992835007,True
Frankston South,h,South-Eastern Metropolitan,3,38.0,1155000.0,1554217.7762070508,1153996.6911264472,1306229.237640685,True
Frankston South,h,South-Eastern Metropolitan,4,38.0,1905000.0,1471797.6490943043,1153847.8756578702,1400879.3257264534,True
Gladstone Park,h,Western Metropolitan,3,12.9,680000.0,469480.7611477599,472966.88609891804,502067.1588732353,True
Gladstone Park,h,Western Metropolitan,4,12.9,670000.0,718904.774502353,754729.7982489829,717284.2886555397,True
Gladstone Park,h,Western Metropolitan,3,12.9,650000.0,559042.1944069503,564040.3789848563,568232.2615405467,True
Gladstone Park,h,Western Metropolitan,4,12.9,670000.0,581779.6209027312,492024.79285849124,585464.5955766212,True
Glen Iris,h,Southern Metropolitan,3,7.3,1300000.0,1862611.5719302755,1731098.362848625,1821339.995873082,False
Glen Iris,h,Southern Metropolitan,4,7.3,2825000.0,2056712.0317327646,2228377.3137179147,2318334.375757747,False
Glen Iris,h,Southern Metropolitan,4,7.3,1770000.0,1901609.819539403,1829234.4367819107,1854905.7554120924,False
Glen Iris,h,Southern Metropolitan,2,7.3,1910000.0,1767163.3401966665,1483285.8504963112,1513960.5192937076,False
Glen Iris,h,Southern Metropolitan,3,7.3,1850000.0,1672936.6461227965,1672427.4125252485,1771198.0908465397,False
Glen Iris,h,Southern Metropolitan,3,7.3,2152500.0,2007630.2863376413,2150620.116470109,2334292.0622190177,False
Glen Iris,t,Southern Metropolitan,3,7.3,1160000.0,1369310.5715337575,1346564.676479554,1235125.8590392282,False
Glen Waverley,u,Eastern Metropolitan,2,16.7,791000.0,609479.9486471148,496267.253532031,546210.115342992,True
Glen Waverley,h,Eastern Metropolitan,3,16.7,1370000.0,1180244.8777873195,962944.4787856682,1001797.4013199043,True
Glenroy,h,Northern Metropolitan,3,11.2,815000.0,718209.9203062232,703038.0939779972,706092.3543538046,False
Glenroy,h,Northern Metropolitan,4,11.2,835000.0,748166.8109012753,781060.9607013982,766325.6130489683,False
Glenroy,h,Northern Metropolitan,3,11.2,830000.0,707721.8233994575,717470.0078335135,731723.0340289236,False
Glenroy,h,Northern Metropolitan,3,11.2,815000.0,695262.0822867985,703690.1089042244,745303.197319809,False
Glenroy,h,Northern Metropolitan,3,11.2,780000.0,622366.3259242345,667008.3141799271,649285.0481987103,False
Gowanbrae,h,Western Metropolitan,4,12.9,635000.0,849523.4341060423,802956.3811567029,741343.7226801767,False
Greensborough,h,Northern Metropolitan,3,16.1,700000.0,783923.6840972326,704586.3109195135,703797.0700090465,True
Greenvale,h,Northern Metropolitan,4,20.4,797000.0,770273.5904764538,693667.5671697574,722912.7290146262,True
Hampton,h,Southern Metropolitan,4,13.8,2675000.0,2079136.8318207993,1677104.5407290743,1827445.2128962392,False
Hampton,h,Southern Metropolitan,4,13.8,1900000.0,2345730.513973071,1693968.3878783092,1705359.2960151604,False
Hampton,h,Southern Metropolitan,4,13.8,2260000.0,1995367.3696855914,1674734.233451288,1711189.060338085,False
Highett,h,Southern Metropolitan,2,16.0,832000.0,815740.949642216,833423.7210955853,876995.9760023328,True
Hoppers Crossing,h,Western Metropolitan,5,18.4,610000.0,745758.2176224049,726068.3371250412,749587.8140181396,True
Hoppers Crossing,h,Western Metropolitan,4,18.4,555000.0,656113.5989992964,689503.786099228,704954.6781016767,True
Huntingdale,h,Southern Metropolitan,3,12.3,1080000.0,1109440.8123940465,995691.8181339612,1034816.0842276004,True
Kealba,h,Western Metropolitan,5,14.0,750000.0,771263.5472064966,710136.7664001469,765905.307801104,False
Keilor East,h,Western Metropolitan,4,11.7,1010000.0,783549.5610140123,799949.9201063217,807902.3737544164,False
Kew,h,Southern Metropolitan,4,5.4,3060000.0,2577064.38668712,3047620.687486664,3199741.5036786604,False
Kew,h,Southern Metropolitan,4,5.4,1690000.0,2041206.014254138,2233732.276805593,2236611.908152105,False
Kew East,h,Southern Metropolitan,4,7.3,1600000.0,2480136.1445801877,2188305.337005033,2257143.9843079993,False
Lalor,h,Northern Metropolitan,3,16.3,685000.0,585466.0030096059,579237.8497676416,666360.2604422829,True
Lalor,h,Northern Metropolitan,4,16.3,715000.0,629789.1920109952,554396.5356276273,622089.620758932,True
Lalor,h,Northern Metropolitan,3,16.3,685500.0,432790.3429696379,448922.0680413822,476572.73985395284,True
Maidstone,t,Western Metropolitan,3,6.4,722000.0,826699.8448083305,727020.0475828426,782886.8940293444,False
Malvern East,h,Southern Metropolitan,3,8.4,1430000.0,1474960.512209869,1595656.3024812532,1537454.2499819414,False
Maribyrnong,h,Western Metropolitan,3,4.3,983000.0,1092835.5858245012,1128359.780309653,1174960.9410205884,False
Meadow Heights,h,Northern Metropolitan,4,17.4,560000.0,714675.2097452561,626565.9123298012,676182.0873569377,True
Meadow Heights,h,Northern Metropolitan,3,17.4,482000.0,501923.8399053658,500550.5551024646,539316.5934523442,True
Melton,h,Western Victoria,5,31.7,460000.0,569367.8799058478,483735.8231437423,572060.9521740449,True
Melton,h,Western Victoria,3,31.7,430000.0,443847.8665123114,413000.398341834,458837.0158117156,True
Melton West,h,Northern Victoria,3,31.7,438000.0,502734.4442152912,517431.59978371917,553454.4195368311,True
Mentone,h,South-Eastern Metropolitan,4,20.0,900000.0,934643.1159384022,829131.6650946432,824611.7386463803,True
Mentone,h,South-Eastern Metropolitan,3,20.0,960500.0,912293.9289649574,880216.9250803306,880119.9374768387,True
Mentone,t,South-Eastern Metropolitan,3,20.0,840000.0,768941.0578722936,793108.1656611374,820661.4306413471,True
Moonee Ponds,h,Western Metropolitan,3,6.2,1210000.0,1023847.5347323599,1082596.18598442,1065024.9850290383,False
Moonee Ponds,h,Western Metropolitan,4,6.2,1450000.0,1275079.7118852595,1396385.910796906,1247629.9149100485,False
Moorabbin,h,Southern Metropolitan,4,14.3,1188000.0,1017601.0093070789,1185754.1504274767,1086807.7050282254,False
Mordialloc,h,South-Eastern Metropolitan,2,21.5,1300000.0,786355.4629393897,694372.7075418897,645563.3275721599,True
Mount Waverley,h,Eastern Metropolitan,3,14.2,1800000.0,1333099.123916933,1027788.5924285896,1115482.7763115035,True
Mulgrave,t,South-Eastern Metropolitan,3,18.8,650000.0,795149.8816938808,616702.721475249,748156.1376690951,True
Mulgrave,h,South-Eastern Metropolitan,4,18.8,1105000.0,1299704.5142173048,1117206.6243421964,1142043.3615324404,True
Newport,h,Western Metropolitan,4,6.2,1180000.0,1044257.0531944858,1134847.444186571,1123305.8966224752,False
Newport,t,Western Metropolitan,4,6.2,940000.0,1249515.202545595,1149309.5104873767,1189369.2896020906,False
Niddrie,h,Western Metropolitan,2,10.4,1370000.0,1046607.2871417876,946220.8690192465,1016964.1915882878,False
Niddrie,h,Western Metropolitan,5,10.4,1215000.0,1079055.2492659118,1258853.869924143,1123359.5102363646,False
Niddrie,h,Western Metropolitan,2,10.4,1300000.0,1244456.6580691724,909363.1835959114,1038587.3040497621,False
North Melbourne,h,Northern Metropolitan,2,1.8,1100000.0,1044628.6625461489,914100.6198729175,872467.5031794239,False
North Melbourne,h,Northern Metropolitan,3,1.8,1425000.0,1346308.619698645,1405632.5730189162,1580939.3115566508,False
North Melbourne,h,Northern Metropolitan,3,1.8,1550000.0,1340385.3771238998,1206217.6155513537,1337262.7204121358,False
Northcote,h,Northern Metropolitan,2,5.3,1386000.0,1098521.036929032,1011541.4676592635,1080275.1295089193,False
Northcote,h,Northern Metropolitan,4,5.3,1700000.0,1624467.6167805542,1901278.516043527,1821471.6208120896,False
Oakleigh,h,Southern Metropolitan,4,12.3,1150000.0,1509204.9984101618,1497876.6208407304,1435466.0950837077,False
Oakleigh South,h,South-Eastern Metropolitan,3,15.5,1140000.0,1018559.0895240685,813417.1347145217,829696.6252844448,False
Ormond,h,Southern Metropolitan,5,11.4,2110000.0,2105633.368542896,1814906.2749858485,1772007.2907360923,False
Parkdale,h,South-Eastern Metropolitan,4,21.5,1320000.0,1020543.7466595671,934699.28838119,956703.8362139759,True
Parkdale,u,South-Eastern Metropolitan,2,21.5,672000.0,599233.6953259478,537834.441113988,542196.2459980248,True
Pascoe Vale,t,Northern Metropolitan,3,8.5,676000.0,682432.6891364759,658117.8460691951,649886.5688434368,False
Pascoe Vale,t,Northern Metropolitan,2,8.5,500000.0,553444.7905031984,492537.9588669394,488186.4367775391,False
Pascoe Vale,h,Northern Metropolitan,3,8.5,1010000.0,933581.8964220405,990907.849394515,995354.2159294662,False
Pascoe Vale,h,Northern Metropolitan,4,8.5,1375000.0,1160668.3599446923,1182430.2094907577,1230004.5214079893,False
Point Cook,h,Western Metropolitan,3,14.7,540000.0,604351.9121398308,716694.934474811,634169.9700243322,True
Port Melbourne,u,Southern Metropolitan,2,3.5,820000.0,961513.3618857192,916516.9959875669,907906.813988162,False
Port Melbourne,h,Southern Metropolitan,3,3.5,1764000.0,1487096.5797083718,1535058.51488335,1477475.043993035,False
Port Melbourne,h,Southern Metropolitan,4,3.5,2625000.0,1908537.4683415296,1987014.4555086573,1922503.3029332382,False
Prahran,h,Southern Metropolitan,2,4.6,1400000.0,1176981.521063141,1137488.351415619,1096294.7752545467,False
Reservoir,h,Northern Metropolitan,4,12.0,750000.0,814754.1090286649,688270.6503160439,767351.8370085431,False
Reservoir,h,Northern Metropolitan,3,12.0,861000.0,819215.8046366054,775173.2990129153,814199.1711673632,False
Reservoir,h,Northern Metropolitan,3,12.0,612500.0,619865.8040031248,568781.8617179076,545137.064203799,False
Reservoir,h,Northern Metropolitan,3,12.0,906000.0,722295.5618252109,747070.8712395251,792335.7917803377,False
Reservoir,h,Northern Metropolitan,3,12.0,758000.0,636492.9260580719,599502.1204567772,640468.4924884553,False
Reservoir,h,Northern Metropolitan,4,12.0,900000.0,851412.7203325208,817296.1132288664,861911.292930411,False
Reservoir,h,Northern Metropolitan,2,12.0,762000.0,677573.1956969664,711061.2958852404,707048.7429698657,False
Richmond,h,Northern Metropolitan,4,2.4,2368000.0,1911984.0995262684,1909424.4623139293,2087670.9604094154,False
Ringwood,h,Eastern Metropolitan,3,19.9,1120000.0,1284906.3925683282,1205185.7678018727,1174987.8858377773,True
Roxburgh Park,h,Northern Metropolitan,4,20.6,570000.0,631133.8769168683,599061.8943460232,650318.7687369117,True
Roxburgh Park,h,Northern Metropolitan,3,20.6,515000.0,491326.789218148,515297.35867265303,537733.4853502118,True
South Melbourne,h,Southern Metropolitan,2,1.9,1137000.0,1212440.3404053114,1142372.1187372978,1176607.2999233895,False
South Yarra,u,Southern Metropolitan,2,2.7,860000.0,502317.5394966071,651151.0397196125,688704.9184931123,False
Springvale,h,South-Eastern Metropolitan,4,20.8,1080000.0,1287967.6517798507,1147914.4244752647,1127936.4170660884,True
Springvale South,h,South-Eastern Metropolitan,4,22.2,850000.0,1089079.5145110213,989646.7386586925,913293.494367883,True
St Albans,h,Western Metropolitan,3,14.0,645000.0,534735.2044818832,485911.7563086402,494422.6635336867,True
Strathmore,h,Western Metropolitan,3,8.2,1280000.0,1122741.4056137633,1187482.9684001883,1251355.3405415474,False
Sunbury,h,Western Metropolitan,4,31.7,570000.0,620677.0264486121,527175.2843170915,584816.4048207186,True
Sunbury,h,Western Metropolitan,4,31.7,540000.0,593361.3836719462,521141.0760960676,575159.5301985935,True
Sunbury,h,Western Metropolitan,3,31.7,482000.0,539112.0534018049,493929.831524391,542368.9266716972,True
Sunbury,h,Western Metropolitan,3,31.7,662000.0,593047.6146906812,490242.3330527381,534254.7779925098,True
Sunshine North,h,Western Metropolitan,4,10.5,640000.0,576666.1136240782,500069.52805354894,530418.2948775927,False
Sunshine North,h,Western Metropolitan,2,10.5,732500.0,721995.9087860659,743434.0006289455,764474.7132455572,False
Sunshine West,h,Western Metropolitan,3,10.5,713500.0,613476.1147322878,530133.2917140636,547783.2863249341,False
Taylors Lakes,h,Western Metropolitan,3,15.5,705000.0,628590.9307269017,601899.7981809477,570473.2243942901,True
Thornbury,h,Northern Metropolitan,3,7.0,1375000.0,1127480.7274560526,1184720.5579217423,1112491.3481994958,False
Thornbury,t,Northern Metropolitan,3,7.0,900000.0,760362.8717571677,864724.26704161,828759.6849167674,False
Tullamarine,h,Western Metropolitan,3,12.9,782000.0,659184.7348406849,724309.8836769569,722072.3766766874,True
Warrandyte,h,Eastern Metropolitan,4,21.1,1420000.0,1632583.0158573543,1359121.609784729,1410061.3384423198,True
Werribee,h,Western Metropolitan,4,14.7,630000.0,875590.0972006979,975751.5842335544,920833.0599137248,True
Werribee,h,Western Metropolitan,4,14.7,490500.0,734800.384708372,825181.8494493812,887173.98443818,True
Werribee,h,Western Metropolitan,3,14.7,510000.0,606693.1753094307,694268.8589224545,695224.9788646116,True
West Footscray,h,Western Metropolitan,3,6.4,660000.0,854047.4314546203,788713.759145492,772468.5106850038,False
West Melbourne,h,Northern Metropolitan,3,3.1,1460000.0,1434594.144577657,1461395.1753195121,1434255.094312253,False
Wheelers Hill,h,South-Eastern Metropolitan,4,16.7,1223000.0,1331428.500512785,1416727.7075651668,1383236.0236754038,True
Wheelers Hill,h,South-Eastern Metropolitan,3,16.7,950000.0,1147830.197623644,1011186.8803764743,999022.837217118,True
Wheelers Hill,h,South-Eastern Metropolitan,5,16.7,1206000.0,1286415.8202772585,1225510.9406317787,1216126.2876931846,True
Wheelers Hill,h,South-Eastern Metropolitan,4,16.7,1678000.0,1340457.4321519095,1246593.5615151331,1390965.1209864311,True
Williamstown,h,Western Metropolitan,4,6.8,1630000.0,1186265.9310122028,1419578.3130762605,1350080.8250083914,False
Windsor,t,Southern Metropolitan,3,4.6,1525000.0,1486006.2228629275,1376322.786734978,1504836.262877298,False
Yarraville,h,Western Metropolitan,3,6.3,890000.0,920836.266175781,910423.8000986396,879523.5629100429,False
Aberfeldie,h,Western Metropolitan,3,7.5,1195000.0,1053111.510939903,1334043.4001214083,1395907.7223854894,False
Airport West,h,Western Metropolitan,3,10.4,1000001.0,986995.0446170346,1100798.459197915,1164535.386491138,False
Airport West,h,Western Metropolitan,3,10.4,1064000.0,952734.7834239672,1012408.6594842584,987784.0263974942,False
Albion,u,Western Metropolitan,3,10.5,675000.0,526453.7396975851,477479.980082261,475239.23312944255,False
Alphington,h,Northern Metropolitan,3,5.7,1170000.0,1155664.4198615872,1181446.5340926957,1188561.5622640455,False
Altona,u,Western Metropolitan,2,11.0,458000.0,422498.2816854841,405091.357408582,427019.21738035907,False
Ascot Vale,h,Western Metropolitan,3,4.3,870000.0,1050515.8079865547,1245487.282542902,1220004.028606043,False
Ascot Vale,u,Western Metropolitan,3,4.3,870000.0,863964.9329521774,914274.824173519,894568.1830528397,False
Ashburton,h,Southern Metropolitan,4,10.2,1550000.0,1887111.3925527167,2040188.5112240824,1759951.4722478397,False
Aspendale,h,South-Eastern Metropolitan,3,21.5,780000.0,814667.4286050304,573338.0925858816,579187.9395292624,True
Aspendale Gardens,h,South-Eastern Metropolitan,3,21.5,880000.0,1170408.003482583,886544.6519552334,865178.6978752551,True
Attwood,h,Northern Metropolitan,3,16.5,640000.0,469932.1177278088,482585.59257798485,484081.2612326293,True
Balwyn,h,Southern Metropolitan,5,7.9,2750000.0,3377737.5681021744,3831923.915602911,3500906.2134590927,False
Balwyn North,h,Southern Metropolitan,4,9.7,1950000.0,1975095.7258752515,2177173.2465060838,2104754.815285486,False
Balwyn North,h,Southern Metropolitan,4,9.7,2000000.0,1886000.2222336049,2056518.9155596895,2055493.5826693662,False
Bayswater North,h,Eastern Metropolitan,4,23.2,900000.0,1378958.6302921383,1267817.4867349202,1186920.6067014162,True
Beaumaris,h,Southern Metropolitan,3,17.3,1750000.0,1172218.6398503657,1146742.645155664,1203551.308479072,True
Beaumaris,h,Southern Metropolitan,3,17.3,1354000.0,1047162.6726270055,1041741.5590332713,1045288.300940446,True
Bentleigh,h,Southern Metropolitan,3,11.4,1532000.0,1399846.5133615795,1348198.1019031089,1370315.601282784,False
Bentleigh,h,Southern Metropolitan,4,11.4,2151000.0,1617811.6112542627,1970375.0817860637,1901642.1938930175,False
Black Rock,h,Southern Metropolitan,4,17.3,1720000.0,1603928.5733039675,1266633.2905131548,1295120.9430996515,True
Black Rock,h,Southern Metropolitan,4,17.3,2000000.0,1690876.9672335351,1396067.806501828,1457868.9232808857,True
Blackburn,h,Eastern Metropolitan,3,13.4,1390000.0,1591479.2604339472,1381347.089351977,1393878.0192358368,True
Blackburn North,h,Eastern Metropolitan,4,13.4,1151000.0,1583163.7843094636,1626340.6981138736,1562983.8295144478,True
Braybrook,h,Western Metropolitan,3,8.6,834500.0,896954.0396202385,899637.3596367761,886366.479488971,False
Broadmeadows,h,Northern Metropolitan,3,14.0,649000.0,552001.1457430455,540240.9022092625,532174.8434790595,True
Broadmeadows,h,Northern Metropolitan,4,14.0,753000.0,632063.7662370696,547394.3287966977,599036.9559821375,True
Brunswick West,h,Northern Metropolitan,3,5.2,875000.0,976945.3471251682,927282.892180062,925035.7336677881,False
Brunswick West,h,Northern Metropolitan,4,5.2,1250000.0,1459217.1699088707,1390252.8674963447,1344832.7111170904,False
Brunswick West,h,Northern Metropolitan,2,5.2,1225000.0,1080776.0479312947,1087560.8579091772,1152621.8332477342,False
Bulleen,h,Eastern Metropolitan,3,10.8,980000.0,1014102.6658224398,995792.3563185337,960530.4035815808,False
Bundoora,h,Northern Metropolitan,4,12.1,758000.0,891073.759387388,827761.4733473284,794615.4461947123,True
Burwood,h,Southern Metropolitan,4,10.4,1750000.0,1766909.770663207,1698873.2820824091,1711497.121291564,False
Canterbury,h,Southern Metropolitan,4,8.4,3130000.0,2131254.188768146,2156800.2276106277,2274814.9646588173,False
Carlton,h,Northern Metropolitan,3,1.6,1263000.0,1379593.2311381367,1196349.0389430902,1122825.3485434458,False
Carlton,h,Northern Metropolitan,2,1.6,800000.0,947089.4114300039,941968.3857950309,863893.6601186192,False
Carlton North,h,Northern Metropolitan,2,3.5,1065000.0,1146268.5814695142,1330453.4783152076,1372998.560304576,False
Carlton North,h,Northern Metropolitan,2,3.5,950000.0,855967.7851753765,897627.3344043462,825238.1173107364,False
Cheltenham,h,Southern Metropolitan,3,17.9,948000.0,939734.2932013796,965785.2315727763,924242.0223934796,True
Clayton South,h,South-Eastern Metropolitan,3,17.5,850000.0,1030953.6835000245,905243.0852106711,942504.3537065391,True
Clayton South,h,South-Eastern Metropolitan,3,17.5,985000.0,1246133.6215081743,904067.1118400664,988808.8696583055,True
Clayton South,h,South-Eastern Metropolitan,3,17.5,1250500.0,1427729.2695022086,1191964.5806051581,1288654.7550081844,True
Clayton South,h,South-Eastern Metropolitan,3,17.5,805000.0,974556.4228626712,848391.4671263177,856478.2391649595,True
Clifton Hill,h,Northern Metropolitan,2,3.6,1320000.0,1338617.0154025755,1310772.6836263428,1237918.4920140274,False
Coburg,h,Northern Metropolitan,3,6.7,1326000.0,1085880.1668330207,1050967.45744671,1105141.6922279946,False
Collingwood,u,Northern Metropolitan,2,2.0,1250000.0,889619.0082384262,929447.1456502358,904305.8910521255,False
Craigieburn,h,Northern Metropolitan,4,20.6,595000.0,585394.6814080202,483332.2916676731,557923.8358220429,True
Cremorne,h,Northern Metropolitan,2,2.4,1200000.0,1099587.0584756713,1029541.969331702,1004695.7729041628,False
Deer Park,h,Western Metropolitan,3,14.8,589000.0,553384.7099425759,591447.9862018728,563115.8325457878,True
Derrimut,h,Western Metropolitan,3,14.7,630000.0,563848.3364896828,547997.4557634165,536918.5427845942,True
Diamond Creek,h,Northern Victoria,4,21.8,745000.0,873941.279767395,708796.2072854488,728127.828559993,True
Dingley Village,h,South-Eastern Metropolitan,4,22.2,952000.0,1251222.1883090653,1083468.632027229,1043205.8174047371,True
Doncaster,h,Eastern Metropolitan,4,12.4,1255000.0,1335829.815733021,1349711.4453919854,1256778.721967566,False
Doncaster,h,Eastern Metropolitan,5,12.4,1540500.0,1371570.673076067,1376818.0170597755,1393222.4000787092,False
Doncaster East,h,Eastern Metropolitan,3,14.3,1209000.0,1146989.3192917618,1086933.4945848011,1133218.025696437,True
Doncaster East,h,Eastern Metropolitan,5,14.3,1730000.0,1340691.8151567406,1361399.7627703375,1347506.828040854,True
Doncaster East,h,Eastern Metropolitan,5,14.3,1510000.0,1338397.0142450707,1209425.1754830794,1180494.1389449604,True
Doncaster East,h,Eastern Metropolitan,4,14.3,1600000.0,1447974.176510357,1564799.5702587785,1418360.7430223639,True
Donvale,u,Eastern Metropolitan,2,16.1,718500.0,619263.3502338431,636237.3846209713,600948.426159746,True
Doreen,h,Northern Victoria,3,25.9,481000.0,730552.6135679061,560462.8172950884,578034.9506501498,True
Eltham,u,Eastern Metropolitan,2,18.0,566000.0,456419.94397031196,437034.01902959764,426780.7590216053,True
Eltham North,h,Eastern Metropolitan,4,18.0,950000.0,988874.8979678624,709638.980892201,745217.4086604423,True
Elwood,h,Southern Metropolitan,3,7.2,1400000.0,1696929.2692374683,1533932.8688841166,1602053.2573569561,False
Elwood,h,Southern Metropolitan,2,7.2,1450000.0,1342326.636309283,1252362.798760716,1402060.9350747473,False
Epping,h,Northern Metropolitan,3,19.6,375000.0,461788.4585569452,352630.71809836134,398675.1429808265,True
Epping,h,Northern Metropolitan,3,19.6,641000.0,510337.11924731487,487225.66776794934,526004.8246896509,True
Epping,u,Northern Metropolitan,2,19.6,291000.0,412354.7768827644,299218.8759433166,354002.0671844866,True
Essendon,h,Western Metropolitan,3,7.5,993000.0,1289588.3820948105,1337867.58493601,1455517.9336458477,False
Ferntree Gully,h,Eastern Metropolitan,4,24.8,820000.0,1368427.901392019,1152161.9832476303,1176730.5566313346,True
Ferntree Gully,h,Eastern Metropolitan,3,24.8,797000.0,1215122.7144278563,941302.893776833,1004188.2141270634,True
Fitzroy,h,Northern Metropolitan,3,2.1,1750000.0,1277449.2437954925,1141728.655829652,1123539.505660642,False
Flemington,h,Northern Metropolitan,3,3.4,820000.0,1277226.9064984256,1085755.1286739272,1066870.563744306,False
Flemington,h,Northern Metropolitan,2,3.4,1225000.0,1049868.0700285956,1079785.9985984825,1014386.767844164,False
Footscray,h,Western Metropolitan,2,5.1,800000.0,837917.6370187645,856134.6492509886,830800.8127307384,False
Frankston,h,South-Eastern Metropolitan,3,38.0,1010000.0,906212.6973247734,693686.946064593,805699.5086459074,True
Frankston South,h,South-Eastern Metropolitan,4,38.0,830000.0,1108876.4846010022,881969.715546544,826950.7095918786,True
Gisborne,h,Northern Victoria,3,45.9,690000.0,587597.012384447,536353.1598247187,585103.6744934442,True
Gisborne,h,Northern Victoria,4,45.9,780000.0,772693.0177974093,699504.6021645963,725765.9437167064,True
Gladstone Park,h,Western Metropolitan,3,12.9,660000.0,539379.1502056932,556691.9130080952,536268.5688122986,True
Gladstone Park,h,Western Metropolitan,3,12.9,625000.0,581825.2310907417,634572.678895816,609986.8875578226,True
Glen Iris,h,Southern Metropolitan,3,7.3,2200000.0,2041061.257895157,2148709.93849861,2189201.3961646156,False
Glen Iris,h,Southern Metropolitan,5,7.3,3000000.0,2361904.0293890643,2427488.6140423375,2424412.1157538104,False
Glen Iris,h,Southern Metropolitan,4,7.3,3200000.0,3283971.6608876223,2822979.3246037844,3018579.959665453,False
Glen Iris,t,Southern Metropolitan,2,7.3,965000.0,1500577.0755619495,956726.5008257962,975312.7951544042,False
Glen Waverley,h,Eastern Metropolitan,4,16.7,1790000.0,1395959.6249437742,1186150.2359256174,1156562.1082805959,True
Glen Waverley,t,Eastern Metropolitan,4,16.7,1170000.0,1509757.7382591076,1039148.117972924,978906.0297327738,True
Glen Waverley,h,Eastern Metropolitan,4,16.7,1320000.0,1425549.487040911,1132887.6631322608,1155348.4985895986,True
Glen Waverley,h,Eastern Metropolitan,5,16.7,1320000.0,1393270.7175496286,1029668.7657227876,1051010.089900242,True
Glen Waverley,h,Eastern Metropolitan,4,16.7,1152000.0,1353805.1909662636,1239911.4345137202,1183034.8231986845,True
Glenroy,h,Northern Metropolitan,3,11.2,932000.0,679519.9206022683,692023.2458967225,678378.2612054799,False
Glenroy,h,Northern Metropolitan,2,11.2,605000.0,559343.5706668814,549561.7450138748,529848.5709023987,False
Greensborough,h,Northern Metropolitan,5,16.1,1000000.0,950994.9660369887,819135.1014461564,743324.198175855,True
Hadfield,h,Northern Metropolitan,3,11.2,750000.0,703395.8508925405,658865.6059742789,640181.9044831808,False
Hampton,h,Southern Metropolitan,3,13.8,1850000.0,1468127.4631786868,1277417.6052205493,1340659.5754734876,False
Hawthorn,h,Southern Metropolitan,3,5.3,1670000.0,1229468.5186395755,1500519.8645136585,1590497.2745527956,False
Hawthorn East,h,Southern Metropolitan,3,6.2,2710000.0,1918054.0164091098,1870263.4182164061,2104423.1265080892,False
Hawthorn East,h,Southern Metropolitan,3,6.2,1768000.0,1674570.6410544193,1669905.7220946997,1790413.2415021341,False
Heathmont,h,Eastern Metropolitan,4,21.3,1165000.0,1295365.6181205509,1197790.1234843826,1261558.1125596561,True
Heathmont,h,Eastern Metropolitan,4,21.3,920000.0,1314226.9738923481,1186800.837660462,1172916.3604001612,True
Heathmont,h,Eastern Metropolitan,5,21.3,932000.0,1268136.1555421837,1020668.1364410389,1078775.2626333353,True
Heidelberg Heights,h,Eastern Metropolitan,3,8.8,811000.0,773724.6121615084,792964.6291646794,831471.3908597847,False
Highett,h,Southern Metropolitan,4,16.0,1550000.0,1532136.4201942533,1101098.2133822353,1201468.9023290812,True
Hillside,h,Western Metropolitan,4,18.0,805000.0,761110.8254671835,760629.6271430264,732529.5096844445,True
Hoppers Crossing,h,Western Metropolitan,3,18.4,510000.0,615788.4111209873,708753.9634594906,668372.651802591,True
Hurstbridge,h,Northern Victoria,3,26.1,600000.0,836235.7131854701,608142.2756770657,644859.2593217557,True
Ivanhoe East,h,Eastern Metropolitan,3,7.8,1535000.0,1630669.929653487,1735850.6331378699,1680137.0016026776,False
Keilor,h,Western Metropolitan,3,14.5,678500.0,524488.910878387,500938.50750508794,477972.6395015188,True
Keilor Downs,h,Western Metropolitan,4,15.5,720000.0,621722.8154046845,663255.2184455863,625396.6477216483,True
Keilor East,h,Western Metropolitan,4,11.7,1210000.0,959380.7760354559,1168689.206617316,1121271.6033129736,False
Keilor East,h,Western Metropolitan,4,11.7,1188000.0,947617.8976703042,943909.9240384926,983168.2993731296,False
Keilor East,h,Western Metropolitan,3,11.7,1031100.0,798542.9662596338,787633.8638697885,760188.6537198499,False
Keilor East,h,Western Metropolitan,3,11.7,1076500.0,794804.5119322379,843639.8819517851,804616.701203531,False
Keilor Lodge,h,Western Metropolitan,3,15.5,680000.0,584999.8580619692,539036.6216543447,521171.5422948473,True
Kew,h,Southern Metropolitan,3,5.4,1950000.0,1896150.2305179029,2079423.2264301204,1963024.3058572826,False
Kew East,h,Southern Metropolitan,3,7.3,1700000.0,1624000.1456476694,1615251.2228337212,1649541.372519566,False
Kew East,h,Southern Metropolitan,4,7.3,2000000.0,1923110.9670546332,1598499.1541713958,1539808.9973907792,False
Kew East,h,Southern Metropolitan,3,7.3,1655000.0,2102248.0891042617,1661366.8744124086,1625743.1819431754,False
Kew East,h,Southern Metropolitan,4,7.3,1980000.0,2221583.3311673854,2152140.0890784366,1932500.725446135,False
Kingsville,h,Western Metropolitan,3,6.4,915000.0,971336.9992584406,1084773.3134262015,1021821.9694657138,False
Kingsville,h,Western Metropolitan,3,6.4,1100000.0,1042092.7385036787,981586.995582508,996176.8758857058,False
Lalor,h,Northern Metropolitan,3,16.3,685000.0,433265.43270400265,449920.4402897927,477354.81132012524,True
Lalor,h,Northern Metropolitan,3,16.3,741000.0,483067.69105349685,482331.74338310515,524412.5793317104,True
Maidstone,h,Western Metropolitan,2,6.4,865000.0,798370.3886988072,829909.7045994685,811533.6166532463,False
Malvern,h,Southern Metropolitan,3,5.9,1510000.0,1499492.366041869,1420529.6087598754,1499497.3107861315,False
Malvern East,h,Southern Metropolitan,4,8.4,2525000.0,1962133.7547482818,2035739.8096857748,1886521.9731969747,False
Malvern East,h,Southern Metropolitan,3,8.4,1902000.0,1631529.667191055,1937189.5908386656,1919830.5826271335,False
Meadow Heights,h,Northern Metropolitan,3,17.4,473000.0,452466.9367010251,457090.78833921574,496969.17412200646,True
Melton South,h,Western Victoria,4,29.8,410000.0,550032.2367186977,552340.0976471123,583032.9955275969,True
Mentone,t,South-Eastern Metropolitan,3,20.0,875000.0,740082.4505792018,742338.0449073578,828303.9362900589,True
Mernda,h,Northern Metropolitan,4,25.9,720000.0,872506.5042584231,704051.5932771423,792474.7740869545,True
Middle Park,h,Southern Metropolitan,5,3.0,6400000.0,3059753.0672838287,3981363.1614847486,3816604.7995833973,False
Middle Park,h,Southern Metropolitan,2,3.0,1500000.0,1626617.7551507528,1507636.3454471056,1559750.5110012456,False
Mill Park,h,Northern Metropolitan,3,17.9,710000.0,738935.0081146437,609040.4674734166,643036.8507590011,True
Mill Park,h,Northern Metropolitan,4,17.9,757000.0,957751.8393754415,797163.2784145657,828855.9335852193,True
Mitcham,h,Eastern Metropolitan,4,17.2,1200000.0,1314031.5649976393,1420236.9417130512,1163485.9079905776,True
Mitcham,h,Eastern Metropolitan,3,17.2,1237000.0,1173966.0700684057,1099072.7655868623,1099191.7110367033,True
Mont Albert,u,Eastern Metropolitan,2,10.2,850000.0,494614.56865390204,645571.557067366,529692.0995639459,False
Moonee Ponds,h,Western Metropolitan,3,6.2,1205000.0,1029667.8426784463,1061453.7011936875,1032700.8348041329,False
Moonee Ponds,h,Western Metropolitan,3,6.2,1240000.0,1259950.5723187486,1505476.0748512878,1597686.0346617128,False
Mooroolbark,h,Eastern Victoria,3,26.5,720000.0,1246516.7372429403,1141120.702778726,1082056.4581062922,True
Mulgrave,h,South-Eastern Metropolitan,3,18.8,888000.0,1129655.3619471223,940128.6029482215,970741.2229468216,True
Murrumbeena,t,Southern Metropolitan,3,10.1,922000.0,1120166.257669844,1209545.9007883964,1191417.4276755087,False
Newport,h,Western Metropolitan,4,6.2,1567000.0,1370708.96604667,1424976.510726932,1405982.5734738254,False
Newport,h,Western Metropolitan,4,6.2,980000.0,1455548.2663791147,1497181.4525389224,1434818.384101906,False
Niddrie,h,Western Metropolitan,4,10.4,1370000.0,1238994.1877841055,1395888.865898526,1397777.0188396925,False
North Warrandyte,h,Eastern Metropolitan,4,21.1,902000.0,1502127.9814243403,1003773.329338609,1038009.6351919189,True
Northcote,h,Northern Metropolitan,3,5.3,1341500.0,1162769.6101977974,1118482.4974729903,1147298.7558447097,False
Northcote,h,Northern Metropolitan,4,5.3,1685000.0,1549486.985280438,1448863.1568593783,1434835.5266330196,False
Oakleigh,h,Southern Metropolitan,4,12.3,1495000.0,1368240.2733327448,1270894.3085300135,1210745.6069342417,False
Oakleigh South,h,South-Eastern Metropolitan,3,15.5,1110000.0,1022174.1303232104,975188.3162920015,958037.0038660542,False
Ormond,h,Southern Metropolitan,3,11.4,1103000.0,1058873.749510417,1112348.118709744,1124946.497992696,False
Parkdale,h,South-Eastern Metropolitan,4,21.5,1630000.0,899567.9781497892,1010580.6245747166,960731.9619011206,True
Parkdale,h,South-Eastern Metropolitan,4,21.5,1230000.0,1098005.9843182852,1015362.9314014436,993535.2707379705,True
Pascoe Vale,h,Northern Metropolitan,3,8.5,850000.0,906880.6730506972,849525.746493427,849350.1129942917,False
Port Melbourne,h,Southern Metropolitan,4,3.5,1631000.0,1957066.9659760904,2185229.1811861233,2138818.7098198393,False
Port Melbourne,h,Southern Metropolitan,3,3.5,1845000.0,2091051.8608902162,2167204.064001996,2542636.19981007,False
Port Melbourne,h,Southern Metropolitan,3,3.5,1000000.0,1302128.7764814338,1257796.5485127943,1178261.4162876932,False
Prahran,h,Southern Metropolitan,1,4.6,1475000.0,1061806.9004660023,1211837.1931791222,1241665.370816257,False
Prahran,h,Southern Metropolitan,3,4.6,1650000.0,1696176.524573821,1649506.7431293868,1740832.9312692974,False
Preston,h,Northern Metropolitan,3,8.4,1072500.0,777597.6979423836,816353.9307333494,794423.1515872586,False
Preston,h,Northern Metropolitan,3,8.4,920000.0,930969.5583808278,908316.915381063,949896.0526108858,False
Reservoir,h,Northern Metropolitan,3,12.0,750000.0,652127.9142742141,598341.6452828924,598984.7712461851,False
Reservoir,h,Northern Metropolitan,3,12.0,755000.0,662566.125447114,695438.9979097656,658449.8312703401,False
Reservoir,h,Northern Metropolitan,2,12.0,680000.0,617301.2588752629,578420.5057693059,569615.0996202831,False
Reservoir,h,Northern Metropolitan,3,12.0,870000.0,679154.2337642731,649031.5130461183,652750.7879587746,False
Richmond,h,Northern Metropolitan,3,2.4,1525000.0,1346966.5388096918,1275426.4234112361,1273855.1602751822,False
Richmond,h,Northern Metropolitan,3,2.4,1200000.0,1241156.9797602026,1191183.4603888611,1203732.910152793,False
Richmond,u,Northern Metropolitan,2,2.4,592000.0,614791.006202482,576652.8267277231,574770.4552926393,False
Ringwood,h,Eastern Metropolitan,2,19.9,1040000.0,1496042.602015624,1165305.9135239224,1152072.3740246915,True
Ringwood East,h,Eastern Metropolitan,4,21.3,800000.0,1356038.0865111253,1204374.3412026917,1087168.0956431956,True
Ringwood North,h,Eastern Metropolitan,4,19.9,1050000.0,1405953.13649064,1375261.098955447,1277508.2772869212,True
Rosanna,h,Eastern Metropolitan,4,8.9,1800000.0,1236988.4136432041,1192830.371839285,1314945.402961058,False
Roxburgh Park,h,Northern Metropolitan,3,20.6,580500.0,505237.7429625145,540316.503951562,546964.9507419207,True
Sandringham,h,Southern Metropolitan,4,15.2,2700000.0,2273184.572725544,2096532.9574056924,2108211.2213832443,True
Sandringham,h,Southern Metropolitan,5,15.2,2290000.0,1750881.61193873,1667584.3254152585,1789695.1327175752,True
Sandringham,h,Southern Metropolitan,5,15.2,2220000.0,1774734.3020314078,1501737.0396466441,1672695.2235675864,True
Sandringham,h,Southern Metropolitan,3,15.2,1725000.0,1270698.5085799647,1226486.6699137723,1188315.0769654051,True
Seaford,h,South-Eastern Metropolitan,3,35.4,770000.0,1110591.1841182145,861765.5811387636,842105.3348203948,True
South Melbourne,h,Southern Metropolitan,2,1.9,1355000.0,1052125.7339127518,1035912.9478653854,988729.208716873,False
South Melbourne,h,Southern Metropolitan,3,1.9,1210000.0,1542140.8843410148,1489459.5332434466,1512466.6432996497,False
South Melbourne,h,Southern Metropolitan,2,1.9,1180000.0,1309512.7424033105,1225421.75854403,1211847.6585668703,False
South Melbourne,h,Southern Metropolitan,2,1.9,970000.0,1051042.7368340264,1029095.4355752951,966830.3510818043,False
South Morang,h,Northern Metropolitan,3,20.5,540000.0,690530.0752832774,527739.3996466683,615823.3020328581,True
South Yarra,h,Southern Metropolitan,3,2.7,1360000.0,1591094.183952992,1607979.3203314159,1635465.4074689127,False
South Yarra,h,Southern Metropolitan,2,2.7,1460000.0,1265409.5639498413,1282935.1974286751,1293158.5780730743,False
Sunbury,h,Western Metropolitan,3,31.7,388000.0,492601.8635958791,438413.37703534035,511614.3809956278,True
Sunbury,h,Western Metropolitan,3,31.7,493000.0,494543.0917903924,430032.69971245166,492736.4703331429,True
Sunbury,h,Western Metropolitan,3,31.7,498500.0,523027.8449191341,482690.6103070944,541079.2194949908,True
Sunshine North,h,Western Metropolitan,3,10.5,770000.0,695383.204105806,714997.4048774876,726295.7473412917,False
Surrey Hills,h,Southern Metropolitan,5,10.2,3625000.0,2783847.432892305,3535066.773926674,3594483.7771913363,False
Templestowe Lower,h,Eastern Metropolitan,4,12.4,1585000.0,1195913.4450613502,1185951.0712446296,1253040.8828628985,False
Thomastown,h,Northern Metropolitan,6,15.3,931000.0,737573.9067181435,648758.1668141907,680453.4246701652,True
Wantirna,h,Eastern Metropolitan,4,14.7,925000.0,1367357.3676326948,1046282.8170065109,1038497.0079761613,True
Wantirna South,h,Eastern Metropolitan,6,14.7,1155000.0,1350485.0405345594,1205307.1429242995,1061522.1957704811,True
Waterways,h,South-Eastern Metropolitan,4,21.5,1232000.0,1430797.639053676,917304.7543176113,1120282.1204446035,True
Werribee,h,Western Metropolitan,3,14.7,595000.0,756735.9981596731,774501.3906976031,753886.9736245801,True
Werribee,h,Western Metropolitan,4,14.7,621000.0,723755.4439673173,800687.4330114649,861998.3391052966,True
Westmeadows,h,Northern Metropolitan,3,16.5,616000.0,485252.2344504502,515451.1177034113,537714.0265058578,True
Williamstown,h,Western Metropolitan,3,6.8,1470000.0,1115415.688441323,1167409.7931698232,1233532.453794164,False
Windsor,u,Southern Metropolitan,2,4.6,810000.0,657324.7685188132,734361.578723721,783340.3818247563,False
Wollert,t,Northern Metropolitan,3,25.5,420000.0,496191.59727544466,391630.99011811236,463813.445399132,True
Wollert,h,Northern Metropolitan,4,25.5,730000.0,736973.0250560807,535878.2329314639,656935.491128574,True
Yarraville,h,Western Metropolitan,3,6.3,826000.0,966320.5328589319,1065541.229221415,1060074.6264474334,False
Yarraville,h,Western Metropolitan,4,6.3,800000.0,987957.5000946618,1098397.9485847563,1043064.2165503039,False
Yarraville,h,Western Metropolitan,3,6.3,1100000.0,912768.3966160427,823750.0477697643,810487.0752804657,False
Aberfeldie,h,Western Metropolitan,4,7.5,1650000.0,1302914.7447070873,1462801.72154545,1501806.4987035764,False
Albert Park,h,Southern Metropolitan,3,3.0,1960000.0,1910232.4293364887,2140451.081570743,2188009.6184764053,False
Altona,h,Western Metropolitan,3,11.0,1248500.0,882312.7539337297,983540.9384062481,1013484.2860605533,False
Altona North,h,Western Metropolitan,3,9.4,1001000.0,869394.3727618185,858729.4092557848,823644.6117198928,False
Altona North,h,Western Metropolitan,3,9.4,770000.0,713037.5709298382,796029.1643929674,739568.7224405993,False
Armadale,t,Southern Metropolitan,3,6.3,1715000.0,1715900.6922448454,1717803.4749279818,1813749.0750119712,False
Armadale,h,Southern Metropolitan,3,6.3,1450000.0,1437968.2603856714,1280873.428387246,1385596.4155418144,False
Ashburton,h,Southern Metropolitan,3,10.2,1555000.0,1523169.407250696,1572716.6931103617,1499269.0259602526,False
Aspendale,h,South-Eastern Metropolitan,3,21.5,1300000.0,1074525.564432627,830469.2756819515,824720.4898347366,True
Aspendale Gardens,h,South-Eastern Metropolitan,3,21.5,870000.0,1169507.1988784536,973647.0636834528,969425.0479182276,True
Avondale Heights,u,Western Metropolitan,2,9.5,470000.0,425942.0302127606,464321.67615375575,437714.1412692715,False
Balwyn,h,Southern Metropolitan,3,7.9,2730000.0,2080251.7039291372,2132672.6637520664,2291819.2333030375,False
Balwyn North,h,Southern Metropolitan,3,9.7,2350000.0,1830958.3734622297,1846189.6255627777,1867567.4818161828,False
Balwyn North,u,Southern Metropolitan,2,9.7,905000.0,738838.645333037,677813.8033177801,714068.5640458777,False
Beaumaris,h,Southern Metropolitan,5,17.3,3778000.0,2308055.6058869963,2283226.8799333633,2443733.050397298,True
Beaumaris,t,Southern Metropolitan,3,17.3,2030000.0,1174804.8383970996,1076772.7012400096,1079949.6456769912,True
Bentleigh,h,Southern Metropolitan,4,11.4,2210000.0,1757981.6621860128,1805765.406649284,1814580.647051882,False
Bentleigh,h,Southern Metropolitan,4,11.4,1450000.0,1690131.900370159,1588891.4088567807,1530454.0272094654,False
Bentleigh East,h,Southern Metropolitan,4,13.8,1520000.0,1399969.173786739,1394823.1077876878,1461156.1139717463,False
Bentleigh East,h,Southern Metropolitan,3,13.8,1070000.0,982809.8872399664,935272.506521459,894095.4310733044,False
Blackburn,h,Eastern Metropolitan,5,13.4,1900000.0,1588563.5851774232,2061940.3273586729,1749494.3749179959,True
Blackburn,h,Eastern Metropolitan,4,13.4,1850000.0,1431533.513121778,1501449.4118109231,1413309.0218102797,True
Blackburn,h,Eastern Metropolitan,3,13.4,1040000.0,1298861.2453264326,1321541.2877381223,1274976.392812558,True
Blackburn South,h,Eastern Metropolitan,4,13.4,1100000.0,1442442.57567127,1305305.220568384,1295269.0343181011,True
Bonbeach,t,South-Eastern Metropolitan,4,27.0,1830000.0,1065169.0101147972,826853.7370670367,874140.4726078956,True
Boronia,h,Eastern Metropolitan,3,25.0,700000.0,991866.7378135729,847387.4607271148,859185.3579398497,True
Box Hill,h,Eastern Metropolitan,3,10.9,1725000.0,1343429.9841719202,1241014.0084999024,1326074.2041640345,False
Braybrook,h,Western Metropolitan,3,8.6,840000.0,795211.6904585795,774484.4246859228,773005.0467810985,False
Brighton,h,Southern Metropolitan,3,10.5,1342000.0,1242565.2039845346,1443341.2475224114,1381677.9925747064,False
Brighton,t,Southern Metropolitan,3,10.5,1960000.0,1327387.6817329312,1304649.7380290057,1298931.6735738826,False
Brighton,h,Southern Metropolitan,4,10.5,2410000.0,2517270.4269235577,2336576.2019022345,2490118.8870366667,False
Brunswick,h,Northern Metropolitan,2,5.2,911000.0,808622.3978704736,845619.3894160903,867250.5761074856,False
Brunswick,t,Northern Metropolitan,2,5.2,640000.0,626728.9485423643,651297.9585701877,724369.8344379854,False
Brunswick,h,Northern Metropolitan,4,5.2,1820000.0,1502468.2966130055,1649537.1935095207,1498918.196211046,False
Brunswick,u,Northern Metropolitan,1,5.2,170000.0,325109.07252466376,284983.15685491625,303680.58387954003,False
Brunswick East,h,Northern Metropolitan,2,4.0,1265000.0,1053700.959310968,1305221.2325585543,1252037.1418439047,False
Brunswick East,h,Northern Metropolitan,2,4.0,950000.0,974601.6988908108,1165036.0217147076,1149427.213213034,False
Bulleen,h,Eastern Metropolitan,4,10.8,1225000.0,1225417.413968532,1195415.476265042,1229310.7455167854,False
Bundoora,h,Northern Metropolitan,5,12.1,1505000.0,937222.3799246913,902413.5883872818,887632.281398377,True
Bundoora,h,Northern Metropolitan,4,12.1,730000.0,819121.9340012168,748834.8031799587,762291.409581231,True
Burwood,h,Southern Metropolitan,5,10.4,1775000.0,1675288.3847599132,1962119.9696044251,1918162.0390926532,False
Burwood,h,Southern Metropolitan,4,10.4,1702000.0,1612325.6813378236,1781520.6093062912,1763816.5491276584,False
Burwood East,h,Eastern Metropolitan,3,14.7,980000.0,1123185.4319682515,987337.3293360431,1005845.4003761065,True
Camberwell,h,Southern Metropolitan,6,7.7,2835000.0,2636119.044010314,2536177.5641389205,2216023.012909049,False
Camberwell,h,Southern Metropolitan,3,7.7,2770000.0,1825836.8633938944,1816596.908509655,1851444.7761842632,False
Camberwell,h,Southern Metropolitan,5,7.7,2450000.0,2292306.044643378,2200072.7864162694,2214655.1503915554,False
Carnegie,h,Southern Metropolitan,2,10.1,1441000.0,1380509.2644527664,1169284.6440153338,1248230.5294334784,False
Carnegie,h,Southern Metropolitan,3,10.1,1510000.0,1479888.004265863,1646537.2017810075,1571607.4177638118,False
Carnegie,t,Southern Metropolitan,2,10.1,850000.0,684603.6178207195,801744.5996849325,820977.0019445467,False
Carnegie,h,Southern Metropolitan,3,10.1,1500000.0,1468547.5970942974,1676680.9476900224,1620086.4088744717,False
Carnegie,h,Southern Metropolitan,3,10.1,1508000.0,1249146.6783036508,1418791.7179827734,1379821.4689232756,False
Carrum Downs,h,South-Eastern Metropolitan,4,34.9,609000.0,1090974.7991892002,905960.5617617501,968578.463073071,True
Carrum Downs,h,South-Eastern Metropolitan,3,34.9,578000.0,1262497.3856199477,1025289.7731225396,1019083.0491901307,True
Chelsea,h,South-Eastern Metropolitan,3,27.0,875000.0,1017920.8425195738,846560.0868367241,881122.6179151251,True
Cheltenham,h,Southern Metropolitan,4,17.9,920000.0,936440.4346542605,920815.0653630083,824691.6994574051,True
Cheltenham,h,Southern Metropolitan,4,17.9,1165000.0,1009543.2313629008,1154686.6934302826,1053220.390710414,True
Cheltenham,h,Southern Metropolitan,3,17.9,1201000.0,1050272.6313739226,1075661.7798384458,988663.8675691613,True
Cheltenham,h,Southern Metropolitan,3,17.9,910000.0,920016.055354289,932914.6289281347,922220.6932442902,True
Cheltenham,h,Southern Metropolitan,4,17.9,1200000.0,960769.7267290874,1113354.2294665826,926317.2787557938,True
Clayton,h,South-Eastern Metropolitan,3,16.7,2950000.0,1413897.579453256,1212262.2487853672,1422808.293654903,True
Clayton,u,South-Eastern Metropolitan,3,16.7,810000.0,736472.8726815549,646712.9440042997,622351.0231180894,True
Clayton South,h,South-Eastern Metropolitan,3,17.5,850000.0,1022247.5561535967,877372.9806147002,864600.7912839742,True
Clifton Hill,h,Northern Metropolitan,4,3.6,1010000.0,1681364.797096257,1685695.893615663,1639926.2433475535,False
Clifton Hill,h,Northern Metropolitan,2,3.6,980000.0,1289968.2908875162,1248818.664723656,1220897.6702562252,False
Coburg,h,Northern Metropolitan,4,6.7,975000.0,1175319.9577697667,1178209.266470652,1079250.9004246956,False
Coburg,t,Northern Metropolitan,3,6.7,880000.0,913403.8213953364,796312.3305649924,728023.2427177038,False
Coburg North,h,Northern Metropolitan,3,6.7,841000.0,1125750.108059274,975121.0500805496,1000293.4808755695,False
Collingwood,h,Northern Metropolitan,3,2.0,1300000.0,1258008.4970268693,1105527.8064477474,1088116.6971445102,False
Collingwood,t,Northern Metropolitan,2,2.0,931000.0,873469.2093074882,787720.0799954223,886084.0451256883,False
Craigieburn,h,Northern Metropolitan,3,20.6,492000.0,522073.1770277106,482550.58225744544,513640.7854957414,True
Croydon,h,Eastern Metropolitan,3,23.0,858000.0,1385019.8357391788,1342852.3833552063,1353084.6256186143,True
Dandenong North,h,South-Eastern Metropolitan,3,24.7,682000.0,1008439.2402080132,761906.2642946958,814470.4998415587,True
Deer Park,h,Western Metropolitan,3,14.8,629500.0,498115.7678521781,540060.2448860322,560881.1511568269,True
Dingley Village,h,South-Eastern Metropolitan,4,22.2,1281000.0,1113988.042932998,1017415.4695280622,1074301.7013158672,True
Doncaster,t,Eastern Metropolitan,3,12.4,751000.0,837710.129580073,828199.7072278213,826109.8903930273,False
Doncaster East,h,Eastern Metropolitan,5,14.3,1330000.0,1387796.7238076134,1401002.343443682,1443403.9604249292,True
Doveton,h,South-Eastern Metropolitan,3,28.8,469000.0,1048459.35356058,852498.1679810745,775327.19288085,True
Doveton,h,South-Eastern Metropolitan,3,28.8,531000.0,1079928.275264894,861463.4641703139,833262.6150366357,True
Eltham,h,Eastern Metropolitan,4,18.0,1085000.0,936527.8582934383,864530.2800219319,746576.5881563767,True
Eltham,h,Eastern Metropolitan,3,18.0,915000.0,946170.2864866814,988770.6727517464,879627.0101719307,True
Eltham,h,Eastern Metropolitan,4,18.0,890000.0,1041127.1154424949,1076189.9442630191,1002140.3936652708,True
Elwood,h,Southern Metropolitan,3,7.2,1800000.0,1885677.7348739665,1702038.5388703889,1798449.0463931072,False
Epping,h,Northern Metropolitan,3,19.6,600000.0,433412.79773264757,430201.52510339464,475612.6176585893,True
Epping,h,Northern Metropolitan,3,19.6,647000.0,534006.4547245585,534417.1851446825,612059.4773496941,True
Essendon,t,Western Metropolitan,3,7.5,770000.0,658298.810200779,570212.3945547466,589081.7104573455,False
Essendon,h,Western Metropolitan,3,7.5,1150000.0,1309240.8764651793,1313319.6964510863,1370274.8800459201,False
Essendon North,u,Western Metropolitan,3,8.2,1170000.0,797924.2166018286,848734.756459928,881641.1045465521,False
Fairfield,h,Northern Metropolitan,4,5.7,1255000.0,1387869.4822725505,1421380.7370845275,1360058.9690721266,False
Fairfield,h,Northern Metropolitan,3,5.7,1300000.0,1454385.4800976396,1473265.656661955,1332840.0471379538,False
Fawkner,h,Northern Metropolitan,3,13.1,680000.0,573854.1230093,584583.2027202949,567927.512070628,False
Fawkner,h,Northern Metropolitan,3,13.1,670000.0,525364.4574551748,509920.4735743239,498807.2245075159,False
Fitzroy North,h,Northern Metropolitan,3,3.6,1400000.0,1854521.8305707134,1345997.2121162054,1554387.1142531103,False
Forest Hill,h,Eastern Metropolitan,4,15.4,950000.0,1279715.8305419723,1109057.0621367637,962711.8764212934,True
Frankston,h,South-Eastern Metropolitan,4,38.0,650000.0,1237668.9103553728,1115105.9189404612,1033889.8370200293,True
Frankston South,h,South-Eastern Metropolitan,2,38.0,910000.0,1159265.9193892716,966532.6843266928,981267.038135226,True
Frankston South,h,South-Eastern Metropolitan,4,38.0,760000.0,1033402.5390340647,874397.9398502588,936501.9641694247,True
Gisborne,h,Northern Victoria,6,45.9,650000.0,678656.9606060982,550114.9356557954,628163.0477706766,True
Glen Iris,h,Southern Metropolitan,3,7.3,1738000.0,2054227.3746998815,2021149.7839003382,2247713.813861754,False
Glen Iris,t,Southern Metropolitan,2,7.3,965000.0,1500577.0755619495,956726.5008257962,975312.7951544042,False
Glen Iris,t,Southern Metropolitan,3,7.3,1333000.0,1640486.8007808072,1202602.4175339316,1235928.214212709,False
Glen Iris,h,Southern Metropolitan,2,7.3,1366000.0,1391725.0036520215,1258387.799584034,1361729.5918192822,False
Glen Waverley,h,Eastern Metropolitan,3,16.7,1275000.0,1292981.8183860346,1057422.1957483825,1076280.252758444,True
Glen Waverley,h,Eastern Metropolitan,3,16.7,1750000.0,1180200.0300744404,880858.7715534208,862560.7047213211,True
Glen Waverley,h,Eastern Metropolitan,5,16.7,1480000.0,1480822.6593246143,1219037.8341127918,1247633.9610693443,True
Glenroy,h,Northern Metropolitan,2,11.2,605000.0,609463.3219885905,605209.6058031671,580662.2278929303,False
Greensborough,h,Northern Metropolitan,3,16.1,922000.0,783896.4285293103,600332.9247043668,666302.751707329,True
Greensborough,h,Northern Metropolitan,4,16.1,865000.0,911610.7817986163,878685.245361141,812594.0031437054,True
Greenvale,h,Northern Metropolitan,5,20.4,650000.0,772070.7349395208,775308.4650191397,682901.8040130796,True
Hallam,h,South-Eastern Metropolitan,3,32.3,661000.0,1254033.5420618542,1083088.3978477984,1118141.706670274,True
Hampton,h,Southern Metropolitan,3,13.8,2515000.0,1555626.5489017868,1525885.2562351874,1681382.7099181574,False
Hampton,h,Southern Metropolitan,3,13.8,1520000.0,1328781.418143733,1111301.746418344,1139430.76034291,False
Hampton,h,Southern Metropolitan,4,13.8,2550000.0,1834949.2248529878,1324327.8364935839,1517412.0794372712,False
Hampton,h,Southern Metropolitan,4,13.8,1820000.0,1819822.7635892925,1561810.9426764848,1542694.166167257,False
Hampton,h,Southern Metropolitan,3,13.8,1450000.0,1309517.7582787443,1285887.3224727588,1204741.9355085343,False
Hampton East,h,Southern Metropolitan,3,13.8,1060000.0,1031450.2662704907,1081040.0848658949,1024002.1208120104,False
Hampton East,t,Southern Metropolitan,2,13.8,875000.0,888985.8335785937,611162.7173052677,652845.6679094817,False
Hawthorn,h,Southern Metropolitan,4,5.3,2325000.0,2639312.655691553,2943355.2258320716,2966533.396937605,False
Hawthorn,h,Southern Metropolitan,3,5.3,1450000.0,1358440.079734437,1276674.3346691797,1368936.9932777067,False
Heidelberg West,h,Eastern Metropolitan,3,8.8,846000.0,854981.6133066185,960689.391478158,960229.5988119135,False
Hillside,h,Western Metropolitan,4,18.0,628000.0,590912.0032003433,520600.722494767,580227.0238520072,True
Hillside,h,Western Metropolitan,3,18.0,645500.0,566253.222588848,588070.4099048657,572138.1084912785,True
Hoppers Crossing,h,Western Metropolitan,3,18.4,575000.0,596293.0118304704,730934.8265590112,741263.5979291365,True
Hoppers Crossing,h,Western Metropolitan,4,18.4,525000.0,694406.7810889356,732714.9997382473,713136.1889036722,True
Hoppers Crossing,h,Western Metropolitan,4,18.4,723000.0,920280.2627173559,1171024.8229491857,1132411.8711471458,True
Jacana,h,Northern Metropolitan,3,14.0,626000.0,509791.5769494039,476371.88849705,498552.28692658554,False
Keilor,h,Western Metropolitan,3,14.5,840000.0,811408.0577665895,863500.5547538166,830171.8003279151,True
Keilor East,h,Western Metropolitan,4,11.7,1230000.0,955435.2067203913,1044454.2505490842,1023434.0646250239,False
Keilor East,h,Western Metropolitan,3,11.7,933000.0,713315.4604629517,753366.1053015101,690053.8222192583,False
Kew,h,Southern Metropolitan,4,5.4,2375000.0,2265849.4252057634,2359328.1354171084,2409553.8623722144,False
Kew,h,Southern Metropolitan,3,5.4,1950000.0,1691028.9632834669,1829498.4618111278,1858389.9161451063,False
Kew,h,Southern Metropolitan,5,5.4,5065000.0,3269395.0518050464,4265809.137418936,4237090.449820762,False
Kew East,h,Southern Metropolitan,3,7.3,1650000.0,1750434.6875638335,1497732.3325406061,1502673.2188970677,False
Kew East,h,Southern Metropolitan,3,7.3,2125000.0,2047705.356975478,1742888.5129697649,1677813.1632841325,False
Kew East,h,Southern Metropolitan,2,7.3,1325000.0,1329404.079006528,1107443.935738102,1161609.8641834056,False
Kew East,h,Southern Metropolitan,3,7.3,1975000.0,1868924.1279994603,1691889.4279105214,1731633.0756119702,False
Kingsville,h,Western Metropolitan,4,6.4,1140000.0,1050984.4097654861,1026484.6607987455,1071546.3685837018,False
Kingsville,h,Western Metropolitan,3,6.4,1000000.0,1051872.3768658706,1178261.2613836331,1261585.2190004596,False
Lalor,h,Northern Metropolitan,3,16.3,801000.0,564075.5638482183,529415.6375180034,609318.8539892028,True
Lalor,h,Northern Metropolitan,3,16.3,596000.0,433705.3731123913,472656.72713124583,500892.6394834864,True
Malvern,t,Southern Metropolitan,4,5.9,2750000.0,2002824.6172593888,2136966.190567082,2350226.9011014714,False
Malvern,h,Southern Metropolitan,4,5.9,3400000.0,2569797.0305057648,2669615.5439176504,2976446.283611615,False
Meadow Heights,h,Northern Metropolitan,3,17.4,370000.0,521559.6362181247,527560.1319085114,553809.116135082,True
Mentone,t,South-Eastern Metropolitan,3,20.0,995000.0,829159.8306684138,833060.735931266,902245.0471741341,True
Mentone,h,South-Eastern Metropolitan,3,20.0,950000.0,856973.6188138284,779126.9201538753,722700.6584888785,True
Mentone,t,South-Eastern Metropolitan,3,20.0,792000.0,760450.6722368386,795060.6001003018,788285.7219017418,True
Mill Park,u,Northern Metropolitan,2,17.9,445000.0,412766.4857029428,328002.8178875908,354034.95390097005,True
Mill Park,h,Northern Metropolitan,3,17.9,675000.0,474751.78552466334,499254.3866083193,538855.3974334592,True
Mill Park,h,Northern Metropolitan,4,17.9,721000.0,819472.2504381402,642473.5917948132,685219.770561746,True
Mill Park,t,Northern Metropolitan,4,17.9,492000.0,577858.813643961,444946.79462347715,499283.6088637752,True
Mill Park,h,Northern Metropolitan,4,17.9,900000.0,906177.6660820885,711548.9686559602,767652.4921883304,True
Mill Park,h,Northern Metropolitan,3,17.9,650000.0,712390.1124711548,537002.3345288436,582962.998989419,True
Mitcham,h,Eastern Metropolitan,4,17.2,1120000.0,1476768.1855530813,1520463.1715818273,1545240.774514979,True
Mitcham,h,Eastern Metropolitan,3,17.2,961000.0,1195206.5748550927,1067559.7995320514,1031680.3189561495,True
Mitcham,h,Eastern Metropolitan,3,17.2,990000.0,1234620.031933954,1040135.9310932565,1029719.3591977959,True
Mont Albert,t,Eastern Metropolitan,3,10.2,1580000.0,2320690.2983865673,1461020.243854938,1376511.8891945316,False
Mont Albert,h,Eastern Metropolitan,4,10.2,2500000.0,1611337.229691079,1407903.716562135,1600698.5751138572,False
Montmorency,h,Eastern Metropolitan,4,16.2,940000.0,976024.280683504,1072323.0596541215,1003067.9363814992,True
Moonee Ponds,h,Western Metropolitan,4,6.2,1200000.0,1262908.3625453624,1126786.6986086373,1045947.7876539915,False
Moonee Ponds,h,Western Metropolitan,3,6.2,1007500.0,1155089.9616974876,1081739.6110333535,1075352.330259895,False
Moorabbin,u,Southern Metropolitan,3,14.3,828000.0,846464.0732970331,899257.2962478715,948080.9288099102,False
Mordialloc,h,South-Eastern Metropolitan,4,21.5,1285000.0,1008472.2281665612,1054305.5889917158,982512.0421223701,True
Mount Waverley,h,Eastern Metropolitan,5,14.2,2420000.0,1564845.8802777508,1614543.9070895994,1668721.658471062,True
Mount Waverley,h,Eastern Metropolitan,4,14.2,1335000.0,1339258.5682386,1090231.47073636,1153213.0158467942,True
Mount Waverley,h,Eastern Metropolitan,3,14.2,1451000.0,1280433.59608964,1043707.4676950063,1213393.8378124235,True
Mount Waverley,h,Eastern Metropolitan,4,14.2,1480000.0,1389677.9342385929,1147501.466970186,1209586.7138786474,True
Mulgrave,h,South-Eastern Metropolitan,3,18.8,850000.0,1110825.0126461745,841402.5411988351,805333.1665887606,True
Mulgrave,h,South-Eastern Metropolitan,3,18.8,912000.0,1186639.41526301,1029572.442841525,1061917.7660693652,True
Mulgrave,h,South-Eastern Metropolitan,4,18.8,1100000.0,1287170.0746547715,1128854.2715377985,1116395.458229369,True
Narre Warren,h,South-Eastern Metropolitan,4,34.1,792500.0,1318597.3242267345,1139076.995184198,1227671.559700288,True
Newport,h,Western Metropolitan,3,6.2,1262000.0,981084.551067831,1061831.0597878066,966200.6429720258,False
Newport,h,Western Metropolitan,4,6.2,1210000.0,1146065.1912711847,1087669.7881576635,1109421.145450036,False
Niddrie,h,Western Metropolitan,3,10.4,1186000.0,1002884.3541312531,1022226.0598930949,986880.5528530198,False
Northcote,h,Northern Metropolitan,3,5.3,1320000.0,1188629.0611354318,1185960.327845584,1204292.7758434166,False
Northcote,h,Northern Metropolitan,2,5.3,1325000.0,971495.8916379367,1017121.0138419233,993443.2271817675,False
Northcote,h,Northern Metropolitan,2,5.3,780000.0,1085561.696635853,908773.3479803196,877315.4810431846,False
Oak Park,h,Northern Metropolitan,5,11.2,955000.0,938217.6159951342,1035377.9747262518,913937.1130091675,False
Oak Park,h,Northern Metropolitan,3,11.2,725000.0,536906.6595721119,582447.7076780442,588045.3697539695,False
Oakleigh South,h,South-Eastern Metropolitan,3,15.5,950000.0,1007738.5693834864,867307.8219927009,823515.4486283592,False
Parkdale,h,South-Eastern Metropolitan,3,21.5,1250000.0,1106651.2950063266,1048089.1151547187,1089111.9180127555,True
Pascoe Vale,h,Northern Metropolitan,3,8.5,850000.0,1005587.653488679,845246.321787586,858102.1653384222,False
Pascoe Vale,h,Northern Metropolitan,3,8.5,1160000.0,952220.0508421311,899414.4394379596,921455.990657742,False
Point Cook,h,Western Metropolitan,4,14.7,765000.0,811832.0390861839,891527.9583506424,1029920.7542014332,True
Point Cook,h,Western Metropolitan,4,14.7,635000.0,776652.7959775104,829882.6380683362,839320.2986945948,True
Port Melbourne,h,Southern Metropolitan,2,3.5,1260000.0,1020576.9391013616,1103164.7266047332,1039744.5847448166,False
Port Melbourne,h,Southern Metropolitan,3,3.5,1960000.0,2195202.3537802654,1946764.3748382258,1831660.6041879545,False
Prahran,h,Southern Metropolitan,3,4.6,1771000.0,1731066.9902148205,1675974.8090463567,1811490.4533763214,False
Prahran,u,Southern Metropolitan,1,4.6,515000.0,417812.55292549636,526935.8198509743,509869.78181025566,False
Prahran,h,Southern Metropolitan,3,4.6,1610000.0,1273081.7567623402,1477758.262812037,1385772.847085647,False
Preston,h,Northern Metropolitan,3,8.4,1035000.0,966530.7523950016,936839.6060407569,890318.7369529584,False
Preston,h,Northern Metropolitan,3,8.4,880000.0,890122.1454393218,830579.054590202,841628.8411387624,False
Princes Hill,h,Northern Metropolitan,2,3.5,1625000.0,1291857.4742614008,1154549.6956767528,1112303.9057002703,False
Reservoir,h,Northern Metropolitan,3,12.0,930000.0,726843.9289525512,705966.4682358247,715327.2147841942,False
Reservoir,h,Northern Metropolitan,4,12.0,912000.0,798020.8446671208,807766.1543564621,810257.7815552435,False
Reservoir,h,Northern Metropolitan,3,12.0,900000.0,790911.4967013244,806308.0776338645,807928.5497611165,False
Reservoir,h,Northern Metropolitan,3,12.0,935000.0,782722.575969348,782870.1695450019,755814.2218277507,False
Reservoir,u,Northern Metropolitan,2,12.0,465000.0,382319.47400384955,380709.3953142871,389566.971899262,False
Reservoir,h,Northern Metropolitan,2,12.0,920000.0,741193.9899857595,747640.3984482016,703641.9199516263,False
Richmond,t,Northern Metropolitan,3,2.4,1500000.0,1016834.0880037915,1150928.0673177193,1184742.7487785507,False
Richmond,h,Northern Metropolitan,2,2.4,1200000.0,1031398.2312857938,1031516.3703402096,1030090.4534168041,False
Ringwood,h,Eastern Metropolitan,3,19.9,800000.0,1208201.9529502054,1134228.3585682544,1066112.7271354906,True
Ringwood,h,Eastern Metropolitan,4,19.9,1335000.0,1358556.5753660414,1104682.687479059,1001293.7254394939,True
Ringwood,h,Eastern Metropolitan,4,19.9,935000.0,1405610.774713526,1212757.7981787259,1184919.0765862877,True
Ringwood East,h,Eastern Metropolitan,3,21.3,746000.0,1009810.5325828695,989348.7263690709,1034675.610475252,True
Ringwood North,h,Eastern Metropolitan,4,19.9,1283000.0,1523749.3641213707,1541179.1476769901,1560098.600638275,True
Rosanna,h,Eastern Metropolitan,4,8.9,1365000.0,1100315.7445488984,1146072.3389203264,1125910.5439279766,False
Rosanna,h,Eastern Metropolitan,4,8.9,1775000.0,1543404.440310116,1469547.9497682226,1579417.259595754,False
Roxburgh Park,h,Northern Metropolitan,3,20.6,380000.0,447872.97747348476,402167.97904613934,437498.9389997427,True
Sandringham,h,Southern Metropolitan,4,15.2,1665000.0,2005418.422340003,1511769.7706112796,1668812.4837003623,True
Sandringham,h,Southern Metropolitan,4,15.2,1915000.0,1717736.2180983054,1628092.958802416,1563789.8845442422,True
Scoresby,h,Eastern Metropolitan,4,22.2,950000.0,1562746.1888038977,1203534.996950236,1210670.2829551809,True
Scoresby,h,Eastern Metropolitan,4,22.2,962000.0,1580144.8824663367,1223921.6070956148,1162071.6348810142,True
South Melbourne,h,Southern Metropolitan,1,1.9,855000.0,1008484.002303971,913091.2237571509,1032737.4101270174,False
South Yarra,h,Southern Metropolitan,3,2.7,1305000.0,1404442.8592140642,1483592.83882319,1336143.00601605,False
Springvale,h,South-Eastern Metropolitan,3,20.8,770000.0,1094706.7151081837,825599.9637527317,782474.4400151614,True
Strathmore,h,Western Metropolitan,3,8.2,1720000.0,1091859.955100718,1102667.0744357419,1248282.6973975652,False
Sunbury,h,Western Metropolitan,3,31.7,405000.0,449812.00851225934,390133.10492094944,464935.6710971866,True
Sunbury,h,Western Metropolitan,3,31.7,482000.0,450486.0650097554,399636.24984694965,437688.8855174976,True
Sunbury,h,Western Metropolitan,3,31.7,436000.0,517867.3133059681,408071.37033413036,484831.1360023332,True
Sunshine,h,Western Metropolitan,4,10.5,830000.0,693969.0345129042,711263.9849791129,693731.5515300826,False
Sunshine North,h,Western Metropolitan,4,10.5,665000.0,837575.3739349261,825646.7308405169,784720.3534248064,False
Sunshine North,h,Western Metropolitan,3,10.5,610000.0,578577.6758408205,571145.1952115443,536027.7796767468,False
Surrey Hills,u,Southern Metropolitan,3,10.2,1290000.0,849706.7618896341,980956.0603140388,979848.4354697667,False
Surrey Hills,h,Southern Metropolitan,4,10.2,1810000.0,1849715.8763568643,1846022.6246918482,1848123.1742060762,False
Surrey Hills,h,Southern Metropolitan,5,10.2,2230000.0,2089161.9332780945,2145591.3076590337,2129720.8128270516,False
Templestowe,h,Eastern Metropolitan,5,15.5,1930000.0,1234366.5744707766,1495288.9080272568,1356261.6782609008,True
Thomastown,h,Northern Metropolitan,3,15.3,600500.0,432617.88600280153,431772.1365859324,468525.1991245132,True
Thomastown,h,Northern Metropolitan,3,15.3,640000.0,489056.6536702917,484622.89487047045,540276.9976448463,True
Thomastown,h,Northern Metropolitan,3,15.3,750000.0,515015.7140906255,517179.3503136775,545673.6812066603,True
Thornbury,h,Northern Metropolitan,4,7.0,1605000.0,1010603.7496190979,1185195.4641875187,1121631.955986557,False
Thornbury,h,Northern Metropolitan,3,7.0,1300000.0,1193662.2650966817,1136015.707045136,1169066.7716591952,False
Toorak,h,Southern Metropolitan,3,4.1,2076000.0,1662461.4667383593,1795985.234702173,1910497.275751174,False
Vermont,h,Eastern Metropolitan,5,17.2,1150000.0,1296199.1156001815,1037886.1210133918,1037779.6240217282,True
Viewbank,h,Eastern Metropolitan,3,8.9,1009000.0,1018999.4449800487,1081574.915874234,1009912.8723692476,False
Wallan,h,Northern Victoria,3,44.2,366000.0,443204.3187650628,428564.5292017873,443948.8043884856,True
Wantirna,h,Eastern Metropolitan,3,14.7,1070000.0,1226332.3043359907,1083167.4267236788,1041078.2838170269,True
Wantirna South,h,Eastern Metropolitan,4,14.7,1440000.0,1488587.563595223,1244383.0137950873,1203084.4351349568,True
Wantirna South,h,Eastern Metropolitan,4,14.7,1060000.0,1374165.1439510107,1147686.40776226,1090708.2641899032,True
Watsonia,h,Northern Metropolitan,3,14.5,792000.0,692615.6433804523,682856.2131491185,699071.6127904564,False
Watsonia North,h,Northern Metropolitan,4,14.5,920000.0,1013056.8408931494,902872.6403042442,876382.5550482904,True
Werribee,h,Western Metropolitan,3,14.7,470000.0,717858.8860439056,754015.6729814606,719768.5017839888,True
Werribee,h,Western Metropolitan,3,14.7,515000.0,610304.1400543185,684799.030052978,686635.5897992289,True
Werribee,h,Western Metropolitan,4,14.7,603500.0,814401.8754196868,895128.9822964709,895011.0447799524,True
West Footscray,h,Western Metropolitan,3,6.4,870000.0,842089.8212939925,799102.7226855003,943499.5206822198,False
West Footscray,h,Western Metropolitan,4,6.4,1060000.0,1481277.1083358678,1437330.165496944,1506244.6129168682,False
West Melbourne,t,Northern Metropolitan,3,3.1,1500000.0,1417572.8801861259,1547144.6070051535,1315631.663993669,False
Wheelers Hill,h,South-Eastern Metropolitan,3,16.7,950000.0,1144724.7180258431,1026031.0597131907,1015020.7745935026,True
Wheelers Hill,h,South-Eastern Metropolitan,4,16.7,1211000.0,1247082.265312024,1169153.3193827446,1090181.2061905654,True
Williams Landing,h,Western Metropolitan,3,17.6,555000.0,557653.4595424731,527605.750036177,507493.4099631796,True
Williamstown North,h,Western Metropolitan,3,6.8,1190000.0,1008185.6460100614,1036205.5055597957,1018454.3878003522,False
Windsor,h,Southern Metropolitan,3,4.6,1425000.0,1544064.922089869,1550357.0467950033,1564117.488719508,False
Windsor,h,Southern Metropolitan,3,4.6,1970000.0,2109623.070123119,1848166.210148332,1910824.2974263786,False
Windsor,h,Southern Metropolitan,2,4.6,1300000.0,1381898.2404065738,1158840.7323427922,1200532.3686370275,False
Yarraville,h,Western Metropolitan,2,6.3,921000.0,802326.3849466656,764787.1864837933,780354.583985437,False
Yarraville,h,Western Metropolitan,3,6.3,1190000.0,974632.9613376874,916496.7085768437,940946.0876185878,False
Abbotsford,h,Northern Metropolitan,3,3.0,1000000.0,1286144.2642965731,1359716.5552587826,1387743.1809248135,False
Albanvale,h,Western Metropolitan,3,14.0,506000.0,551125.5048738635,540437.8657032418,518159.0184410755,True
Albert Park,h,Southern Metropolitan,4,3.0,2550000.0,2184218.0865469766,2444874.318820421,2452135.4150051144,False
Altona North,h,Western Metropolitan,3,9.4,880000.0,703549.1593978915,765531.3724477036,708459.8433870241,False
Ardeer,h,Western Metropolitan,3,12.8,730000.0,662327.7401721232,685185.6099644824,672801.6575219883,True
Armadale,h,Southern Metropolitan,2,6.3,1460000.0,1127522.9789680846,1156245.3019760002,1096943.0247849203,False
Armadale,h,Southern Metropolitan,2,6.3,1726000.0,1494173.9056857985,1641987.4797160276,1707585.579442973,False
Ashburton,h,Southern Metropolitan,4,10.2,1920000.0,1727841.8549876076,1871794.4376774337,1803528.2789039777,False
Ashwood,h,Southern Metropolitan,3,10.2,1575000.0,1638111.360202813,1604341.8429127634,1484973.0744212205,False
Aspendale,h,South-Eastern Metropolitan,4,21.5,1362000.0,958377.3211815531,929488.1147677853,916056.0005344679,True
Balwyn,h,Southern Metropolitan,4,7.9,2115000.0,2172432.22599562,2429148.061715541,2340052.4402452908,False
Balwyn,h,Southern Metropolitan,5,7.9,2562000.0,2628632.167566324,2617542.5936966445,2946772.4629622805,False
Balwyn,h,Southern Metropolitan,6,7.9,2100000.0,2333276.920067574,2469792.730558446,2442668.1620303183,False
Balwyn North,h,Southern Metropolitan,3,9.7,1900000.0,1701430.7024528347,1594658.0857583084,1674148.9212165647,False
Balwyn North,h,Southern Metropolitan,4,9.7,2000000.0,2374688.895393899,2719013.8516845624,2236334.465812666,False
Balwyn North,h,Southern Metropolitan,4,9.7,2400000.0,1975952.0918910608,2136570.9544139453,2093505.0084249612,False
Balwyn North,h,Southern Metropolitan,4,9.7,2270000.0,2190175.3140007295,2190443.3028630605,1951536.959716186,False
Balwyn North,h,Southern Metropolitan,5,9.7,2600000.0,2314662.687766742,2394211.946450841,2430928.857303327,False
Balwyn North,h,Southern Metropolitan,3,9.7,2321000.0,2011812.1560667001,1976190.4778249203,1978061.307577166,False
Balwyn North,h,Southern Metropolitan,3,9.7,1890000.0,1681081.559851941,1808191.6891602778,1751892.0796914892,False
Bentleigh,h,Southern Metropolitan,4,11.4,1895000.0,1594603.1331155854,1683505.8645354954,1703754.1485577372,False
Bentleigh East,h,Southern Metropolitan,4,13.8,1115000.0,1257670.092626527,1216007.3037566848,1229710.4557878615,False
Bentleigh East,t,Southern Metropolitan,3,13.8,1280000.0,990831.2295735977,1018959.8175509071,1098570.4539627724,False
Bentleigh East,u,Southern Metropolitan,2,13.8,690000.0,796917.9440735904,658465.3483637451,729913.801683002,False
Bentleigh East,h,Southern Metropolitan,4,13.8,1595000.0,1324215.6031840814,1201818.4744809717,1391978.3872912754,False
Blackburn,t,Eastern Metropolitan,3,13.4,881000.0,921103.5555703944,896009.5371278347,860993.9883216219,True
Blackburn North,h,Eastern Metropolitan,4,13.4,1300000.0,1406957.3859951384,1228400.508011918,1337074.3777296224,True
Briar Hill,t,Eastern Metropolitan,2,16.1,625000.0,585806.3007263833,472645.28543708986,482294.614803028,True
Brighton,h,Southern Metropolitan,4,10.5,3100000.0,3125765.237637435,2548748.3452519393,3055321.7128247297,False
Brighton,h,Southern Metropolitan,4,10.5,1850000.0,2196760.94486333,1991184.4147531288,2076050.472527848,False
Brighton,h,Southern Metropolitan,4,10.5,2770000.0,2566262.496914592,2579587.7105927616,2681763.996462912,False
Brighton East,h,Southern Metropolitan,4,10.3,1300000.0,1554108.7001924939,1635954.6547923675,1615970.7291064723,False
Broadmeadows,h,Northern Metropolitan,3,14.0,637000.0,567441.0366761304,551955.5402785639,553898.6488997648,True
Broadmeadows,h,Northern Metropolitan,3,14.0,1335000.0,534024.0534917335,542939.415551071,538180.6191209184,True
Brunswick,h,Northern Metropolitan,3,5.2,905000.0,985011.3238727547,1028883.6351004577,1023774.1846775541,False
Brunswick East,u,Northern Metropolitan,1,4.0,320000.0,341687.16263117903,415862.3131143067,396748.6425287426,False
Bulleen,h,Eastern Metropolitan,3,10.8,1230000.0,1205745.2181540022,1200452.1161592675,1236682.3232560947,False
Bulleen,h,Eastern Metropolitan,4,10.8,1240000.0,1226757.8003667134,1129487.9354268233,1180285.9127214537,False
Bundoora,h,Northern Metropolitan,3,12.1,1234000.0,953349.8560574963,869239.4197321528,943873.2242721744,True
Burwood,h,Southern Metropolitan,3,10.4,1588000.0,1740918.4451087138,1718797.5324649776,1690663.0793785977,False
Burwood East,h,Eastern Metropolitan,3,14.7,1000000.0,1345833.3029166267,1207973.9803881352,1018191.3104319599,True
Campbellfield,h,Northern Metropolitan,4,16.6,650000.0,669534.0453590822,575712.3873690028,586876.3185660081,False
Canterbury,h,Southern Metropolitan,5,8.4,2550000.0,2178750.8146473216,2222297.8208864667,2340891.805600732,False
Carlton North,h,Northern Metropolitan,2,3.5,1540000.0,1163884.8701365218,1264708.0123673226,1253650.375954041,False
Caroline Springs,h,Western Metropolitan,3,14.8,700000.0,597042.6510638074,608804.8764355558,606248.6837177232,True
Caulfield South,h,Southern Metropolitan,5,8.7,2450000.0,2442500.9542410267,2647563.8022604682,2650084.1965649147,False
Chelsea Heights,h,South-Eastern Metropolitan,3,27.0,710000.0,1291567.2129809598,951176.1302522023,1051433.0738256085,True
Cheltenham,t,Southern Metropolitan,2,17.9,955000.0,877792.7945124704,683365.7829326593,670623.4299357281,True
Cheltenham,h,Southern Metropolitan,3,17.9,1230000.0,957799.4906900256,979741.6259467872,935422.4518464786,True
Clarinda,h,South-Eastern Metropolitan,5,17.5,883300.0,1025816.8337508091,772060.0296434212,889319.7986895676,True
Clarinda,h,South-Eastern Metropolitan,3,17.5,790000.0,946673.1507643833,798116.1889576794,864842.5403261622,True
Clifton Hill,h,Northern Metropolitan,2,3.6,1310000.0,1101562.9557832594,1188300.9447454405,1204392.0625382902,False
Coburg,h,Northern Metropolitan,3,6.7,880000.0,901438.6657152249,906699.0214291202,923607.5844824311,False
Coburg,h,Northern Metropolitan,3,6.7,1070000.0,952634.0435869112,935374.3532738764,907572.1764907578,False
Coburg,h,Northern Metropolitan,5,6.7,1500000.0,1923289.420505387,1993415.6261406941,2074971.377731898,False
Coburg,h,Northern Metropolitan,4,6.7,1085000.0,1073772.8732581595,1275833.616732389,1153901.2906666223,False
Craigieburn,h,Northern Metropolitan,4,20.6,640000.0,629830.5296305256,467153.768396793,552408.0344708642,True
Craigieburn,h,Northern Metropolitan,3,20.6,582500.0,610076.4006812167,483863.20314564236,564975.9386496659,True
Craigieburn,h,Northern Metropolitan,4,20.6,480000.0,616551.2208491431,514061.9075480817,556293.0412187566,True
Craigieburn,h,Northern Metropolitan,4,20.6,523000.0,635425.090001811,546607.1669317433,614210.3973093336,True
Craigieburn,h,Northern Metropolitan,3,20.6,485000.0,501881.82723739656,477011.6500117695,512300.3553120974,True
Craigieburn,h,Northern Metropolitan,4,20.6,800000.0,639797.8366380191,505324.07984615146,564066.0225313774,True
Craigieburn,h,Northern Metropolitan,4,20.6,632000.0,634476.409204106,514999.81238786504,618418.4148769008,True
Croydon,h,Eastern Metropolitan,4,23.0,1152000.0,1833325.0881452728,1591107.1676667295,1518580.7224122856,True
Dallas,h,Northern Metropolitan,3,14.0,475000.0,477167.5648975036,467696.8456813571,526142.7473080729,True
Deer Park,h,Western Metropolitan,3,14.8,635000.0,629106.53803525,652269.6603503302,659225.5561472898,True
Dingley Village,h,South-Eastern Metropolitan,3,22.2,871000.0,1064692.4401153657,903980.7398677018,922777.2814236139,True
Dingley Village,h,South-Eastern Metropolitan,4,22.2,970000.0,971868.4713652695,679891.6347086836,760193.9611825425,True
Doncaster,h,Eastern Metropolitan,4,12.4,1200000.0,1354211.5851547844,1331159.4641160984,1161940.8262684331,False
Doncaster,h,Eastern Metropolitan,3,12.4,1410000.0,1242901.1111140854,1291505.0910293956,1286003.3360181286,False
Doncaster East,h,Eastern Metropolitan,4,14.3,1320000.0,1342144.5532777987,1338110.2297606326,1226012.6984826473,True
Doncaster East,h,Eastern Metropolitan,3,14.3,1408000.0,1141052.593593538,1106367.128877421,1114033.9959353597,True
Donvale,h,Eastern Metropolitan,4,16.1,1200000.0,1201979.6842087691,977755.1362399779,990697.6339882691,True
Donvale,h,Eastern Metropolitan,3,16.1,988000.0,866459.2540543143,1052684.7019902961,933661.3965861612,True
Eaglemont,h,Eastern Metropolitan,3,8.9,1925000.0,1384058.8148869458,1614882.5473338782,1725634.1399100954,False
Edithvale,h,South-Eastern Metropolitan,3,27.0,875000.0,1251824.1322440137,921661.0924073155,893066.3326127973,True
Elsternwick,h,Southern Metropolitan,3,7.2,2105000.0,1933217.881023034,1847974.9653890554,1994602.61510549,False
Elsternwick,h,Southern Metropolitan,4,7.2,2410000.0,1692889.2154466163,1671260.1340097573,1657882.7670097752,False
Eltham,h,Eastern Metropolitan,3,18.0,810000.0,950031.8181690918,927736.2651118594,706342.2305066669,True
Eltham North,h,Eastern Metropolitan,6,18.0,1115000.0,1160377.7041883578,997087.3520191108,866656.1175543801,True
Elwood,h,Southern Metropolitan,3,7.2,1380000.0,1871116.527839429,1908174.0578138917,2204624.284718756,False
Epping,h,Northern Metropolitan,3,19.6,678000.0,435027.0770145653,425347.7006848741,478101.337680086,True
Epping,h,Northern Metropolitan,4,19.6,681000.0,859808.8003806322,665321.3613846858,768106.2582999902,True
Essendon,h,Western Metropolitan,4,7.5,1600000.0,1768947.0195311864,1881613.1836376463,2173597.834961118,False
Fairfield,h,Northern Metropolitan,4,5.7,1280000.0,1524893.9129913517,1639924.8772872817,1582192.43883149,False
Fawkner,h,Northern Metropolitan,4,13.1,874000.0,782600.1033964718,825427.9700054999,741914.9870732928,False
Ferntree Gully,h,Eastern Metropolitan,3,24.8,770000.0,1197282.2608076558,1035597.386969102,1061768.5508987051,True
Ferntree Gully,h,Eastern Metropolitan,4,24.8,875000.0,1481957.0526302555,1273658.9812781073,1398218.5568128722,True
Fitzroy,t,Northern Metropolitan,1,2.1,580000.0,944367.0345915556,539147.9524761832,544312.0723035658,False
Fitzroy,h,Northern Metropolitan,3,2.1,2478000.0,1671913.4755776767,1556620.4255805775,1691347.621884017,False
Flemington,t,Northern Metropolitan,3,3.4,1017500.0,1333769.073539002,1187744.840832333,1269691.482293921,False
Footscray,h,Western Metropolitan,2,5.1,942000.0,822903.5510156028,860717.0462513877,808996.8315567076,False
Footscray,h,Western Metropolitan,3,5.1,1320000.0,1031647.2593795261,1207833.8762384376,1230211.6831446546,False
Frankston,h,South-Eastern Metropolitan,3,38.0,550000.0,1051394.1195687412,713597.914038397,693999.8307150074,True
Frankston,h,South-Eastern Metropolitan,3,38.0,690000.0,1132863.6785904088,898020.8479428921,879455.9430281296,True
Glen Iris,h,Southern Metropolitan,2,7.3,708000.0,1001547.9178350933,999793.3033451014,875316.166159766,False
Glen Iris,h,Southern Metropolitan,3,7.3,1300000.0,1522549.4539163744,1325850.396852676,1476846.3497097304,False
Glen Iris,h,Southern Metropolitan,3,7.3,1307500.0,1424648.0041423456,1416054.9574268127,1368683.535913499,False
Glen Iris,h,Southern Metropolitan,3,7.3,1390000.0,1674297.821484,1563642.5747451647,1568382.0830056283,False
Glen Waverley,h,Eastern Metropolitan,3,16.7,1310000.0,1264057.1848983464,1026202.8708149809,1099179.5258349353,True
Glen Waverley,h,Eastern Metropolitan,5,16.7,1285000.0,1327163.9542007304,1075843.9105887276,1113331.5954513932,True
Glen Waverley,h,Eastern Metropolitan,4,16.7,1292000.0,1410671.417388979,1183551.3672083777,1222461.1953607465,True
Glen Waverley,h,Eastern Metropolitan,3,16.7,1300000.0,1235555.0182070937,1076721.948040858,1098472.9207157132,True
Glen Waverley,h,Eastern Metropolitan,4,16.7,1155000.0,1283691.2377274996,1061084.706454943,1119682.958640439,True
Glenroy,h,Northern Metropolitan,4,11.2,831000.0,878998.1468276951,952564.3116850696,981772.0423581348,False
Glenroy,h,Northern Metropolitan,3,11.2,570000.0,517579.77856848354,525955.5047113332,505200.86622750293,False
Glenroy,h,Northern Metropolitan,2,11.2,805000.0,702099.9912102045,573066.7924412999,602853.2927776249,False
Gowanbrae,h,Western Metropolitan,4,12.9,931000.0,733767.8517676027,785839.549590415,745267.1075166238,False
Hampton,h,Southern Metropolitan,5,13.8,2500000.0,2244220.3761539157,1991798.7807479827,2218446.8311525206,False
Hawthorn,h,Southern Metropolitan,2,5.3,1600000.0,1223126.543773802,1206964.792273784,1229722.7877864495,False
Hawthorn East,h,Southern Metropolitan,2,6.2,1700000.0,1260571.6280519243,1150947.212713865,1203530.7758112797,False
Heathmont,h,Eastern Metropolitan,5,21.3,1825000.0,1383519.4138425007,1398025.5391040808,1250021.311783924,True
Heathmont,h,Eastern Metropolitan,3,21.3,1000000.0,1236402.7640335565,1213322.9124570393,1231917.1681926295,True
Highett,h,Southern Metropolitan,3,16.0,1080000.0,1047602.2945125026,1148481.8311508629,1129445.6627198362,True
Highett,h,Southern Metropolitan,3,16.0,2585000.0,1063920.0362140134,1169437.6967078657,1133969.9141411777,True
Highett,h,Southern Metropolitan,5,16.0,1225000.0,1193362.616385674,1212232.8540199774,1151854.118407552,True
Hillside,h,Western Metropolitan,4,18.0,1111000.0,724111.063860583,702575.9595013767,717216.7267951785,True
Hillside,h,Western Metropolitan,3,18.0,478000.0,505466.58031412953,433699.40576722514,427399.1047252163,True
Hoppers Crossing,h,Western Metropolitan,3,18.4,520000.0,590414.2711585776,673149.0564178311,655309.2026585306,True
Jacana,h,Northern Metropolitan,4,14.0,650000.0,769350.0979493255,592421.328653262,641239.2718640392,False
Keilor East,h,Western Metropolitan,4,11.7,981000.0,843391.0138511719,911198.8412647381,832747.5352032864,False
Keilor East,h,Western Metropolitan,3,11.7,1295000.0,850286.2154463591,921731.176433051,958528.5980732741,False
Keilor East,h,Western Metropolitan,4,11.7,1250000.0,857823.9556323913,922039.0385557095,893221.4937956999,False
Keilor East,h,Western Metropolitan,4,11.7,986000.0,828959.0633803505,789338.4177942781,803843.4282588111,False
Keilor East,h,Western Metropolitan,3,11.7,620000.0,744081.6441537741,644849.9996823824,670024.0992924987,False
Kensington,t,Northern Metropolitan,2,3.4,841000.0,823758.7555452933,836610.1473462586,849029.7769608767,False
Kew,h,Southern Metropolitan,3,5.4,2180000.0,1647684.6098733156,1676466.7478349048,1743663.1836716554,False
Kew,h,Southern Metropolitan,4,5.4,4000000.0,2604030.877554651,2930564.1291306443,3079469.4424531814,False
Kew,h,Southern Metropolitan,3,5.4,1775000.0,2172178.8671531985,2148242.014911163,2225891.8461736576,False
Kew East,h,Southern Metropolitan,3,7.3,2118000.0,2012266.519544428,1965567.215824359,1862378.2271567117,False
Kilsyth,h,Eastern Metropolitan,3,26.0,710000.0,1394389.2429574593,1258123.5796812766,1258208.380343826,True
Kilsyth,h,Eastern Metropolitan,3,26.0,780000.0,1349319.1452034283,1189305.0480656342,1266119.7003308337,True
Lalor,h,Northern Metropolitan,3,16.3,700000.0,441345.267267977,416837.48921290366,478914.19908215315,True
Maidstone,h,Western Metropolitan,2,6.4,610000.0,793650.6487203696,707751.8188050992,710942.2727349261,False
Malvern East,h,Southern Metropolitan,3,8.4,2030000.0,1682638.0193678208,1923459.0139517225,1857670.4731701107,False
Malvern East,h,Southern Metropolitan,3,8.4,1800000.0,1649837.708076694,1637958.987662425,1477294.1419380484,False
Maribyrnong,h,Western Metropolitan,4,4.3,1500000.0,1630963.3842484576,1438789.8810545993,1432880.0051885457,False
McKinnon,t,Southern Metropolitan,3,11.4,1125000.0,968985.9087913242,1042645.0510844383,1026406.0320527392,True
Melton South,h,Western Victoria,3,29.8,460000.0,522353.31825636595,530340.1468574038,501056.0953055663,True
Mentone,t,South-Eastern Metropolitan,3,20.0,881000.0,849514.0469707532,846415.1035271157,857734.4481221209,True
Mernda,h,Northern Metropolitan,3,25.9,430000.0,655173.5338194023,463844.4287635677,493623.6785129817,True
Mernda,h,Northern Metropolitan,3,25.9,547000.0,680538.2004145873,577297.9098269772,649652.3059186682,True
Mill Park,h,Northern Metropolitan,3,17.9,470000.0,451088.18428590393,417242.07225713023,427860.53864759614,True
Montmorency,h,Eastern Metropolitan,3,16.2,756000.0,659256.2004511227,684181.5771195182,639107.9955327502,True
Mount Evelyn,h,Eastern Victoria,3,31.6,515000.0,1270310.6563067131,1116936.3624510698,1191378.7201895963,True
Mount Waverley,h,Eastern Metropolitan,4,14.2,1750000.0,1246779.850831696,1009913.5718383624,909101.7439256638,True
Mount Waverley,h,Eastern Metropolitan,4,14.2,1340000.0,1446327.8873859735,1217083.7948773624,1336765.3590754748,True
Niddrie,t,Western Metropolitan,3,10.4,1150000.0,841257.9337426109,922422.0698892138,873759.4232595338,False
Nunawading,h,Eastern Metropolitan,3,15.4,1218000.0,1394357.7745871497,1228665.9435715515,1216843.6462013714,True
Oakleigh South,h,South-Eastern Metropolitan,2,15.5,955500.0,1056320.903211346,909096.3932844969,888757.3027778086,False
Ormond,h,Southern Metropolitan,3,11.4,1005500.0,1060223.5808626693,1165705.1050852886,1101105.3698629045,False
Pascoe Vale,h,Northern Metropolitan,3,8.5,980000.0,863777.0690682494,810038.8065893032,853522.34120967,False
Pascoe Vale,t,Northern Metropolitan,2,8.5,585500.0,547870.2534669266,540705.8787263988,552052.7040185274,False
Port Melbourne,h,Southern Metropolitan,3,3.5,1230000.0,1545963.720323279,1507149.0237171724,1532989.7420799243,False
Prahran,h,Southern Metropolitan,3,4.6,1390000.0,1206710.295994162,1382057.270924618,1496749.8851252827,False
Preston,h,Northern Metropolitan,3,8.4,961000.0,833668.2301874848,887297.2657476603,874545.4400579914,False
Preston,h,Northern Metropolitan,3,8.4,1001000.0,880327.8209607514,910058.2864412966,899987.3871999452,False
Reservoir,h,Northern Metropolitan,3,12.0,876000.0,686099.7347899234,731365.1511321268,744126.6074387701,False
Reservoir,h,Northern Metropolitan,4,12.0,866000.0,712396.3565561095,706106.4821895469,783538.553347834,False
Reservoir,h,Northern Metropolitan,3,12.0,775500.0,659328.937041683,568890.3766344419,631509.810393358,False
Reservoir,h,Northern Metropolitan,4,12.0,920000.0,777247.4463321902,768810.31670262,755622.5554878064,False
Roxburgh Park,h,Northern Metropolitan,3,20.6,400000.0,448937.71361204167,425556.9622203788,461899.5197671997,True
South Melbourne,h,Southern Metropolitan,3,1.9,1412000.0,1452763.6661789066,1379704.9955226541,1354674.2677512194,False
South Morang,h,Northern Metropolitan,5,20.5,597000.0,839375.7305577232,687072.940915705,788167.8936169982,True
South Yarra,h,Southern Metropolitan,3,2.7,1400000.0,2333950.658582335,2320465.7201312683,2696371.734136909,False
Spotswood,h,Western Metropolitan,2,6.2,782500.0,778514.1062146133,797401.3329260196,800535.1593165523,False
Springvale South,h,South-Eastern Metropolitan,3,22.2,750000.0,1221409.6559616916,962171.6235573618,923033.3935065579,True
St Albans,h,Western Metropolitan,3,14.0,626000.0,537322.0191827359,503133.37956191064,495063.7576339844,True
Strathmore Heights,h,Western Metropolitan,3,8.2,1000000.0,965303.7589069275,861975.8294185438,826129.9526285946,False
Sunbury,h,Western Metropolitan,3,31.7,480500.0,500990.03586724726,430032.69971245166,493553.4995156373,True
Sunbury,h,Western Metropolitan,3,31.7,431250.0,504487.6903145076,445617.2761865368,489380.5030531339,True
Sunshine North,h,Western Metropolitan,3,10.5,502500.0,577461.4706141663,529915.7875173431,520202.573231694,False
Sunshine West,h,Western Metropolitan,3,10.5,650000.0,687154.6843920377,619444.5540129826,625872.6267524756,False
Surrey Hills,h,Southern Metropolitan,5,10.2,1825000.0,1706391.7704487885,1646691.64622829,1590438.9565333251,False
Surrey Hills,h,Southern Metropolitan,3,10.2,2567500.0,2043296.5825315386,2085668.0617319162,2002469.1469285688,False
Templestowe,h,Eastern Metropolitan,4,15.5,1150000.0,1081820.8893484087,1048935.6856240206,903188.4213680279,True
Templestowe Lower,h,Eastern Metropolitan,4,12.4,1280000.0,1390412.063178508,1330405.600025372,1297005.4620849458,False
Thornbury,h,Northern Metropolitan,2,7.0,1200000.0,980708.2116264757,888942.4265608517,918377.9054241446,False
Truganina,h,Western Metropolitan,4,18.4,635000.0,679300.2871777737,714442.9109960448,763093.0362545188,True
Vermont,h,Eastern Metropolitan,5,17.2,1300000.0,1435776.1333450952,1365635.1134957573,1388841.416127258,True
Vermont South,h,Eastern Metropolitan,4,17.2,1138000.0,1408375.358754677,1332214.316707627,1416796.1060758466,True
Vermont South,h,Eastern Metropolitan,5,17.2,1360000.0,1467485.5739287068,1497222.9790184903,1519306.0950565096,True
Vermont South,h,Eastern Metropolitan,5,17.2,1300000.0,1409062.0892740865,1319674.8139420194,1379956.622168069,True
Viewbank,h,Eastern Metropolitan,4,8.9,1612000.0,1252521.7694808827,1277994.4919231688,1234396.7057344585,False
Wantirna,h,Eastern Metropolitan,4,14.7,1150000.0,1420775.9788781956,1343243.2764818359,1404415.110962915,True
Wantirna South,h,Eastern Metropolitan,5,14.7,1235000.0,1442222.0665216856,1271551.959107789,1342689.4461810507,True
Warrandyte,h,Eastern Metropolitan,4,21.1,1600000.0,1884668.0226489122,1360737.0276314716,1350533.4110750684,True
Watsonia,h,Northern Metropolitan,4,14.5,900000.0,776667.6033090821,762998.5406582856,756217.5392951232,False
Werribee,h,Western Metropolitan,3,14.7,490000.0,660792.7127605582,722775.8634856972,734037.4798182249,True
Werribee,h,Western Metropolitan,3,14.7,412700.0,558680.3239091063,620210.975699453,562361.6607380962,True
West Footscray,h,Western Metropolitan,4,6.4,990000.0,1174154.7026485847,1103248.8841002174,1138632.2664119173,False
West Footscray,h,Western Metropolitan,3,6.4,1100500.0,979840.0844482125,1014476.4213210358,1083756.4926594081,False
West Footscray,h,Western Metropolitan,3,6.4,675000.0,815736.7028537511,695620.5455982508,701260.1616866944,False
West Footscray,h,Western Metropolitan,2,6.4,855000.0,786234.5767409863,761009.052361235,756900.466326663,False
Wheelers Hill,h,South-Eastern Metropolitan,4,16.7,1200000.0,1207080.0087607368,1113707.176629029,1055336.6003932604,True
Wheelers Hill,h,South-Eastern Metropolitan,4,16.7,1480000.0,1229768.2954743265,1183646.5830081205,1124930.6663541999,True
Wheelers Hill,h,South-Eastern Metropolitan,4,16.7,1500000.0,1217583.2755047872,1117045.1264980466,1057329.351339011,True
Wheelers Hill,h,South-Eastern Metropolitan,4,16.7,1194700.0,1295844.9827120518,1214658.812141669,1147135.7578771268,True
Williamstown,h,Western Metropolitan,5,6.8,2550000.0,2025138.3218120749,2149426.187852952,2342746.1473173844,False
Wyndham Vale,h,Western Metropolitan,3,27.2,475000.0,667699.5614829306,717206.755121736,686296.4723367192,True
Yallambie,h,Northern Metropolitan,4,12.7,1025000.0,976861.0386192837,986651.0674164895,1020775.6927052476,False
Aberfeldie,h,Western Metropolitan,5,7.5,1830000.0,2380265.2868858674,3598470.072791645,3347525.0434998227,False
Airport West,h,Western Metropolitan,3,10.4,860000.0,830913.5961847055,898921.7059342256,848717.7311245002,False
Airport West,h,Western Metropolitan,3,10.4,850000.0,740670.2410638785,793931.4187487895,767861.5616085756,False
Albanvale,h,Western Metropolitan,3,14.0,565000.0,561677.8459956696,570590.6853039528,560631.1516650819,True
Albert Park,h,Southern Metropolitan,3,3.0,2100000.0,1823703.1395463205,1688721.5163695908,1707906.6409726678,False
Albion,h,Western Metropolitan,3,10.5,760000.0,818204.2179966462,739432.3510352422,746270.4103155839,False
Altona Meadows,h,Western Metropolitan,4,15.5,750000.0,903100.8178322733,928865.1360298056,1019082.4657415089,True
Altona North,h,Western Metropolitan,3,9.4,980000.0,867775.6933012959,858729.4092557848,815497.3740055161,False
Altona North,h,Western Metropolitan,4,9.4,970000.0,773273.0091075494,836275.0680071665,782189.4559493386,False
Armadale,h,Southern Metropolitan,4,6.3,3000000.0,2153353.7354753283,2293387.1658740556,2314868.1664404417,False
Armadale,h,Southern Metropolitan,3,6.3,1500000.0,1411029.9871361775,1358301.7428201665,1385204.111193191,False
Ascot Vale,t,Western Metropolitan,3,4.3,1130000.0,962476.6175801274,994262.8280976246,922674.7664167394,False
Ashburton,h,Southern Metropolitan,3,10.2,1210000.0,1356158.8826210028,1286085.7701261563,1263357.9640588379,False
Ashburton,h,Southern Metropolitan,3,10.2,1840000.0,1515507.9726719954,1546155.7074414585,1612040.2555521496,False
Balwyn,h,Southern Metropolitan,5,7.9,2580000.0,2479434.7889055186,2909883.603521933,2688420.989222013,False
Balwyn North,h,Southern Metropolitan,4,9.7,1400000.0,1571748.4333563372,1578242.677283387,1578176.5014699553,False
Bayswater,h,Eastern Metropolitan,3,23.2,755000.0,1301874.4477351527,1173850.9505077284,1251539.3772209077,True
Bayswater North,h,Eastern Metropolitan,3,23.2,800000.0,1402210.618302616,1412195.5654003879,1428427.0262821882,True
Bayswater North,h,Eastern Metropolitan,3,23.2,724000.0,1150566.0848296867,1056834.779167785,1025647.6695973539,True
Beaumaris,h,Southern Metropolitan,3,17.3,1150000.0,961645.241091744,801996.7102906458,850229.6607253934,True
Bentleigh,h,Southern Metropolitan,5,11.4,1915000.0,1561187.7983541025,1461257.3852149108,1480015.1613692509,False
Bentleigh,h,Southern Metropolitan,4,11.4,1410000.0,1371733.6812610596,1549917.0485350844,1413588.0970185052,False
Bentleigh East,h,Southern Metropolitan,2,13.8,1020000.0,932877.9259200677,853236.1712471,840934.1643148625,False
Bentleigh East,h,Southern Metropolitan,4,13.8,1675000.0,1420006.9861759003,1412470.9440320602,1475732.6467095448,False
Berwick,h,Eastern Victoria,3,35.2,835000.0,1282700.8608919957,991589.9282690564,1078041.9902161702,True
Black Rock,u,Southern Metropolitan,3,17.3,945000.0,926440.6644902851,984757.1466687156,1068586.6622294295,True
Blackburn,h,Eastern Metropolitan,3,13.4,786000.0,1564862.8712359436,1507855.9619062492,1677807.896976946,True
Blackburn North,h,Eastern Metropolitan,5,13.4,1555000.0,1458656.7045647744,1291791.6781117874,1282129.5594049145,True
Blackburn North,h,Eastern Metropolitan,4,13.4,1475000.0,1436397.8786557391,1263507.7584676505,1274175.7622669402,True
Blackburn South,h,Eastern Metropolitan,4,13.4,1229000.0,1462743.7275977163,1357414.8513532595,1352336.5813756976,True
Bonbeach,h,South-Eastern Metropolitan,3,27.0,965000.0,1139064.862822004,896173.640851861,848020.2348712134,True
Box Hill,u,Eastern Metropolitan,2,10.9,653000.0,553636.8445008349,570736.4267551592,558397.6902083707,False
Brighton East,h,Southern Metropolitan,5,10.3,2750000.0,1863823.818650675,2097347.2216642858,1860997.3416290781,False
Broadmeadows,h,Northern Metropolitan,3,14.0,575500.0,470133.8678129275,460623.05083953775,504652.4949537467,True
Brooklyn,h,Western Metropolitan,3,6.4,901000.0,1032620.9795037453,1128524.8903956467,1219327.9961493707,False
Brunswick,h,Northern Metropolitan,3,5.2,1150000.0,1090834.4414792666,1064864.5651630568,1012007.1681621199,False
Brunswick,h,Northern Metropolitan,3,5.2,1280000.0,946131.2729293001,1108035.8339090035,1029953.4219525394,False
Brunswick,h,Northern Metropolitan,3,5.2,1325000.0,1083841.6645619143,1116493.9241938815,1145783.7961902982,False
Brunswick,h,Northern Metropolitan,4,5.2,1630000.0,1552970.6210599823,1320353.4985742583,1427896.1142857103,False
Brunswick,h,Northern Metropolitan,4,5.2,1275000.0,1270997.8901448823,1281019.0695050983,1131946.8339414424,False
Brunswick,h,Northern Metropolitan,4,5.2,1770000.0,1519203.1107849353,1671003.0298950744,1753560.8496418,False
Brunswick East,h,Northern Metropolitan,2,4.0,1065000.0,972286.3824970851,1057508.1296916474,1015443.2557970134,False
Brunswick East,u,Northern Metropolitan,2,4.0,522000.0,571753.4408251644,647524.8613826314,629416.152710847,False
Brunswick West,h,Northern Metropolitan,3,5.2,1000000.0,995535.9246543347,1049797.5813814302,1035576.2853000829,False
Brunswick West,h,Northern Metropolitan,3,5.2,1080000.0,962319.4461607361,1023725.5292747108,987499.0489623576,False
Bulleen,h,Eastern Metropolitan,4,10.8,1300000.0,1091737.024413025,1205901.745936634,1149075.3903293456,False
Bulleen,h,Eastern Metropolitan,3,10.8,1331000.0,1134896.430529629,1209477.2039944394,1161856.656109964,False
Bundoora,h,Northern Metropolitan,3,12.1,745000.0,757889.0167769354,679877.5677564256,718748.3040129399,True
Burnside Heights,h,Western Metropolitan,3,14.8,655000.0,529737.1042111982,551930.0473515271,542787.2865475629,True
Burwood East,h,Eastern Metropolitan,3,14.7,680000.0,794149.7743019358,589667.1183852076,597553.250468527,True
Camberwell,h,Southern Metropolitan,4,7.7,2850000.0,2677599.7041084953,2898847.0999146453,2932898.59794079,False
Camberwell,h,Southern Metropolitan,5,7.7,2800000.0,2317626.657399625,2214457.7032370702,2097164.6571157128,False
Carnegie,h,Southern Metropolitan,4,10.1,1966000.0,1860792.955873253,1805436.0224382984,1916595.1248671624,False
Carnegie,u,Southern Metropolitan,1,10.1,381000.0,354115.7811037019,316205.42593209614,365965.16461668815,False
Caroline Springs,h,Western Metropolitan,3,14.8,646000.0,564730.555987514,437670.2044414438,429348.37912714254,True
Cheltenham,h,Southern Metropolitan,3,17.9,1100000.0,943072.1611569906,925652.5967313417,807676.7062222322,True
Cheltenham,h,Southern Metropolitan,3,17.9,1015000.0,968387.2366989539,1036705.8434930712,994383.307653813,True
Cheltenham,t,Southern Metropolitan,3,17.9,795000.0,838737.8794170456,817238.3078263345,814341.8861983239,True
Cheltenham,h,Southern Metropolitan,3,17.9,1160000.0,937913.8062941141,1006773.735318522,933710.3811336934,True
Cheltenham,h,Southern Metropolitan,4,17.9,1160000.0,1010203.6703739081,1141881.9672230377,1025811.8358811152,True
Clayton South,h,South-Eastern Metropolitan,3,17.5,800000.0,1016544.6624801011,898107.9940025858,925227.294022531,True
Coburg,h,Northern Metropolitan,4,6.7,1000000.0,1004510.632313221,1037823.4777457924,1056169.6245423441,False
Coburg,h,Northern Metropolitan,3,6.7,960000.0,933573.8816818221,927326.678152084,950152.3757842722,False
Craigieburn,h,Northern Metropolitan,4,20.6,735000.0,803697.2850820377,706813.8167332046,764181.7825616167,True
Craigieburn,h,Northern Metropolitan,4,20.6,600000.0,653714.6653200196,552552.3852362344,633374.9709899493,True
Craigieburn,h,Northern Metropolitan,4,20.6,475000.0,619246.8340402507,498821.21815618896,529819.2169362783,True
Craigieburn,h,Northern Metropolitan,3,20.6,552000.0,500594.30822101363,499365.40419357765,548856.6459886727,True
Croydon,h,Eastern Metropolitan,3,23.0,840500.0,1333682.255009642,1290916.7467680878,1263019.7658181775,True
Croydon,h,Eastern Metropolitan,5,23.0,1180000.0,1562943.5476996938,1635250.4938741464,1531812.3727887452,True
Deer Park,h,Western Metropolitan,3,14.8,632000.0,534454.2265941728,575314.6090494901,557626.2934167472,True
Delahey,h,Western Metropolitan,3,18.0,607500.0,571109.7753856248,547033.7529073524,557558.194863433,True
Delahey,h,Western Metropolitan,3,18.0,563000.0,525033.0375300065,527131.6128051616,531487.6223199549,True
Derrimut,h,Western Metropolitan,4,14.7,695000.0,605303.6316127119,634994.262155385,679216.9093891524,True
Diamond Creek,h,Northern Victoria,4,21.8,990000.0,1042574.8718988281,1119357.5972300412,918013.6769012474,True
Doncaster,h,Eastern Metropolitan,4,12.4,1260000.0,1247309.6923258572,1344213.3842933257,1216620.098573038,False
Doncaster East,h,Eastern Metropolitan,4,14.3,1310000.0,1326624.8521294927,1294773.036690278,1236342.2956233663,True
Doncaster East,h,Eastern Metropolitan,5,14.3,1890000.0,1347294.001063245,1258867.6982016622,1230792.1786746462,True
Donvale,u,Eastern Metropolitan,3,16.1,775000.0,755970.1311645897,835423.7690640276,813021.2565493927,True
Doreen,h,Northern Victoria,2,25.9,365500.0,562013.2545112686,431272.3126764827,427843.8658718278,True
Edithvale,h,South-Eastern Metropolitan,3,27.0,837000.0,997435.4129819801,755900.3382710903,768983.2328239718,True
Edithvale,h,South-Eastern Metropolitan,3,27.0,950000.0,1047792.9595154792,855435.2685224664,879396.8539839281,True
Epping,h,Northern Metropolitan,3,19.6,646000.0,523195.49698865553,536342.872434793,574880.582721393,True
Epping,h,Northern Metropolitan,3,19.6,625000.0,438002.50020595524,418328.8332480763,494091.18828963244,True
Epping,h,Northern Metropolitan,3,19.6,552500.0,445509.6422554195,426790.1592487106,497818.15454758,True
Essendon,h,Western Metropolitan,3,7.5,1710000.0,1297922.1701307793,1443122.1075204487,1490485.5074164716,False
Fawkner,h,Northern Metropolitan,4,13.1,800000.0,818941.3174564844,822336.8458995568,820339.4083394697,False
Ferntree Gully,h,Eastern Metropolitan,3,24.8,791100.0,1219340.5120036558,1011430.8031982941,1037218.0066457855,True
Ferntree Gully,h,Eastern Metropolitan,2,24.8,775000.0,1273489.8919771796,969341.2601294236,1016585.1128124123,True
Fitzroy,h,Northern Metropolitan,3,2.1,1210000.0,1248982.514849638,1153262.8490179228,1221981.4992292663,False
Fitzroy,h,Northern Metropolitan,2,2.1,1300000.0,957945.5667114856,990969.50746434,1006807.9131955467,False
Fitzroy North,h,Northern Metropolitan,3,3.6,1730000.0,1432209.442957047,1335855.572110462,1488886.5766808195,False
Flemington,h,Northern Metropolitan,2,3.4,1100000.0,1209815.6062746434,1102575.7307131996,1050372.5432442955,False
Flemington,u,Northern Metropolitan,2,3.4,452500.0,456231.7334706137,461509.2363648816,452333.3870812919,False
Forest Hill,h,Eastern Metropolitan,4,15.4,1350000.0,1435941.94917876,1324796.7822760544,1247481.006109813,True
Forest Hill,h,Eastern Metropolitan,4,15.4,950000.0,1249265.2238372604,1011587.5685407498,910876.3026417171,True
Frankston,h,South-Eastern Metropolitan,3,38.0,634000.0,1081866.9570517847,822423.3563666767,820703.267537082,True
Frankston South,h,South-Eastern Metropolitan,4,38.0,1350000.0,1518364.764856234,1319566.905065409,1364787.9069964406,True
Gladstone Park,h,Western Metropolitan,3,12.9,586000.0,494378.90527570504,512892.63395052357,516201.7568154363,True
Glen Huntly,u,Southern Metropolitan,1,10.1,600000.0,348460.3708603409,350494.23893428524,377736.23425552907,False
Glen Iris,h,Southern Metropolitan,3,7.3,1285000.0,1737777.0851713605,1653050.3480086909,1751735.5705934486,False
Glen Waverley,h,Eastern Metropolitan,4,16.7,1190000.0,1307379.6361105111,1144373.17655155,1160583.5657610998,True
Glen Waverley,h,Eastern Metropolitan,3,16.7,2450000.0,1342985.1393873622,1060683.1835948864,1258499.2396287771,True
Glen Waverley,h,Eastern Metropolitan,4,16.7,1214000.0,1338251.2570443042,1166030.1516422865,1160414.65329556,True
Glen Waverley,h,Eastern Metropolitan,4,16.7,1631888.0,1384149.137284554,1193836.9348350249,1194734.8920869569,True
Glenroy,h,Northern Metropolitan,3,11.2,850000.0,734314.1580129201,710329.1103525579,699053.837404503,False
Glenroy,h,Northern Metropolitan,3,11.2,1051000.0,824430.1406624791,853052.4044334558,811854.6984196763,False
Glenroy,h,Northern Metropolitan,2,11.2,910000.0,726938.2060939099,692873.5019426491,695846.8739720252,False
Greensborough,h,Northern Metropolitan,3,16.1,785000.0,880292.5374156547,715203.416386996,691192.9613977113,True
Hampton,h,Southern Metropolitan,4,13.8,1800000.0,1781306.3326332646,1439605.6512774455,1603559.1288679303,False
Hampton,t,Southern Metropolitan,4,13.8,2000000.0,1721301.8238621808,1481839.6906250997,1416161.9550845334,False
Hampton,h,Southern Metropolitan,4,13.8,2500000.0,2138783.259650933,1471162.2662857864,1526381.700907191,False
Hampton East,h,Southern Metropolitan,4,13.8,1125000.0,1542774.8098483859,1211025.2651770986,1257477.1182539468,False
Hawthorn East,h,Southern Metropolitan,3,6.2,3600000.0,2488694.583362488,2660407.2301241946,2907697.345494863,False
Heidelberg,h,Eastern Metropolitan,3,8.9,985000.0,834620.9790574089,921479.3272844625,830723.1866796021,False
Heidelberg Heights,h,Eastern Metropolitan,3,8.8,915000.0,893688.0934413227,998181.8466133137,1036980.8775789127,False
Highett,h,Southern Metropolitan,4,16.0,1911000.0,1920312.221119597,1770731.842802909,1902622.9396542178,True
Hoppers Crossing,h,Western Metropolitan,3,18.4,650000.0,856696.0694503107,890964.1317338017,870940.6709709287,True
Hoppers Crossing,h,Western Metropolitan,3,18.4,550000.0,668912.7665502329,677228.9141907032,692090.5741884132,True
Hoppers Crossing,h,Western Metropolitan,4,18.4,537000.0,726840.2189674057,837089.5433291908,895145.6833460529,True
Hoppers Crossing,h,Western Metropolitan,3,18.4,568000.0,805538.7687363002,856650.616147315,798770.6772778676,True
Huntingdale,h,Southern Metropolitan,3,12.3,1205000.0,1109739.5167672124,960445.0322288504,1065664.1061931788,True
Ivanhoe East,h,Eastern Metropolitan,4,7.8,2040000.0,1501117.2702971818,1636946.8978417974,1702808.4084410274,False
Jacana,h,Northern Metropolitan,3,14.0,605000.0,491392.64404242113,469606.55350886454,451871.6762284355,False
Kealba,h,Western Metropolitan,3,14.0,572000.0,540517.2322934564,505040.8391726716,504242.38390129386,False
Keilor Downs,h,Western Metropolitan,3,15.5,680000.0,682603.9256022412,707129.2436445854,669415.9412270978,True
Keilor East,h,Western Metropolitan,3,11.7,790000.0,723697.7192091967,748977.3348084284,725420.5969965656,False
Keilor East,h,Western Metropolitan,4,11.7,630000.0,660114.3033804271,636460.5184085988,611013.7435689038,False
Keilor East,h,Western Metropolitan,3,11.7,900000.0,736987.2633560994,740806.8027251808,728470.7222884066,False
Kew,h,Southern Metropolitan,4,5.4,2450000.0,1865028.0308403766,1980574.8548622418,1857314.9008134913,False
Kew,h,Southern Metropolitan,3,5.4,2600000.0,2031581.137702189,1953183.8312787996,2131107.8325795904,False
Kew,t,Southern Metropolitan,2,5.4,955000.0,1395793.6993733433,806540.0552245372,806189.7247407463,False
Kew,h,Southern Metropolitan,3,5.4,1350000.0,1394681.8656240979,1337904.6911471514,1342151.261900127,False
Kew,h,Southern Metropolitan,2,5.4,1630000.0,1309315.2070883133,1238342.9310682742,1328980.5767916322,False
Kew East,h,Southern Metropolitan,6,7.3,1875000.0,1830967.0417086934,1702288.765449642,1627405.1313954599,False
Keysborough,h,South-Eastern Metropolitan,3,25.2,770000.0,1025345.3881874669,797793.7692076155,818244.3909496089,True
Lalor,h,Northern Metropolitan,4,16.3,766000.0,642909.6956641902,504626.68897880666,609061.6066626796,True
Lalor,h,Northern Metropolitan,3,16.3,652000.0,434121.586801872,454385.04873755807,498235.01388481463,True
Malvern,h,Southern Metropolitan,3,5.9,2500000.0,1980729.430582185,1798086.3028974303,2040584.2095914679,False
Maribyrnong,h,Western Metropolitan,2,4.3,752500.0,862425.1900118152,991202.6831844719,1009855.5816725406,False
Meadow Heights,h,Northern Metropolitan,8,17.4,741000.0,780291.996631434,607260.033346043,648226.5550114474,True
Melton,h,Western Victoria,3,31.7,283000.0,462910.917772642,383570.4160450696,392390.9665228943,True
Melton West,h,Northern Victoria,4,31.7,430000.0,570581.3786511167,479143.8184042253,509886.7146495445,True
Melton West,h,Northern Victoria,3,31.7,439000.0,477424.7581814856,463408.9566081011,530292.9026482864,True
Mentone,h,South-Eastern Metropolitan,3,20.0,815000.0,898958.6824697516,928098.9474610989,898743.6662659076,True
Mill Park,h,Northern Metropolitan,3,17.9,665000.0,696343.4909115068,492579.4192337173,563969.8993850228,True
Mitcham,h,Eastern Metropolitan,4,17.2,890000.0,1294304.7384745304,1163867.1018143913,1190536.5832986804,True
Mitcham,h,Eastern Metropolitan,5,17.2,1150000.0,1356374.427252216,1231607.68188401,1231040.1020511736,True
Mitcham,h,Eastern Metropolitan,3,17.2,902000.0,936508.0918182614,804351.579612238,815114.0056867871,True
Moonee Ponds,h,Western Metropolitan,3,6.2,1162000.0,1235086.0854057192,1274252.2199433371,1263868.3067791653,False
Mooroolbark,h,Eastern Victoria,3,26.5,835000.0,1293261.9123819773,1224083.633102366,1265736.2333026293,True
Mount Waverley,h,Eastern Metropolitan,4,14.2,1400000.0,1348800.6136923055,1167558.656715722,1160832.6566375447,True
Mount Waverley,h,Eastern Metropolitan,3,14.2,1586000.0,1370339.90312714,1049295.3816201955,1107840.7525414403,True
Mount Waverley,h,Eastern Metropolitan,4,14.2,1408000.0,1400032.3937414405,1165302.1449287068,1191725.614227023,True
Mulgrave,h,South-Eastern Metropolitan,4,18.8,1080000.0,1329474.8744886855,1167741.0327913184,1309689.4824809323,True
Mulgrave,h,South-Eastern Metropolitan,3,18.8,1105000.0,1270579.005635854,1119739.3768178797,1225872.7297750975,True
Mulgrave,h,South-Eastern Metropolitan,5,18.8,880000.0,1201466.3061521451,1040742.3096292631,950662.418378339,True
Mulgrave,h,South-Eastern Metropolitan,3,18.8,840000.0,1161553.4538627109,922066.5396701111,949187.3594854987,True
Murrumbeena,h,Southern Metropolitan,3,10.1,1321188.0,1473228.2502657454,1419438.9735600718,1486020.6739227301,False
New Gisborne,h,Northern Victoria,5,48.1,1355000.0,918383.3557086267,979624.318477801,858694.77214207,True
Newport,h,Western Metropolitan,2,6.2,1130000.0,731621.0731751316,868244.5375027059,822800.9490798723,False
Newport,h,Western Metropolitan,3,6.2,950000.0,955052.265637798,954440.574745303,1010448.4511131071,False
Niddrie,h,Western Metropolitan,2,10.4,800000.0,602901.8977081157,672826.1860905584,637857.489513767,False
North Melbourne,h,Northern Metropolitan,2,1.8,516000.0,1046369.8529862886,961514.1223041986,874842.390165262,False
Northcote,h,Northern Metropolitan,3,5.3,1360000.0,1174154.1055767466,1232778.862593756,1333094.267156008,False
Northcote,h,Northern Metropolitan,2,5.3,1300000.0,1176817.9214319142,1029254.8782418125,984193.627833706,False
Northcote,h,Northern Metropolitan,4,5.3,1550000.0,1526157.2657697245,1478445.2094297041,1502591.3717430928,False
Northcote,h,Northern Metropolitan,2,5.3,1015000.0,1000191.7871751843,1069436.9008135109,1106611.793259638,False
Northcote,h,Northern Metropolitan,4,5.3,1350000.0,1514256.2472915086,1459608.3277868167,1547935.6196710204,False
Notting Hill,h,Southern Metropolitan,3,16.7,1075000.0,1026503.1169088556,845908.5411218039,904642.2689673048,True
Oak Park,h,Northern Metropolitan,2,11.2,1000000.0,909843.2831179152,848708.6792279457,844542.1969777179,False
Oak Park,t,Northern Metropolitan,3,11.2,763000.0,565725.2406047577,617292.7744904157,611699.0974289303,False
Oakleigh,h,Southern Metropolitan,3,12.3,760000.0,1122994.4850181032,1057034.1880990348,1033803.8788895806,False
Oakleigh East,h,Southern Metropolitan,3,12.3,1382000.0,1182507.0179969836,1375265.4544359304,1422755.4423328529,True
Oakleigh South,h,South-Eastern Metropolitan,4,15.5,1450000.0,1135047.7138565455,1126122.3469191703,1061322.6676360948,False
Ormond,h,Southern Metropolitan,4,11.4,1450000.0,1479648.586460491,1383901.6609016324,1387577.604314922,False
Ormond,h,Southern Metropolitan,3,11.4,1540000.0,1449689.1790744062,1523763.7966440353,1570953.4118105178,False
Ormond,t,Southern Metropolitan,3,11.4,1060000.0,1554654.730305417,1198927.4952673928,1128112.4532427946,False
Plumpton,h,Western Metropolitan,4,23.8,625500.0,600892.4922897026,572658.1170205688,626699.0774584139,True
Port Melbourne,h,Southern Metropolitan,3,3.5,1725000.0,1620056.871372269,1637155.7531383943,1562740.0617897608,False
Port Melbourne,h,Southern Metropolitan,3,3.5,1635000.0,1191953.8498634738,1241663.547342262,1270135.3756917776,False
Prahran,t,Southern Metropolitan,3,4.6,1463000.0,1170584.9346379996,1360054.6924286122,1376832.1731540058,False
Preston,h,Northern Metropolitan,3,8.4,1150000.0,1062110.8588547409,1016743.2091272038,1062419.1007305447,False
Preston,h,Northern Metropolitan,3,8.4,820000.0,814996.0012474621,878823.0358191278,847901.3148292316,False
Preston,h,Northern Metropolitan,4,8.4,950000.0,1056167.9203059792,1163987.9320104255,1106582.51456512,False
Reservoir,h,Northern Metropolitan,3,12.0,901000.0,631139.5418664942,639723.4709855841,600925.178121579,False
Reservoir,h,Northern Metropolitan,3,12.0,680000.0,526871.3260064826,468400.9199347244,458200.12670827395,False
Reservoir,h,Northern Metropolitan,3,12.0,890000.0,748280.0779090226,710599.0759268015,695264.2255250334,False
Reservoir,h,Northern Metropolitan,4,12.0,1190000.0,842905.0500895667,844930.214113863,863436.8311374726,False
Reservoir,h,Northern Metropolitan,3,12.0,855000.0,688745.240089137,639886.3027949169,653134.3390898564,False
Reservoir,h,Northern Metropolitan,4,12.0,785000.0,687061.1586887898,645858.1367300967,680080.7185133448,False
Reservoir,h,Northern Metropolitan,5,12.0,1000000.0,985480.1026837926,1056566.8949536183,1019860.4714676678,False
Reservoir,h,Northern Metropolitan,3,12.0,800000.0,736947.7359235253,735950.9117776843,760792.0359491395,False
Reservoir,h,Northern Metropolitan,3,12.0,1400000.0,849416.4113930778,931119.0462109307,963139.1554638479,False
Richmond,u,Northern Metropolitan,1,2.4,400000.0,435401.4886929889,386955.1750488041,427368.6188728138,False
Richmond,h,Northern Metropolitan,3,2.4,1900000.0,1372587.480258437,1291355.9899861575,1374933.1955635226,False
Ringwood,h,Eastern Metropolitan,4,19.9,999999.0,1284666.9756382178,1163270.5150622195,1071929.7256514127,True
Ringwood North,h,Eastern Metropolitan,5,19.9,1100000.0,1333813.6084917157,1360201.8579741786,1208532.4619122015,True
Rosanna,h,Eastern Metropolitan,3,8.9,1100000.0,1078572.525476871,970227.2194203939,957875.2373083233,False
Rosanna,h,Eastern Metropolitan,3,8.9,850000.0,953918.3367783767,1017184.553167069,1012734.1260390992,False
Roxburgh Park,h,Northern Metropolitan,3,20.6,426000.0,475295.7725202718,462681.467659311,470773.4315409965,True
Sandringham,t,Southern Metropolitan,4,15.2,1050000.0,1218672.9870942435,844923.0477893639,1026955.5205705352,True
Seddon,h,Western Metropolitan,2,5.1,680000.0,823254.1357770074,936876.1131202257,960598.0957516233,False
South Melbourne,h,Southern Metropolitan,2,1.9,1151000.0,1253436.2718357395,1175239.7145630664,1174982.5218396944,False
South Melbourne,t,Southern Metropolitan,2,1.9,817000.0,1621097.3793973094,1179223.7882529611,1250085.7786216906,False
South Morang,h,Northern Metropolitan,4,20.5,658500.0,813457.6960438187,618633.1995125224,706543.6878719457,True
Springvale,h,South-Eastern Metropolitan,3,20.8,881000.0,1299112.0959590527,963855.5516830154,993858.2911139593,True
St Albans,h,Western Metropolitan,3,14.0,645000.0,613137.8428358085,573194.378251908,596199.9142266135,True
St Albans,h,Western Metropolitan,3,14.0,549500.0,522326.47504072037,496635.8753952693,516970.07782772253,True
St Helena,h,Eastern Metropolitan,3,16.1,897000.0,904333.0197431525,683459.2901540182,688911.5066518721,True
St Kilda,h,Southern Metropolitan,4,5.0,2680000.0,2919074.49399444,2613030.976042669,2959845.5477513946,False
St Kilda,h,Southern Metropolitan,2,5.0,1000000.0,1001165.8202378596,1117711.9678297003,981136.6265659782,False
Strathmore,h,Western Metropolitan,4,8.2,1625000.0,926617.7398515381,986865.6385878084,974328.4099301335,False
Strathmore,h,Western Metropolitan,3,8.2,810000.0,957272.6720338669,936354.6918521629,923341.7372485639,False
Sunbury,h,Western Metropolitan,3,31.7,657500.0,555539.381935952,512528.6989053584,543331.0370568824,True
Sunbury,h,Western Metropolitan,3,31.7,778000.0,604199.9467904492,521439.5753017108,537570.8989174418,True
Sunbury,h,Western Metropolitan,5,31.7,675000.0,686301.9069380965,592241.0412055559,702122.0563592046,True
Sunbury,h,Western Metropolitan,4,31.7,605000.0,654584.235749592,554787.0050103543,636574.5877968245,True
Sunbury,h,Western Metropolitan,4,31.7,600000.0,684365.7115565945,540369.091572402,551268.6825240151,True
Sunshine North,h,Western Metropolitan,4,10.5,895000.0,743660.5902108097,777217.7644232087,793144.6643005015,False
Sunshine West,h,Western Metropolitan,3,10.5,555000.0,527030.5331665465,469967.8332325082,438857.60465898225,False
Surrey Hills,h,Southern Metropolitan,4,10.2,1910000.0,1773633.4954025901,1901230.3564481935,1960901.6815668326,False
Surrey Hills,h,Southern Metropolitan,3,10.2,2350000.0,2101406.691312228,2043634.20720312,2194146.6606434546,False
Taylors Lakes,h,Western Metropolitan,3,15.5,746000.0,586465.6280425811,562123.1197220398,551712.9675700732,True
Taylors Lakes,h,Western Metropolitan,4,15.5,751000.0,763815.4450602839,719366.4725924672,791721.8689822771,True
Taylors Lakes,h,Western Metropolitan,3,15.5,600000.0,599627.9007648396,614943.7417546988,599158.0763211047,True
Templestowe,h,Eastern Metropolitan,4,15.5,910000.0,1035151.2077902815,892603.3698388207,883909.3066596037,True
Templestowe Lower,h,Eastern Metropolitan,4,12.4,1561000.0,1401118.0239834124,1458284.128912263,1432212.8965725766,False
Templestowe Lower,h,Eastern Metropolitan,3,12.4,1250000.0,1213973.7926375775,1086944.7108600505,1066995.8265381646,False
The Basin,h,Eastern Metropolitan,3,27.0,700000.0,1560384.6634433188,1341469.0944326804,1581327.2810652102,True
Thomastown,h,Northern Metropolitan,3,15.3,720000.0,433852.675980946,461477.4780798899,478595.96774142084,True
Vermont,h,Eastern Metropolitan,4,17.2,1260000.0,1375558.3287757193,1177965.0153845176,1153929.0351851748,True
Vermont South,h,Eastern Metropolitan,4,17.2,1202000.0,1339814.9798170514,1139193.017935077,1138197.1041287205,True
Wantirna,h,Eastern Metropolitan,4,14.7,920000.0,1287026.690422919,1086659.5757569864,1080978.6741051937,True
Wantirna South,h,Eastern Metropolitan,5,14.7,1180000.0,1498033.088306673,1222995.8702788064,1200830.64866649,True
Wantirna South,h,Eastern Metropolitan,5,14.7,1400000.0,1409408.9123714813,1293348.3428449442,1265272.0582167436,True
Werribee,h,Western Metropolitan,3,14.7,515000.0,640168.24451601,711200.678912747,732760.1059772694,True
Werribee,h,Western Metropolitan,3,14.7,430000.0,586541.7160312606,643068.8721993819,621476.8868019411,True
West Footscray,h,Western Metropolitan,3,6.4,840000.0,812576.6217043916,737487.5055894048,762877.7093501225,False
West Footscray,h,Western Metropolitan,3,6.4,879000.0,913743.4944382868,825177.3389281792,860423.3165206298,False
Westmeadows,h,Northern Metropolitan,2,16.5,560000.0,469128.4058055169,482231.8087196319,493389.6173811077,True
Wheelers Hill,h,South-Eastern Metropolitan,3,16.7,1025000.0,1152182.0598249973,996395.8376618164,1008844.6457389327,True
Wheelers Hill,h,South-Eastern Metropolitan,5,16.7,1660000.0,1413899.5149959445,1319945.0880019167,1370259.58128592,True
Williamstown,h,Western Metropolitan,3,6.8,832000.0,960120.1763936285,1022572.0685114493,1025297.7498146428,False
Wollert,t,Northern Metropolitan,2,25.5,401000.0,408489.4223545814,321398.5399246147,367844.46315242915,True
Yarraville,h,Western Metropolitan,3,6.3,1300000.0,988396.7049182145,1045446.0844499535,1085441.970651599,False
Yarraville,h,Western Metropolitan,3,6.3,1360000.0,970735.913410926,927796.9164876103,939971.0423122252,False
Yarraville,h,Western Metropolitan,3,6.3,1455000.0,1064947.846085656,1214035.8394265445,1230642.6567567773,False
Airport West,h,Western Metropolitan,3,10.4,975500.0,933103.3404746616,982845.866164673,1013810.3767286702,False
Airport West,h,Western Metropolitan,3,10.4,880000.0,798740.4495973522,915013.344398254,906199.8892565222,False
Albert Park,h,Southern Metropolitan,3,3.0,2340000.0,1924718.8871021047,1926095.621483921,1861536.674306644,False
Albert Park,h,Southern Metropolitan,3,3.0,2225000.0,1861651.9593722618,1818675.4705319921,1770979.5461161644,False
Altona,h,Western Metropolitan,3,11.0,920000.0,709911.7798321585,794921.4377518354,778959.2267184705,False
Altona,u,Western Metropolitan,2,11.0,801250.0,551012.2144522737,610547.2451254667,588827.9182268502,False
Altona North,h,Western Metropolitan,3,9.4,791000.0,728548.6142006732,803062.1166412442,755909.1543568805,False
Armadale,h,Southern Metropolitan,4,6.3,4060000.0,2235113.4898818545,2381212.4796246435,2329202.3107604636,False
Ascot Vale,h,Western Metropolitan,4,4.3,1151000.0,1329259.0770522407,1484364.6826720857,1351869.347841655,False
Ashburton,t,Southern Metropolitan,4,10.2,1650000.0,1309229.4002129328,1176023.8923037038,1334207.784485457,False
Ashburton,h,Southern Metropolitan,3,10.2,2550000.0,1817414.1756657185,2065258.0065242846,1856134.8801937604,False
Balaclava,h,Southern Metropolitan,3,6.4,1680000.0,1649407.1261124015,1375006.8709591506,1419132.9539182682,False
Balwyn North,h,Southern Metropolitan,5,9.7,3000000.0,2423721.027228915,2554269.903773452,2620128.936520745,False
Balwyn North,h,Southern Metropolitan,3,9.7,1900000.0,1701357.1255352495,1571956.7767498554,1552991.5279919677,False
Balwyn North,h,Southern Metropolitan,5,9.7,2800000.0,2377369.7505192608,2475004.210261336,2647917.9682877264,False
Balwyn North,h,Southern Metropolitan,4,9.7,1650000.0,1814412.678131918,2159062.085587953,1914794.4848834951,False
Beaumaris,h,Southern Metropolitan,3,17.3,1589000.0,1017419.9243669005,1091575.5992612455,1029585.5406328873,True
Beaumaris,h,Southern Metropolitan,4,17.3,1385000.0,1039407.4237898779,1194522.7064269872,1097392.7060502018,True
Bellfield,h,Eastern Metropolitan,4,8.8,951000.0,979546.2742521213,1062988.1548360244,1020459.3725502953,False
Bentleigh,h,Southern Metropolitan,3,11.4,1300000.0,1387267.7163900759,1312630.958403147,1294293.2649629095,False
Bentleigh East,h,Southern Metropolitan,5,13.8,1800000.0,1435750.3740604008,1513388.1696224883,1587623.2832096543,False
Bentleigh East,t,Southern Metropolitan,4,13.8,1130000.0,1145682.792073789,1094888.8356683129,1151332.7092105458,False
Bentleigh East,h,Southern Metropolitan,4,13.8,1370000.0,1289277.249574402,1318743.1035905895,1337442.1688114568,False
Bentleigh East,h,Southern Metropolitan,3,13.8,1311000.0,1074132.6935748241,1082985.655279178,1090975.0988124255,False
Blackburn,h,Eastern Metropolitan,3,13.4,1350000.0,1487663.502685544,1270092.8381358958,1351767.2168469722,True
Blackburn,h,Eastern Metropolitan,4,13.4,1660000.0,1412176.060006454,1390762.219405785,1354254.6180296782,True
Blackburn South,h,Eastern Metropolitan,3,13.4,905000.0,1397825.6549833189,1307103.2201733137,1440372.4751006332,True
Blackburn South,h,Eastern Metropolitan,3,13.4,1152000.0,1184097.5025685986,1049107.8325639106,1030778.1279831977,True
Bonbeach,h,South-Eastern Metropolitan,3,27.0,920000.0,1245014.2834072695,939643.888244718,977155.5923949693,True
Boronia,h,Eastern Metropolitan,4,25.0,728000.0,1348084.2562238786,1203324.6894956694,1305937.156626891,True
Box Hill,h,Eastern Metropolitan,5,10.9,1900000.0,1505717.1735134027,1406308.0923662793,1356361.336147986,False
Briar Hill,h,Eastern Metropolitan,4,16.1,1030000.0,1341591.9765055217,1253204.468184464,1015109.5960073957,True
Brighton,h,Southern Metropolitan,4,10.5,3200000.0,2486886.342240529,2397860.4104253044,2443121.451603522,False
Brighton,h,Southern Metropolitan,4,10.5,2830000.0,2400235.9739977745,2231759.814513433,2252831.134036921,False
Brighton,h,Southern Metropolitan,4,10.5,2260000.0,2945109.105926399,2422431.433332423,2816347.3415427986,False
Brighton East,h,Southern Metropolitan,3,10.3,2060000.0,1700215.629482419,1741040.067598071,1661314.4870325048,False
Brighton East,h,Southern Metropolitan,3,10.3,1650000.0,1410139.339653117,1582458.3904672381,1455721.0312829677,False
Brighton East,h,Southern Metropolitan,5,10.3,1650000.0,1735771.0878100249,1945017.3334792585,1706264.6240342318,False
Brunswick,u,Northern Metropolitan,1,5.2,424000.0,340394.2881764433,433325.6464757083,433031.5489344978,False
Brunswick East,t,Northern Metropolitan,3,4.0,959000.0,911424.744653362,991663.4219744452,887140.089772189,False
Brunswick East,h,Northern Metropolitan,2,4.0,975000.0,985521.9154876105,1047754.8427041428,1021156.2066581184,False
Brunswick West,h,Northern Metropolitan,3,5.2,1160000.0,1066433.2576291081,1184951.2952115336,1084958.2774179147,False
Brunswick West,h,Northern Metropolitan,2,5.2,887500.0,933533.3153975406,963418.5769408308,940428.1576212046,False
Brunswick West,h,Northern Metropolitan,3,5.2,2350000.0,1263243.7563461976,1234018.8379814944,1291800.6610324346,False
Bundoora,h,Northern Metropolitan,5,12.1,940000.0,862565.8626909296,791226.5821129448,849749.7592081011,True
Bundoora,h,Northern Metropolitan,4,12.1,850000.0,822245.2076113499,739623.0303660457,745286.1348776197,True
Bundoora,h,Northern Metropolitan,4,12.1,815000.0,702508.2385066714,669703.3254503519,743967.5239512682,True
Burnside,h,Western Metropolitan,3,14.8,580000.0,555696.498273583,579700.2478457582,542234.0651133895,True
Burwood,h,Southern Metropolitan,3,10.4,1220000.0,1206770.0026916643,1090064.1273829085,1138334.350534483,False
Burwood,h,Southern Metropolitan,3,10.4,1238000.0,1669458.9278397744,1670446.9832227023,1680853.1723751687,False
Burwood,h,Southern Metropolitan,4,10.4,1535000.0,2119821.4294984452,2386229.687784651,2355316.937750381,False
Burwood,h,Southern Metropolitan,3,10.4,1340000.0,1362489.3811873444,1302403.2736186453,1367891.773716413,False
Burwood,h,Southern Metropolitan,2,10.4,1322500.0,1318426.2877488136,1223450.7075910396,1297015.6955912253,False
Camberwell,h,Southern Metropolitan,4,7.7,2385000.0,2365319.58303087,2390543.3516303925,2580452.527805992,False
Canterbury,h,Southern Metropolitan,3,8.4,1935000.0,1753361.7873100364,1899852.6559232029,1908680.1598405363,False
Carlton,h,Northern Metropolitan,3,1.6,1760000.0,1651108.5134330078,1673355.3714605537,1564557.7006883055,False
Carnegie,h,Southern Metropolitan,3,10.1,1400000.0,1671374.8024901934,1820403.762389668,1825254.7241884717,False
Carrum Downs,h,South-Eastern Metropolitan,4,34.9,546000.0,1178701.6867921734,933912.3937059233,911123.6161669267,True
Carrum Downs,h,South-Eastern Metropolitan,3,34.9,532000.0,976770.6726921918,775692.3398084147,798613.5967567264,True
Carrum Downs,h,South-Eastern Metropolitan,3,34.9,615000.0,1247363.9352651343,1065289.501066968,1122906.9707275725,True
Caulfield South,u,Southern Metropolitan,2,8.7,790000.0,607365.145526361,627810.3167489418,592814.683085468,False
Chadstone,h,Southern Metropolitan,3,11.7,990000.0,1426701.5980198614,1263375.314441108,1246230.2489225045,False
Chelsea Heights,h,South-Eastern Metropolitan,3,27.0,725000.0,1034772.5697016994,831134.1483097428,992809.632700765,True
Cheltenham,h,Southern Metropolitan,5,17.9,1300000.0,1260924.8321505482,1203930.6484663633,1174341.7165690623,True
Cheltenham,h,Southern Metropolitan,3,17.9,975000.0,975450.2481035625,976448.1839190077,902719.3985842895,True
Clayton South,h,South-Eastern Metropolitan,3,17.5,950000.0,933807.1672851535,863961.2749226759,943316.3126232119,True
Coburg,t,Northern Metropolitan,2,6.7,770000.0,800687.1739196233,528316.8173137616,549133.4270856759,False
Coolaroo,h,Northern Metropolitan,3,17.4,460000.0,431999.2613566375,412368.9664354708,470744.3559015703,True
Craigieburn,h,Northern Metropolitan,3,20.6,412500.0,474527.28107092954,476544.37120860117,476683.8027779168,True
Craigieburn,h,Northern Metropolitan,3,20.6,465000.0,448907.47376095003,402299.29465126316,430350.96974795905,True
Cranbourne,h,South-Eastern Metropolitan,5,34.7,720008.0,1229514.789913165,1005822.8300048768,935350.9733866352,True
Croydon,h,Eastern Metropolitan,5,23.0,1188000.0,1543748.7530158977,1532361.5965159547,1415331.1913689948,True
Croydon,h,Eastern Metropolitan,5,23.0,905000.0,1534318.4746313947,1430963.2596179638,1337846.7968913359,True
Dandenong North,h,South-Eastern Metropolitan,5,24.7,600000.0,1135956.2026753258,811219.9114758066,775925.5590938075,True
Edithvale,h,South-Eastern Metropolitan,3,27.0,1100000.0,1518870.967737765,847403.1575363902,891683.0543731587,True
Eltham,h,Eastern Metropolitan,4,18.0,1060000.0,987703.3632397829,948031.9955670852,849894.8252854451,True
Eltham North,h,Eastern Metropolitan,4,18.0,905000.0,1414369.7551066992,975154.264422862,911299.4999380586,True
Epping,h,Northern Metropolitan,3,19.6,595000.0,444893.2261009797,431005.32651201094,498341.01705820736,True
Epping,h,Northern Metropolitan,4,19.6,810000.0,980572.419658686,840027.2762906151,853638.4517579366,True
Essendon,h,Western Metropolitan,5,7.5,2335000.0,1906461.7606818047,2148072.021127689,2071085.0670206766,False
Essendon,h,Western Metropolitan,3,7.5,1240000.0,1018523.6015185936,1072546.609280321,1071974.583185514,False
Essendon,h,Western Metropolitan,3,7.5,1580000.0,1322670.487525787,1502817.3016934725,1516671.3085103645,False
Ferntree Gully,h,Eastern Metropolitan,2,24.8,594000.0,1015818.574605309,771942.8770250551,822010.9431972225,True
Fitzroy North,h,Northern Metropolitan,2,3.6,1385000.0,1072421.6114356047,1035678.903376584,1096794.033094142,False
Fitzroy North,h,Northern Metropolitan,2,3.6,1400000.0,1129066.6175682435,1137049.026883247,1124006.9041784236,False
Fitzroy North,h,Northern Metropolitan,4,3.6,1870000.0,2038381.1247055775,2045830.4813289992,2196300.911173393,False
Fitzroy North,h,Northern Metropolitan,4,3.6,1620000.0,1732869.9529762499,1716436.3291102892,1638329.3899563788,False
Footscray,h,Western Metropolitan,3,5.1,755000.0,1035675.7248817551,1106268.979636227,1122037.8448750426,False
Footscray,h,Western Metropolitan,3,5.1,750000.0,920609.8199353906,855887.4249776773,822409.4894217715,False
Forest Hill,h,Eastern Metropolitan,4,15.4,1078000.0,1232060.4722535028,1017677.8984355665,1048001.5814555157,True
Forest Hill,h,Eastern Metropolitan,3,15.4,1197000.0,1238686.0799671668,1117144.0555950375,1115483.6280565052,True
Forest Hill,h,Eastern Metropolitan,4,15.4,1000000.0,1292381.3598582486,1043834.8783868994,1013272.5770411001,True
Forest Hill,h,Eastern Metropolitan,6,15.4,1065000.0,1415208.8433300462,1072713.7771067966,1076910.858041946,True
Frankston,h,South-Eastern Metropolitan,3,38.0,515000.0,1104970.0898783712,820968.8242253513,785604.2339201296,True
Frankston North,h,Eastern Victoria,3,36.9,493000.0,1184099.2700078294,856076.4594416715,894374.9408953197,True
Frankston South,h,South-Eastern Metropolitan,3,38.0,1155000.0,1554217.7762070508,1153996.6911264472,1306229.237640685,True
Frankston South,h,South-Eastern Metropolitan,4,38.0,980000.0,1265587.1469131345,1039346.4625457316,1226250.7459679805,True
Frankston South,h,South-Eastern Metropolitan,3,38.0,750000.0,1162866.414838955,965116.797754355,945894.520792907,True
Gladstone Park,h,Western Metropolitan,3,12.9,742000.0,511508.3099445712,545628.997779347,561111.0707908515,True
Glen Iris,h,Southern Metropolitan,5,7.3,1700000.0,2272063.5658657555,2265564.915116429,2434017.9810074205,False
Glen Iris,h,Southern Metropolitan,4,7.3,2690000.0,2237746.2184051825,2356643.769206769,2359793.7165622315,False
Glen Iris,h,Southern Metropolitan,3,7.3,1688000.0,1801335.320838078,1870300.532545285,1947194.3684803678,False
Glenroy,h,Northern Metropolitan,2,11.2,725000.0,613065.8511053195,656944.3235252111,611280.5937341377,False
Gowanbrae,t,Western Metropolitan,4,12.9,655000.0,699001.452091486,776097.0906445022,675642.6830446547,False
Greensborough,h,Northern Metropolitan,4,16.1,950000.0,898701.7624190897,848874.772564062,774855.5620696753,True
Greensborough,u,Northern Metropolitan,2,16.1,540000.0,451740.37152219284,419440.63882931985,462177.5671766091,True
Greensborough,h,Northern Metropolitan,3,16.1,600000.0,632481.8816113345,410316.0072062839,438453.67908126774,True
Greensborough,h,Northern Metropolitan,3,16.1,842000.0,875670.2311719492,724314.7984566612,682719.1647821115,True
Greensborough,u,Northern Metropolitan,2,16.1,670000.0,443925.6153300859,412259.0057462108,409505.54034795536,True
Hampton,h,Southern Metropolitan,4,13.8,2086000.0,1812195.5863355156,1601429.4528118058,1697881.885548963,False
Hampton East,h,Southern Metropolitan,3,13.8,1280000.0,1094834.5428906842,1204510.0185068273,1173650.5345038588,False
Hampton East,h,Southern Metropolitan,3,13.8,1335000.0,1164407.8108188827,1171082.185157924,1234883.4405129289,False
Hampton Park,h,South-Eastern Metropolitan,4,33.3,625000.0,1207257.0326897348,1004113.5852347676,972727.1707709286,True
Hawthorn,h,Southern Metropolitan,2,5.3,1350000.0,1131102.7496080159,1025739.4223039444,1024770.0865019433,False
Heidelberg West,h,Eastern Metropolitan,3,8.8,520000.0,597442.7158219493,708913.1512024334,627083.9150457429,False
Highett,u,Southern Metropolitan,2,16.0,680500.0,722391.3847836799,633418.2552224229,684969.199782998,True
Hoppers Crossing,h,Western Metropolitan,4,18.4,602000.0,670619.0876096744,697125.0012394446,717074.0790673553,True
Hoppers Crossing,h,Western Metropolitan,3,18.4,565000.0,651346.9565862003,750548.2216427032,764682.0632501317,True
Hoppers Crossing,h,Western Metropolitan,4,18.4,567000.0,735435.5216996439,734177.4362610903,676983.553573591,True
Hoppers Crossing,u,Western Metropolitan,2,18.4,315000.0,506532.43289752153,554508.884186857,486424.0666467874,True
Huntingdale,h,Southern Metropolitan,4,12.3,1190000.0,1266050.535942138,1111992.8326714344,1117716.908243658,True
Ivanhoe,h,Eastern Metropolitan,4,7.8,1200000.0,1351873.5602038915,1201392.7565728948,1264337.6823463247,False
Keilor,h,Western Metropolitan,4,14.5,1125000.0,767534.517404485,695051.2876419992,715519.7573612279,True
Keilor,h,Western Metropolitan,5,14.5,739000.0,588590.0892825508,517165.78706960654,568218.2991083916,True
Keilor Downs,h,Western Metropolitan,3,15.5,683000.0,607587.6248811198,634030.0431303988,595434.0764121548,True
Keilor Downs,h,Western Metropolitan,4,15.5,700000.0,789817.1502803608,673356.5107062052,671677.371904298,True
Keilor East,h,Western Metropolitan,1,11.7,860000.0,704246.6726325473,656168.698253259,629012.490729193,False
Keilor East,h,Western Metropolitan,4,11.7,886000.0,912182.7234101727,1028502.6030743929,919965.5413212113,False
Keilor East,h,Western Metropolitan,3,11.7,960000.0,808959.8007987993,811559.8003234136,770482.6949193632,False
Keilor East,h,Western Metropolitan,4,11.7,1160000.0,1017412.7962142491,1071978.8485249567,1070272.0879245312,False
Keilor Park,h,Western Metropolitan,3,10.4,821000.0,696875.37467866,728958.0483653374,651246.2753153109,False
Kew,h,Southern Metropolitan,4,5.4,1800000.0,1826249.0414645371,1756749.4103230974,1693804.7172002438,False
Kew,h,Southern Metropolitan,4,5.4,3300000.0,2582197.4841788625,3251601.529514729,2738077.914197371,False
Kew,h,Southern Metropolitan,3,5.4,1750000.0,2010534.1622200331,1943416.9340212918,2048257.5742961133,False
Kew,h,Southern Metropolitan,5,5.4,3450000.0,2097376.309089952,2421167.8451007227,2307204.3742825408,False
Kew,h,Southern Metropolitan,4,5.4,2045000.0,2228136.4048801414,2525671.801773609,2701197.641995494,False
Kew,h,Southern Metropolitan,3,5.4,2200000.0,2308204.8820094033,2459434.4915278065,2670762.0875498033,False
Keysborough,h,South-Eastern Metropolitan,3,25.2,930000.0,1052698.1045281405,848068.2292254952,929096.263533496,True
Kilsyth,h,Eastern Metropolitan,3,26.0,803000.0,1358681.9632087573,1199032.0197619342,1260140.1030802762,True
Kings Park,h,Western Metropolitan,3,14.0,560000.0,535485.861010313,546117.9250230605,532151.2303612602,True
Kooyong,h,Southern Metropolitan,4,5.9,3080000.0,3307559.641231079,2811282.2416921617,2926935.227717424,False
Lalor,h,Northern Metropolitan,3,16.3,671000.0,423695.85749415064,383865.7941862206,427645.5484050631,True
Lalor,h,Northern Metropolitan,3,16.3,690000.0,420845.71800024953,401870.41875918495,432309.2915284177,True
Lalor,h,Northern Metropolitan,3,16.3,520000.0,417805.4000982978,436524.85141921433,455325.4334647986,True
Lalor,h,Northern Metropolitan,3,16.3,625000.0,456001.4286212168,455411.30593824224,496737.221510338,True
Langwarrin,h,Eastern Victoria,4,41.0,965000.0,1403015.1981411322,1095578.644362533,1196018.4444870595,True
Maidstone,h,Western Metropolitan,3,6.4,735000.0,859745.0803673307,737759.5708109072,790177.951272304,False
Malvern,h,Southern Metropolitan,4,5.9,860000.0,2383350.668648883,2452687.9357012254,2612803.0718344348,False
Malvern East,u,Southern Metropolitan,2,8.4,651000.0,640555.6712067854,665253.3310499906,672549.0380739444,False
Maribyrnong,h,Western Metropolitan,3,4.3,3400000.0,1397110.1865167322,1199750.9606355156,1227004.9001963886,False
McKinnon,h,Southern Metropolitan,4,11.4,1830000.0,1615519.4157232281,1601730.7289596046,1675610.8203163582,True
McKinnon,t,Southern Metropolitan,4,11.4,1655000.0,1276418.3761808062,1273201.2301288198,1179303.519783877,True
Meadow Heights,h,Northern Metropolitan,3,17.4,535000.0,427749.40840384335,450876.41027471295,472612.02880324365,True
Melton,h,Western Victoria,5,31.7,710000.0,813099.7377824789,761775.0331079279,704879.6763847361,True
Melton South,h,Western Victoria,3,29.8,395000.0,577334.1086332204,556079.7435095352,536700.1625047614,True
Mentone,h,South-Eastern Metropolitan,3,20.0,1002500.0,905471.2702218983,960906.3234308021,926224.953758735,True
Middle Park,h,Southern Metropolitan,3,3.0,2090000.0,1749598.9675627558,1911001.2175295888,1915522.737442425,False
Mitcham,h,Eastern Metropolitan,4,17.2,1185000.0,1391504.4240403671,1450601.337495174,1310411.8863387953,True
Mitcham,u,Eastern Metropolitan,3,17.2,907800.0,918512.1842060018,926173.1550813133,905414.703871481,True
Mitcham,h,Eastern Metropolitan,3,17.2,1010000.0,1297898.5013166578,1216624.6399791746,1169632.9234197575,True
Monbulk,h,Eastern Victoria,4,34.1,720000.0,2016058.654543504,1441459.4262799758,1646663.9716188237,True
Moonee Ponds,u,Western Metropolitan,2,6.2,435000.0,453110.0058683763,453824.52544479485,419102.731343847,False
Moonee Ponds,h,Western Metropolitan,4,6.2,1525000.0,1140230.1470313899,1241399.2430519203,1176815.3745160233,False
Moonee Ponds,h,Western Metropolitan,4,6.2,1305000.0,1280137.486181693,1247004.4081688633,1271009.5909468853,False
Moorabbin,h,Southern Metropolitan,3,14.3,1072000.0,1034568.3553561303,1024562.2169381173,966540.2393563314,False
Moorabbin,h,Southern Metropolitan,3,14.3,1290000.0,983640.4947603215,876230.7036686284,949731.2507795397,False
Mooroolbark,h,Eastern Victoria,3,26.5,760000.0,1220287.3104332078,1234581.9142604547,1141438.5110411518,True
Mordialloc,h,South-Eastern Metropolitan,4,21.5,1500000.0,1045462.972863675,1121346.639391719,1090603.5259224575,True
Mount Waverley,h,Eastern Metropolitan,3,14.2,1028800.0,1075459.5890919717,873195.900774096,849826.198060342,True
Mount Waverley,h,Eastern Metropolitan,6,14.2,1840000.0,1362429.0783417998,1194140.8720556458,1163029.3598160106,True
Mount Waverley,t,Eastern Metropolitan,3,14.2,1035000.0,891728.3641731361,683848.3452880785,719519.8338322635,True
Mulgrave,h,South-Eastern Metropolitan,3,18.8,940000.0,1216237.022000313,1006040.9325705931,1008027.1678807029,True
Niddrie,h,Western Metropolitan,3,10.4,845000.0,703194.7067866931,766545.4254729535,769023.5431535096,False
Niddrie,h,Western Metropolitan,3,10.4,1305000.0,1073327.646561899,1062190.144496363,1022957.5082124274,False
North Melbourne,h,Northern Metropolitan,2,1.8,1080000.0,910822.9494215628,869468.9136558556,877175.6766815138,False
Northcote,h,Northern Metropolitan,2,5.3,1118000.0,956204.0494100688,1020719.104548638,1079301.0585530284,False
Nunawading,u,Eastern Metropolitan,2,15.4,710000.0,567897.9529609227,639574.9414067937,563187.584970569,True
Oak Park,h,Northern Metropolitan,2,11.2,1006000.0,824773.3417109492,757240.5912856314,758392.3168648425,False
Oakleigh,h,Southern Metropolitan,2,12.3,875000.0,816842.781342863,747879.8022664139,752302.397450181,False
Oakleigh South,h,South-Eastern Metropolitan,2,15.5,985000.0,901372.8421825815,733449.9141085707,640008.8762233482,False
Ormond,h,Southern Metropolitan,3,11.4,1510000.0,1253247.7182883753,1396950.8721881493,1428291.6796043743,False
Ormond,h,Southern Metropolitan,4,11.4,1870000.0,1931194.4253493326,1571134.191965772,1728823.9457871353,False
Ormond,h,Southern Metropolitan,4,11.4,1700000.0,1468885.724314658,1282945.78907392,1285034.0069694975,False
Parkdale,h,South-Eastern Metropolitan,3,21.5,1060000.0,946519.8010997602,882339.7586906316,876787.4827558165,True
Parkdale,h,South-Eastern Metropolitan,4,21.5,2475000.0,1157437.2691050684,1359231.9689201203,1318791.2525275287,True
Pascoe Vale,h,Northern Metropolitan,4,8.5,1260000.0,1025697.7062222634,1080468.2529230255,1015343.0600804752,False
Point Cook,h,Western Metropolitan,4,14.7,527000.0,702567.4695763434,742042.4748285394,705938.7561346088,True
Port Melbourne,t,Southern Metropolitan,4,3.5,2455000.0,1556752.5478669386,1583759.6951082868,1596492.4490386096,False
Port Melbourne,h,Southern Metropolitan,2,3.5,1515000.0,1361405.8173911634,1397805.4064299853,1324604.6728130055,False
Prahran,h,Southern Metropolitan,4,4.6,2668000.0,2039754.402613914,2286388.2189574474,2430886.944712673,False
Prahran,h,Southern Metropolitan,2,4.6,1365000.0,1170952.7909094563,1338395.4428977666,1231769.756144846,False
Preston,h,Northern Metropolitan,3,8.4,910000.0,772087.3499000667,839856.6185124093,789421.0474565609,False
Reservoir,t,Northern Metropolitan,3,12.0,640000.0,532478.8761652323,458900.88714040234,464299.1154836319,False
Reservoir,h,Northern Metropolitan,4,12.0,1112000.0,846494.5958731261,773613.5886254823,706568.5649359592,False
Reservoir,h,Northern Metropolitan,4,12.0,852000.0,795415.4417958206,743040.4764143722,808604.2437376919,False
Reservoir,h,Northern Metropolitan,3,12.0,800000.0,650497.5310095038,581766.6482364492,567884.997368981,False
Reservoir,u,Northern Metropolitan,2,12.0,625500.0,479560.1261255884,500346.3840251743,497347.2550946962,False
Richmond,h,Northern Metropolitan,4,2.4,1800000.0,1968419.818956448,1971101.0132530704,2175916.5648620278,False
Ringwood,h,Eastern Metropolitan,3,19.9,700000.0,1227043.0855132798,1142181.290328643,1102725.3099556437,True
Ringwood East,h,Eastern Metropolitan,2,21.3,937000.0,1338040.7264245,1163316.1118245095,1148327.6987008231,True
Rosanna,h,Eastern Metropolitan,3,8.9,1224000.0,909220.1891135096,975309.9597049016,921153.5778223367,False
Rosanna,h,Eastern Metropolitan,4,8.9,1426000.0,1066046.6135999446,1057331.8690068969,1098328.5563350504,False
Roxburgh Park,h,Northern Metropolitan,4,20.6,621000.0,667599.7989429338,581589.5158263369,654658.4789987622,True
Roxburgh Park,h,Northern Metropolitan,4,20.6,465000.0,619022.954270659,511832.2146938492,559538.3805713014,True
Sandringham,h,Southern Metropolitan,4,15.2,1490000.0,1416384.5400857674,1293846.4249283397,1290709.3337182663,True
Scoresby,h,Eastern Metropolitan,3,22.2,890000.0,1401286.1741883736,1147083.0110602344,1149265.3518463944,True
Seaford,h,South-Eastern Metropolitan,3,35.4,512000.0,1028361.4702594051,826859.1616911526,819661.9491906753,True
Seddon,h,Western Metropolitan,4,5.1,1502000.0,1850208.3291080196,1843982.8570181434,1729244.113793778,False
Spotswood,h,Western Metropolitan,3,6.2,965000.0,945375.1082570018,893583.8899678494,924597.7733627844,False
St Albans,h,Western Metropolitan,4,14.0,537000.0,597337.284005851,521018.0993458765,567625.3628651771,True
Strathmore,h,Western Metropolitan,3,8.2,1848000.0,1298561.3238115928,1435081.040984539,1541780.1260187037,False
Sunbury,h,Western Metropolitan,3,31.7,516000.0,478355.0021413964,459304.3334151081,533196.1770920025,True
Sunbury,h,Western Metropolitan,3,31.7,480000.0,509219.6848269932,444316.64845250227,482211.524005147,True
Sunbury,h,Western Metropolitan,4,31.7,763000.0,690323.5601576985,568603.2812974103,581742.4724528411,True
Sunbury,h,Western Metropolitan,3,31.7,605000.0,613232.5217609789,583196.3472249662,650990.5311011631,True
Sunshine,h,Western Metropolitan,3,10.5,717500.0,669857.5801386011,642728.6169375564,628926.1796416043,False
Sunshine North,h,Western Metropolitan,3,10.5,595000.0,656831.050275797,666852.3177715967,656997.9201348583,False
Sunshine West,h,Western Metropolitan,4,10.5,682000.0,654438.6573561596,578386.5904543464,624894.1837905837,False
Sunshine West,h,Western Metropolitan,3,10.5,640000.0,596370.7338014236,592087.151232635,568854.6867954069,False
Surrey Hills,h,Southern Metropolitan,4,10.2,2720000.0,2298517.8731576162,2979557.7082175966,2865081.956830994,False
Surrey Hills,h,Southern Metropolitan,3,10.2,1715000.0,1679119.704168151,1580516.008912071,1650407.2717841414,False
Surrey Hills,h,Southern Metropolitan,4,10.2,3100000.0,1670478.557629688,1982746.0722627419,1810700.5004458372,False
Tarneit,h,Western Metropolitan,3,18.4,350000.0,566595.5025546227,564539.0057458607,540989.4250896443,True
Templestowe,h,Eastern Metropolitan,4,15.5,1753000.0,1242634.7479677508,1223601.5162228716,1201775.7530334229,True
Templestowe Lower,h,Eastern Metropolitan,4,12.4,1745000.0,1213710.74181726,1187201.2493639644,1130700.408806459,False
Templestowe Lower,h,Eastern Metropolitan,3,12.4,1190000.0,1153645.6465623816,1138967.753054455,1103548.0828397388,False
Templestowe Lower,h,Eastern Metropolitan,5,12.4,1400000.0,1326397.355332199,1382330.0778257346,1191520.075802748,False
Templestowe Lower,h,Eastern Metropolitan,4,12.4,1288000.0,1238080.0577360557,1354769.9261827117,1293120.4686141328,False
Thornbury,h,Northern Metropolitan,3,7.0,1450000.0,1136210.638880482,1027034.526284843,1024701.4141543242,False
Thornbury,h,Northern Metropolitan,3,7.0,1271000.0,1158271.4433056354,1145570.5371134635,1130577.2126587087,False
Tullamarine,h,Western Metropolitan,3,12.9,540000.0,542316.2368183983,584954.1676480559,552164.2177909455,True
Vermont,h,Eastern Metropolitan,4,17.2,1263500.0,1424679.2400165212,1374169.804836263,1439163.8071430163,True
Vermont South,h,Eastern Metropolitan,4,17.2,1250000.0,1393177.6801844034,1308651.1099970543,1396917.6704311096,True
Viewbank,h,Eastern Metropolitan,5,8.9,1316000.0,1087550.0191582302,1118650.2487780391,1045675.8212688095,False
Wantirna,h,Eastern Metropolitan,4,14.7,951000.0,1379651.6923066273,1158016.9877359115,1145197.5850094617,True
Wantirna South,h,Eastern Metropolitan,4,14.7,1323000.0,1223743.142696984,1007211.7174093719,994759.4427751885,True
Wantirna South,h,Eastern Metropolitan,3,14.7,970000.0,1218374.9718569773,1072434.2263326785,1052293.6154295418,True
Wantirna South,h,Eastern Metropolitan,4,14.7,1330000.0,1386724.4657065475,1193003.5503389551,1130887.3481377738,True
Watsonia,h,Northern Metropolitan,2,14.5,650000.0,496740.7323583794,387054.2423337255,436303.1902498799,False
Werribee,h,Western Metropolitan,4,14.7,635000.0,806834.0264582235,883861.3936878409,879180.8233777863,True
Westmeadows,h,Northern Metropolitan,3,16.5,582000.0,474164.320194153,469113.673494201,499792.4090796732,True
Wheelers Hill,h,South-Eastern Metropolitan,4,16.7,1245000.0,1221643.2652166495,1074378.1258515187,1037218.2116011682,True
Williamstown,h,Western Metropolitan,3,6.8,1031000.0,1017234.1981461988,1086997.8217808565,1062604.8707938134,False
Williamstown,h,Western Metropolitan,3,6.8,1170000.0,1101957.1868860808,1333615.2157824812,1331470.392985121,False
Williamstown,h,Western Metropolitan,4,6.8,2500000.0,1713267.6707913799,1794029.6142144233,1895540.1978573625,False
Yarraville,h,Western Metropolitan,4,6.3,1285000.0,1107672.92849649,1044431.1964020109,1067411.9208164234,False
