ID,mjd,z,zErr,zWarning,cx,cy,cz,sciencePrimary,legacyPrimary,seguePrimary,segue1Primary,segue2Primary,bossPrimary,sdssPrimary,objID,mode,nChild,psfMag_u,psfMag_g,psfMag_r,psfMag_i,psfMag_z,psfMagErr_u,psfMagErr_g,psfMagErr_r,psfMagErr_i,psfMagErr_z,fiberMag_u,fiberMag_g,fiberMag_r,fiberMag_i,fiberMag_z,fiberMagErr_u,fiberMagErr_g,fiberMagErr_r,fiberMagErr_i,fiberMagErr_z,petroMag_u,petroMag_g,petroMag_r,petroMag_i,petroMag_z,petroMagErr_u,petroMagErr_g,petroMagErr_r,petroMagErr_i,petroMagErr_z,modelMag_u,modelMag_g,modelMag_r,modelMag_i,modelMag_z,modelMagErr_u,modelMagErr_g,modelMagErr_r,modelMagErr_i,modelMagErr_z,cModelMag_u,cModelMag_g,cModelMag_r,cModelMag_i,cModelMag_z,cModelMagErr_u,cModelMagErr_g,cModelMagErr_r,cModelMagErr_i,cModelMagErr_z,mRrCc_r,mRrCcErr_r,score,resolveStatus,calibStatus_u,calibStatus_g,calibStatus_r,calibStatus_i,calibStatus_z,extinction_u,extinction_g,extinction_r,extinction_i,extinction_z,dered_u,dered_g,dered_r,dered_i,dered_z,p_cs,p_el,label
1,53119,0.1428624,3.132692E-5,0,-0.947155723674209,0.234805971458024,0.218545626537892,1,1,1,0,0,0,0,1237661950783389800,1,0,21.0162,19.21564,18.34984,17.79782,17.26041,0.07946506,0.01507246,0.02021234,0.01844915,0.02091332,21.3532,19.49177,18.37671,17.82781,17.45922,0.08203503,0.01349089,0.008724912,0.009462288,0.01335844,19.48802,18.05661,17.06973,16.59763,16.29866,0.1171792,0.02470927,0.02215042,0.02088718,0.0309426,19.78286,17.95135,16.88869,16.35345,15.99809,0.08033656,0.008794958,0.005543184,0.0053695,0.01132376,18.52676,17.82324,16.91126,16.48959,16.25998,0.07410365,0.008779146,0.005564312,0.005383756,0.0113642,17.62076,0.1107241,0.82454,257,24577,24577,24577,24577,24577,0.06869321,0.05352529,0.03702854,0.02751618,0.02046698,19.71417,17.89782,16.85166,16.32594,15.97762,0.118000000715256,0.794000029563904,2
2,53119,0.1307087,1.60368E-5,0,-0.94722459066845,0.235187026710322,0.217836262592218,1,1,1,0,0,0,0,1237661950783324346,1,0,21.03814,19.25147,18.43818,17.96741,17.39329,0.09631711,0.01877425,0.01949729,0.01953968,0.02068386,21.42842,19.55223,18.51023,17.99579,17.6258,0.1118879,0.01219509,0.007583011,0.007320456,0.0159287,19.68771,18.01308,17.07112,16.61751,16.34855,0.1432481,0.01771592,0.01399325,0.01394966,0.02829733,19.65612,17.81016,16.81628,16.34366,15.97899,0.0784255,0.008527774,0.005626365,0.005612747,0.01213553,19.37909,17.89201,16.95358,16.50673,16.26408,0.07833205,0.008605806,0.005697078,0.0056571,0.01216918,33.88424,0.2264266,0.8129573,257,24577,24577,24577,24577,24577,0.06969573,0.05430645,0.03756895,0.02791775,0.02076568,19.58643,17.75586,16.77871,16.31574,15.95822,0.361000001430511,0.611000001430511,2
3,53119,0.3366311,8.152542E-5,0,-0.949069692279393,0.234848854473887,0.210030318642339,1,1,1,0,0,0,0,1237661950246518981,1,0,23.32223,21.2815,19.67907,19.10307,18.59816,0.7412694,0.05106143,0.03384691,0.0276234,0.04619532,23.59506,21.56968,19.79768,19.2269,18.82441,0.7382079,0.05248832,0.01847226,0.02059472,0.05120301,22.38453,20.27781,18.65386,18.1931,17.70575,1.826907,0.1099237,0.03614978,0.04744108,0.1119329,22.3783,20.3081,18.54018,17.97334,17.56544,0.7076811,0.04539452,0.01523784,0.01332339,0.03876103,21.01896,20.08963,18.5402,18.09406,17.66284,0.587558,0.06086861,0.01523784,0.01330295,0.04739143,11.52819,0.2711379,0.8271111,257,24577,24577,24577,24577,24577,0.05881349,0.04582707,0.03170296,0.02355869,0.01752334,22.31949,20.26227,18.50848,17.94978,17.54792,0.112999998033047,0.521000027656555,2
4,53119,0.1428853,5.270535E-5,0,-0.947451249965968,0.229448372279433,0.222911582014584,1,1,1,0,0,0,0,1237661813877506204,1,0,21.3567,19.59493,18.56869,18.11864,17.66252,0.1517688,0.05760527,0.03262718,0.01831949,0.0266541,21.64716,19.88277,18.80159,18.34086,17.93068,0.1558486,0.01466406,0.00933108,0.008129047,0.02006081,20.99609,18.73228,17.70642,17.23373,16.93209,0.5175276,0.02775991,0.02004996,0.02180086,0.05408659,20.70529,18.80385,17.71791,17.2472,16.85807,0.1529149,0.01224578,0.007868896,0.008010271,0.01883447,20.87437,18.76301,17.71795,17.2775,17.03501,0.1511764,0.01224182,0.007868895,0.008008915,0.01877576,12.91533,0.1264953,0.7945588,257,1,24577,24577,24577,24577,0.06412788,0.04996802,0.03456764,0.02568746,0.01910675,20.64116,18.75389,17.68335,17.22151,16.83896,0.0810000002384186,0.83899998664856,2
5,53119,0.3330331,9.514844E-5,0,-0.946478541068595,0.230773150433398,0.225659310323568,1,1,1,0,0,0,0,1237661068181504169,1,0,24.4109,21.61261,19.78143,19.24186,18.82127,0.6657317,0.05176697,0.02624523,0.02610988,0.04149895,24.38988,21.60064,19.83187,19.22379,18.82588,0.7574565,0.05610528,0.01607695,0.01936974,0.04792707,22.04578,20.34047,18.66206,18.08577,17.70912,1.145963,0.1106722,0.04037638,0.04230403,0.1106704,24.00062,20.50831,18.70449,18.11803,17.75028,1.30798,0.04024951,0.01429301,0.01362194,0.03454133,19.73203,20.26723,18.70449,18.16189,17.75454,0.8130475,0.04005904,0.01429301,0.01361658,0.03452488,7.826989,0.1606786,0.8692364,257,24577,24577,24577,24577,24577,0.06170008,0.04807629,0.03325895,0.02471497,0.01838339,23.93892,20.46024,18.67124,18.09332,17.73189,0.100000001490116,0.732999980449677,2
6,53119,0.1421232,3.395915E-5,0,-0.947473143449465,0.229614564081167,0.222647242075452,1,1,1,0,0,0,0,1237661813877506194,1,0,21.37787,19.47564,18.35321,17.88765,17.4271,0.1375873,0.05732283,0.03238349,0.01801716,0.02447872,21.62038,19.74973,18.5601,18.07503,17.65873,0.1490093,0.01260463,0.008006794,0.007985663,0.01635146,20.70065,18.67359,17.49008,16.99697,16.62013,0.3485296,0.02613828,0.01437461,0.01758953,0.03438988,20.6618,18.57473,17.38222,16.88891,16.48583,0.1511945,0.01066975,0.006493015,0.006481987,0.01446,20.62976,18.60628,17.41246,16.91139,16.53227,0.1463175,0.01068764,0.006510434,0.006496935,0.01447762,20.84549,0.177527,0.7945588,257,1,24577,24577,24577,24577,0.06410368,0.04994915,0.03455459,0.02567776,0.01909954,20.59769,18.52478,17.34767,16.86324,16.46673,0.323000013828278,0.630999982357025,2
7,53119,0.1302554,2.724981E-5,0,-0.947270513131328,0.235631839523486,0.21715480919079,1,1,1,0,0,0,0,1237661950783324289,1,0,21.16692,19.11562,18.25776,17.91374,17.3995,0.103277,0.01812333,0.01927124,0.01945921,0.0205305,21.39802,19.42118,18.38112,17.96719,17.63248,0.1046527,0.01066844,0.007064904,0.007263648,0.01454512,19.89919,18.22333,17.19708,16.8089,16.52507,0.1595455,0.02032937,0.01358898,0.01371376,0.03094737,20.14904,18.13859,17.09513,16.69499,16.34861,0.0929205,0.009016487,0.00572007,0.00589349,0.01289198,19.82594,18.12041,17.09516,16.72146,16.44088,0.1044806,0.009014186,0.00572007,0.005892578,0.01394104,13.6208,0.08811476,0.8129573,257,24577,24577,24577,24577,24577,0.06962878,0.05425427,0.03753285,0.02789093,0.02074573,20.07941,18.08434,17.05759,16.6671,16.32786,0.266999989748001,0.566999971866608,2
8,53119,0.09220681,7.713958E-6,0,-0.948214389533715,0.238430291787158,0.2098582079393,1,1,1,0,0,0,0,1237661950246387837,1,0,20.87321,19.49972,19.33373,19.03001,18.55104,0.09260383,0.02273544,0.0325021,0.02257462,0.04482908,21.03555,19.72982,19.20773,18.87133,18.70365,0.08991471,0.01329281,0.01264019,0.01304468,0.04493336,19.17783,18.26257,17.78388,17.47266,17.23785,0.09283693,0.01649361,0.01386747,0.01928908,0.06955748,19.42718,18.19676,17.73669,17.41374,17.23273,0.05613058,0.008876631,0.008750664,0.009134592,0.03188457,19.11497,18.15973,17.73668,17.43305,17.11146,0.06017262,0.008870683,0.008750664,0.009135785,0.03257912,39.34602,0.4923975,0.8305296,257,24577,24577,24577,24577,24577,0.06024932,0.04694586,0.03247693,0.02413384,0.01795114,19.36693,18.14982,17.70421,17.38961,17.21478,0.303999990224838,0.695999979972839,2
9,53119,0.078592,1.330532E-5,0,-0.948612820791804,0.238797008951514,0.207628766661143,1,1,1,0,0,0,0,1237661812803567687,1,0,19.8403,18.12172,17.30683,17.00849,16.67241,0.0474192,0.01811893,0.02296759,0.02029941,0.01488796,20.18764,18.42384,17.58638,17.19492,16.88622,0.04811031,0.005522587,0.004390098,0.004234091,0.01121706,19.11947,17.41528,16.59369,16.23374,15.93725,0.07324585,0.006708281,0.005354099,0.005806522,0.01877735,19.09873,17.34695,16.50399,16.15907,15.82169,0.03921248,0.004973784,0.004036607,0.004048613,0.009293718,18.89004,17.3171,16.50399,16.19215,15.88945,0.03889922,0.004972449,0.004036607,0.004047146,0.009287333,14.30874,0.04708602,0.7841161,257,1,8193,24577,24577,24577,0.06299284,0.04908359,0.0339558,0.0252328,0.01876857,19.03574,17.29786,16.47003,16.13384,15.80292,0.137999996542931,0.792999982833862,2
10,53119,0.1086656,1.963979E-5,0,-0.94819525876596,0.235452983177466,0.213278325121393,1,1,1,0,0,0,0,1237661813340504178,1,0,20.53154,18.53378,17.59863,17.19265,16.84487,0.06234568,0.02243667,0.03067552,0.0139805,0.01512293,20.73212,18.84208,17.81198,17.40382,17.03469,0.06006209,0.00736097,0.004920908,0.005098611,0.01089996,19.51706,17.46388,16.45299,16.04487,15.73156,0.1412766,0.01379484,0.01027245,0.01087877,0.02084049,19.35213,17.34751,16.34267,15.9229,15.57334,0.05371388,0.005920703,0.004089938,0.00427989,0.008541355,19.34893,17.32031,16.34267,15.92604,15.65318,0.05376643,0.005919927,0.004089938,0.004279379,0.008533482,18.05995,0.06886411,0.7876098,257,1,24577,24577,24577,24577,0.06153735,0.04794949,0.03317123,0.02464978,0.01833491,19.2906,17.29956,16.3095,15.89825,15.55501,0.216000005602837,0.757000029087067,2
11,53119,0.1312864,1.682277E-5,0,-0.947934120104341,0.232653392662573,0.217470234341628,1,1,1,0,0,0,0,1237661950783389893,1,0,20.75137,19.66583,19.22758,18.79276,18.34247,0.07861805,0.01694172,0.02140491,0.02081534,0.03366124,21.11042,19.93757,19.17702,18.82098,18.53049,0.08671773,0.01603006,0.01217351,0.0134423,0.03301642,19.09102,18.34367,17.6965,17.35419,17.28514,0.08749113,0.0204917,0.01767146,0.02080111,0.06797739,19.09109,18.04553,17.35664,17.00182,16.75212,0.05515699,0.0109955,0.008741709,0.009789493,0.02517527,18.15692,18.28253,17.56095,17.25149,17.18774,0.05256468,0.01106174,0.008908573,0.009952576,0.02526291,28.25059,0.3575926,0.82454,257,24577,24577,24577,24577,24577,0.07047385,0.05491275,0.03798838,0.02822944,0.02099752,19.02061,17.99062,17.31865,16.97359,16.73112,0.551999986171722,0.344999998807907,1
12,53119,0.1313112,8.1226E-6,0,-0.947437185148439,0.234775000694164,0.217355651518562,1,1,1,0,0,0,0,1237661950783389808,1,0,20.37871,19.34027,19.08145,18.71692,18.21812,0.05580119,0.01449812,0.02089697,0.0199638,0.03129296,20.7291,19.61718,19.01805,18.64659,18.39778,0.05819899,0.01278126,0.01083131,0.01171315,0.02966613,18.57001,17.65697,17.121,16.83519,16.64394,0.0665461,0.01370536,0.01307595,0.01605774,0.04752504,18.75515,17.67534,17.11825,16.78453,16.56433,0.03801902,0.007576655,0.006810565,0.00765242,0.02019654,18.27535,17.59298,16.98177,16.67693,16.43868,0.03958387,0.00767229,0.006995293,0.007828884,0.02048167,64.14422,0.6240887,0.82454,257,24577,24577,24577,24577,24577,0.07040709,0.05486073,0.0379524,0.0282027,0.02097763,18.68474,17.62048,17.0803,16.75633,16.54336,0.551999986171722,0.379000008106232,1
13,54266,0.1079921,1.161069E-5,0,-0.56795958049159,-0.806274433068309,0.16535856043215,1,1,1,0,0,0,0,1237662533822251290,1,0,20.87927,19.74656,19.17005,18.84268,18.66994,0.07966042,0.02369952,0.01735142,0.01978588,0.03757982,20.99141,19.80091,19.12147,18.74557,18.49031,0.08569464,0.01453859,0.01147169,0.009946203,0.03348231,18.90792,17.91324,17.36432,17.06476,16.9246,0.09095512,0.01570242,0.01341676,0.01571912,0.05839422,19.09053,17.94567,17.34087,16.99149,16.77608,0.04864645,0.008552363,0.007275534,0.007473986,0.02261855,18.85137,17.8562,17.28068,16.93974,16.78247,0.04831642,0.008527796,0.007394532,0.007654533,0.02312269,56.27967,0.5720247,0.8357359,257,1,24577,24577,24577,24577,0.1486876,0.1158563,0.08014888,0.05955921,0.04430111,18.94184,17.82981,17.26073,16.93193,16.73178,0.542999982833862,0.400000005960464,1
14,54266,0.1034322,3.090795E-5,0,-0.569381583724501,-0.807872253204295,0.152141495385034,1,1,1,0,0,0,0,1237662635836375398,1,0,21.42065,19.60962,18.78308,18.37388,17.95301,0.08701208,0.02296727,0.01344347,0.01236836,0.02229188,21.44533,19.5589,18.62264,18.1973,17.90515,0.0784024,0.01207514,0.007800973,0.006495971,0.01918079,20.07562,18.55225,17.63387,17.21162,16.9724,0.1356646,0.01700539,0.01219769,0.01312994,0.03190518,20.3112,18.45193,17.53003,17.1016,16.79916,0.07796998,0.009553624,0.006500819,0.006411334,0.0147567,19.98248,18.45624,17.53651,17.12766,16.88928,0.07705818,0.009582459,0.006507398,0.006412454,0.01474346,8.064342,0.05089589,0.9548095,257,24577,24577,24577,24577,24577,0.1689321,0.1316308,0.09106155,0.06766849,0.05033293,20.14227,18.3203,17.43897,17.03393,16.74883,0.232999995350838,0.699999988079071,2
15,54266,0.2127153,4.118483E-5,0,-0.573448352501281,-0.802001644135447,0.167183581184299,1,1,1,0,0,0,0,1237662533822054768,1,0,21.91027,20.0444,18.78783,18.25261,17.94282,0.1913859,0.025945,0.02007944,0.02415764,0.03042333,21.91501,19.99763,18.62996,18.11036,17.75473,0.150807,0.02187017,0.01397668,0.012655,0.02266792,20.40926,18.72715,17.40833,16.83473,16.50568,0.32228,0.04307249,0.0371145,0.03205699,0.04649164,20.76826,18.60579,17.2281,16.66249,16.37359,0.204145,0.01400328,0.006925459,0.006083841,0.01561953,20.88837,18.60922,17.25272,16.67918,16.35887,0.2246757,0.0140534,0.006954283,0.006125452,0.01561911,16.86375,0.1457176,0.853487,257,1,24577,24577,24577,24577,0.1559117,0.1214854,0.08404302,0.06245297,0.04645354,20.61235,18.48431,17.14405,16.60004,16.32714,0.0,0.524999976158142,2
16,53137,0.04069638,7.534316E-6,0,-0.541021654157678,-0.828693889632572,0.143394585037683,1,1,1,0,0,0,0,1237662199898177899,1,0,21.03932,20.30395,19.97659,19.64956,19.39588,0.0670175,0.02272812,0.02280482,0.02292406,0.05066297,20.8752,19.95685,19.48323,19.11789,18.89251,0.0662858,0.01660633,0.01363224,0.01665268,0.04219612,18.12197,17.54415,17.08134,16.86573,16.89145,0.1539467,0.03468155,0.3066032,0.03399988,0.1163936,18.42574,17.51484,17.06425,16.76844,16.64272,0.03160572,0.009953079,0.009674141,0.0114466,0.03055993,18.20156,17.48696,16.98208,16.7417,16.63614,0.03240813,0.01007915,0.009897159,0.01165789,0.03095429,360.536,4.695679,0.8915561,257,24577,24577,24577,24577,24577,0.1539727,0.1199745,0.08299781,0.06167627,0.04587581,18.27177,17.39487,16.98125,16.70676,16.59684,0.967999994754791,0.0209999997168779,1
17,53137,0.05619597,9.617111E-6,0,-0.537730127404103,-0.827617456749894,0.160921270703423,1,1,1,0,0,0,0,1237662636910969255,1,0,20.15272,18.84712,18.26397,18.00784,17.68865,0.03704924,0.01608472,0.01532371,0.02046152,0.0229877,19.8251,18.53107,17.91739,17.55272,17.31838,0.02813316,0.006233736,0.00509804,0.004986531,0.01026693,18.71176,17.46072,16.87902,16.53533,16.30405,0.04108008,0.006353502,0.005725691,0.006077196,0.01907814,18.64411,17.34063,16.72671,16.37662,16.13752,0.02482679,0.005106491,0.004469913,0.00450897,0.01035357,18.55481,17.38258,16.80058,16.46113,16.18402,0.02506519,0.005136782,0.004503779,0.004544178,0.01044096,10.29445,0.03520764,0.9674579,257,24577,24577,24577,24577,24577,0.1804396,0.1405973,0.09726457,0.072278,0.05376155,18.46367,17.20003,16.62944,16.30435,16.08376,0.28099998831749,0.656000018119812,2
18,53137,0.1044659,1.538303E-5,0,-0.52930400554098,-0.83120129420216,0.170122538879854,1,1,1,0,0,0,0,1237668330961895863,1,0,21.71264,20.44455,19.96409,19.54128,19.01507,0.1570476,0.02865378,0.02195468,0.02606336,0.05847169,21.62144,20.22747,19.49874,19.1286,18.82437,0.1324107,0.01937794,0.01495893,0.01722911,0.05353186,19.80306,18.53824,17.89312,17.50681,17.23972,0.1458693,0.02251685,0.01548159,0.02642332,0.08242913,19.90912,18.46652,17.79904,17.41515,17.09855,0.0760253,0.01359477,0.01059429,0.01248707,0.03547161,19.58586,18.45719,17.79904,17.43096,17.14157,0.0806142,0.01359007,0.01059429,0.01248489,0.03709257,56.38913,0.8646649,0.8753163,257,24577,24577,24577,24577,24577,0.2152869,0.1677501,0.1160487,0.08623666,0.06414423,19.69383,18.29877,17.68299,17.32891,17.03441,0.321000009775162,0.53600001335144,2
19,53119,0.0627946,9.35427E-6,0,-0.951285868585422,0.227599972863258,0.20797463446854,1,1,1,0,0,0,0,1237661812803829933,1,0,20.82676,20.07158,19.62852,19.57634,19.3754,0.09831321,0.0225963,0.02369075,0.02680775,0.08200081,21.3225,20.29823,19.82237,19.5585,19.36392,0.1176108,0.01992,0.01951911,0.02415122,0.08706444,18.8321,17.81906,17.43901,17.23164,17.07102,0.1318814,0.02011313,0.02390387,0.03178036,0.1249048,18.83858,17.78765,17.38579,17.14826,16.99732,0.05946483,0.009764705,0.01077692,0.01314364,0.05027825,18.50741,17.72002,17.3402,17.0945,16.88702,0.06163231,0.00975382,0.0109752,0.01353988,0.05212859,151.9854,2.769276,0.7825787,257,1,8193,24577,24577,24577,0.06359204,0.04955048,0.0342788,0.02547282,0.0189471,18.77499,17.7381,17.35151,17.12279,16.97837,0.36599999666214,0.389999985694885,0
20,53119,0.1433957,3.129222E-5,0,-0.947678840492562,0.22928917549741,0.222106481855869,1,1,1,0,0,0,0,1237661813877571728,1,0,21.55672,19.48713,18.48433,18.08911,17.74566,0.179957,0.0310594,0.01871945,0.02612796,0.03527398,21.94975,19.77561,18.72261,18.28412,17.95054,0.1999631,0.01360142,0.008810948,0.009216256,0.01953544,20.43521,18.66579,17.66855,17.19928,17.05069,0.258703,0.02441468,0.01880898,0.01834178,0.0479492,20.70416,18.67019,17.60622,17.16842,16.85294,0.1546511,0.01119545,0.007417807,0.007690922,0.01874635,19.84402,18.60662,17.60622,17.18058,17.02312,0.132758,0.01118709,0.007417806,0.007690819,0.02012386,12.86767,0.1166014,0.7913587,257,1,24577,24577,24577,24577,0.06427366,0.0500816,0.03464622,0.02574585,0.01915019,20.63988,18.62011,17.57157,17.14268,16.83379,0.0670000016689301,0.866999983787537,2
21,53119,0.2708773,6.032218E-5,0,-0.949338924196563,0.226319923330143,0.218024996982341,1,1,1,0,0,0,0,1237661950783586564,1,0,22.2034,20.22141,18.7645,18.20261,17.83652,0.274413,0.02551025,0.02344898,0.01865146,0.02159384,22.35674,20.49874,18.98535,18.41693,18.03582,0.2601149,0.02435351,0.01056903,0.009870051,0.02181667,19.64,18.9511,17.51838,17.01863,16.57731,0.197888,0.05293226,0.02562152,0.02295324,0.05401616,20.70535,18.99857,17.51725,16.93248,16.57002,0.167844,0.01851274,0.008272194,0.007863866,0.01691956,18.1981,18.88406,17.51726,16.98215,16.60006,0.1126005,0.01848796,0.008272193,0.007861014,0.01691171,17.89483,0.2042463,0.7801113,257,24577,24577,24577,24577,24577,0.06793798,0.05293681,0.03662144,0.02721366,0.02024196,20.63741,18.94563,17.48063,16.90526,16.54978,0.158000007271767,0.788999974727631,2
22,53062,0.1457432,2.246325E-5,0,-0.966337011579828,0.154013290208194,0.206089025642354,1,1,1,0,0,0,0,1237661812268859445,1,0,21.10526,19.87487,18.84369,18.45922,18.22641,0.1000828,0.02523057,0.0183688,0.01691671,0.0335733,21.39744,20.00936,19.07392,18.63123,18.31769,0.1033787,0.01640324,0.01141991,0.01023348,0.0323192,19.72717,18.60251,17.74823,17.39738,17.22528,0.1651265,0.02513724,0.01932754,0.02205262,0.07844046,19.85865,18.49143,17.5869,17.17321,16.87167,0.08573992,0.01191194,0.008797302,0.008999008,0.02446866,19.51417,18.465,17.64374,17.3033,17.08491,0.08073021,0.01203553,0.008857989,0.009030952,0.02454581,23.92065,0.3156675,0.7825118,257,1,24577,24577,24577,24577,0.1531803,0.1193571,0.08257067,0.06135886,0.04563972,19.70547,18.37207,17.50433,17.11185,16.82603,0.209000006318092,0.700999975204468,2
23,53062,0.2079261,3.635466E-5,0,-0.966666294554773,0.168106544291236,0.193122926495543,1,1,1,0,0,0,0,1237661948637544694,1,0,21.93065,19.97147,18.69405,18.28215,17.92696,0.1963895,0.02421389,0.02916979,0.03166416,0.02866605,22.19316,20.19774,18.94728,18.41586,18.08251,0.2161321,0.02038351,0.01037652,0.009317625,0.01891126,21.50411,19.10733,17.79425,17.3496,16.99472,0.6999553,0.0392179,0.01890425,0.01746055,0.04603348,21.18365,19.02262,17.74793,17.23702,16.88644,0.2100574,0.01636859,0.008421158,0.0075879,0.01749083,21.67218,18.99505,17.74793,17.29368,16.93443,0.2915331,0.01636705,0.008421159,0.007585035,0.01750845,14.44592,0.1624622,0.7822441,257,24577,24577,24577,24577,24577,0.09536567,0.07430828,0.05140612,0.03820026,0.02841398,21.08829,18.94831,17.69653,17.19882,16.85802,0.028999999165535,0.927999973297119,2
24,53062,0.1142601,8.3764E-6,0,-0.96622509085083,0.158875367060547,0.202898229542996,1,1,1,0,0,0,0,1237661812268728397,1,0,20.70841,19.64652,18.80004,18.54207,18.46496,0.07992105,0.02172639,0.02547627,0.02171557,0.04277943,21.01734,19.71695,18.99267,18.63608,18.36619,0.08485901,0.01263805,0.01079768,0.01153785,0.0339573,19.41342,18.29419,17.59553,17.24556,17.04801,0.1067163,0.01676494,0.01458226,0.01660755,0.05775046,19.51307,18.25957,17.55155,17.1976,16.96332,0.05648706,0.008997397,0.007653195,0.008181694,0.02396145,19.12299,18.23297,17.55155,17.19708,16.99381,0.05860905,0.008991045,0.007653195,0.008178966,0.02394361,42.71107,0.443919,0.7774954,257,1,24577,24577,24577,24577,0.1201851,0.09364744,0.06478487,0.0481421,0.03580888,19.39289,18.16592,17.48677,17.14946,16.92751,0.243000000715256,0.675999999046326,2
25,54266,0.10924,3.440381E-5,0,-0.56573508530349,-0.808484897140672,0.162160366156745,1,1,1,0,0,0,0,1237662636373311806,1,0,21.42199,19.49184,18.63781,18.19797,17.78098,0.09637399,0.02051153,0.01378211,0.01583344,0.02448023,21.4521,19.54408,18.57681,18.15062,17.78901,0.1083056,0.01170215,0.007770463,0.007506001,0.01728618,20.48867,18.6263,17.68497,17.26805,16.91386,0.1799705,0.028529,0.02050323,0.02111071,0.02973431,20.60788,18.68308,17.70716,17.273,16.89206,0.08623359,0.009644148,0.006755026,0.006607013,0.01328498,20.34277,18.64553,17.70717,17.30855,16.9322,0.08403515,0.009641996,0.006755026,0.006604551,0.01327749,3.949732,0.0222049,0.966105,257,24577,24577,24577,24577,24577,0.1577623,0.1229274,0.08504057,0.06319426,0.04700492,20.45012,18.56016,17.62212,17.2098,16.84505,0.179000005125999,0.78600001335144,2
26,54266,0.1084044,2.623742E-5,0,-0.56731367370383,-0.810420110904689,0.146199998187057,1,1,1,0,0,0,0,1237661950276141274,1,0,21.70463,20.20924,19.58971,19.18118,18.73524,0.1549909,0.02756486,0.02105233,0.02371139,0.03761308,21.728,20.23599,19.3761,18.95702,18.6903,0.1762231,0.01952219,0.01205492,0.01269479,0.03869694,19.7539,18.18536,17.61543,17.28256,17.37248,0.2404329,0.02150714,0.01978432,0.01952873,0.09577408,19.87244,18.48223,17.73587,17.34866,17.10476,0.09601666,0.01162649,0.009138602,0.008616476,0.02681576,19.70164,18.08503,17.54206,17.2221,17.20324,0.09691039,0.01189539,0.009406207,0.008811407,0.02696572,43.61906,0.6301203,0.8743092,257,24577,24577,24577,24577,24577,0.1538051,0.1198439,0.08290744,0.06160911,0.04582586,19.71863,18.36238,17.65296,17.28705,17.05893,0.559000015258789,0.381999999284744,1
27,53137,0.0412666,1.211307E-5,0,-0.54085470029281,-0.828572106210022,0.144722002411044,1,1,1,0,0,0,0,1237662199898177630,1,0,19.52564,17.55728,16.74421,16.36313,15.98102,0.02742285,0.0148051,0.01510821,0.01334573,0.01930012,19.37896,17.39462,16.50066,16.0712,15.71665,0.02077121,0.005498104,0.004098338,0.004232974,0.00404194,16.79185,15.15911,14.28666,13.86188,13.62868,0.03660189,0.01790609,0.01469642,0.01189698,0.009585003,17.03973,15.12811,14.23296,13.81788,13.49943,0.01383504,0.002477807,0.002078,0.002116376,0.003241627,16.7988,15.11674,14.2329,13.82967,13.62215,0.01376943,0.002477695,0.002078,0.002116254,0.003233957,18.28323,0.01839584,0.8915561,257,24577,24577,24577,24577,24577,0.1563764,0.1218475,0.08429351,0.06263911,0.04659199,16.88335,15.00626,14.14866,13.75524,13.45284,0.00999999977648258,0.940999984741211,2
28,53137,0.3909892,9.729875E-5,0,-0.53793207185781,-0.829044871161138,0.152688204089823,1,1,1,0,0,0,0,1237662636374164612,1,0,24.96289,21.96992,20.36267,19.765,19.25429,0.6606733,0.06126438,0.02571599,0.02515695,0.04061702,24.27725,21.89844,20.147,19.46482,19.08971,0.9412785,0.07186743,0.02428053,0.01985079,0.04931489,21.79228,20.7529,18.96873,18.38729,18.1674,1.037428,0.1495763,0.04246843,0.04445317,0.1360553,24.27044,20.63165,18.87837,18.21586,17.82596,2.001807,0.0511624,0.01770717,0.01475328,0.03500608,21.70554,20.75907,18.87836,18.28808,18.10047,0.9707099,0.05079815,0.01871219,0.01474434,0.04077218,7.749432,0.2021084,0.955689,257,24577,24577,24577,24577,24577,0.1737697,0.1354002,0.09366921,0.06960626,0.05177427,24.09667,20.49625,18.7847,18.14625,17.77418,0.0570000000298023,0.771000027656555,2
29,53137,0.04038243,1.010759E-5,0,-0.531589266390872,-0.83083570766314,0.164696322757686,1,1,1,0,0,0,0,1237662534360236054,1,0,21.64227,20.2151,20.00428,19.67407,19.64397,0.3739677,0.1751488,0.2363087,0.1832857,0.1453772,21.38271,20.04414,19.5941,19.33874,19.18956,0.2936369,0.166273,0.2121959,0.1461985,0.1170735,19.33358,17.71861,17.34138,16.99113,17.18916,0.4562475,0.2025233,0.2027235,0.1689727,0.1899665,18.94347,17.68081,17.25473,16.97516,16.96468,0.06249069,0.009005653,0.01002515,0.01073081,0.03891164,18.98237,17.65331,17.25474,16.9363,16.94465,0.06200486,0.009001995,0.01002515,0.01072122,0.03889879,114.2935,1.523476,0.8967402,257,1,24577,24577,24577,24577,0.2157573,0.1681166,0.1163023,0.08642508,0.06428438,18.72771,17.5127,17.13843,16.88873,16.9004,0.441000014543533,0.5,2
30,53859,0.2543385,5.326241E-5,0,-0.519581397099781,-0.844028397893897,0.132857951724769,1,1,1,0,0,0,0,1237662199362028010,1,0,23.48562,20.58628,19.11417,18.69516,18.31119,0.4631356,0.02273015,0.01592432,0.01927105,0.02920992,23.3547,20.46954,18.99511,18.46295,18.13318,0.5769985,0.02253842,0.01059831,0.009314611,0.02666193,26.89823,19.35167,17.84658,17.30202,16.98652,1.495279,0.0427933,0.01848377,0.01794037,0.05151737,22.21497,19.27704,17.78689,17.26032,16.92826,0.4578201,0.01712777,0.00835157,0.007470422,0.01968595,22.91065,19.26682,17.78691,17.28353,17.00679,0.427645,0.01712983,0.008351571,0.007468174,0.01967838,8.249612,0.08254635,0.9036632,257,24577,24577,24577,24577,24577,0.1594072,0.124209,0.08592723,0.06385314,0.04749501,22.05556,19.15283,17.70097,17.19647,16.88077,0.0710000023245811,0.75,2
31,54266,0.04403073,6.621951E-6,0,-0.564555020667924,-0.80883675451817,0.164501468623087,1,1,1,0,0,0,0,1237662533822382314,1,0,20.77204,19.72585,19.58525,19.62374,19.28842,0.07532106,0.02216112,0.02248085,0.02598023,0.06327551,20.81985,19.82493,19.47919,19.27866,19.09194,0.07480037,0.01478914,0.01494798,0.01710825,0.05294323,18.84342,17.79265,17.45387,17.26349,17.1683,0.1014615,0.01696097,0.01842676,0.02339414,0.09306066,18.79185,17.78423,17.44972,17.25293,17.1197,0.04280754,0.008429435,0.008855621,0.01065185,0.03475478,18.7719,17.79134,17.43691,17.23003,17.15212,0.04333023,0.008428819,0.008901087,0.01064587,0.03908939,80.64772,1.040009,0.8307238,257,1,24577,24577,24577,24577,0.1712825,0.1334622,0.09232851,0.06860998,0.05103322,18.62057,17.65076,17.3574,17.18432,17.06866,0.644999980926514,0.194000005722046,1
32,53137,0.160116,4.009905E-5,0,-0.537451486496429,-0.829952856343045,0.149412703311334,1,1,1,0,0,0,0,1237661950813864272,1,0,21.80591,19.87526,18.78077,18.31689,17.86466,0.1580439,0.06609424,0.08309597,0.09139881,0.08725215,21.94412,20.06055,18.84243,18.34654,17.98412,0.1923995,0.07600641,0.09895394,0.1124602,0.1033518,20.69075,19.10889,17.95691,17.45618,17.11718,0.24424,0.1303961,0.1811983,0.2049957,0.1920961,21.00312,19.05681,17.84914,17.34874,17.01128,0.1532563,0.01449998,0.007926936,0.007409913,0.01557396,20.12469,18.99157,17.88133,17.38187,17.05902,0.1492562,0.01449235,0.007951805,0.007431193,0.01575845,11.66289,0.1127631,0.8347288,257,24577,24705,24577,24577,24577,0.1624897,0.1266109,0.08758884,0.06508789,0.04841343,20.84063,18.9302,17.76155,17.28365,16.96286,0.0379999987781048,0.384999990463257,0
33,53137,0.3494521,9.544112E-5,0,-0.538088816395555,-0.825216886176412,0.171690175721668,1,1,1,0,0,0,0,1237668348145566629,1,0,23.09277,21.71211,20.08326,19.42171,19.07955,0.4022735,0.05824165,0.02374788,0.02026179,0.03989077,23.08375,21.73649,20.06209,19.39981,19.08475,0.3891365,0.06323475,0.02197818,0.01419849,0.03253728,21.18411,20.73924,18.90041,18.19626,17.86572,0.4068442,0.1371561,0.0424704,0.03741743,0.07475221,21.90613,20.45852,18.74554,18.07521,17.75131,0.3551344,0.0495059,0.01647443,0.01324136,0.03100895,21.32319,20.73412,18.74553,18.14772,17.78889,0.2727481,0.049527,0.01647443,0.01323244,0.03315744,10.96906,0.2684705,0.8969331,257,24577,24577,24577,24577,24577,0.1989489,0.1550196,0.1072418,0.07969218,0.05927635,21.70718,20.3035,18.6383,17.99552,17.69204,0.0270000007003546,0.837999999523163,2
34,53137,0.04179446,3.06754E-5,0,-0.537423443969726,-0.828289482617818,0.158469476103211,1,1,1,0,0,0,0,1237662533823234436,1,0,21.39175,19.83278,19.26378,19.09957,18.60534,0.1339607,0.02012356,0.01839912,0.02060031,0.03255201,21.43099,19.73713,18.99377,18.62722,18.35586,0.1333804,0.01369116,0.01137307,0.01037369,0.02904151,18.79062,17.51697,16.73766,16.39742,16.18727,0.09786247,0.01445843,0.01108098,0.01118293,0.03387402,19.02248,17.4402,16.71285,16.35066,16.08475,0.06047967,0.007244706,0.00565217,0.00574843,0.01548918,18.7625,17.45176,16.71284,16.36583,16.10989,0.06259499,0.007244387,0.00565217,0.005750193,0.01550478,103.7658,0.7944748,0.866037,257,1,24577,24577,24577,24577,0.1624573,0.1265857,0.08757138,0.06507492,0.04840378,18.86003,17.31362,16.62528,16.28558,16.03635,0.528999984264374,0.441000014543533,1
35,53137,0.2009492,6.042387E-5,0,-0.531650380411088,-0.829381689518179,0.171679603042167,1,1,1,0,0,0,0,1237668330961764825,1,0,21.89381,20.39474,19.29525,18.70566,18.17831,0.1514235,0.02587836,0.017488,0.024894,0.03202903,22.04807,20.47427,19.14153,18.54362,18.17556,0.1702872,0.02330202,0.009866804,0.01182522,0.03090811,20.18618,19.0898,17.80978,17.33232,17.08725,0.203018,0.04040797,0.01937537,0.0233874,0.07276699,20.5347,18.95971,17.63342,17.04723,16.67923,0.1308566,0.01751234,0.009011972,0.009072692,0.02334379,18.96003,18.94129,17.70539,17.23348,16.99507,0.1156087,0.01750731,0.00911181,0.009112086,0.02337675,15.78,0.1907929,0.8736233,257,24577,24577,24577,24577,24577,0.2126058,0.165661,0.1146035,0.08516271,0.06334541,20.32209,18.79404,17.51881,16.96206,16.61588,0.096000000834465,0.884999990463257,2
36,53137,0.2299374,5.024152E-5,0,-0.533425190857339,-0.830118581469358,0.162359805549626,1,1,1,0,0,0,0,1237662534360170916,1,0,22.24611,20.53108,19.20062,18.60478,18.15345,0.2554894,0.02761525,0.01596393,0.01679637,0.02937944,22.83734,20.61017,19.17208,18.56031,18.19681,0.2527671,0.02233916,0.01200992,0.009913212,0.02750854,24.53294,19.41512,18.01573,17.52959,17.36476,6.67768,0.04475973,0.01935606,0.01822286,0.06980339,21.60539,19.32272,17.88741,17.31059,16.9541,0.3467528,0.01946452,0.009132279,0.007885596,0.02104592,22.10952,19.22413,17.88741,17.4701,17.22822,0.2746668,0.01945669,0.00913228,0.007887448,0.02089038,11.50745,0.1375644,0.8867818,257,1,24577,24577,24577,24577,0.1905202,0.148452,0.1026984,0.07631594,0.05676504,21.41487,19.17427,17.78471,17.23427,16.89734,0.239999994635582,0.759999990463257,2
37,54266,0.1249278,8.260036E-6,0,-0.562526197186929,-0.813036020026952,0.150122308858967,1,1,1,0,0,0,0,1237662199897522471,1,0,21.11446,19.68139,19.04952,18.64816,18.28547,0.06926379,0.01804742,0.01753813,0.01753631,0.03142446,20.82206,19.46013,18.67767,18.22144,17.95758,0.06413954,0.01120744,0.008357786,0.008865325,0.01875128,19.48716,18.15994,17.43976,17.01404,16.81105,0.08794184,0.01475971,0.01114012,0.01313337,0.03409876,19.57995,18.1723,17.42094,16.98218,16.71794,0.04432125,0.007809445,0.006203604,0.006377875,0.01441449,19.45264,18.13474,17.42094,16.96846,16.72799,0.04388307,0.007800427,0.006203605,0.006427121,0.01453949,32.28104,0.2325792,0.9035372,257,24577,24577,24577,24577,24577,0.1500704,0.1169338,0.08089428,0.06011312,0.04471312,19.42988,18.05537,17.34004,16.92206,16.67322,0.291999995708466,0.541999995708466,2
38,54266,0.09912289,2.197325E-5,0,-0.562949843017794,-0.813576402328502,0.145536633946414,1,1,1,0,0,0,0,1237661950276272379,1,0,20.97471,18.81273,17.86839,17.3968,16.85939,0.09919744,0.01740512,0.01591211,0.02281206,0.02655931,21.11632,18.90622,17.79259,17.28541,16.9049,0.1015706,0.006927886,0.004117551,0.004141936,0.009838601,19.19713,17.48654,16.44018,15.96964,15.67893,0.1185518,0.01312397,0.01013701,0.01009549,0.01642612,19.53798,17.39433,16.31347,15.82824,15.44824,0.07414702,0.005819214,0.003989914,0.003640612,0.007692839,18.76215,17.3396,16.31347,15.86709,15.57233,0.07070954,0.005834782,0.003989914,0.003639156,0.007675384,13.83862,0.04685548,0.871758,257,24577,24577,24577,24577,24577,0.1847588,0.1439628,0.0995928,0.07400813,0.05504845,19.35322,17.25036,16.21388,15.75423,15.39319,0.0299999993294477,0.879000008106232,2
39,53137,0.04042255,6.399274E-6,0,-0.540971933642889,-0.827558083854933,0.149989949186691,1,1,1,0,0,0,0,1237661950813798584,1,0,20.22378,19.15976,18.97681,18.87675,18.67945,0.049718,0.01626007,0.02049402,0.0161539,0.03185574,20.26801,19.28306,18.92014,18.69783,18.53283,0.04812207,0.01024175,0.009985897,0.01158239,0.02555812,19.22344,18.17497,17.78606,17.50796,17.34801,0.07973376,0.01352595,0.01414296,0.01665316,0.04622053,19.26489,18.21601,17.84196,17.60911,17.48012,0.03893237,0.007979241,0.007604687,0.008566924,0.02194357,19.23105,18.13347,17.75553,17.46258,17.40623,0.0405033,0.008057724,0.007694121,0.008696862,0.0218628,20.53511,0.1957799,0.836511,257,24577,24577,24577,24577,24577,0.183543,0.1430155,0.09893745,0.07352113,0.05468621,19.08135,18.073,17.74302,17.53559,17.42544,0.172000005841255,0.75900000333786,2
40,53137,0.2808423,1.21082E-4,0,-0.534798613081317,-0.827275144591796,0.172064751145963,1,1,1,0,0,0,0,1237668330961699609,1,0,23.51359,21.36488,20.29815,19.72845,19.18701,0.5434996,0.04802501,0.02751982,0.02913606,0.06603402,22.96145,21.44828,20.21659,19.67095,19.32333,0.4290348,0.04582579,0.0274089,0.02976095,0.08390012,21.2744,20.40941,19.26633,18.70712,18.53822,0.3329764,0.07615612,0.05720149,0.05594432,0.1657788,22.03876,20.31245,19.09052,18.52586,18.1767,0.3428094,0.03941725,0.02106035,0.0222514,0.06290815,20.30734,20.35494,19.20924,18.63104,18.57127,0.2701749,0.03961569,0.02130532,0.02359576,0.07265172,11.64581,0.3862812,0.8657,257,24577,24577,24577,24577,24577,0.2338764,0.1822349,0.1260692,0.09368296,0.06968291,21.80489,20.13021,18.96445,18.43218,18.10702,0.0700000002980232,0.698000013828278,2
41,53137,0.3281336,8.939386E-5,0,-0.536624511532504,-0.82776133244407,0.163845384838634,1,1,1,0,0,0,0,1237662534360105335,1,0,23.21439,21.2453,19.58261,19.02185,18.53912,0.5374283,0.04198324,0.01971189,0.01913441,0.03582419,23.43284,21.3204,19.59637,18.98411,18.63344,0.6790863,0.04583703,0.0162733,0.01353641,0.03934759,21.88276,21.00118,18.44922,18.05772,18.50067,5.291006,0.4353016,0.1196877,0.05796111,0.4664019,22.50266,20.34727,18.60512,18.00118,17.64132,0.5943815,0.03605485,0.0129005,0.01071771,0.03013598,22.42522,20.54626,18.65107,18.11121,17.88583,0.5607297,0.03999188,0.01296925,0.01075408,0.03015343,9.843611,0.1772193,0.8817241,257,1,24577,24577,24577,24577,0.1825774,0.1422631,0.09841695,0.07313434,0.05439851,22.32009,20.205,18.5067,17.92805,17.58692,0.0610000006854534,0.697000026702881,2
42,53859,0.2951635,2.881542E-5,0,-0.520608944970718,-0.840272754170545,0.151353972577936,1,1,1,0,0,0,0,1237662533823758840,1,0,21.84757,20.48347,19.2187,18.72236,18.16839,0.1638623,0.03015991,0.01689453,0.01790553,0.02979233,21.85864,20.45253,19.08475,18.54665,18.11806,0.1759753,0.02337228,0.009360184,0.009762727,0.02341251,20.02549,19.18455,17.9125,17.46015,17.00637,0.1645134,0.03239931,0.01626471,0.01541483,0.03847304,20.31648,19.00926,17.6697,17.15959,16.71878,0.1198889,0.01725071,0.008544764,0.00763945,0.01801409,18.85054,19.11185,17.77938,17.35079,16.88745,0.1077171,0.0173397,0.008652553,0.007700277,0.01812904,15.33835,0.1686588,0.8781993,257,1,24577,24577,24577,24577,0.2773304,0.216094,0.1494928,0.1110892,0.08262993,20.03915,18.79316,17.52021,17.0485,16.63615,0.0260000005364418,0.842000007629395,2
43,53119,0.1325817,1.518471E-5,0,-0.947905410872503,0.231802464956846,0.218501600173916,1,1,1,0,0,0,0,1237661950783455322,1,0,20.51953,19.36512,18.90378,18.30837,17.90158,0.06589755,0.01786303,0.02085351,0.01552724,0.02650757,20.8834,19.64047,18.79719,18.38354,18.05994,0.07217151,0.01295615,0.009229961,0.009649436,0.02199338,19.04346,17.95432,17.21099,16.85579,16.66918,0.08780316,0.01535814,0.01214014,0.01408632,0.04109262,19.26779,17.99961,17.22821,16.81024,16.54338,0.04928025,0.008445129,0.006413486,0.006823353,0.01628897,18.73023,17.86206,17.1003,16.72651,16.52243,0.049495,0.008566126,0.006563776,0.006947308,0.01650501,38.3415,0.3224189,0.8217905,257,24577,24577,24577,24577,24577,0.06866891,0.05350635,0.03701545,0.02750644,0.02045974,19.19912,17.9461,17.1912,16.78273,16.52291,0.593999981880188,0.375,1
44,53062,0.2396935,3.564475E-5,0,-0.966044295433367,0.162345964896866,0.201003002321745,1,1,1,0,0,0,0,1237661949174612120,1,0,22.06226,20.37733,19.12926,18.62664,18.22334,0.2387101,0.02976867,0.02066711,0.02057858,0.03707794,22.22895,20.56484,19.22715,18.68604,18.34163,0.2398424,0.02608547,0.01137463,0.01140765,0.02732805,20.33868,18.94078,17.71015,17.21173,16.81589,0.2978171,0.03674551,0.01934868,0.01818141,0.04421122,20.42893,18.70801,17.41909,16.88019,16.54041,0.1802358,0.01839179,0.009208894,0.008322312,0.01984003,19.95918,18.64425,17.56319,17.01532,16.64986,0.1788249,0.01868115,0.009355824,0.008448717,0.02009496,30.46903,0.4083028,0.800759,257,24577,24577,24577,24577,24577,0.1266977,0.09872197,0.0682954,0.0507508,0.03774928,20.30224,18.60929,17.35079,16.82944,16.50266,0.144999995827675,0.796000003814697,2
45,53062,0.2069998,3.890353E-5,0,-0.965876871328016,0.158643594539523,0.204729283067135,1,1,1,0,0,0,0,1237661812268728455,1,0,22.36183,20.25799,18.82626,18.35913,18.09056,0.3704063,0.03061506,0.02737887,0.02266232,0.03646117,22.44974,20.47617,19.11389,18.5986,18.24671,0.3423069,0.02921737,0.016633,0.01541442,0.03287506,22.48088,19.13948,17.86947,17.32484,17.04619,2.898834,0.06474873,0.03626387,0.03679793,0.08470561,21.63725,19.22837,17.87391,17.36516,17.01458,0.3400157,0.01824227,0.009677656,0.009164963,0.02337708,22.07415,19.08821,17.87391,17.39086,17.13754,0.421353,0.01820972,0.009677656,0.009159745,0.02330593,14.96636,0.2104625,0.7774954,257,1,24577,24577,24577,24577,0.1294841,0.1008931,0.0697974,0.05186695,0.03857948,21.50777,19.12747,17.80411,17.3133,16.976,0.120999999344349,0.620999991893768,2
46,53062,0.1714644,2.839884E-5,0,-0.966729481211824,0.172386845505639,0.188989115169451,1,1,1,0,0,0,0,1237660615584317541,1,0,21.32705,19.43426,18.34819,17.9534,17.59084,0.1115712,0.02346818,0.0222789,0.02804103,0.02064149,21.35999,19.60696,18.50695,18.06437,17.75296,0.1301251,0.01317118,0.008775095,0.006739746,0.02146355,20.03495,18.93595,17.82638,17.3747,17.08045,0.1213285,0.01905141,0.01435195,0.01486921,0.03451263,20.68743,18.91237,17.80764,17.36297,17.0488,0.09881522,0.01101003,0.007561121,0.007482937,0.01656857,19.52085,18.91562,17.80768,17.41212,17.09885,0.08911479,0.01100989,0.00756112,0.007478765,0.01657061,6.463241,0.05730595,0.0,257,1,24577,24577,24577,24577,0.09671875,0.07536259,0.05213549,0.03874226,0.02881712,20.59071,18.837,17.75551,17.32423,17.01998,0.0939999967813492,0.717000007629395,2
47,53062,0.06533691,1.340576E-5,0,-0.965524385927636,0.172683538265964,0.194789773322443,1,1,1,0,0,0,0,1237661948637478978,1,0,21.69429,20.37594,19.74173,19.56467,19.50908,0.185456,0.03062004,0.03055112,0.03128478,0.0721946,21.94374,20.44449,19.82552,19.54552,19.39062,0.2046338,0.0238472,0.02018006,0.02245482,0.06738192,19.44045,17.70363,17.25765,16.99796,17.1079,0.2045353,0.02044874,0.01280965,0.02351985,0.09544583,19.0084,17.62894,17.16142,16.87681,16.7606,0.06700513,0.01067568,0.009792926,0.01098152,0.03616705,19.03589,17.55131,17.16142,16.90504,16.89478,0.06696387,0.0106491,0.009792926,0.01097645,0.03592547,166.2104,2.612411,0.7825542,257,24577,24577,24577,24577,24577,0.09512343,0.07411953,0.05127555,0.03810323,0.0283418,18.91328,17.55482,17.11014,16.83871,16.73225,0.515999972820282,0.354999989271164,1
48,53062,0.2010493,4.071408E-5,0,-0.969030360360675,0.165236624321567,0.183512993224115,1,1,1,0,0,0,0,1237658493885808757,1,0,21.75971,19.73619,18.6099,18.05634,17.63544,0.1731659,0.0331292,0.02825626,0.01623045,0.03055598,22.05029,19.93045,18.61284,18.10581,17.76741,0.1977405,0.01558212,0.006919015,0.006013067,0.01629066,21.32888,18.66894,17.42888,16.9608,16.59886,0.6034918,0.02717821,0.01440169,0.01372074,0.02914971,20.83565,18.65732,17.36561,16.87535,16.527,0.1682551,0.01209643,0.006343889,0.005981037,0.01279634,20.74776,18.60566,17.36559,16.91539,16.52047,0.168759,0.01209163,0.00634389,0.005979435,0.01279987,10.26925,0.07159869,0.8584588,257,24577,24577,24577,24577,24577,0.1004729,0.07828782,0.05415915,0.04024605,0.02993567,20.73517,18.57903,17.31145,16.8351,16.49706,0.0430000014603138,0.825999975204468,2
49,53119,0.04641227,1.545859E-5,0,-0.94547339143192,0.238413675337729,0.221898592844074,1,1,1,0,0,0,0,1237661813877309487,1,0,19.80827,18.64203,18.00233,17.81605,17.54397,0.04370087,0.03247963,0.02231816,0.01920625,0.03683369,20.24216,18.92615,18.22001,17.86489,17.62405,0.04980071,0.009338371,0.007852482,0.00752669,0.01625007,16.79873,15.75284,15.33133,15.09812,14.93358,0.03121433,0.006937091,0.007698806,0.009123807,0.02244004,16.93823,15.79155,15.27724,15.02388,14.79085,0.0163132,0.003227072,0.003136975,0.003561617,0.009089355,16.6863,15.69322,15.21638,14.96166,14.67797,0.01603027,0.00321111,0.003202192,0.003667875,0.009460932,258.4288,0.9268793,0.7775741,257,1,24577,24577,24577,24577,0.05889525,0.04589078,0.03174703,0.02359145,0.0175477,16.87934,15.74566,15.24549,15.00029,14.77331,1.0,0.0,1
50,53119,0.1322084,2.242941E-5,0,-0.948292403848026,0.236697805648991,0.21146078975802,1,1,1,0,0,0,0,1237661950246453326,1,0,20.842,18.89449,17.98124,17.59671,17.1211,0.08655824,0.02200759,0.02578313,0.01844786,0.0185489,21.14894,19.2036,18.14961,17.71935,17.37999,0.09935975,0.009323398,0.006102209,0.004753104,0.01526939,19.90735,18.06115,17.05589,16.66507,16.2864,0.1682318,0.01701215,0.01748451,0.01471853,0.03059906,19.99931,18.0597,17.0177,16.59789,16.23259,0.07843729,0.007613899,0.005226929,0.005028856,0.01224987,19.69826,17.99282,17.01772,16.63851,16.26195,0.07509487,0.00760458,0.00522693,0.005026847,0.01224717,10.34563,0.05412985,0.8203102,257,24577,24577,24577,24577,24577,0.05767702,0.04494154,0.03109035,0.02310346,0.01718473,19.94164,18.01476,16.98661,16.57478,16.21541,0.344999998807907,0.620999991893768,2
51,53119,0.09794675,1.399039E-5,0,-0.949009667032037,0.232288074197465,0.213126494048428,1,1,1,0,0,0,0,1237661813340569749,1,0,20.0721,18.45638,17.569,17.09015,16.7891,0.04500426,0.03368976,0.02266093,0.01247769,0.02874865,20.29176,18.66258,17.75909,17.32989,17.03147,0.04538784,0.007115148,0.004804281,0.004397858,0.01090547,18.29084,17.12909,16.36701,15.97672,15.73972,0.0705014,0.01112919,0.007989076,0.01018014,0.02701142,18.84171,17.25848,16.4322,15.98293,15.66514,0.03383495,0.005347688,0.004133736,0.004307901,0.008864954,17.88375,17.05933,16.43219,16.02696,15.77127,0.03207272,0.005317456,0.004133736,0.004306359,0.008854823,12.84772,0.04711818,0.7918691,257,1,24577,24577,24577,24577,0.06769547,0.05274785,0.03649072,0.02711651,0.02016971,18.77401,17.20574,16.39571,15.95581,15.64497,0.726000010967255,0.19200000166893,1
52,53119,0.1353682,1.844552E-5,0,-0.947803192148746,0.22916079679076,0.221708002036174,1,1,1,0,0,0,0,1237661813877571736,1,0,20.7287,18.87502,17.91701,17.5379,17.24725,0.09386311,0.02980633,0.01782561,0.02550492,0.03275494,21.05138,19.13281,18.12512,17.69676,17.38141,0.09424011,0.009032435,0.00542974,0.006238829,0.01483514,19.38187,17.63256,16.72412,16.36631,16.09023,0.1429739,0.01335718,0.01015889,0.01066286,0.02936915,19.54302,17.57841,16.5919,16.19375,15.88829,0.07659964,0.006582022,0.004768305,0.005010956,0.01152368,19.14743,17.48372,16.59452,16.27445,15.99032,0.07483625,0.006585618,0.00477037,0.005006261,0.01151075,20.7353,0.1070407,0.7913587,257,1,24577,24577,24577,24577,0.0644024,0.05018191,0.03471562,0.02579742,0.01918854,19.47862,17.52823,16.55719,16.16795,15.8691,0.28600001335144,0.638000011444092,2
53,53062,0.23969,4.945359E-5,0,-0.967907942877326,0.16504575404126,0.189510192833884,1,1,1,0,0,0,0,1237660615584514182,1,0,22.59102,20.34555,19.1014,18.53972,18.03758,0.3542742,0.02871999,0.01960539,0.01471434,0.03165969,23.06466,20.53661,19.033,18.49514,18.12174,0.5553042,0.02670322,0.01307103,0.01217638,0.02921144,21.3104,19.27096,17.82134,17.31418,17.03544,0.7835689,0.05262027,0.0324234,0.02941415,0.06590597,22.12346,19.30459,17.84378,17.30568,16.93724,0.5631242,0.02065986,0.01011971,0.009532627,0.02265856,20.21797,19.20945,17.8437,17.35372,17.02694,0.3290827,0.02064383,0.01011971,0.009530378,0.02433182,8.306011,0.1187432,0.8049812,257,1,24577,24577,24577,24577,0.1029741,0.0802367,0.05550737,0.04124793,0.03068088,22.02049,19.22436,17.78827,17.26443,16.90656,0.0939999967813492,0.811999976634979,2
54,53062,0.04998963,1.195046E-5,0,-0.96615796979158,0.16007150224269,0.202276769743785,1,1,1,0,0,0,0,1237661949174677650,1,0,19.64744,17.81108,17.07347,16.67866,16.31632,0.04738527,0.02978217,0.02008973,0.01956614,0.02173219,19.97853,18.12835,17.24235,16.86036,16.51681,0.03764793,0.005131169,0.003200048,0.003413357,0.007024484,18.61249,16.86737,15.99809,15.6095,15.30476,0.06204581,0.009069484,0.00806155,0.007871595,0.01241078,18.63178,16.79021,15.93262,15.52717,15.19797,0.03055302,0.004233767,0.003323808,0.003249187,0.005821779,18.53857,16.7728,15.93262,15.53546,15.26606,0.03050044,0.004233359,0.003323808,0.003249033,0.0058173,12.95654,0.02960504,0.8028701,257,24577,24577,24577,24577,24577,0.1203261,0.09375728,0.06486085,0.04819857,0.03585088,18.51146,16.69645,15.86776,15.47898,15.16212,0.25900000333786,0.74099999666214,2
55,54266,0.1297684,3.391908E-5,0,-0.575175845952428,-0.803717444059448,0.152351620757568,1,1,1,0,0,0,0,1237662199897129268,1,0,21.81532,19.87813,18.81584,18.30691,17.88008,0.116588,0.02484941,0.02501485,0.02683555,0.02753682,21.61271,19.72057,18.61453,18.07412,17.69166,0.1224001,0.01744921,0.02427676,0.02645995,0.02711967,20.06845,18.23557,17.24655,16.70941,16.47474,0.1983883,0.03635014,0.04885168,0.05378307,0.0605082,20.26885,18.16332,17.06832,16.52641,16.18247,0.1043907,0.009742388,0.006143466,0.005964697,0.01261231,20.43014,18.02285,17.07677,16.55444,16.34276,0.1030426,0.00975316,0.0061529,0.005963448,0.01257938,12.55643,0.08945306,0.904134,257,24577,24577,24577,24577,24577,0.1626379,0.1267263,0.08766868,0.06514723,0.04845757,20.10621,18.03659,16.98065,16.46126,16.13401,0.090999998152256,0.818000018596649,2
56,53137,0.07124504,2.094107E-5,0,-0.53961072272912,-0.82972903987231,0.142723467966314,1,1,1,0,0,0,0,1237662199898243333,1,0,20.84083,18.91526,18.02602,17.54521,17.16262,0.0579948,0.01718257,0.01271286,0.01453359,0.01656629,20.73272,18.73175,17.77221,17.31294,16.9618,0.05951946,0.006247196,0.004032742,0.003892951,0.009517064,18.92631,17.18437,16.27208,15.85693,15.56276,0.07605393,0.009991551,0.007636556,0.008251814,0.01576055,19.01023,17.06105,16.11969,15.67848,15.3458,0.04023497,0.005191013,0.00379639,0.003870618,0.007237162,18.58688,17.03869,16.128,15.74534,15.46576,0.0398694,0.005219616,0.003802803,0.003867448,0.007224508,14.66762,0.04734486,0.889822,257,24577,24577,24577,24577,24577,0.1524088,0.1187559,0.0821548,0.06104983,0.04540985,18.85782,16.9423,16.03754,15.61743,15.30039,0.0,1.0,2
57,53137,0.07103571,1.573599E-5,0,-0.540177864791199,-0.828080412545331,0.149969012627196,1,1,1,0,0,0,0,1237661950813798664,1,0,20.56681,18.42328,17.58084,17.17712,16.74434,0.0596441,0.01451524,0.01853344,0.01230686,0.01671436,20.62855,18.59626,17.60837,17.13846,16.75843,0.05530581,0.006790836,0.004679834,0.006158497,0.01123947,18.53029,16.73741,15.88554,15.46462,15.19782,0.1094421,0.009805234,0.00840808,0.01522843,0.03132471,18.80751,16.78717,15.85201,15.40582,15.06562,0.04404382,0.004722957,0.00341618,0.003351413,0.006091091,18.35296,16.63116,15.85201,15.46392,15.19556,0.04341052,0.004708584,0.00341618,0.003349256,0.006077951,17.1684,0.04979185,0.836511,257,24577,24577,24577,24577,24577,0.1899588,0.1480146,0.1023958,0.07609105,0.05659777,18.61755,16.63916,15.74961,15.32973,15.00903,0.556999981403351,0.386000007390976,1
58,53137,0.4358348,1.61364E-4,0,-0.530070611049211,-0.831255744591413,0.167448602220777,1,1,1,0,0,0,0,1237662637448036896,1,0,25.08294,21.97691,20.40618,19.63726,19.21379,0.6073085,0.05823236,0.02422288,0.02686431,0.04611802,25.74607,21.85606,20.16813,19.41261,18.90505,0.6384436,0.06647918,0.02446604,0.01841128,0.04925245,28.23373,20.89045,19.09546,18.39758,17.96815,0.6146924,0.1357577,0.06083779,0.06037712,0.1020859,26.76255,20.80841,19.08943,18.34391,17.85942,0.4897848,0.04959609,0.01804686,0.01384939,0.03593244,25.37363,20.82341,19.08942,18.45218,17.91823,0.5511835,0.05853919,0.02044383,0.01383039,0.03614699,6.07836,0.1564512,1.0,257,24577,24577,24577,24577,24577,0.207455,0.1616475,0.111827,0.08309946,0.06181074,26.5551,20.64676,18.9776,18.26081,17.79761,0.10700000077486,0.64300000667572,2
59,53137,0.04102712,8.337132E-6,0,-0.529492843134242,-0.83068161474071,0.1720621515656,1,1,1,0,0,0,0,1237668330961830350,1,0,21.3899,20.35283,19.92007,19.74581,19.21586,0.1020242,0.03067656,0.03726896,0.08417549,0.09623744,21.56016,20.23916,19.62764,19.34756,19.1024,0.1155164,0.02015764,0.03455091,0.06509271,0.09724531,19.61878,18.3144,17.78137,17.58772,17.17799,0.2166588,0.03965911,0.06453063,0.1518926,0.1903268,19.65243,18.43147,17.8686,17.60394,17.33775,0.06126492,0.01122945,0.01037589,0.01393401,0.04129208,19.2146,18.36344,17.82346,17.62547,17.27546,0.06310912,0.01120569,0.01051132,0.01395259,0.04254805,97.24538,1.422101,0.8690122,257,24577,24577,24577,24577,24577,0.2265363,0.1765155,0.1221126,0.09074277,0.06749595,19.42589,18.25495,17.74649,17.5132,17.27025,0.926999986171722,0.0729999989271164,1
60,53137,0.04173599,9.937625E-6,0,-0.536370463920883,-0.829014619224074,0.158245020604316,1,1,1,0,0,0,0,1237662533823234280,1,0,20.30588,19.13434,18.75074,18.60892,18.20991,0.05090809,0.0167346,0.0163665,0.01838087,0.0255025,20.20533,18.99668,18.4302,18.10686,17.88711,0.04574222,0.008698208,0.007421018,0.006846884,0.0203351,17.65221,16.45973,16.02496,15.7294,15.55342,0.03581433,0.005968189,0.006380146,0.006178217,0.01927581,17.61765,16.45186,16.00287,15.70917,15.50351,0.02637388,0.004359269,0.003858815,0.004067865,0.01029867,17.57287,16.41391,16.00287,15.70831,15.5052,0.02632986,0.004356138,0.003858815,0.004067711,0.01029515,131.3471,0.5364331,0.866037,257,1,24577,24577,24577,24577,0.1735449,0.135225,0.09354806,0.06951623,0.05170731,17.4441,16.31663,15.90933,15.63966,15.4518,0.791000008583069,0.136000007390976,1
61,53859,0.162085,1.370106E-5,0,-0.521299540441671,-0.843296206613535,0.130760456738744,1,1,1,0,0,0,0,1237661949740712065,1,0,20.78505,20.00503,19.21557,18.71663,18.68406,0.08930206,0.01923937,0.01890679,0.01964217,0.03514629,21.01185,19.8247,19.18107,18.7231,18.43171,0.09330347,0.01455807,0.01214589,0.009642753,0.02958806,19.92835,18.28036,17.62931,17.2443,16.84921,0.4051373,0.07299634,0.1292429,0.07329553,0.1685051,19.60493,18.49291,17.80842,17.38514,17.13207,0.06417681,0.01061934,0.008895017,0.008063194,0.02246794,19.54076,18.24435,17.62281,17.22262,16.73073,0.06378063,0.01083763,0.009080809,0.00817041,0.02232574,34.67202,0.4717173,0.8119559,257,24705,24577,24705,24769,24577,0.1639406,0.1277414,0.08837092,0.06566907,0.04884572,19.44099,18.36517,17.72005,17.31947,17.08322,0.412000000476837,0.352999985218048,0
62,53119,0.3302679,6.025199E-5,0,-0.94802290736228,0.234848139228543,0.214706587270306,1,1,1,0,0,0,0,1237661813340504249,1,0,22.29484,21.01762,19.42412,18.87441,18.51052,0.1850507,0.04718851,0.03532869,0.02235048,0.04029739,22.62177,21.32157,19.63099,19.08335,18.68563,0.1770288,0.04858506,0.02101032,0.02078974,0.04107479,22.14857,20.0057,18.14968,17.53065,17.19864,1.929433,0.1330167,0.05080332,0.05311462,0.1033942,21.41627,19.7831,18.1349,17.55431,17.21055,0.327977,0.0358097,0.01326502,0.0131832,0.03226622,21.63439,19.79503,18.1349,17.4815,17.3042,0.2772264,0.03577952,0.01326502,0.01317679,0.03224439,17.51168,0.3593403,0.7876098,257,1,24577,24577,24577,24577,0.06595648,0.05139284,0.03555333,0.02641994,0.01965158,21.35031,19.7317,18.09935,17.52789,17.1909,0.0219999998807907,0.755999982357025,2
63,53119,0.1294329,2.862415E-5,0,-0.948318538685602,0.233751046878801,0.214598222891685,1,1,1,0,0,0,0,1237661813340569697,1,0,21.08692,19.30165,18.17856,17.75408,17.38308,0.09704696,0.03475891,0.0230678,0.01354518,0.0308294,21.2963,19.5302,18.41489,18.03206,17.64992,0.1032101,0.01194853,0.00630188,0.007805589,0.01744968,20.5708,18.71765,17.6493,17.21325,16.7989,0.1839776,0.01613312,0.009951922,0.01130408,0.0271432,20.58381,18.70114,17.60646,17.18635,16.80991,0.09405129,0.01013628,0.006386457,0.006874936,0.01448699,20.45655,18.61099,17.6073,17.13509,16.74895,0.1085409,0.01011738,0.006386977,0.006872561,0.01635158,10.75997,0.07284474,0.7918691,257,1,24577,24577,24577,24577,0.06706938,0.05226001,0.03615323,0.02686572,0.01998316,20.51674,18.64888,17.57031,17.15948,16.78993,0.119000002741814,0.830999970436096,2
64,53119,0.2356881,5.297156E-5,0,-0.952621601477943,0.220046487683559,0.209980064900763,1,1,1,0,0,0,0,1237661950246846624,1,0,22.02993,20.40314,18.90812,18.48652,18.16179,0.2457393,0.04013315,0.0229535,0.01599435,0.03309499,22.30493,20.58062,19.16527,18.68056,18.35539,0.2604837,0.02198154,0.0122321,0.0112478,0.03366385,20.28983,19.07122,17.77097,17.35168,16.93101,0.2967279,0.04206302,0.02288046,0.02039443,0.06225532,20.78388,19.03234,17.61106,17.13446,16.81488,0.2103538,0.01880339,0.009400971,0.008717285,0.02524831,19.17045,18.94277,17.61108,17.1971,16.91292,0.1804724,0.01877521,0.009400972,0.008714342,0.02523014,21.63297,0.2936977,0.7857762,257,24577,24577,24577,24577,24577,0.07301597,0.05689354,0.03935869,0.02924773,0.02175493,20.71087,18.97545,17.57171,17.10521,16.79313,0.0799999982118607,0.860000014305115,2
65,53062,0.1729523,2.51266E-5,0,-0.968088603639072,0.164227993378944,0.189297706523023,1,1,1,0,0,0,0,1237660615584514156,1,0,21.40607,19.62914,18.85538,18.35872,17.94364,0.1337746,0.02879242,0.03031269,0.02536074,0.04044918,21.3506,19.70611,18.66932,18.20744,17.94332,0.1311553,0.02459346,0.02970617,0.02694004,0.03418881,19.96293,18.50557,17.57563,17.1264,16.86278,0.1894475,0.04205356,0.0587577,0.05385566,0.06387892,20.12253,18.36875,17.39904,16.93544,16.67282,0.1088283,0.01119951,0.008119016,0.008048254,0.02030298,19.70326,18.29393,17.40243,16.98306,16.73431,0.1070834,0.0112413,0.008123633,0.008045676,0.02029321,10.65776,0.1190082,0.8049812,257,1,24577,24577,24577,24577,0.1079599,0.08412163,0.05819495,0.04324509,0.0321664,20.01457,18.28462,17.34085,16.8922,16.64066,0.0480000004172325,0.476000010967255,0
66,53062,0.197478,3.519507E-5,0,-0.968385765022554,0.165858522801346,0.186332929231087,1,1,1,0,0,0,0,1237660615584448691,1,0,22.34142,20.29264,19.1776,18.69094,18.22443,0.2809806,0.03315108,0.02792734,0.02013745,0.03241417,22.01717,20.31423,19.00112,18.4684,18.15382,0.2298508,0.02245422,0.01137609,0.0142572,0.03164715,20.22543,18.77274,17.58463,17.13617,17.01599,0.3079818,0.03840924,0.02495431,0.02705825,0.07417559,20.57207,18.60066,17.3638,16.84579,16.56343,0.1974684,0.01577129,0.009321502,0.008914329,0.02287894,19.10269,18.57949,17.40524,16.96414,16.88192,0.2054288,0.0159135,0.009385772,0.008967653,0.02290305,17.1416,0.241006,0.806663,257,1,24577,24577,24577,24577,0.1013622,0.07898076,0.05463852,0.04060228,0.03020063,20.47071,18.52168,17.30916,16.80519,16.53323,0.14300000667572,0.679000020027161,2
67,54266,0.09973829,1.438882E-5,0,-0.571401917438368,-0.806410907565824,0.152319719362331,1,1,1,0,0,0,0,1237662199897194949,1,0,20.30993,18.26069,17.37055,16.9364,16.53239,0.040395,0.01848006,0.01268187,0.0148643,0.01888909,20.08885,18.12942,17.13729,16.70343,16.35677,0.03186744,0.004411578,0.002821371,0.002946674,0.006564909,18.55816,16.74169,15.78085,15.34698,15.01947,0.05087531,0.008168603,0.006881737,0.007541484,0.01097323,18.60065,16.66074,15.68368,15.24708,14.90449,0.0270296,0.004023325,0.003048896,0.003102342,0.00526082,18.44974,16.62151,15.68369,15.25402,14.95672,0.02707896,0.004021206,0.003048896,0.003102302,0.005258481,10.07796,0.01786705,0.9141371,257,24577,24577,24577,24577,24577,0.1717647,0.1338379,0.09258842,0.06880312,0.05117688,18.42888,16.5269,15.59109,15.17828,14.85331,0.0359999984502792,0.930000007152557,2
68,53137,0.1850886,5.705042E-5,0,-0.539755557907448,-0.828060750460683,0.151589350729232,1,1,1,0,0,0,0,1237662200435048701,1,0,22.05344,20.06251,18.77641,18.27692,17.89278,0.157439,0.02222892,0.01316626,0.01458179,0.02332655,22.01506,20.01081,18.73148,18.22252,17.85806,0.1204258,0.01594143,0.007250113,0.006867631,0.0190555,20.10588,18.67739,17.38932,16.84851,16.56053,0.245429,0.02859679,0.01599355,0.01824757,0.03787477,20.70397,18.64395,17.36159,16.85493,16.50875,0.1493636,0.0121566,0.006829306,0.00657701,0.01464643,19.69927,18.63949,17.36157,16.81568,16.54169,0.1546028,0.01215681,0.006829306,0.006576872,0.01464697,10.33986,0.08255442,0.8690026,257,24577,24577,24577,24577,24577,0.207086,0.16136,0.1116281,0.08295165,0.06170079,20.49689,18.48259,17.24996,16.77198,16.44705,0.203999996185303,0.722000002861023,2
69,53137,0.1041762,1.745429E-5,0,-0.537410550050495,-0.828643628381167,0.156651325681332,1,1,1,0,0,0,0,1237662533823234476,1,0,20.2014,18.33695,17.48584,17.16517,16.69362,0.04474782,0.01489266,0.01432069,0.0163566,0.01523408,20.32191,18.39302,17.43803,17.0132,16.67971,0.04183148,0.00559238,0.004266842,0.003939097,0.007236886,18.7884,17.09306,16.14951,15.71696,15.46308,0.07428363,0.009510187,0.00730906,0.008163794,0.01415945,18.93536,16.99804,16.06018,15.63272,15.3261,0.03881266,0.004737516,0.003490609,0.003383571,0.006835096,18.5394,16.97677,16.06019,15.64436,15.4252,0.03835347,0.004737097,0.003490609,0.003383047,0.00682418,12.42625,0.03051774,0.866037,257,1,24577,24577,24577,24577,0.1773307,0.1381749,0.09558874,0.07103267,0.05283526,18.75803,16.85987,15.96459,15.56169,15.27326,0.0689999982714653,0.792999982833862,2
70,53859,0.2699035,5.502679E-5,0,-0.522892301718541,-0.842054989108846,0.132389713045942,1,1,1,0,0,0,0,1237662199361896960,1,0,23.98,21.0546,19.55363,19.00239,18.67026,0.9155017,0.03524704,0.024872,0.02259818,0.03747908,22.95163,20.80627,19.28394,18.70782,18.30761,0.3404112,0.02735397,0.0202007,0.01994081,0.03570797,22.18378,19.67683,18.14753,17.66034,17.23515,1.361024,0.08833199,0.1105735,0.09323692,0.1145229,22.16033,19.69198,18.14029,17.59158,17.19696,0.4572349,0.02453113,0.0110642,0.009866316,0.02537894,19.44514,19.65532,18.14029,17.62929,17.28709,0.2772816,0.02451988,0.0110642,0.009864175,0.02535414,7.164354,0.1057515,0.9166373,257,24577,24577,24577,24577,24577,0.1879903,0.1464808,0.1013347,0.07530256,0.05601127,21.97234,19.5455,18.03896,17.51628,17.14095,0.0570000000298023,0.428999990224838,0
71,53859,0.2328994,4.058614E-5,0,-0.516112431175208,-0.846429875651639,0.131089374057425,1,1,1,0,0,0,0,1237662199362093525,1,0,23.03107,20.46428,19.07705,18.62784,18.1855,0.3531233,0.02100593,0.01421226,0.01810847,0.0268784,22.88384,20.32335,18.88997,18.35817,17.96612,0.2980739,0.01632519,0.00984494,0.00865705,0.02313577,23.53602,19.07128,17.71569,17.16679,16.84704,3.735203,0.03170646,0.01996809,0.02004513,0.04189908,21.63133,19.07756,17.64616,17.11365,16.72968,0.2879726,0.0150903,0.007746787,0.006954997,0.0172336,21.94727,18.92472,17.64615,17.09725,16.73236,0.264457,0.01505706,0.007746786,0.006954196,0.01723484,8.662228,0.07777563,0.9185891,257,24577,24577,24577,24577,24577,0.1447046,0.1127528,0.07800189,0.05796376,0.04311439,21.48663,18.96481,17.56816,17.05569,16.68656,0.0670000016689301,0.833000004291534,2
72,53859,0.1869457,3.001158E-5,0,-0.516202885204949,-0.84485885808178,0.140527901951312,1,1,1,0,0,0,0,1237662635838013813,1,0,22.41751,20.21341,19.01062,18.36084,18.05174,0.1858044,0.02725863,0.01950424,0.01975514,0.0268503,22.23877,19.97277,18.74246,18.2377,17.85963,0.2296794,0.01927188,0.01056777,0.009928999,0.02094292,20.44802,18.40925,17.29952,16.85722,16.56773,0.2792523,0.02836512,0.02287088,0.02326319,0.04077327,20.36536,18.23816,17.05771,16.55712,16.20823,0.1215223,0.01097148,0.006267103,0.005997505,0.01350873,19.90212,18.23642,17.14579,16.71261,16.39387,0.09989733,0.01110998,0.006349677,0.006057314,0.01357376,16.84452,0.1236578,0.9381311,257,24577,24577,24577,24577,24577,0.172139,0.1341296,0.09279022,0.06895307,0.05128842,20.19322,18.10403,16.96492,16.48817,16.15694,0.342999994754791,0.542999982833862,2
73,53119,0.06104169,2.438156E-5,0,-0.946566840147943,0.23696799059444,0.21876331631691,1,1,1,0,0,0,0,1237661950783324230,1,0,21.05355,19.46695,19.03246,18.75963,18.22827,0.09109142,0.02072665,0.02105676,0.02176199,0.03119559,21.33913,19.77442,19.01324,18.63706,18.39857,0.1015476,0.01532441,0.01092345,0.01183801,0.02984249,18.21646,16.89199,16.30039,15.9862,15.89052,0.07778695,0.01095217,0.008656739,0.01224325,0.03892557,18.48244,16.92357,16.26181,15.92458,15.67819,0.04797041,0.006230344,0.005333045,0.005943914,0.01533686,18.13663,16.82422,16.16722,15.82935,15.72021,0.04702316,0.006210726,0.005507204,0.006184854,0.01570793,220.8063,1.763288,0.8129573,257,24577,24577,24577,24577,24577,0.06688873,0.05211924,0.03605585,0.02679336,0.01992934,18.41555,16.87145,16.22576,15.89779,15.65826,0.600000023841858,0.367000013589859,1
74,53119,0.128882,3.245308E-5,0,-0.948272848751899,0.229799256292553,0.219022615561381,1,1,1,0,0,0,0,1237661950783520938,1,0,20.84639,19.02012,18.20427,17.63199,17.28529,0.07753988,0.01588766,0.01585048,0.0150443,0.01988274,21.14377,19.34521,18.26411,17.85238,17.47907,0.08446856,0.01060758,0.0056084,0.005926256,0.01416352,19.32692,17.60156,16.61212,16.17543,15.82284,0.1686368,0.01717059,0.0114526,0.01228808,0.0289237,19.41249,17.59977,16.56159,16.10032,15.7859,0.06664114,0.007682814,0.004932861,0.005080922,0.01069262,19.14879,17.50089,16.56159,16.07647,15.86053,0.06705067,0.0076749,0.00493286,0.005080604,0.01068633,18.02725,0.1002925,0.8099579,257,24577,24577,24577,24577,24577,0.06756535,0.05264647,0.03642058,0.02706439,0.02013094,19.34493,17.54712,16.52517,16.07326,15.76577,0.0,1.0,2
75,53062,0.0690754,1.149299E-5,0,-0.967379668792848,0.151699347978907,0.202888846980348,1,1,1,0,0,0,0,1237661949174874207,1,0,19.29406,17.65531,16.88465,16.47171,16.10028,0.03658503,0.01930004,0.01727525,0.01411355,0.02247738,19.66245,17.87622,16.97251,16.55239,16.25687,0.03072219,0.004493029,0.002883306,0.002757103,0.005458349,17.43751,15.88784,15.07122,14.66867,14.34954,0.06111372,0.02516712,0.02254933,0.02211029,0.02286651,17.51575,15.81791,14.97597,14.56105,14.22648,0.01929972,0.003172495,0.002575543,0.0025286,0.004325605,17.17147,15.75153,14.97595,14.58582,14.25045,0.01911576,0.003169917,0.002575543,0.002528111,0.004324168,27.24411,0.04619468,0.8010547,257,24577,24577,24577,24577,24577,0.1691084,0.1317682,0.09115659,0.06773911,0.05038546,17.34664,15.68614,14.88481,14.49331,14.17609,0.111000001430511,0.851999998092651,2
76,53062,0.00524099,5.75809E-6,0,-0.965737783970341,0.159919800473064,0.204392245520004,1,1,1,0,0,0,0,1237661812268662921,1,0,19.98932,19.30855,19.06511,19.04265,19.1644,0.04659808,0.03635122,0.01866467,0.02404928,0.06398874,20.33431,19.46773,19.22906,19.13175,19.04321,0.04769767,0.01130292,0.01242839,0.01716825,0.06107326,18.2823,17.45342,17.10645,16.94236,17.03778,0.06496343,0.01370312,0.0166548,0.02152962,0.09732779,18.38505,17.45991,17.17034,17.03096,17.00948,0.03055706,0.006732367,0.007680536,0.01012325,0.0360442,18.26925,17.42493,17.10214,16.93454,16.99309,0.03121526,0.006862463,0.007851055,0.01029376,0.03628847,83.41074,1.027557,0.777609,257,1,24577,24577,24577,24577,0.1270614,0.09900541,0.06849148,0.05089651,0.03785766,18.25799,17.3609,17.10185,16.98007,16.97163,0.273000001907349,0.485000014305115,0
77,53062,0.1140251,2.979826E-5,0,-0.965340634729434,0.161476284894819,0.205043576726363,1,1,1,0,0,0,0,1237661812268662875,1,0,21.31144,19.56369,18.40134,17.89635,17.51295,0.1528804,0.03703332,0.01619978,0.01873427,0.02683815,21.78195,19.78634,18.64974,18.1151,17.65533,0.1966348,0.0135556,0.008516175,0.00789196,0.01900851,19.96151,18.2436,17.22332,16.73082,16.53397,0.2348687,0.0277016,0.01653607,0.01718966,0.04794045,19.97691,18.16751,17.04879,16.54317,16.12602,0.1041008,0.0103186,0.006528199,0.006286584,0.0147522,19.67757,18.00443,17.0488,16.63335,16.45419,0.1048062,0.01070373,0.0065282,0.00628054,0.014587,25.62782,0.2264215,0.777609,257,1,24577,24577,24577,24577,0.1259619,0.0981487,0.06789882,0.0504561,0.03753006,19.85095,18.06936,16.98089,16.49271,16.08849,0.310000002384186,0.654999971389771,2
78,53062,0.177101,1.753308E-5,0,-0.967022083981347,0.171683861791118,0.188130116389856,1,1,1,0,0,0,0,1237660615584317555,1,0,20.02246,18.64336,18.06419,17.76873,17.51798,0.04488251,0.02454127,0.0295482,0.03551843,0.02905367,20.1457,18.76565,18.14961,17.78477,17.55302,0.04229016,0.01655713,0.02660934,0.03205401,0.02634998,19.45296,18.01553,17.39883,17.10606,16.93013,0.08200239,0.02982837,0.04883235,0.06266478,0.06576663,19.4239,17.9783,17.36789,17.03126,16.80838,0.04087403,0.006730974,0.006249283,0.006624244,0.01523827,19.55607,17.97199,17.36785,17.13407,16.87503,0.05247154,0.00672741,0.006249283,0.006608874,0.01524497,7.304961,0.04979345,0.0,257,1,24577,24577,24577,24577,0.1058385,0.08246862,0.05705141,0.04239531,0.03153432,19.31806,17.89583,17.31084,16.98886,16.77685,0.0359999984502792,0.39300000667572,0
79,51630,0.08419658,2.464909E-5,0,-0.841020437524198,0.541002989753566,-6.23493632323968E-4,1,1,1,0,0,0,0,1237648721216405657,1,0,21.5032,19.36397,18.2833,17.82876,17.42547,0.1054827,0.01954704,0.0156836,0.0185857,0.02208075,21.61528,19.33407,18.24354,17.7343,17.33469,0.1067487,0.01131161,0.008993809,0.007752462,0.01220393,20.08171,18.11407,17.09377,16.60844,16.2407,0.1693622,0.01795932,0.01712185,0.02052426,0.03212271,20.38689,18.09273,17.01718,16.50344,16.11856,0.08981067,0.008107191,0.005142272,0.004965456,0.01119146,19.91467,17.98585,17.01718,16.53113,16.25341,0.08752455,0.008095184,0.005142272,0.004964701,0.01116187,9.529394,0.04854635,0.8580179,257,24577,24577,24577,24577,24577,0.3785906,0.2949953,0.2040764,0.1516506,0.1128002,20.0083,17.79774,16.8131,16.35178,16.00576,0.100000001490116,0.866999983787537,2
80,51630,0.5156041,1.934089E-4,0,-0.826277340186432,0.563262188684683,0.00120991428470912,1,1,1,0,0,0,0,1237650796219794169,1,0,23.31193,22.48092,20.65625,19.66147,19.24672,0.4406376,0.1119364,0.03526431,0.02398642,0.05957274,23.4099,22.53625,20.64408,19.62857,19.23907,1.06377,0.1251478,0.03758067,0.02239472,0.06422056,20.7117,21.8403,19.35817,18.48223,18.05951,0.4830768,0.6022469,0.08100332,0.06383507,0.1387381,22.08126,21.17114,19.27708,18.26394,17.8074,0.4412539,0.09551712,0.02793495,0.0168818,0.04633362,19.70596,21.33418,19.29318,18.50218,18.10918,0.2908754,0.09236772,0.02998504,0.01704008,0.04515131,16.73829,0.8314596,0.848456,257,16385,24577,16385,24577,24577,0.3059923,0.2384271,0.1649428,0.1225702,0.09116969,21.77527,20.93271,19.11213,18.14137,17.71623,0.0,0.437999993562698,0
81,51630,0.161431,2.237619E-5,0,-0.835804700248385,0.548744218197013,0.0176149379237148,1,1,1,0,0,0,0,1237650797293994219,1,0,21.69118,20.48878,19.36083,18.67827,18.28991,0.1287323,0.02500034,0.01720184,0.01881824,0.03166144,21.84788,20.41115,19.33711,18.77082,18.3821,0.1574562,0.02148727,0.01299556,0.01176402,0.02787338,20.54455,18.51317,17.57868,17.11994,16.87643,0.3594436,0.02509962,0.01588866,0.016551,0.04925086,20.0095,18.54216,17.54038,17.04188,16.6904,0.09339282,0.01247786,0.00820003,0.007879113,0.01919928,19.83092,18.45843,17.54039,17.09237,16.77806,0.09221645,0.01243115,0.00820003,0.007886245,0.01936698,61.39383,0.7810086,0.8175764,257,24577,24577,24577,24577,24577,0.6559018,0.5110743,0.3535588,0.2627321,0.1954244,19.3536,18.03108,17.18682,16.77915,16.49497,0.51800000667572,0.321000009775162,1
82,51630,0.06999054,2.259009E-5,0,-0.83651470622315,0.54776903752408,0.0138646241326394,1,1,1,0,0,0,0,1237648722289950942,1,0,21.17963,19.11402,18.00507,17.54592,17.12754,0.07479275,0.01387921,0.01484039,0.01455819,0.01874985,21.24376,19.16214,18.07667,17.57258,17.15937,0.08769137,0.009298236,0.004661654,0.005414234,0.009365569,20.07337,18.12437,17.05839,16.56134,16.1585,0.1394831,0.02457706,0.02120546,0.01938937,0.02635341,20.08616,18.05681,16.96735,16.47114,16.04953,0.06409764,0.007533292,0.004855464,0.004823586,0.009171381,19.89595,18.01583,16.96735,16.49633,16.0824,0.06850901,0.007533389,0.004855464,0.004822623,0.009170851,10.11948,0.04600265,0.8312327,257,24577,24577,24577,24577,24577,0.628381,0.4896302,0.3387239,0.2517082,0.1872246,19.45778,17.56718,16.62862,16.21943,15.8623,0.156000003218651,0.777999997138977,2
83,51630,0.06296776,9.275039E-6,0,-0.837595715897656,0.546277413008447,0.00379535857219051,1,1,1,0,0,0,0,1237648721753080096,1,0,21.72727,19.86824,18.79605,18.36283,17.90851,0.117828,0.0230147,0.02176811,0.02870496,0.03262963,21.38293,19.53102,18.58372,18.02433,17.62595,0.09492987,0.01604593,0.0152552,0.0241855,0.02292875,19.09457,17.57543,16.79746,16.36559,16.00709,0.1014764,0.02095526,0.02583203,0.04546707,0.05221051,19.52121,17.7441,16.88671,16.40612,16.02948,0.06637359,0.007457098,0.005303376,0.005147479,0.01345515,19.15409,17.61684,16.75265,16.26727,15.84286,0.06362779,0.007487366,0.00544804,0.005262285,0.01352552,49.49908,0.324115,0.8509504,257,24577,24577,24577,24577,24577,0.5216534,0.4064687,0.2811932,0.2089567,0.1554254,18.99955,17.33763,16.60552,16.19716,15.87405,0.884999990463257,0.0379999987781048,1
84,51630,0.08021138,3.228326E-5,0,-0.837740690867083,0.546056075086319,0.00364660484092517,1,1,1,0,0,0,0,1237648721753145376,1,0,22.01892,19.79168,18.49057,18.08554,17.56667,0.1510844,0.01885015,0.0119258,0.01709317,0.01981354,21.98567,19.6425,18.47569,17.88648,17.41154,0.1704174,0.01276118,0.007252621,0.006462521,0.01608989,20.72086,18.0136,16.88906,16.29746,16.11332,0.4665491,0.02067578,0.01494377,0.01916325,0.04860134,20.13488,17.77816,16.62261,16.04933,15.6056,0.1139233,0.008610318,0.00520996,0.004793234,0.01139002,20.18382,17.7968,16.68522,16.1027,15.80833,0.1533995,0.008730287,0.005260758,0.004826651,0.01144192,32.62458,0.2136904,0.8283232,257,24577,24577,24577,24577,24577,0.5110306,0.3981916,0.2754671,0.2047016,0.1522604,19.62385,17.37997,16.34714,15.84462,15.45334,0.792999982833862,0.207000002264977,1
85,54266,0.07329635,1.348054E-5,0,-0.571921384788491,-0.804050646916049,0.162506882363477,1,1,1,0,0,0,0,1237662636373115179,1,0,19.8397,18.75653,18.22629,17.91992,17.61221,0.0331755,0.0206522,0.01545228,0.01438376,0.01981555,19.73282,18.52156,17.87373,17.4915,17.24831,0.03126175,0.005690039,0.005142506,0.004220576,0.01171546,17.74302,16.49605,15.91564,15.58981,15.38363,0.04000608,0.006327087,0.005474866,0.00621927,0.01794789,17.48289,16.25525,15.63894,15.28154,15.04285,0.01856053,0.003940424,0.003464569,0.003534019,0.007645648,17.50868,16.36037,15.76906,15.42413,15.1621,0.01891481,0.003980272,0.003515043,0.00358604,0.007744507,35.80952,0.1144614,0.9481896,257,24577,24577,24577,24577,24577,0.1633855,0.1273089,0.08807171,0.06544672,0.04868034,17.3195,16.12794,15.55086,15.2161,14.99417,0.949000000953674,0.034000001847744,1
86,54266,0.05480984,1.389689E-5,0,-0.571031940615884,-0.803663467882315,0.167474037354537,1,1,1,0,0,0,0,1237662636909986028,1,0,21.31149,19.97848,19.37491,19.06163,18.73917,0.07982422,0.02149193,0.01475794,0.01845738,0.03231515,20.86919,19.40371,18.73004,18.36265,18.12137,0.0703878,0.009921353,0.008465435,0.00845267,0.02413404,18.58628,17.33062,16.75319,16.42099,16.17934,0.05980301,0.008522131,0.007873393,0.0085235,0.02833837,18.66763,17.30627,16.70563,16.36342,16.11603,0.03411883,0.005811793,0.004999813,0.005143421,0.01417368,18.43893,17.26688,16.70565,16.36084,16.06401,0.03360759,0.005806987,0.004999814,0.005163543,0.01453756,75.84573,0.4509175,0.9694164,257,24577,24577,24577,24577,24577,0.1600294,0.1246938,0.08626261,0.06410237,0.04768039,18.5076,17.18158,16.61936,16.29932,16.06835,0.805999994277954,0.194000005722046,1
87,53137,0.2005721,4.344219E-5,0,-0.532257333440316,-0.830269537303181,0.165392340890884,1,1,1,0,0,0,0,1237662637447971249,1,0,22.13281,20.30899,19.20063,18.76574,18.43776,0.1512405,0.02154842,0.02001886,0.02148321,0.02810387,21.93886,20.17937,18.93589,18.46866,18.14952,0.1792734,0.01741576,0.009795193,0.009057052,0.02640665,21.33392,19.08758,17.85858,17.41138,17.09304,0.56693,0.030183,0.01619793,0.01762512,0.05023606,20.93575,19.07068,17.82207,17.34759,17.03203,0.1405264,0.01348285,0.007921424,0.007431467,0.01966104,20.97653,19.05508,17.82206,17.37966,17.08939,0.1405728,0.01348297,0.007921424,0.007430104,0.0196546,6.477452,0.05417053,0.9965198,257,24577,24577,24577,24577,24577,0.2212539,0.1723996,0.1192652,0.08862684,0.06592208,20.71449,18.89828,17.7028,17.25896,16.9661,0.0710000023245811,0.820999979972839,2
88,53137,0.04171704,1.333621E-5,0,-0.536774089126199,-0.828717520316102,0.158432473829928,1,1,1,0,0,0,0,1237662533823234223,1,0,20.06186,18.22364,17.56037,17.31217,16.88495,0.04426962,0.01617534,0.01533542,0.01752039,0.01568171,20.11855,18.26671,17.47612,17.093,16.78914,0.04417165,0.008389926,0.006304672,0.006340333,0.007857393,18.92575,17.16865,16.36145,15.98352,15.69742,0.06180569,0.02526492,0.02344308,0.02481057,0.01909297,18.9139,17.01943,16.23563,15.85062,15.55888,0.0351455,0.004637431,0.003660793,0.003615096,0.007380442,18.7845,17.04831,16.25212,15.87554,15.59133,0.03491868,0.00465244,0.003670862,0.003628091,0.007407248,13.45369,0.03419829,0.866037,257,1,24577,24577,24577,24577,0.1688031,0.1315303,0.09099203,0.06761683,0.0502945,18.7451,16.8879,16.14464,15.783,15.50858,0.225999996066093,0.709999978542328,2
89,53859,0.3545901,9.667345E-5,0,-0.525479216263709,-0.84042445271945,0.132507858431454,1,1,1,0,0,0,0,1237662199361831914,1,0,24.10115,21.89697,20.13032,19.49949,19.12266,0.6959834,0.05758583,0.02426831,0.02245757,0.04516358,23.92074,21.75431,20.0077,19.40029,18.96042,0.8318687,0.06766655,0.02440584,0.02032572,0.0535221,24.66065,20.53496,18.93324,18.24873,17.66482,6.16805,0.1660447,0.05229209,0.06080219,0.110523,24.79085,20.7723,18.97181,18.34522,17.91462,1.824102,0.04877682,0.01734918,0.0144482,0.03709925,23.68727,20.69049,18.97182,18.39194,17.80331,0.8458048,0.04868608,0.01734919,0.0144442,0.03694487,6.412211,0.1616255,0.9191167,257,24577,24577,24577,24577,24577,0.1850916,0.1442221,0.09977219,0.07414143,0.0551476,24.60575,20.62808,18.87204,18.27108,17.85947,0.0769999995827675,0.731000006198883,2
90,53859,0.2503941,3.454493E-5,0,-0.517182672059102,-0.845877657911546,0.130434165646451,1,1,1,0,0,0,0,1237661949740843449,1,0,21.95309,20.06926,18.60492,18.1511,17.96354,0.1905692,0.02122975,0.02496814,0.02250801,0.02694904,22.17147,20.05854,18.76105,18.24302,17.86959,0.2447157,0.01469982,0.009145341,0.007926902,0.01463328,20.14706,18.76625,17.45831,16.99896,16.70788,0.2430637,0.02771142,0.01708212,0.01432888,0.03658621,20.61593,18.59869,17.28017,16.79555,16.43855,0.1681328,0.01263211,0.006942921,0.006094852,0.01419181,19.01054,18.60761,17.32435,16.88676,16.59051,0.1393599,0.01271594,0.006986388,0.006102624,0.01414711,20.76565,0.184301,0.8030193,257,24577,24577,24769,24705,24577,0.1537537,0.1198039,0.08287976,0.06158854,0.04581056,20.46218,18.47888,17.19729,16.73396,16.39273,0.185000002384186,0.666999995708466,2
91,54266,0.172348,4.578071E-5,0,-0.570452657187609,-0.804114949150772,0.167280944700369,1,1,1,0,0,0,0,1237662636909985831,1,0,22.05374,20.30769,19.10015,18.62115,18.2213,0.1535024,0.0256418,0.01440558,0.01756554,0.02559915,21.807,20.05859,18.84482,18.34365,17.97218,0.1654948,0.02042299,0.008711127,0.007665173,0.02286096,21.35414,19.33576,18.0322,17.49619,17.12331,0.422994,0.03720167,0.0185777,0.01586384,0.03817176,21.14549,19.20158,17.91597,17.3992,17.01711,0.1451916,0.01416283,0.00795728,0.007257959,0.01689776,21.26432,19.22588,17.91595,17.39922,17.02141,0.1403514,0.01421004,0.00795728,0.007258185,0.01754114,6.121936,0.05144876,0.9694164,257,24577,24577,24577,24577,24577,0.1621314,0.1263317,0.08739565,0.06494433,0.04830666,20.98336,19.07525,17.82858,17.33425,16.9688,0.028999999165535,0.771000027656555,2
92,53137,0.1813408,3.986741E-5,0,-0.541279054674961,-0.828238414687979,0.145045211590466,1,1,1,0,0,0,0,1237662635837292858,1,0,22.11129,20.36085,19.26864,18.80939,18.42385,0.2066916,0.02191069,0.01923992,0.01777913,0.02764457,22.01648,20.1213,18.98906,18.5118,18.2242,0.1677343,0.01791633,0.008075803,0.009555278,0.02440111,20.24181,18.68906,17.67729,17.22579,16.99725,0.2171785,0.02723118,0.02020302,0.01913446,0.04723183,20.59762,18.6998,17.58088,17.11144,16.82734,0.1235517,0.01306584,0.007710146,0.007518454,0.01810978,20.51114,18.53576,17.5857,17.14806,16.89143,0.146008,0.01303228,0.00771694,0.007538877,0.0181376,11.20603,0.1014086,0.9574958,257,24577,24577,24577,24577,24577,0.1579948,0.1231085,0.08516587,0.06328736,0.04707417,20.43962,18.57669,17.49572,17.04815,16.78027,0.310000002384186,0.638000011444092,2
93,53137,0.0337334,5.126307E-6,0,-0.542539885152909,-0.827629921838726,0.143802592102832,1,1,1,0,0,0,0,1237662199898112417,1,0,20.48058,19.58561,19.43537,19.3118,19.1053,0.05113973,0.02347397,0.02544693,0.02727803,0.0485601,20.20654,19.30481,19.0249,18.81808,18.65966,0.03997689,0.01819412,0.01921867,0.02135948,0.04186099,19.0711,17.86928,17.58513,17.40735,17.4101,0.1048743,0.03350815,0.02473723,0.04168591,0.09467881,18.96,17.89475,17.60445,17.42901,17.33026,0.03227849,0.007200947,0.007654781,0.009711454,0.02722396,19.03035,17.80213,17.42768,17.26677,17.21243,0.03230817,0.007305765,0.007883262,0.009978713,0.02782597,37.1331,0.3822401,0.8890039,257,24577,24577,24577,24577,24577,0.1656447,0.1290692,0.08928947,0.06635164,0.04935344,18.79435,17.76568,17.51516,17.36266,17.2809,0.375,0.375,0
94,53137,0.03904946,1.166956E-5,0,-0.537209024401407,-0.828266393494284,0.1593149255709,1,1,1,0,0,0,0,1237662636911034698,1,0,20.28961,18.17326,17.39296,17.07795,16.68861,0.04206809,0.01909448,0.01859964,0.02155332,0.02084858,19.79655,17.79611,16.92315,16.49935,16.15584,0.03271754,0.004026982,0.002654458,0.002445876,0.006153224,17.47703,15.68269,14.82269,14.42148,14.06358,0.04978001,0.00700662,0.004043045,0.003910437,0.009410902,17.6035,15.66632,14.79205,14.37923,14.03236,0.02040607,0.002940363,0.002428369,0.002411631,0.004271748,17.40559,15.64825,14.79203,14.39053,14.0423,0.02078691,0.002939876,0.00242837,0.00241144,0.004271145,24.18545,0.03360705,0.9639266,257,24577,24577,24577,24577,24577,0.1697355,0.1322567,0.0914946,0.0679903,0.05057229,17.43376,15.53406,14.70056,14.31124,13.98179,0.959999978542328,0.0399999991059303,1
95,53137,0.2251737,2.313914E-5,0,-0.533432319536303,-0.829963085604132,0.163129509925665,1,1,1,0,0,0,0,1237662534360170587,1,0,21.1209,19.92029,19.08819,18.58597,18.20127,0.09667166,0.02098883,0.01546214,0.01673088,0.029874,21.1903,19.96256,18.92436,18.40038,18.06236,0.1061207,0.0138972,0.01003551,0.008851864,0.02463252,20.26772,18.46527,17.40169,16.89006,16.65287,0.3122445,0.02446439,0.01468735,0.01460805,0.04460237,19.50576,18.20247,17.14741,16.63292,16.31919,0.08250909,0.01145781,0.007189953,0.006461286,0.01788283,20.0516,18.28403,17.27022,16.79271,16.53744,0.08065704,0.01156305,0.007315941,0.006562779,0.01820444,23.1335,0.218711,0.8867818,257,1,24577,24577,24577,24577,0.1974409,0.1538446,0.106429,0.07908814,0.05882705,19.30832,18.04863,17.04099,16.55383,16.26037,0.231000006198883,0.731000006198883,2
96,53859,0.05707338,1.135215E-5,0,-0.51611122241035,-0.843394112189679,0.149383993874433,1,1,1,0,0,0,0,1237662636374819190,1,0,19.5148,17.63428,16.85881,16.38415,16.10372,0.0324606,0.02129671,0.01736522,0.02136969,0.01763985,19.47089,17.51378,16.6298,16.23784,15.88057,0.02227701,0.003180994,0.002190556,0.002433023,0.004793462,17.6733,15.84089,14.97873,14.57312,14.25639,0.04113368,0.004339853,0.003590575,0.003593181,0.00742203,17.71065,15.80528,14.93435,14.52421,14.1921,0.01805484,0.002939383,0.002476161,0.002431745,0.003920946,17.6369,15.79208,14.93433,14.53054,14.28786,0.0180293,0.002939174,0.002476161,0.0024317,0.003913085,9.223758,0.009808574,0.9447529,257,24577,24577,24577,24577,24577,0.2082826,0.1622924,0.1122731,0.08343098,0.06205732,17.50237,15.64299,14.82208,14.44078,14.13004,0.0,1.0,2
97,54266,0.1031189,2.138959E-5,0,-0.564265635039021,-0.811842521668907,0.150053367587275,1,1,1,0,0,0,0,1237662199897456855,1,0,20.96915,19.14603,18.27857,17.80904,17.34138,0.06107006,0.01424775,0.01254769,0.01499531,0.01677818,20.74074,19.01391,18.01697,17.51845,17.14421,0.06024714,0.008594114,0.00462678,0.005346186,0.01091374,19.24645,17.42158,16.56464,16.12557,15.80867,0.112247,0.03801664,0.02376595,0.0237001,0.01979199,19.13031,17.38066,16.4375,15.9552,15.57954,0.0416934,0.005990777,0.004341389,0.004365668,0.008228228,19.07496,17.2355,16.4451,16.02294,15.69513,0.04255751,0.005968568,0.004347584,0.004383643,0.008252611,16.57065,0.0727759,0.9061737,257,24577,24577,24577,24577,24577,0.1598109,0.1245236,0.08614483,0.06401484,0.04761529,18.9705,17.25614,16.35136,15.89119,15.53193,0.662000000476837,0.337999999523163,1
98,54266,0.03510718,1.070392E-5,0,-0.574338980459835,-0.802456313422701,0.161859817658381,1,1,1,0,0,0,0,1237662636373049645,1,0,19.53791,17.74142,17.04427,16.64844,16.21738,0.0290528,0.01939417,0.01979112,0.0168655,0.01883533,19.2179,17.48676,16.66117,16.24007,15.90165,0.02251755,0.003221021,0.002262323,0.002436517,0.004873557,17.42188,15.83141,15.0603,14.65331,14.34925,0.04876073,0.04376884,0.04068049,0.03959905,0.0389366,17.37317,15.7015,14.91219,14.50029,14.14944,0.0144586,0.00285588,0.002480521,0.002464606,0.003845336,17.39087,15.67517,14.92371,14.52736,14.20977,0.01476874,0.002865724,0.002487562,0.002472027,0.003859694,21.23352,0.02401388,0.9651368,257,24577,24577,24577,24577,24577,0.1533202,0.1194661,0.08264608,0.0614149,0.0456814,17.21985,15.58204,14.82955,14.43887,14.10376,0.148000001907349,0.819999992847443,2
99,53859,0.174557,8.044569E-6,0,-0.519854368380962,-0.843764071540727,0.133467701157417,1,1,1,0,0,0,0,1237662199361962360,1,0,20.35156,19.68704,19.24109,18.90317,18.81544,0.04577072,0.0170726,0.018612,0.01710581,0.03823948,20.58869,19.80739,19.28896,18.91652,18.77055,0.06038265,0.01393883,0.01312453,0.01306176,0.04546743,20.26411,19.37627,18.77487,18.45017,18.3514,0.09236801,0.01823761,0.01719554,0.0181399,0.07044306,20.01224,19.26417,18.7274,18.34431,18.22853,0.04674096,0.01174708,0.01075543,0.01039547,0.03218103,20.21869,19.36438,18.73811,18.40499,18.29543,0.04545271,0.01344026,0.01077042,0.01039665,0.032392,4.773369,0.05722418,0.9097686,257,24577,24577,24577,24577,24577,0.1707972,0.133084,0.09206692,0.06841559,0.05088863,19.84144,19.13109,18.63533,18.2759,18.17765,0.100000001490116,0.5,2
100,53859,0.05811351,1.151334E-5,0,-0.520946506563617,-0.840858886780581,0.146870929122432,1,1,1,0,0,0,0,1237662200435638515,1,0,21.21227,19.68111,18.82709,18.308,18.08513,0.08336172,0.02052384,0.01535513,0.01654903,0.02406774,20.91194,19.29794,18.54572,18.11661,17.83583,0.07723277,0.01038902,0.01094652,0.01039053,0.01879539,18.73477,17.25156,16.63341,16.28824,16.14347,0.08271998,0.01034105,0.01499012,0.0152718,0.0307327,19.04288,17.44621,16.76689,16.37469,16.10703,0.04510278,0.005998864,0.005004023,0.005147883,0.01229895,18.81754,17.24281,16.62987,16.25942,16.04598,0.04491393,0.006153879,0.005135306,0.005288572,0.01265596,55.82285,0.3619889,0.8694196,257,24577,24577,24577,24577,24577,0.1928939,0.1503016,0.103978,0.07726677,0.05747228,18.84999,17.2959,16.66291,16.29743,16.04955,0.699999988079071,0.232999995350838,1
101,53859,0.1044006,6.288951E-6,0,-0.521541632517259,-0.84082234363749,0.144955551777748,1,1,1,0,0,0,0,1237661950814388533,1,0,19.47671,18.06233,17.33783,16.91861,16.61844,0.03510328,0.0136535,0.01674149,0.01591136,0.02199423,19.7073,18.18742,17.51461,17.11474,16.83347,0.0316977,0.005259717,0.004033296,0.003404205,0.008277774,18.73914,17.2138,16.51088,16.12288,15.90677,0.05080476,0.007649674,0.006604057,0.006452574,0.01284533,18.66577,17.19593,16.48579,16.06342,15.81503,0.02611271,0.004709907,0.003873853,0.003849532,0.007163649,18.69979,17.19889,16.48581,16.08554,15.92404,0.02609672,0.00470918,0.003873853,0.003848589,0.00715022,8.16351,0.02132532,0.8230317,257,24769,24577,24705,24769,24577,0.1706585,0.132976,0.09199217,0.06836004,0.05084731,18.49511,17.06295,16.3938,15.99506,15.76419,0.131999999284744,0.810999989509583,2
102,53228,0.07248818,9.17222E-6,0,-0.475843910316896,-0.867189551544884,0.146815716821153,1,1,1,0,0,0,0,1237662636912869807,1,0,20.97773,19.75523,19.31124,18.97023,18.61248,0.06584184,0.02027208,0.01513302,0.02622029,0.02983905,20.80063,19.48586,18.88006,18.50184,18.26973,0.06766559,0.01116599,0.007380808,0.007271581,0.02717585,19.52651,18.28577,17.81677,17.49688,17.31193,0.08727203,0.01273093,0.01299371,0.01403047,0.04851162,19.49911,18.1923,17.63026,17.26861,17.02403,0.04829757,0.008466705,0.007505301,0.007573708,0.02024092,19.16818,18.09105,17.70205,17.40662,17.20163,0.04781962,0.008510202,0.0075794,0.007651118,0.02041956,8.738832,0.07116589,1.0,257,24577,24577,24577,24577,24577,0.2548824,0.1986027,0.1373924,0.1020973,0.07594162,19.24422,17.9937,17.49287,17.16651,16.94809,0.44200000166893,0.481000006198883,0
103,54266,0.1081393,1.020401E-5,0,-0.566989651146826,-0.809428185987591,0.15280296862705,1,1,1,0,0,0,0,1237662635836440906,1,0,21.10521,19.66553,19.06186,18.61489,18.18484,0.06806552,0.02437965,0.01623611,0.01911389,0.02909572,20.56543,19.2797,18.59551,18.22084,17.98134,0.05195784,0.009004398,0.00768275,0.007775693,0.01619922,18.75463,17.81669,17.28641,16.93274,16.92826,0.04800538,0.01033751,0.009373123,0.01109892,0.03976788,19.15265,17.9361,17.33779,16.97492,16.80069,0.03629901,0.006938904,0.005782294,0.005961546,0.01576648,18.71432,17.80744,17.23236,16.84899,16.7669,0.03424538,0.006883356,0.005894158,0.006077007,0.01579881,25.29436,0.1565218,0.968276,257,24577,24577,24577,24577,24577,0.1717544,0.1338298,0.09258286,0.06879899,0.05117381,18.98089,17.80227,17.2452,16.90612,16.74951,0.66100001335144,0.241999998688698,1
104,53137,0.1361075,1.193802E-5,0,-0.534946558772416,-0.828381498160327,0.166181445303624,1,1,1,0,0,0,0,1237662637447905626,1,0,21.25781,19.70971,18.97132,18.68705,18.37535,0.07882197,0.01978578,0.02122286,0.02062169,0.02776514,20.89514,19.44794,18.70309,18.32254,18.03734,0.07722427,0.008663389,0.006748265,0.008186166,0.02416983,19.54352,18.23229,17.46535,17.10529,16.87635,0.1221216,0.0148243,0.01203889,0.01311941,0.04675386,19.55579,18.0932,17.34147,16.95805,16.67828,0.05581144,0.008034327,0.006586861,0.006497226,0.0178458,19.36453,18.07836,17.34145,16.97433,16.74703,0.05604729,0.00806754,0.006586862,0.006495642,0.01925579,8.656558,0.06087404,0.9813136,257,24577,24577,24577,24577,24577,0.1912288,0.1490042,0.1030804,0.07659978,0.05697616,19.36456,17.9442,17.23839,16.88145,16.6213,0.34799998998642,0.591000020503998,2
105,53859,0.232775,4.781664E-5,0,-0.519350084961779,-0.844628784472953,0.129914224355673,1,1,1,0,0,0,0,1237661949740777602,1,0,22.59147,20.65071,19.12722,18.63232,18.42105,0.4169207,1.844139,0.8472505,0.8453418,0.6231883,22.70477,20.65669,19.25746,18.67496,18.30649,0.4374506,2.236565,0.9875244,1.052271,0.5997392,24.59192,19.50393,17.82862,17.29169,17.06192,18.80449,6.757619,2.314842,2.572402,2.205956,21.82276,19.19314,17.72734,17.15941,16.819,0.5523509,0.02456263,0.01113248,0.00905389,0.02080998,22.66224,19.40084,17.72734,17.27813,16.99969,0.5819841,0.02447068,0.01113248,0.009040507,0.02355267,18.09707,0.3144248,0.8041754,257,24577,24577,24769,24769,24577,0.1579825,0.1230989,0.08515923,0.06328244,0.04707051,21.66478,19.07004,17.64218,17.09613,16.77193,0.0769999995827675,0.731000006198883,2
106,53859,0.09222598,6.706197E-6,0,-0.519041860083338,-0.843243269912848,0.139772440874145,1,1,1,0,0,0,0,1237662635837948050,1,0,19.99566,18.87477,18.55472,18.0722,17.89751,0.03780578,0.02230254,0.0175311,0.0197162,0.02527545,19.81825,18.65527,18.17039,17.83193,17.65352,0.0277481,0.006863948,0.00587448,0.006009385,0.01569772,18.56661,17.40179,16.919,16.58869,16.53477,0.04098215,0.007657403,0.007355563,0.008082509,0.02661807,18.32078,17.16051,16.69519,16.34511,16.20777,0.02234947,0.005249681,0.004752461,0.004873816,0.01202577,18.54156,17.31612,16.82214,16.48294,16.39879,0.0268384,0.005277985,0.004807071,0.004928552,0.01216632,16.18202,0.06955703,0.9597265,257,24577,24577,24577,24577,24577,0.1648263,0.1284316,0.08884836,0.06602385,0.04910962,18.15596,17.03208,16.60634,16.27909,16.15866,0.294999986886978,0.623000025749207,2
107,53859,0.04055356,6.661063E-6,0,-0.514101929263748,-0.847675708143546,0.13093929948885,1,1,1,0,0,0,0,1237662199362159102,1,0,20.00594,18.97771,18.76211,18.53488,18.26198,0.03797247,0.01875901,0.01442004,0.01904855,0.02819381,19.87329,18.80792,18.38173,18.1035,17.90132,0.03586903,0.006346733,0.006247639,0.008266872,0.02246728,18.99878,17.82707,17.3051,16.99007,16.865,0.0595592,0.01032889,0.01135607,0.01236209,0.03830492,18.66982,17.58122,17.10798,16.82071,16.64835,0.02901292,0.006087924,0.00577876,0.005981913,0.01677314,18.97062,17.77057,17.1971,16.85916,16.75843,0.02882114,0.006111841,0.005838444,0.006055375,0.01702651,11.07888,0.0643016,0.9435743,257,24577,24577,24577,24577,24577,0.1545266,0.120406,0.08329634,0.06189811,0.04604082,18.5153,17.46082,17.02468,16.75881,16.60231,0.0500000007450581,0.75,2
108,53228,0.2779357,7.311655E-5,0,-0.477721440072053,-0.86531093678743,0.151720823790094,1,1,1,0,0,0,0,1237662637449675159,1,0,23.04442,22.17852,20.91537,20.55004,19.69849,0.4670008,0.1729182,0.1826422,0.2088138,0.1659989,22.90574,21.20559,19.73307,19.18524,18.80285,0.6304181,0.08303498,0.07962508,0.1087003,0.1147442,18.04523,20.47437,18.94279,18.59212,18.63619,0.1901025,0.5301617,0.3845489,0.6197354,0.9604843,22.34319,20.2484,18.84408,18.41245,17.75181,0.8139282,0.05181387,0.02436095,0.02371187,0.05662001,23.20846,20.24281,18.84406,18.46196,17.93446,0.6484711,0.07064201,0.02436095,0.02369564,0.05643354,9.087149,0.3736593,1.0,257,24577,24577,24577,24577,24577,0.2280434,0.1776899,0.122925,0.09134646,0.06794498,22.11514,20.07071,18.72116,18.3211,17.68386,0.0329999998211861,0.367000013589859,0
109,53119,0.1276824,3.736272E-5,0,-0.946174232055072,0.235388952418511,0.222140414320111,1,1,1,0,0,0,0,1237661813877375119,1,0,21.24405,19.43482,18.43169,17.90613,17.52114,0.1360808,0.0392191,0.0240815,0.01241592,0.02349395,21.65177,19.7632,18.6754,18.16446,17.78211,0.1573826,0.01349461,0.00854542,0.008409183,0.02010852,20.43084,18.69262,17.69048,17.21172,16.8285,0.2793992,0.02119303,0.01939731,0.02076049,0.0419048,20.51148,18.6765,17.64088,17.14096,16.75038,0.1245754,0.01094282,0.007183956,0.007199014,0.01641186,20.10111,18.55826,17.64088,17.19708,16.82015,0.1217937,0.01089893,0.007183957,0.007194524,0.01639402,13.27621,0.1200528,0.7918327,257,1,24577,24577,24577,24577,0.05646826,0.04399968,0.03043878,0.02261927,0.01682458,20.45501,18.6325,17.61044,17.11834,16.73356,0.537000000476837,0.388999998569489,1
110,53119,0.09027319,1.432953E-5,0,-0.948787312417487,0.228918365217586,0.217713155003802,1,1,1,0,0,0,0,1237661950783520794,1,0,20.25307,18.65572,18.0755,17.46756,17.19582,0.07201847,0.02186181,0.02159296,0.0180353,0.02146162,20.45476,18.90763,18.0455,17.64188,17.30918,0.07240543,0.01887129,0.01491546,0.01171339,0.01454708,18.49616,16.98273,16.22871,15.77875,15.67471,0.09607846,0.02941684,0.02480446,0.02066643,0.02953284,18.52173,17.01028,16.23016,15.79226,15.58515,0.03046623,0.00493314,0.003864818,0.003988009,0.008657041,18.41948,16.92094,16.10056,15.6443,15.50837,0.03436876,0.004977589,0.003945083,0.00406769,0.008791368,62.46287,0.2595121,0.8099579,257,24577,24577,24577,24577,24577,0.07059672,0.05500849,0.03805462,0.02827866,0.02103413,18.45114,16.95527,16.19211,15.76398,15.56412,0.805999994277954,0.0970000028610229,1
111,53062,0.113956,2.73232E-5,0,-0.966485969481654,0.157134891560062,0.203011075189296,1,1,1,0,0,0,0,1237661812268793946,1,0,21.52206,19.34335,18.31762,17.95414,17.59475,0.1479578,0.01889311,0.02359405,0.02115834,0.02538626,21.68012,19.53959,18.57605,18.16682,17.7955,0.1480249,0.01121844,0.008701057,0.0087947,0.02205527,20.12742,18.48489,17.57108,17.20154,16.89736,0.1775184,0.02943539,0.01992559,0.02015021,0.04413795,20.75401,18.49594,17.5149,17.11143,16.76302,0.1374239,0.009847182,0.006964559,0.007034312,0.01767847,19.62687,18.43534,17.51495,17.15347,16.90248,0.1288234,0.009836873,0.006964559,0.007030584,0.01858781,14.50786,0.1224068,0.7780024,257,1,24577,24577,24577,24577,0.1261564,0.0983002,0.06800362,0.05053398,0.037588,20.62785,18.39764,17.44689,17.0609,16.72543,0.0260000005364418,0.815999984741211,2
112,53062,0.3368512,8.040052E-5,0,-0.966885202185761,0.164000409343895,0.19554250568415,1,1,1,0,0,0,0,1237661811731726723,1,0,22.93618,21.30455,19.56999,19.05351,18.56775,0.5765604,0.05236697,0.02380209,0.02320076,0.04312035,24.81169,21.49323,19.82389,19.26654,18.77611,1.064549,0.05160429,0.02234254,0.01984698,0.04555437,20.52369,19.88151,18.39816,17.75783,17.14994,0.4057246,0.09561988,0.04452959,0.04118942,0.08163508,22.41765,19.94162,18.2813,17.72054,17.21809,0.9275503,0.04065693,0.01598664,0.01507136,0.03373633,20.40664,19.78864,18.28131,17.76064,17.13738,0.3840312,0.04432615,0.01598664,0.01504346,0.03368967,22.30813,0.5831521,0.7803463,257,1,24577,24577,24577,24577,0.1230023,0.09584252,0.06630341,0.04927054,0.03664823,22.29464,19.84577,18.215,17.67127,17.18144,0.122000001370907,0.509999990463257,2
113,53062,0.1756373,2.708143E-5,0,-0.963796339104265,0.170683135147437,0.204850882608446,1,1,1,0,0,0,0,1237661812268400758,1,0,21.25728,19.30999,18.06778,17.63811,17.30252,0.1236099,0.0194833,0.02466758,0.02815964,0.02393457,21.63527,19.59658,18.39377,17.87868,17.5413,0.1409291,0.01173537,0.007189627,0.006189524,0.01542899,19.19687,17.89137,16.7546,16.2821,15.97165,0.153871,0.0225307,0.01404313,0.0133032,0.0389358,19.7912,17.89692,16.68666,16.23051,15.8492,0.09598333,0.009234425,0.005541714,0.005358535,0.01334604,18.88862,17.85294,16.68665,16.32236,16.0057,0.09170211,0.00923264,0.005541715,0.00535318,0.01330347,25.66779,0.1782773,0.7641346,257,1,24577,24577,24577,24577,0.08523592,0.06641525,0.04594576,0.03414262,0.02539584,19.70596,17.8305,16.64071,16.19636,15.8238,0.0419999994337559,0.833000004291534,2
114,53055,0.113264,1.747725E-5,0,-0.969130530754951,0.134963491284465,0.206327095600492,1,1,1,0,0,0,0,1237661812269318310,1,0,21.13363,19.95105,19.21054,18.8865,18.65652,0.0973857,0.02666261,0.02121988,0.0188772,0.0410508,21.20508,19.86448,19.11832,18.75037,18.4894,0.09912854,0.016137,0.01210081,0.01284464,0.03758477,19.19007,18.0073,17.38724,17.03912,17.00429,0.1007403,0.01518566,0.01429108,0.01636454,0.06394596,19.35585,18.04887,17.34122,16.9935,16.77909,0.05819625,0.02661191,0.007986607,0.00816243,0.02539154,19.03898,18.03937,17.34122,17.01393,16.88328,0.05628083,0.02708811,0.007986607,0.008160817,0.02762178,54.03149,0.5694442,0.8099989,257,1,24577,24577,24577,24577,0.143033,0.1114504,0.07710086,0.0572942,0.04261636,19.21282,17.93742,17.26412,16.9362,16.73647,0.24099999666214,0.629999995231628,2
115,54266,0.1774898,3.117145E-5,0,-0.563968881839267,-0.811468752357047,0.153158624520673,1,1,1,0,0,0,0,1237662635836506494,1,0,21.82546,19.78217,18.67011,18.13255,17.69101,0.1208273,0.01977166,0.01262209,0.01693815,0.0272974,21.83664,19.73982,18.52743,18.02046,17.6763,0.1455442,0.01376304,0.007507009,0.007010779,0.01630732,20.96931,18.9007,17.74356,17.27504,16.94134,0.2169573,0.02290187,0.01513023,0.01451781,0.0262313,20.96286,18.85876,17.65661,17.15207,16.80681,0.1072079,0.01084129,0.006381901,0.006066435,0.0126954,21.00939,18.78128,17.67429,17.21858,16.89214,0.1050868,0.0108302,0.006395607,0.006071415,0.01293225,6.937857,0.03799301,0.9642756,257,24577,24577,24577,24577,24577,0.1730758,0.1348595,0.09329514,0.06932829,0.05156751,20.78978,18.7239,17.56331,17.08274,16.75524,0.232999995350838,0.699999988079071,2
116,53137,0.07056253,6.242724E-6,0,-0.537687593954268,-0.831085996545303,0.142084895938906,1,1,1,0,0,0,0,1237661950277058827,1,0,20.47445,19.12581,18.4681,18.28489,17.90477,0.06174164,0.01671008,0.01379457,0.01882708,0.02285861,20.49477,19.26936,18.57423,18.30995,18.05619,0.06248554,0.009744764,0.007854441,0.009451745,0.0182414,19.03939,17.86431,17.38872,17.0858,16.86452,0.08724458,0.01152713,0.01144239,0.01171915,0.04095572,19.14862,17.89489,17.29376,17.02017,16.77169,0.04454642,0.00710858,0.006319581,0.00629946,0.01757146,18.85719,17.63452,17.29377,16.96985,16.8321,0.04395101,0.007049553,0.006319581,0.006296582,0.0175616,8.825142,0.06137644,0.855377,257,24577,24705,24577,24577,24577,0.1525299,0.1188503,0.08222008,0.06109833,0.04544593,18.99609,17.77604,17.21154,16.95907,16.72624,0.223000004887581,0.546000003814697,2
117,53137,0.1510616,3.037078E-5,0,-0.536075773715107,-0.827136891371052,0.168722635614732,1,1,1,0,0,0,0,1237662637447840133,1,0,21.36665,19.67295,18.62138,18.22559,17.82767,0.08600219,0.01827908,0.0173372,0.01791664,0.02501666,21.49279,19.56932,18.47977,18.04067,17.71131,0.1249848,0.01173576,0.007440615,0.006983222,0.0191523,21.03278,18.7658,17.66429,17.23431,16.92179,0.2806539,0.01646697,0.01083429,0.01060286,0.02969498,20.63844,18.72614,17.61561,17.18487,16.84117,0.09194857,0.009556768,0.006343213,0.006112605,0.01460625,21.10763,18.73362,17.61555,17.22362,16.95007,0.08875135,0.009556201,0.006343214,0.006109361,0.01457924,4.960237,0.02604997,0.9868076,257,24577,24577,24577,24577,24577,0.1814635,0.1413951,0.0978165,0.07268815,0.05406663,20.45697,18.58475,17.5178,17.11218,16.7871,0.0689999982714653,0.851999998092651,2
118,53137,0.1020582,2.899899E-5,0,-0.536536080327421,-0.828041848405265,0.162713649693197,1,1,1,0,0,0,0,1237662534360105154,1,0,21.33562,19.54257,18.59427,18.28813,17.75604,0.1135872,0.01853552,0.01550881,0.01682118,0.02444567,21.37764,19.49319,18.47911,18.05275,17.68996,0.1229648,0.01148282,0.007457584,0.006958115,0.01855931,19.79641,18.01285,17.07127,16.66379,16.3138,0.1820602,0.01480456,0.01064821,0.009983447,0.03084963,19.93534,18.06555,17.10236,16.68798,16.31614,0.08210018,0.007706893,0.00544933,0.005216404,0.01306479,19.66948,17.89891,16.9513,16.54018,16.22282,0.08329954,0.007819637,0.005515302,0.005283028,0.0132922,33.44579,0.2028822,0.8817241,257,1,24577,24577,24577,24577,0.1830011,0.1425932,0.09864533,0.07330405,0.05452475,19.75234,17.92295,17.00372,16.61467,16.26161,0.416999995708466,0.541999995708466,2
119,53859,-2.264057E-4,6.511693E-6,0,-0.525065933340109,-0.840816587862869,0.131655729918311,1,1,1,0,0,0,0,1237661949740646405,1,0,18.21387,16.22837,15.2836,15.08597,15.03955,0.03277941,0.01777367,0.01515166,0.0130784,0.02175902,18.48933,16.3873,15.49614,15.31993,15.24781,0.0155911,0.001777541,0.001434079,0.00128452,0.003542812,18.07268,15.98198,15.08102,14.89759,14.81425,0.01712311,0.002081373,0.001656341,0.001785475,0.003663335,18.02939,15.99334,15.0649,14.86812,14.79566,0.01402452,0.003249514,0.002826673,0.002857708,0.004087999,18.01292,15.98348,15.0649,14.86892,14.78045,0.01398925,0.003241672,0.002826673,0.002857833,0.004075989,7.466689,0.003207059,0.8131217,257,24769,24577,24705,24769,24577,0.1863389,0.145194,0.1004446,0.07464108,0.05551925,17.84305,15.84814,14.96445,14.79348,14.74014,0.0439999997615814,0.638999998569489,2
120,53859,0.3532665,8.412094E-5,0,-0.516187237673797,-0.846215265651815,0.132175867088221,1,1,1,0,0,0,0,1237662199362093476,1,0,24.20322,21.58474,19.88527,19.33895,18.89119,1.708492,0.04410134,0.01933542,0.0208791,0.03978449,23.57373,21.5344,19.78802,19.17338,18.82509,0.5510446,0.05358999,0.01934318,0.01606705,0.04781315,21.48342,20.7176,18.84179,18.20714,17.79431,0.5381641,0.1114611,0.03516139,0.03436283,0.08298746,23.02104,20.5782,18.82182,18.20194,17.83606,0.7221712,0.03922587,0.01455582,0.01212991,0.03314922,20.0029,20.5865,18.82181,18.244,17.90289,0.3590422,0.04037451,0.01493381,0.01212465,0.0332483,6.084271,0.1215515,0.9185891,257,24577,24577,24577,24577,24577,0.1401071,0.1091705,0.07552367,0.05612218,0.04174459,22.88093,20.46903,18.74629,18.14582,17.79431,0.0710000023245811,0.85699999332428,2
121,53119,0.1776986,2.509407E-5,0,-0.949140321972587,0.236451257453391,0.207902506128436,1,1,1,0,0,0,0,1237661812803633265,1,0,22.11039,20.20897,19.23251,18.77468,18.38952,0.3078453,0.0350615,0.03427326,0.02101522,0.04050665,22.38941,20.42821,19.37411,18.85091,18.46945,0.3380188,0.02601138,0.01918302,0.01606391,0.04196318,20.96409,18.55294,17.69396,17.23295,17.0832,0.7469437,0.03563102,0.02872169,0.03137288,0.09121297,20.74328,18.63257,17.66747,17.18944,16.91194,0.2046779,0.01327589,0.009380904,0.00912505,0.0292023,20.8157,18.52431,17.64562,17.19709,16.94973,0.22548,0.0132038,0.009435684,0.009211025,0.02918248,71.25228,1.155932,0.7912635,257,1,8193,24577,24577,24577,0.06115904,0.04765471,0.03296731,0.02449824,0.01822219,20.68212,18.58491,17.63451,17.16494,16.89371,0.467999994754791,0.29899999499321,0
122,53119,0.1085662,2.09862E-5,0,-0.94766995072425,0.232901428128381,0.218354274677777,1,1,1,0,0,0,0,1237661950783389837,1,0,20.54145,18.59007,17.80097,17.38412,16.90139,0.0736456,0.01153255,0.01860097,0.01724155,0.01908074,20.79794,18.88716,17.87416,17.48507,17.12195,0.06786764,0.008213232,0.00531672,0.005463437,0.009975346,19.04353,17.27256,16.31023,15.90921,15.58472,0.127644,0.01798942,0.01377345,0.01377404,0.0241021,19.23223,17.31117,16.32016,15.90819,15.56235,0.05401142,0.006053214,0.004170312,0.004302993,0.008608691,18.83341,17.2718,16.32018,15.94033,15.65114,0.05320322,0.006051971,0.004170312,0.004302423,0.008601478,12.73106,0.04996151,0.82454,257,24577,24577,24577,24577,24577,0.06939187,0.05406968,0.03740515,0.02779604,0.02067514,19.16284,17.2571,16.28276,15.88039,15.54167,0.0860000029206276,0.885999977588654,2
123,53119,0.0997174,1.329523E-5,0,-0.95164908814543,0.225695437622013,0.208388057403919,1,1,1,0,0,0,0,1237661812803895410,1,0,21.10825,19.56763,18.82002,18.42562,18.16644,0.1145249,0.02453181,0.01828857,0.01716845,0.03201417,21.36743,19.79177,18.9569,18.51698,18.23245,0.1218548,0.01381485,0.01060482,0.0105136,0.03259376,20.18984,18.54367,17.77953,17.38502,17.12528,0.1955754,0.01725,0.01388494,0.01584656,0.05602475,20.14775,18.55268,17.76545,17.34041,17.05988,0.09172874,0.01014425,0.008071353,0.008157923,0.02443827,19.95007,18.49593,17.75912,17.29678,16.95662,0.08923185,0.01012638,0.008082672,0.00825342,0.02462776,27.43229,0.2968097,0.7914553,257,1,8193,24577,24577,24577,0.06461813,0.05035,0.0348319,0.02588383,0.01925282,20.08313,18.50233,17.73062,17.31453,17.04063,0.0689999982714653,0.879000008106232,2
124,53062,0.01014017,6.597395E-6,0,-0.964958942460389,0.171692673000275,0.198433528930339,1,1,1,0,0,0,0,1237661811731529967,1,0,20.7455,19.89281,19.46315,19.59702,19.55091,0.08473472,0.02175398,0.02522071,0.03906645,0.09563548,21.22854,20.13281,19.82995,19.73344,19.62494,0.09156097,0.01900015,0.02318297,0.03449287,0.09622924,18.5985,18.02597,17.77427,17.87382,17.9287,0.101777,0.02651574,0.0239502,0.07152587,0.2387208,18.97235,18.08097,17.80259,17.74735,17.66833,0.05256241,0.01069727,0.01260145,0.01843986,0.06152317,18.50787,17.98862,17.61005,17.79272,17.56201,0.05448809,0.01091329,0.01301716,0.01869875,0.06312524,96.72619,2.154655,0.7530428,257,1,24577,24577,24577,24577,0.08359848,0.06513937,0.04506312,0.03348672,0.02490797,18.88876,18.01583,17.75752,17.71386,17.64342,0.551999986171722,0.172000005841255,1
125,53062,0.235988,4.134621E-5,0,-0.964168638279299,0.167468492867196,0.205750190414085,1,1,1,0,0,0,0,1237661812268531837,1,0,21.72749,20.37576,18.83154,18.2913,18.00027,0.1875203,0.0372315,0.02758218,0.0198135,0.03273704,22.20914,20.55153,19.11672,18.52554,18.20874,0.2290417,0.02206844,0.01174875,0.01054417,0.029888,21.04821,19.16699,17.81824,17.29842,16.94396,0.5396317,0.04225012,0.02791411,0.0237861,0.06215133,20.78632,19.1738,17.74707,17.16931,16.82634,0.1862572,0.01860235,0.009467796,0.008589322,0.02306442,21.04166,19.00408,17.74707,17.29136,16.87729,0.1835315,0.01853913,0.009467796,0.008567987,0.02305976,20.39037,0.2789646,0.7732744,257,1,24577,24577,24577,24577,0.0977608,0.07617456,0.0526972,0.03915967,0.0291276,20.68856,19.09762,17.69437,17.13015,16.79721,0.115000002086163,0.846000015735626,2
126,53055,0.4534383,2.194542E-4,0,-0.969047802017473,0.134105878432949,0.207272696645824,1,1,1,0,0,0,0,1237661812269318712,1,0,25.40302,22.03653,20.53732,19.81647,19.30977,0.8482288,0.08540824,0.03825307,0.02961955,0.06910469,24.81766,22.16843,20.62109,19.85571,19.32248,1.026882,0.09432949,0.03926145,0.03090854,0.07683579,20.43898,20.40444,19.17427,18.44437,18.42882,0.4789384,0.1841483,0.09355505,0.07558274,0.3135291,26.27687,20.72052,19.17493,18.39162,17.93218,1.257474,0.0719053,0.0296288,0.02278108,0.0603494,25.53624,20.59003,19.25528,18.36484,18.36138,0.7833812,0.08179486,0.03113961,0.02861635,0.07431663,18.55731,0.9256682,0.8099989,257,1,24577,24577,24577,24577,0.1366659,0.1064891,0.07366869,0.05474373,0.04071928,26.14021,20.61403,19.10126,18.33687,17.89146,0.14300000667572,0.60699999332428,2
127,53859,0.04503428,1.472751E-5,0,-0.514296363759956,-0.846389297268446,0.138291025351299,1,1,1,0,0,0,0,1237662635838079454,1,0,20.51093,18.69305,17.80681,17.42231,17.05219,0.04701793,0.02332276,0.01768943,0.02064477,0.0200779,20.42752,18.61163,17.76193,17.31928,16.99894,0.04082306,0.006712297,0.003871621,0.004378336,0.007929679,19.46875,17.76196,16.90003,16.50512,16.2167,0.06649035,0.007856207,0.006019666,0.00586167,0.01417086,19.54211,17.68417,16.81853,16.39525,16.08598,0.03779315,0.005765384,0.004310848,0.004294639,0.008194338,19.37825,17.68838,16.84976,16.43552,16.12194,0.03940142,0.005780641,0.004321634,0.004306341,0.008212807,10.11174,0.03076132,0.908783,257,24577,24577,24577,24577,24577,0.1723257,0.134275,0.09289081,0.06902783,0.05134402,19.36979,17.5499,16.72563,16.32623,16.03464,0.168999999761581,0.763000011444092,2
128,53119,0.1390881,1.130258E-5,0,-0.944803675070702,0.238035574505093,0.225133473395064,1,1,1,0,0,0,0,1237661068181307543,1,0,20.63764,19.50235,18.72153,18.13868,17.90871,0.05636476,0.03503617,0.07971948,0.02256113,0.02629122,20.65536,19.35756,18.54999,18.1722,17.86129,0.0484875,0.008833493,0.007430449,0.006681667,0.02076448,18.85096,17.75778,17.1203,16.81108,16.55099,0.06005428,0.0124743,0.0105439,0.01444448,0.04230819,18.8419,17.61536,16.91918,16.4824,16.22253,0.03203364,0.006849206,0.005528163,0.006064804,0.01519671,18.70696,17.58574,16.98023,16.61866,16.3307,0.03023849,0.006876954,0.005576749,0.006112303,0.01526716,15.91187,0.1011094,0.8918307,257,24577,24577,24577,24577,24577,0.05351031,0.04169487,0.02884432,0.02143442,0.01594327,18.78839,17.57367,16.89034,16.46096,16.20659,0.731000006198883,0.268999993801117,1
129,53062,0.1849212,7.747869E-6,0,-0.966549153579606,0.163985582170317,0.197209184762802,1,1,1,0,0,0,0,1237661811731726462,1,0,19.43266,18.56067,17.84411,17.40855,17.18856,0.03672393,0.01970248,0.01406912,0.01482504,0.02214589,19.86951,18.77697,18.09533,17.6535,17.41839,0.03612491,0.007455051,0.005993543,0.005820864,0.0145191,18.99814,17.81924,17.14021,16.76565,16.55934,0.05691557,0.01122782,0.009831126,0.01007661,0.02580496,18.81887,17.73274,17.04264,16.61308,16.36654,0.03082609,0.006296019,0.005301534,0.005318306,0.01212272,18.98889,17.71556,17.04387,16.71168,16.51242,0.03077324,0.00629565,0.005302361,0.005307975,0.01208279,14.87552,0.07970898,0.7803463,257,1,24577,24577,24577,24577,0.1204781,0.09387574,0.06494281,0.04825946,0.03589617,18.69839,17.63886,16.9777,16.56482,16.33065,0.216999992728233,0.609000027179718,2
130,53062,0.1764848,1.645237E-5,0,-0.966094182682708,0.172557329964841,0.19205727807619,1,1,1,0,0,0,0,1237661948637479041,1,0,21.35025,20.12116,19.10128,18.77005,18.45955,0.1180723,0.0268943,0.02661692,0.02470852,0.03410821,21.56316,20.20754,19.25686,18.78661,18.47374,0.1263392,0.0203246,0.01290623,0.01222822,0.03080645,19.61423,18.44043,17.55584,17.14462,16.88392,0.1437367,0.02434113,0.016092,0.01647137,0.04733809,19.62267,18.38631,17.542,17.08776,16.81322,0.07436652,0.01212875,0.008336144,0.008144822,0.02083422,19.47134,18.34765,17.52655,17.07486,16.75307,0.07363321,0.01210898,0.008376889,0.008250698,0.02134088,52.27498,0.6397151,0.7825542,257,24577,24577,24577,24577,24577,0.08562353,0.06671727,0.0461547,0.03429789,0.02551133,19.53705,18.31959,17.49585,17.05346,16.78771,0.323000013828278,0.483999997377396,0
131,53062,0.1685986,2.890658E-5,0,-0.963301356725161,0.167736161651079,0.209559242712003,1,1,1,0,0,0,0,1237661812805337331,1,0,21.42019,19.66047,18.40039,17.9727,17.74647,0.1517894,0.02435724,0.03017185,0.03152082,0.02847616,21.84384,19.87291,18.70195,18.19157,17.89528,0.178858,0.01453408,0.008817757,0.008206586,0.02439934,19.41033,18.32581,17.16269,16.6927,16.42676,0.1753524,0.02631917,0.01585926,0.01708184,0.05344597,20.06622,18.22198,17.02669,16.57376,16.23154,0.1260347,0.01081435,0.006790213,0.006500979,0.01821998,18.52895,18.20366,17.02669,16.66526,16.34455,0.1145989,0.01081303,0.006790212,0.006494526,0.01831642,24.93756,0.2263587,0.7706243,257,1,8193,24577,24577,24577,0.07687119,0.05989751,0.04143682,0.030792,0.02290359,19.98934,18.16208,16.98525,16.54296,16.20864,0.090999998152256,0.864000022411346,2
132,53055,0.1136428,2.590406E-5,0,-0.969267309887482,0.134898902251804,0.205725954013445,1,1,1,0,0,0,0,1237661812269318314,1,0,21.04108,19.18517,18.21242,17.81595,17.49696,0.08627173,0.02230665,0.01824272,0.01546469,0.02149376,21.26239,19.36666,18.36292,17.94214,17.57553,0.08798449,0.01058888,0.006051386,0.006662748,0.01777592,20.20918,18.38132,17.3953,16.99899,16.68056,0.1689545,0.01531516,0.01182484,0.01180905,0.03221536,20.20349,18.30612,17.30426,16.87996,16.51212,0.08267791,0.008630666,0.005963174,0.005960089,0.01394475,19.96586,18.2787,17.30426,16.9242,16.5796,0.09207817,0.008624776,0.005963174,0.005958148,0.01397074,11.94176,0.076869,0.8099989,257,1,24577,24577,24577,24577,0.1443342,0.1124643,0.07780225,0.05781541,0.04300404,20.05916,18.19366,17.22646,16.82214,16.46912,0.090999998152256,0.84799998998642,2
133,53859,0.1702079,1.200128E-5,0,-0.513585751497866,-0.846424079239114,0.140698095021186,1,1,1,0,0,0,0,1237662635838079473,1,0,21.06901,19.75982,18.90972,18.50877,18.16595,0.06733811,0.02559698,0.01917752,0.02163008,0.02591188,21.18213,19.68563,18.86398,18.40218,18.12486,0.06213997,0.01067887,0.009201461,0.006859539,0.02237259,20.20597,18.64199,17.77121,17.34075,17.1517,0.1626543,0.02156372,0.01425928,0.01786501,0.04091388,20.0481,18.54919,17.70017,17.25283,16.9817,0.06452364,0.01034646,0.007391816,0.00716613,0.01703792,20.32235,18.55884,17.70016,17.29811,17.10121,0.06406196,0.01034045,0.007391816,0.007163928,0.01701451,10.11863,0.08353467,0.908783,257,24577,24577,24577,24577,24577,0.1752644,0.1365648,0.09447491,0.07020499,0.05221961,19.87284,18.41262,17.6057,17.18263,16.92948,0.216999992728233,0.739000022411346,2
134,53119,0.1276113,2.706124E-5,0,-0.947428429483608,0.235533112641208,0.216572213951302,1,1,1,0,0,0,0,1237661950783324185,1,0,20.9508,18.83629,17.94862,17.57017,17.00323,0.08161738,0.01746479,0.01889806,0.01906497,0.01835391,21.28082,19.14504,18.07112,17.62204,17.24188,0.08574042,0.009411597,0.004992934,0.005776261,0.01068902,19.73904,17.76359,16.7104,16.2725,15.90807,0.1731704,0.01550183,0.01215098,0.01234637,0.02291644,19.74958,17.73807,16.66582,16.23656,15.82939,0.07270933,0.007366125,0.004722091,0.0047757,0.009485386,19.24711,17.72333,16.66586,16.26707,15.89413,0.07108199,0.007363959,0.004722092,0.004774428,0.009480271,12.86348,0.06068296,0.8129573,257,24577,24577,24577,24577,24577,0.06930197,0.05399963,0.03735669,0.02776002,0.02064836,19.68028,17.68407,16.62847,16.20881,15.80874,0.0430000014603138,0.893999993801117,2
135,53119,0.1237569,3.284409E-5,0,-0.947766672173897,0.235359377878899,0.215277259274813,1,1,1,0,0,0,0,1237661813340504182,1,0,21.68485,19.61287,18.6724,18.25231,17.86692,0.2954009,0.02654826,0.03227901,0.02302564,0.02849991,22.04025,19.92144,18.87522,18.43721,18.04604,0.3661945,0.01731028,0.01151513,0.02198439,0.03008834,20.54614,18.49059,17.41817,17.11164,16.70955,0.4611657,0.04129703,0.02301886,0.06150907,0.08088105,20.41994,18.35738,17.32259,16.89153,16.5042,0.1419114,0.01212132,0.007593207,0.008286301,0.01864405,20.33595,18.35865,17.32259,16.99287,16.63655,0.1485346,0.01211771,0.007593206,0.008279546,0.01860159,16.43561,0.1684048,0.7876098,257,1,24577,24577,24577,24577,0.06684056,0.05208171,0.03602989,0.02677407,0.01991499,20.3531,18.3053,17.28656,16.86476,16.48428,0.181999996304512,0.787999987602234,2
136,53119,0.1273738,2.464935E-5,0,-0.947125171802067,0.237740257986221,0.215484288688408,1,1,1,0,0,0,0,1237661813340438651,1,0,21.41793,19.53393,18.58161,18.24349,18.44549,0.1317874,0.04063486,0.02438717,0.02143914,0.07398686,21.77006,19.84623,18.8537,18.40659,18.48764,0.1520285,0.01478424,0.00962129,0.01021228,0.04961252,20.43081,18.41279,17.56194,17.19246,17.11676,0.2749125,0.01971958,0.01463182,0.01783436,0.05994705,20.2514,18.22844,17.3239,16.92299,16.95426,0.1198828,0.01065359,0.007484213,0.008041195,0.02537332,20.3782,18.27161,17.38157,17.0584,17.06186,0.1154786,0.01071712,0.007533652,0.008036785,0.02493051,24.58242,0.2466478,0.7815945,257,1,24577,24577,24577,24577,0.06458423,0.0503236,0.03481363,0.02587026,0.01924272,20.18682,18.17811,17.28909,16.89712,16.93501,0.0710000023245811,0.75,2
137,53119,0.1341357,2.42257E-5,0,-0.949949642664159,0.227107622217828,0.214517608444624,1,1,1,0,0,0,0,1237661813340700862,1,0,20.87135,18.9798,17.97048,17.59845,17.22687,0.09341028,0.0265221,0.01684566,0.01610248,0.02544916,21.20397,19.25651,18.18997,17.75101,17.38492,0.09488958,0.009365802,0.006212217,0.006450024,0.01196441,18.90029,17.66805,16.6149,16.20152,15.89547,0.131664,0.01970262,0.01240653,0.01507611,0.03410929,19.51826,17.66015,16.61203,16.17304,15.81942,0.06979291,0.007536416,0.00494992,0.005205456,0.01098507,18.27457,17.61282,16.61211,16.21992,15.94453,0.0650003,0.007534001,0.00494992,0.005204789,0.01096936,16.62568,0.09126352,0.7857704,257,1,24577,24577,24577,24577,0.07432856,0.05791631,0.04006623,0.02977351,0.02214602,19.44393,17.60224,16.57196,16.14327,15.79728,0.103000000119209,0.792999982833862,2
138,53119,0.04543067,1.338268E-5,0,-0.950165501947717,0.224789794531419,0.215997840690515,1,1,1,0,0,0,0,1237661813340766328,1,0,19.97707,18.11837,17.37441,16.98295,16.70598,0.04510853,0.02105829,0.01960136,0.01335203,0.02556255,20.29227,18.43493,17.54711,17.1512,16.82041,0.04620572,0.005993278,0.003870021,0.004412234,0.009415595,18.70028,16.90401,16.06468,15.66498,15.3679,0.07717264,0.008288349,0.006638563,0.007470691,0.01651745,18.64075,16.77726,15.92431,15.53394,15.23815,0.03408465,0.004514818,0.00348047,0.003673578,0.007158142,18.48496,16.7419,15.92811,15.53811,15.26215,0.03407815,0.004523527,0.003482854,0.003673438,0.00715628,21.56201,0.06320158,0.7944877,257,1,24577,24577,24577,24577,0.06421641,0.050037,0.03461536,0.02572292,0.01913313,18.57653,16.72722,15.88969,15.50822,15.21901,0.25,0.75,2
139,53055,0.1641933,1.77051E-5,0,-0.969146618344109,0.129588782190187,0.209670168795283,1,1,1,0,0,0,0,1237661949712269529,1,0,21.20366,20.03009,19.25433,18.96288,18.71696,0.117004,0.02712593,0.0262152,0.02622755,0.04214872,21.33156,20.16051,19.36847,19.01492,18.76282,0.1140152,0.01905033,0.01414157,0.01424169,0.0410691,19.11243,18.40698,17.72745,17.36794,17.20743,0.1009642,0.02298455,0.01310508,0.01961088,0.0669034,19.40888,18.36215,17.65484,17.30429,17.08494,0.06272572,0.01149687,0.009135269,0.009316827,0.02786751,19.06698,18.29459,17.65486,17.30583,17.07457,0.06081561,0.0114694,0.00913527,0.009379779,0.02862148,54.2122,0.7400155,0.7850282,257,24577,24577,24577,24577,24577,0.1518422,0.1183144,0.08184937,0.06082285,0.04524103,19.25704,18.24383,17.57299,17.24347,17.0397,0.481000006198883,0.444000005722046,0
140,54266,0.1084729,2.829514E-5,0,-0.567250068134789,-0.807798314505599,0.160278642628989,1,1,1,0,0,0,0,1237662636373246369,1,0,21.3358,19.47238,18.59034,18.19548,17.72898,0.08837883,0.02067374,0.01432936,0.01444519,0.02230176,21.26833,19.44495,18.42236,17.99897,17.61753,0.1006586,0.01113099,0.006017776,0.007287781,0.01550427,20.50324,18.45777,17.43653,17.01808,16.71184,0.2107193,0.01607839,0.01116165,0.01177223,0.02615017,20.27348,18.39454,17.36818,16.94675,16.56477,0.07906919,0.008871247,0.005985187,0.005863652,0.01184576,20.36957,18.37349,17.36818,16.95833,16.67764,0.07753593,0.008870319,0.005985187,0.005862609,0.01182313,6.2201,0.03263631,0.9620795,257,24577,24577,24577,24577,24577,0.1634966,0.1273954,0.08813155,0.06549119,0.04871341,20.10999,18.26715,17.28005,16.88126,16.51606,0.188999995589256,0.730000019073486,2
141,54266,0.1076431,2.716811E-5,0,-0.567582959210578,-0.807633507199219,0.159930305017072,1,1,1,0,0,0,0,1237662636373246329,1,0,21.34254,19.40133,18.51516,18.124,17.66688,0.08912246,0.02043401,0.01408837,0.01420697,0.02187244,21.35138,19.35707,18.34072,17.91418,17.54142,0.1083243,0.008657455,0.005372563,0.006435512,0.0143619,20.32364,18.24251,17.18701,16.77845,16.35075,0.2391616,0.01585846,0.009590401,0.0100427,0.02493168,20.17085,18.17873,17.15246,16.73178,16.35034,0.08019851,0.00822891,0.005565773,0.005466817,0.01097654,20.19445,18.17441,17.15246,16.75774,16.38292,0.07891874,0.008228805,0.005565773,0.005465468,0.01097313,6.527797,0.03177781,0.9620795,257,24577,24577,24577,24577,24577,0.1666543,0.1298559,0.08983373,0.06675609,0.04965427,20.00419,18.04887,17.06263,16.66502,16.30068,0.122000001370907,0.796000003814697,2
142,54266,0.1280998,2.919909E-5,0,-0.572997798613182,-0.804280568521585,0.157500126612786,1,1,1,0,0,0,0,1237662200434000118,1,0,21.77993,19.51168,18.42328,17.97334,17.55693,0.1394754,0.01976304,0.01443084,0.01611914,0.01954012,21.75006,19.47246,18.39057,17.93486,17.54834,0.09707247,0.01114209,0.007028812,0.006983628,0.01230188,20.70218,18.21802,17.18268,16.7209,16.39229,0.3844386,0.02066229,0.01492327,0.01434728,0.03035989,20.62619,18.28515,17.21009,16.76531,16.374,0.1178522,0.00857757,0.005765615,0.005737124,0.01199197,20.41349,18.21217,17.2101,16.7635,16.44006,0.1156349,0.008573198,0.005765614,0.005737292,0.01199615,7.388861,0.04109476,0.8818409,257,24577,24577,24577,24577,24577,0.1313661,0.1023596,0.07081188,0.05262081,0.03914022,20.49482,18.18279,17.13928,16.71269,16.33486,0.0540000014007092,0.91100001335144,2
143,53137,0.1247412,4.189621E-5,0,-0.541162710943472,-0.828141820100811,0.146027552483867,1,1,1,0,0,0,0,1237662635837292824,1,0,22.22629,19.81812,18.79116,18.32933,17.90065,0.1549702,0.01837826,0.01804553,0.01642179,0.02279184,21.96775,19.68475,18.61409,18.11558,17.73215,0.16089,0.01329518,0.006301862,0.005726256,0.01293491,19.78331,18.28802,17.2226,16.76975,16.37858,0.1636026,0.0222199,0.01444415,0.01394851,0.03170962,20.59452,18.31061,17.22399,16.73477,16.34979,0.1166584,0.01002579,0.006174521,0.005887153,0.01262695,18.34898,18.2879,17.22397,16.771,16.41427,0.09451586,0.01002591,0.00617452,0.005885625,0.01261968,6.755099,0.04267275,0.9574958,257,24577,24577,24577,24577,24577,0.1625959,0.1266936,0.08764606,0.06513041,0.04844506,20.43192,18.18392,17.13634,16.66964,16.30134,0.0,0.811999976634979,2
144,53137,0.05116936,1.242477E-5,0,-0.532029324798666,-0.828540157520345,0.174545137229423,1,1,1,0,0,0,0,1237662637984776662,1,0,20.22634,18.7535,18.20692,17.94569,17.63801,0.03813403,0.02273242,0.01691158,0.01233564,0.02263692,19.64616,18.32967,17.74394,17.40493,17.18404,0.02470268,0.005627794,0.00454125,0.004810491,0.01027208,18.36286,17.04239,16.46249,16.11612,15.91474,0.03124043,0.0050511,0.004429609,0.005050989,0.01335991,18.37907,17.08279,16.50756,16.17162,15.96425,0.01927322,0.004325679,0.003774387,0.00400062,0.008127248,18.3381,17.02742,16.4142,16.02743,15.79622,0.01924274,0.004371567,0.00383292,0.004072125,0.008306413,22.72794,0.06414892,0.9515414,257,24577,24577,24577,24577,24577,0.2646182,0.2061887,0.1426404,0.1059971,0.07884237,18.11445,16.8766,16.36492,16.06563,15.88541,0.263000011444092,0.578999996185303,2
145,53119,0.1269588,2.61379E-5,0,-0.950084774423782,0.222537566555585,0.218668591433771,1,1,1,0,0,0,0,1237661950783651981,1,0,21.03798,19.19571,18.17456,17.76543,17.40113,0.1032994,0.01749884,0.01556105,0.01282146,0.01619501,21.37718,19.40034,18.37815,17.92981,17.59564,0.1148713,0.01096633,0.006935951,0.006972858,0.01560076,19.35177,17.7213,16.76027,16.33586,16.09485,0.1423737,0.01495935,0.01001375,0.01087392,0.0298095,19.56129,17.54458,16.55481,16.10819,15.79247,0.07850801,0.007578447,0.005130655,0.005241305,0.01143913,19.07158,17.5485,16.60605,16.18611,15.96188,0.0771662,0.007658322,0.005171366,0.005272456,0.01153134,30.04672,0.1890759,0.7807804,257,24577,24577,24577,24577,24577,0.05545135,0.04320732,0.02989062,0.02221194,0.0165216,19.50584,17.50137,16.52492,16.08598,15.77595,0.0860000029206276,0.897000014781952,2
146,53062,0.07761601,6.262243E-6,0,-0.966000514190816,0.156614704679304,0.205705714216434,1,1,1,0,0,0,0,1237661812268793968,1,0,20.3237,19.27604,18.60843,18.33836,18.12198,0.05728985,0.01856528,0.02410374,0.02227676,0.03262812,20.5064,19.34377,18.79519,18.41547,18.17191,0.05733505,0.01013757,0.009424991,0.01025484,0.02922726,19.69363,18.36596,17.82884,17.44315,17.29519,0.1006744,0.0143671,0.01497399,0.01685759,0.05292765,19.58859,18.34394,17.78792,17.40832,17.18752,0.04827417,0.008222061,0.007609577,0.007860086,0.02282341,19.60036,18.33201,17.78793,17.41092,17.20325,0.06342176,0.008221138,0.007609578,0.007859833,0.02280696,23.97286,0.2314986,0.7780024,257,1,24577,24577,24577,24577,0.1439781,0.1121868,0.0776103,0.05767277,0.04289794,19.44461,18.23175,17.71031,17.35065,17.14462,0.200000002980232,0.486000001430511,0
147,53062,0.03988235,1.014138E-5,0,-0.965385111085378,0.163252513462084,0.203421248012552,1,1,1,0,0,0,0,1237661812268597355,1,0,19.11931,17.79311,17.16826,16.88593,16.64459,0.04693745,0.03000538,0.02178376,0.01325361,0.0215966,19.44547,17.95716,17.3395,16.99257,16.75985,0.02628842,0.004606058,0.003759227,0.003688046,0.009702303,17.71045,16.41198,15.83264,15.52247,15.27022,0.03092678,0.009508267,0.008461466,0.007782969,0.01578498,17.65149,16.23091,15.65537,15.31754,15.06158,0.01768275,0.003500305,0.003161206,0.003271152,0.007209327,17.50284,16.23305,15.71597,15.42346,15.14794,0.01785756,0.003525583,0.003187634,0.003300371,0.007297565,29.36334,0.0734963,0.7855479,257,1,24577,24577,24577,24577,0.1310712,0.1021298,0.07065293,0.0525027,0.03905236,17.52042,16.12878,15.58472,15.26504,15.02253,0.0799999982118607,0.800000011920929,2
148,53055,0.1127302,2.724839E-5,0,-0.969612487191231,0.13366734110998,0.204901602247085,1,1,1,0,0,0,0,1237661812269383775,1,0,21.07935,19.33672,18.37079,18.00471,17.65542,0.09629136,0.02776733,0.02027194,0.0152183,0.02504761,21.26412,19.53708,18.54392,18.15713,17.81001,0.09494942,0.01179337,0.007877502,0.007222578,0.02124445,20.39619,18.72417,17.71718,17.3449,16.98029,0.1802256,0.01716438,0.0115578,0.01296919,0.03702505,20.42689,18.66735,17.66432,17.27173,16.91411,0.08705263,0.009951117,0.00685245,0.006961698,0.01696116,20.22921,18.68132,17.66434,17.30477,16.93397,0.086121,0.009950242,0.006852451,0.006960088,0.01863561,9.84617,0.07363011,0.8125998,257,1,24577,24577,24577,24577,0.1522973,0.1186691,0.08209471,0.06100517,0.04537664,20.27459,18.54869,17.58223,17.21073,16.86874,0.125,0.781000018119812,2
149,53055,0.1121445,4.015775E-5,0,-0.969118834860597,0.139599670597241,0.203274730076273,1,1,1,0,0,0,0,1237661949175201845,1,0,20.34791,19.51997,18.76272,18.25968,18.11814,0.06023598,0.04635263,0.0209775,0.02634569,0.03246365,20.67627,19.68136,18.95376,18.45104,18.18542,0.06556668,0.01256211,0.01055528,0.009563749,0.02393705,19.25216,18.25718,17.50646,17.024,16.77135,0.1087851,0.01928659,0.0149492,0.0142488,0.04032771,19.3293,18.32994,17.55293,17.0886,16.78334,0.05058043,0.009841186,0.007603494,0.007174485,0.01690545,19.05293,18.12658,17.39127,16.87548,16.54867,0.05074146,0.009950803,0.007722226,0.007191697,0.01708793,33.98854,0.3735096,0.7821348,257,24577,24577,24577,24577,24577,0.175986,0.1371271,0.09486391,0.07049405,0.05243462,19.15331,18.19281,17.45807,17.0181,16.7309,0.171000003814697,0.600000023841858,2
150,53055,0.2125919,4.163809E-5,0,-0.969448265690731,0.139477007819684,0.201782616790698,1,1,1,0,0,0,0,1237661949175201945,1,0,23.20816,20.3618,18.94376,18.45757,18.15823,0.6464238,0.05023211,0.02175824,0.02662351,0.03303327,22.99519,20.55064,19.18047,18.65457,18.28106,0.4560322,0.02651071,0.01256083,0.009727223,0.02595845,21.00067,19.35008,17.91634,17.4217,17.06215,0.5531727,0.05850564,0.02331862,0.02223345,0.05571833,21.82178,19.21833,17.82574,17.30321,16.93154,0.4511594,0.02036298,0.009836001,0.008822788,0.01988962,21.44208,19.26407,17.82574,17.35445,17.01464,0.3164274,0.02035812,0.009836003,0.008820209,0.02064824,16.25405,0.2249506,0.7821348,257,24577,24577,24577,24577,24577,0.1829554,0.1425576,0.09862071,0.07328575,0.05451114,21.63883,19.07578,17.72711,17.22993,16.87702,0.034000001847744,0.861999988555908,2
151,51630,0.2138606,4.031544E-5,0,-0.837778850074094,0.545735994722821,-0.0172864812041569,1,1,1,0,0,0,0,1237648720142532891,1,0,22.6785,20.57042,19.16476,18.74523,18.31245,0.2391553,0.03177691,0.01797578,0.01684597,0.02829511,22.68532,20.51979,19.24778,18.72027,18.37474,0.2090582,0.02216717,0.01266303,0.009812985,0.03030871,19.89724,18.66516,17.66371,17.29358,17.19632,0.221153,0.04116745,0.01830017,0.02671436,0.09797394,20.43564,18.65154,17.46877,17.0,16.6685,0.1374764,0.0168857,0.009104448,0.008994458,0.02286507,19.59926,18.2714,17.46865,17.19421,17.02082,0.1044818,0.01670725,0.009104447,0.008960991,0.02265666,17.40906,0.2363115,0.8158818,257,24577,24577,24577,24577,24577,0.2536291,0.1976261,0.1367168,0.1015952,0.07556819,20.18201,18.45391,17.33205,16.8984,16.59294,0.25,0.485000014305115,0
152,54266,0.1253038,1.894043E-5,0,-0.562354608576802,-0.813332475043711,0.14915622431432,1,1,1,0,0,0,0,1237662199897522508,1,0,20.54864,18.6998,17.9826,17.66587,17.299,0.04755369,0.01508935,0.01564643,0.01544521,0.01833577,20.48497,18.72447,17.89923,17.55016,17.2683,0.03849024,0.005952867,0.005138552,0.005484256,0.01190429,19.59847,17.95731,17.11757,16.79073,16.45254,0.06228365,0.008730122,0.006740678,0.007246941,0.01607217,19.60743,17.85715,17.02694,16.6828,16.38504,0.03851651,0.006194103,0.004799823,0.005118925,0.009671813,19.3988,17.86539,17.03038,16.73093,16.36651,0.03990252,0.006200598,0.004802354,0.005125891,0.009672076,6.413212,0.02206039,0.9035372,257,24577,24577,24577,24577,24577,0.1544391,0.1203379,0.08324918,0.06186306,0.04601475,19.45299,17.73681,16.94369,16.62094,16.33903,0.0750000029802322,0.791999995708466,2
153,54266,0.208002,3.782441E-5,0,-0.566706931822337,-0.80957231428935,0.153087953022761,1,1,1,0,0,0,0,1237662635836440921,1,0,21.8273,19.91562,18.82725,18.305,17.89229,0.1150554,0.02536805,0.01561659,0.01848685,0.02714746,21.76854,19.84713,18.61992,18.13475,17.83332,0.1356494,0.01466554,0.00779911,0.007329286,0.01827184,20.92142,18.76715,17.6168,17.12934,16.83149,0.2765513,0.02271198,0.01422823,0.01422004,0.03188009,20.68907,18.74929,17.53506,17.04619,16.74183,0.1022338,0.01140549,0.006493123,0.006201183,0.01415181,20.84047,18.66564,17.53505,17.07172,16.78441,0.1090358,0.01139528,0.006493124,0.006200274,0.01414447,6.999163,0.04314215,0.968276,257,24577,24577,24577,24577,24577,0.1726558,0.1345322,0.09306876,0.06916006,0.05144238,20.51641,18.61476,17.44199,16.97703,16.69039,0.119000002741814,0.776000022888184,2
154,53137,0.08152361,1.750265E-5,0,-0.538174002059287,-0.82884703226456,0.15290958313239,1,1,1,0,0,0,0,1237662636374163605,1,0,22.11604,20.56282,19.96882,19.75135,19.24821,0.1608048,0.03453765,0.03978446,0.07983118,0.09086421,21.60402,20.06975,19.35145,18.9699,18.68031,0.1183931,0.01991462,0.02676216,0.0642835,0.08636348,19.15331,18.28183,17.86068,17.57696,17.00268,0.109193,0.03096828,0.06229153,0.1408973,0.1446666,19.39724,18.0041,17.43517,17.14752,16.62003,0.07837999,0.01137789,0.01017536,0.01135966,0.02403254,19.06145,18.15688,17.68909,17.4044,16.78162,0.0698131,0.01137053,0.01044318,0.0116616,0.02481217,40.6929,0.6385605,0.955689,257,24577,24577,24577,24577,24577,0.1772089,0.13808,0.0955231,0.07098391,0.05279899,19.22003,17.86602,17.33964,17.07654,16.56723,0.400000005960464,0.382999986410141,0
155,53859,0.2562834,3.821913E-5,0,-0.520937815747518,-0.842357973058404,0.138046504298883,1,1,1,0,0,0,0,1237661950277583146,1,0,22.03068,20.43727,18.79279,18.35648,17.928,0.2828874,0.02482067,0.0243875,0.03009535,0.02791161,22.16153,20.50567,18.95471,18.45831,17.98492,0.2991744,0.02352977,0.01021283,0.008808271,0.02193354,21.08824,19.49763,17.99558,17.43652,17.03875,0.4206923,0.0386067,0.02010472,0.01660841,0.03853829,21.33866,19.53329,17.95184,17.4383,17.00859,0.2372815,0.01828853,0.008437317,0.00724702,0.01722042,20.98706,19.41218,17.95185,17.32555,17.01235,0.2197694,0.01825985,0.008437316,0.007232935,0.01721472,9.403271,0.09546929,0.8318918,257,24705,24577,24705,24769,24577,0.1799544,0.1402193,0.09700303,0.07208364,0.05361699,21.15871,19.39307,17.85484,17.36622,16.95497,0.0710000023245811,0.75,2
156,53859,0.1847814,2.269862E-5,0,-0.514686098682471,-0.844982600389448,0.145267425330335,1,1,1,0,0,0,0,1237662533287084468,1,0,21.66262,20.13521,19.16332,18.70202,18.30712,0.168669,0.02651034,0.01644884,0.01831916,0.03265633,21.93644,20.10499,19.01829,18.56252,18.23194,0.166531,0.0188831,0.009222257,0.01034982,0.02433898,19.71679,18.12753,17.24832,16.86187,16.63717,0.200755,0.0207178,0.01279594,0.0142081,0.04095563,19.80757,18.20699,17.26787,16.84474,16.55417,0.0946596,0.01065139,0.007018981,0.006841469,0.01689016,19.44842,18.06909,17.06864,16.6579,16.3765,0.09179945,0.01062393,0.007154253,0.006917281,0.01655653,52.2607,0.4945181,0.8885764,257,1,24577,24577,24577,24577,0.1763913,0.1374429,0.09508236,0.07065638,0.05255537,19.63118,18.06955,17.17279,16.77409,16.50161,1.0,0.0,1
157,53119,0.1272596,2.788876E-5,0,-0.947271812522618,0.235823883391556,0.21694056610565,1,1,1,0,0,0,0,1237661950783324274,1,0,21.14218,19.06064,18.12736,17.7268,17.18065,0.1276176,0.02375978,0.02715615,0.02746334,0.02477726,21.28634,19.23362,18.15003,17.69688,17.331,0.1212849,0.01780714,0.02247426,0.0235431,0.02122659,19.87397,18.27775,17.10226,16.65512,16.31258,0.1582399,0.04457855,0.04931285,0.05210098,0.04564231,20.19041,18.15212,16.99551,16.55151,16.17346,0.09442761,0.009135695,0.005440454,0.005439172,0.01121419,19.98668,18.20844,16.99551,16.57694,16.23679,0.09365949,0.009128598,0.005440454,0.005438485,0.01120738,12.87593,0.07493487,0.8129573,257,24577,24577,24577,24577,24577,0.06932814,0.05402001,0.03737079,0.02777051,0.02065615,20.12108,18.0981,16.95814,16.52374,16.1528,0.0,0.470999985933304,0
158,53119,0.1266559,2.48568E-5,0,-0.950655061799215,0.221846767075372,0.216884682293923,1,1,1,0,0,0,0,1237661950783717442,1,0,20.17748,18.98979,18.11677,17.73877,17.36997,0.05239272,0.02244451,0.01349927,0.01706349,0.02168017,20.52209,19.1658,18.34221,17.89687,17.53148,0.05437211,0.009429451,0.006805969,0.006100234,0.01495226,19.08068,17.75724,16.9086,16.45926,16.15059,0.08945833,0.01345323,0.00969249,0.01048419,0.02607343,18.94413,17.57699,16.71708,16.27584,15.93721,0.0427935,0.007086687,0.005253662,0.005315785,0.01136122,18.98513,17.64682,16.78687,16.33901,16.04318,0.04759587,0.007119625,0.005299359,0.005355773,0.01143102,26.15849,0.1616138,0.7774351,257,24577,24577,24577,24577,24577,0.05451527,0.04247793,0.02938604,0.02183697,0.0162427,18.88961,17.53451,16.68769,16.25401,15.92097,0.0829999968409538,0.777999997138977,2
159,53062,1.439215,4.47253E-4,4,-0.966178440587624,0.169538768458967,0.194308586874289,1,1,1,0,0,0,0,1237661948637544477,1,0,24.6346,20.2726,18.39972,18.40359,22.82697,2.443985,8.93603,0.7214749,1.429723,2.277461,20.7303,19.20975,18.44276,17.99474,18.53469,0.1390424,2.023803,0.6691329,1.037398,0.08499086,29.45742,18.46267,13.02156,14.06857,26.96673,0.9330451,19.37926,0.05877513,0.5589142,1.954924,27.32184,17.37354,14.69007,14.16975,25.49574,2.610229,0.03352976,0.00517683,0.004384345,1.887241,24.63467,17.75967,14.69132,14.25951,22.8269,2.783164,0.02598183,0.005193983,0.004332253,2.325363,330.5588,-1000.0,0.7822441,257,24577,24577,24577,24577,24577,0.09935135,0.0774139,0.05355458,0.03979679,0.0296015,27.22249,17.29613,14.63651,14.12996,25.46614,0.0189999993890524,0.0,0
160,53062,0.2189806,4.122179E-5,0,-0.965216106703039,0.169442316907439,0.199115967722495,1,1,1,0,0,0,0,1237661949174415534,1,0,22.94813,20.18018,18.74039,18.34241,17.93549,0.491924,0.02806209,0.02194483,0.01996415,0.02685898,23.32931,20.42548,18.99986,18.49658,18.11501,0.5979899,0.02151804,0.01127382,0.01105329,0.02324276,21.49243,19.23157,17.79717,17.32513,16.93965,0.797103,0.04462526,0.02061867,0.02322929,0.04853463,21.89221,19.1637,17.74999,17.25553,16.8608,0.4292761,0.01857112,0.008861229,0.007997785,0.01763642,21.24498,19.10292,17.75003,17.31155,16.94797,0.3437288,0.0185601,0.008861228,0.0079932,0.01762319,15.79545,0.1892941,0.7822964,257,24577,24577,24577,24577,24577,0.0948535,0.0739092,0.05113005,0.0379951,0.02826138,21.79736,19.08979,17.69886,17.21754,16.83254,0.136000007390976,0.773000001907349,2
161,53062,0.03954843,6.576532E-6,0,-0.965097086001504,0.168507744212256,0.200481307687032,1,1,1,0,0,0,0,1237661949174415502,1,0,20.56002,19.78848,19.44292,19.45266,19.1477,0.06638417,0.02480561,0.02497839,0.02623896,0.06353626,20.79564,19.92845,19.5548,19.32384,19.13696,0.07221572,0.01614577,0.01567953,0.01883502,0.05470889,18.3476,17.54487,17.18228,17.06219,16.98721,0.1081454,0.02275435,0.02086184,0.0340732,0.1142126,18.65419,17.56467,17.23117,17.03138,16.87223,0.04677127,0.008886812,0.009385644,0.01188296,0.03270745,17.99632,17.34227,17.02332,16.8453,16.71744,0.04455313,0.009262782,0.009767639,0.01238483,0.03407934,116.1709,1.750416,0.7822964,257,24577,24577,24577,24577,24577,0.09876091,0.07695383,0.05323631,0.03956028,0.02942558,18.55543,17.48771,17.17794,16.99182,16.8428,0.564999997615814,0.17399999499321,1
162,53055,0.1620779,3.532218E-5,0,-0.968869883587047,0.136789896938572,0.2063484256629,1,1,1,0,0,0,0,1237661812269252793,1,0,22.1517,19.81405,18.67151,18.2932,17.98884,0.2326397,0.03620536,0.02147029,0.02217206,0.02969502,22.15223,20.03136,18.86843,18.41057,18.04532,0.2186778,0.0167213,0.009905417,0.009723924,0.02584818,19.49597,18.86421,17.73199,17.17591,16.78103,0.2207591,0.05272814,0.0198952,0.02985397,0.0868867,21.09756,18.94382,17.76945,17.3239,16.94289,0.1799547,0.01361863,0.008179263,0.007965733,0.0195983,18.66921,18.94551,17.76945,17.33639,16.96701,0.1439402,0.01361649,0.008179262,0.007964326,0.01979166,11.33155,0.1163617,0.7965993,257,1,24577,24577,24577,24577,0.1562322,0.1217351,0.08421577,0.06258134,0.04654902,20.94132,18.82208,17.68524,17.26132,16.89634,0.115000002086163,0.768999993801117,2
163,53062,0.1711011,2.413506E-5,0,-0.964192160479656,0.161986086682798,0.209985679013513,1,1,1,0,0,0,0,1237661812805533773,1,0,21.5466,20.03283,18.98931,18.53893,18.22881,0.1628533,0.0246583,0.02841857,0.01991973,0.03725006,21.85596,20.19496,19.19527,18.74394,18.38381,0.1830568,0.01748906,0.0115149,0.01245065,0.03658167,20.42824,18.49684,17.76934,17.40631,17.08156,0.33687,0.02287559,0.01955415,0.02213095,0.07403304,20.01892,18.36604,17.45506,17.03296,16.68422,0.1276896,0.01226385,0.009228837,0.009418917,0.02714455,20.16475,18.35725,17.60278,17.23773,16.8616,0.1201832,0.01228685,0.009343452,0.009495756,0.02704702,33.40303,0.4581079,0.7917559,257,1,8193,24577,24577,24577,0.117228,0.09134329,0.06319086,0.04695759,0.03492782,19.90169,18.27469,17.39187,16.986,16.64929,0.381999999284744,0.528999984264374,2
164,53062,0.172019,2.628247E-5,0,-0.963590296181684,0.165046881806336,0.210364607076617,1,1,1,0,0,0,0,1237661812805468229,1,0,21.32508,19.63302,18.38404,17.96143,17.69392,0.1537815,0.02504526,0.02373625,0.01580057,0.03143163,21.64476,19.8284,18.64894,18.19034,17.87436,0.1612461,0.01244859,0.008499125,0.008206792,0.02394894,20.37426,18.5467,17.38002,16.92482,16.60698,0.3323506,0.02450217,0.01712089,0.01684059,0.05038688,20.49445,18.55293,17.37708,16.91179,16.61326,0.1408531,0.01101614,0.00699404,0.00677295,0.01896134,20.2309,18.49798,17.37708,16.92138,16.71163,0.1313199,0.01100945,0.00699404,0.006772754,0.01894149,15.92737,0.1390195,0.7874056,257,1,8193,24577,24577,24577,0.09477209,0.07384577,0.05108616,0.03796249,0.02823712,20.39967,18.47909,17.326,16.87383,16.58502,0.0540000014007092,0.919000029563904,2
165,51630,0.4019251,1.22974E-4,0,-0.826112089981287,0.563381663014807,-0.0118286332862722,1,1,1,0,0,0,0,1237650795146052282,1,0,23.08648,21.96334,20.33679,19.68423,19.36974,0.3678071,0.07422742,0.02916563,0.02492928,0.05657414,23.91521,22.08967,20.41108,19.75951,19.44447,0.7780508,0.08802376,0.02517756,0.02466816,0.06680074,23.73703,20.90561,19.38389,18.72519,18.36253,3.610715,0.1529053,0.06557083,0.0647724,0.1202065,22.52319,21.05711,19.35983,18.71728,18.39622,0.5486682,0.06815473,0.02348275,0.01850732,0.04962089,22.93616,20.93493,19.35983,18.72143,18.28926,0.4836077,0.07711174,0.02348275,0.01850483,0.05972601,7.948719,0.3001544,0.8427622,257,24577,24577,24577,24577,24577,0.2184145,0.1701871,0.1177346,0.08748946,0.06507608,22.30477,20.88692,19.24209,18.62979,18.33114,0.0729999989271164,0.694999992847443,2
166,51630,0.06346273,5.440424E-6,0,-0.839006647965073,0.544043833315799,0.0091734454521354,1,1,1,0,0,0,0,1237651801769640294,1,0,24.25909,25.01652,20.18134,24.64168,23.08549,0.9535499,0.6635347,1.257175,0.7167694,0.6701365,24.3762,22.72239,19.87808,21.1705,20.98746,1.071603,0.1836531,1.301144,0.1135809,0.3320166,21.91693,27.17464,18.72755,20.69788,26.33091,2.538659,3.864748,3.442418,1.056947,1.007533,23.9835,24.90713,18.69952,24.81985,23.59591,2.526298,2.072754,0.02310737,2.408223,1.847214,21.43273,24.95114,18.69952,20.7226,23.09685,1.828664,1.388438,0.02310737,2.478126,1.230319,10.37494,0.4072493,0.0,257,193,129,193,193,193,0.3939526,0.3069652,0.2123571,0.1578041,0.1173772,23.58955,24.60016,18.48717,24.66205,23.47854,0.128999993205071,0.28999999165535,0
167,51630,0.4442369,1.585158E-4,0,-0.839165929210858,0.54362819086906,0.0163991873002974,1,1,1,0,0,0,0,1237650797294125638,1,0,24.0904,22.28573,20.4883,19.6635,19.18938,0.7809574,0.09023487,0.0338887,0.02517729,0.05613911,24.72599,22.51089,20.65569,19.82713,19.38263,0.964647,0.1243952,0.03736656,0.0273133,0.06509436,22.02241,21.30733,19.84719,19.00589,18.54105,0.8610972,0.1988898,0.05142784,0.05788182,0.1412278,24.14815,21.59537,19.78827,18.99061,18.51468,1.498246,0.09222381,0.03036604,0.02281129,0.05248493,21.30081,21.78744,19.78842,19.02781,18.59127,0.7231305,0.09366649,0.03036604,0.02279356,0.0680829,11.15234,0.5535628,0.8100755,257,24577,24577,24577,24577,24577,0.4706429,0.3667217,0.2536964,0.1885236,0.1402269,23.67751,21.22865,19.53457,18.80209,18.37446,0.0480000004172325,0.666999995708466,2
168,51630,0.2195055,5.603277E-5,0,-0.83763496008257,0.546004655742441,0.0157031702229303,1,1,1,0,0,0,0,1237651752385249517,1,0,23.15785,20.43527,19.03315,18.39084,17.88922,0.5631365,0.02927197,0.02127989,0.01949075,0.03166656,23.26466,20.57865,19.00245,18.37782,17.93009,0.5963094,0.02912085,0.01206854,0.01055554,0.02554203,22.97633,19.43938,17.79565,17.19134,16.84563,3.252693,0.063495,0.02747827,0.02360734,0.06667052,22.20631,19.38074,17.79768,17.15988,16.73457,0.5640143,0.02295371,0.009530226,0.00835872,0.01983796,19.83222,19.44064,17.79769,17.21113,16.8603,0.3102534,0.02293471,0.009530227,0.008354739,0.01993311,10.10271,0.1315654,0.8172724,257,24577,24577,24577,24577,24577,0.5863764,0.4569005,0.3160816,0.2348825,0.1747095,21.61993,18.92384,17.4816,16.92499,16.55986,0.0590000003576279,0.832000017166138,2
169,53228,0.2813871,4.4467E-5,0,-0.477393613156026,-0.865416679461336,0.152148969855039,1,1,1,0,0,0,0,1237662637449675458,1,0,24.76124,21.03872,19.58793,19.03037,18.57067,0.6552481,0.03509337,0.01709908,0.02082038,0.03040365,24.33414,20.89098,19.36243,18.79578,18.42831,1.002965,0.0233132,0.01345728,0.01168471,0.03343428,21.29256,19.62446,18.14019,17.5486,17.11187,0.6824992,0.06025055,0.02617367,0.02542864,0.06973978,24.29733,19.77307,18.23549,17.65322,17.28012,1.784874,0.02236935,0.01022445,0.008895054,0.02407896,21.43,19.62291,18.23554,17.6454,17.26955,1.536244,0.02232682,0.01022445,0.008895527,0.02405521,5.245502,0.06322831,1.0,257,24577,24577,24577,24577,24577,0.2245273,0.1749502,0.1210297,0.08993806,0.06689739,24.07281,19.59812,18.11447,17.56328,17.21322,0.061999998986721,0.875,2
170,51630,0.06759457,1.340506E-5,0,-0.825818149695886,0.563733363847964,-0.0151353268059314,1,1,1,0,0,0,0,1237648720141943100,1,0,20.2947,18.30736,17.34002,16.96587,16.61505,0.04556427,0.01722755,0.01209658,0.01396423,0.02139564,20.38101,18.37519,17.40272,16.96957,16.61009,0.03863472,0.005254901,0.00378026,0.003225584,0.008184216,18.42962,16.60526,15.73643,15.35687,15.09596,0.08820112,0.009615176,0.006279216,0.007647126,0.02120947,18.70333,16.72997,15.79149,15.37517,15.02602,0.03154825,0.004383249,0.003225034,0.003256808,0.006267775,18.30956,16.62486,15.79148,15.41129,15.16769,0.03121756,0.004376111,0.003225034,0.003255468,0.006252937,14.8122,0.037362,0.815595,257,24577,24577,24577,24577,24577,0.2355767,0.1835598,0.1269858,0.09436408,0.07018954,18.46775,16.54641,15.6645,15.2808,14.95583,0.481000006198883,0.407000005245209,0
171,51630,0.06763429,7.68207E-6,0,-0.826601908180452,0.562607780044534,-0.0142046198751314,1,1,1,0,0,0,0,1237650795146117247,1,0,19.78486,17.9901,17.23574,16.72438,16.37496,0.03183992,0.01446737,0.01179428,0.01606911,0.01758237,19.94418,18.12262,17.26032,16.77307,16.4717,0.03070553,0.004917186,0.003044289,0.003193913,0.006819606,18.75732,16.94612,16.09997,15.64568,15.33673,0.06013915,0.02283935,0.02179179,0.02081208,0.01944103,18.74545,16.9426,16.08219,15.61061,15.2965,0.02577846,0.004208012,0.003400116,0.003210868,0.005639325,18.60658,16.91597,16.08219,15.62857,15.33753,0.02570467,0.004203717,0.003400116,0.003207078,0.005633993,11.01946,0.0234891,0.847998,257,24577,24577,24577,24577,24577,0.2130637,0.1660178,0.1148503,0.0853461,0.06348182,18.53238,16.77659,15.96734,15.52526,15.23301,0.5,0.381000012159348,1
172,51630,0.06181516,3.672039E-5,0,-0.837822137501217,0.545808556511195,0.0121278832471577,1,1,1,0,0,0,0,1237648722290016415,1,0,22.14494,20.37854,19.18239,18.81237,18.27724,0.1632451,0.02181605,0.01292672,0.01752438,0.02680452,22.19728,20.21186,19.13891,18.5801,18.09056,0.1979084,0.01973723,0.01143709,0.01096563,0.02353408,20.46231,18.72515,17.79226,17.3627,16.70717,0.304504,0.04652603,0.01883218,0.04105878,0.04995377,20.85308,18.87157,17.81764,17.27992,16.77733,0.1361609,0.01382603,0.008288024,0.008183192,0.01690669,20.3677,18.52894,17.65347,17.20735,16.57295,0.128872,0.01403741,0.00837555,0.008288424,0.01716607,37.36363,0.5164879,0.8161027,257,24577,24577,24577,24577,24577,0.5385012,0.4195965,0.2902749,0.2157054,0.1604452,20.31457,18.45197,17.52736,17.06422,16.61689,0.800000011920929,0.200000002980232,1
173,51630,0.1636551,4.292252E-5,0,-0.837617927998367,0.545903568758836,0.0196341618636956,1,1,1,0,0,0,0,1237648722826887364,1,0,22.47984,20.37273,18.96854,18.47205,18.06014,0.3143435,0.02791496,0.01580679,0.01424579,0.0263231,22.7315,20.3809,19.07063,18.50451,18.09928,0.295029,0.02221828,0.01080406,0.008691896,0.02416327,21.25544,19.18864,17.95345,17.41045,17.02124,0.4924372,0.03558363,0.01704681,0.01676039,0.04422042,21.42321,19.0803,17.77396,17.23529,16.85468,0.2564804,0.01675593,0.008608525,0.008186633,0.01894723,20.65043,19.02239,17.81696,17.28142,16.88519,0.2177343,0.01683381,0.008655304,0.00824006,0.02066939,14.98457,0.1729877,0.810849,257,24577,24577,24577,24577,24577,0.5198227,0.4050424,0.2802064,0.2082234,0.15488,20.90339,18.67526,17.49375,17.02707,16.6998,0.0820000022649765,0.787000000476837,2
174,51630,0.2109481,6.892232E-5,0,-0.839355559814896,0.543408774371102,0.0137531139862506,1,1,1,0,0,0,0,1237648722290081911,1,0,22.09099,20.06948,18.62575,18.13454,17.70883,0.1771402,0.01874722,0.01678769,0.01735427,0.01846932,22.13781,19.98001,18.56315,17.98381,17.58786,0.1784268,0.01647359,0.006604672,0.007136739,0.01573199,20.5509,18.81213,17.44052,16.89519,16.50777,0.2228855,0.02579815,0.01345894,0.01256214,0.02605507,20.74845,18.7017,17.29048,16.71375,16.32483,0.1280502,0.01283492,0.006262524,0.005987879,0.01263724,20.51748,18.72087,17.3798,16.84586,16.49705,0.1266652,0.01296582,0.006325534,0.006049545,0.01276466,15.44927,0.1161299,0.8372511,257,24577,24577,24577,24577,24577,0.4457185,0.3473008,0.2402611,0.1785398,0.1328008,20.30273,18.3544,17.05022,16.53521,16.19203,0.0769999995827675,0.75,2
175,53859,0.2007747,3.874911E-5,0,-0.520370761456256,-0.841264777694828,0.146587326981249,1,1,1,0,0,0,0,1237662200435638590,1,0,22.14065,20.26408,18.88082,18.35368,18.04391,0.1724438,0.0235106,0.01351846,0.01535094,0.02363847,22.2935,20.15817,18.83723,18.33411,17.98276,0.1949618,0.01796565,0.009369706,0.008924752,0.02117751,20.7449,18.7278,17.45773,16.9587,16.6923,0.4728774,0.03655275,0.02115052,0.01942665,0.04618488,20.97675,18.80659,17.48279,16.97072,16.63401,0.186543,0.01342147,0.007304962,0.006968193,0.01578102,21.33406,18.7545,17.48277,16.96173,16.66972,0.1712742,0.01341787,0.007304963,0.006967599,0.01577746,9.427671,0.08235646,0.8694196,257,24577,24577,24577,24577,24577,0.1878379,0.146362,0.1012526,0.07524151,0.05596586,20.78891,18.66022,17.38153,16.89548,16.57804,0.034000001847744,0.792999982833862,2
176,53062,0.2969471,5.70276E-5,0,-0.967590202504087,0.165675330478446,0.190580389570797,1,1,1,0,0,0,0,1237661811194790006,1,0,22.31201,20.85275,19.24443,18.78039,18.39175,0.3214749,0.04506835,0.02360434,0.0234755,0.03830268,22.56228,21.12985,19.55276,18.98874,18.59121,0.2990346,0.04146213,0.0164401,0.01403329,0.0389909,21.45105,20.11234,18.29363,17.72691,17.32604,0.7680078,0.1082197,0.03429661,0.03548858,0.08207407,21.81649,19.86849,18.24904,17.68376,17.29227,0.4295167,0.03422246,0.01326439,0.01222654,0.03021408,20.30775,20.00775,18.24908,17.68818,17.20903,0.3376885,0.04000382,0.01326439,0.0132875,0.03018494,17.99468,0.3645576,0.770847,257,1,24577,24577,24577,24577,0.1070933,0.08344636,0.05772781,0.04289795,0.03190819,21.7094,19.78504,18.19131,17.64087,17.26037,0.090999998152256,0.773999989032745,2
177,53062,0.176804,3.572014E-5,0,-0.967218411258794,0.16890109406688,0.189633766363021,1,1,1,0,0,0,0,1237661811194724479,1,0,22.22503,20.10086,18.84064,18.51042,18.13575,0.2926186,0.03027575,0.01845519,0.03041818,0.0327851,22.61131,20.39938,19.21219,18.70554,18.3696,0.308965,0.0230154,0.01224018,0.01265044,0.03200841,20.55496,18.97108,17.74764,17.30949,17.0235,0.346253,0.038349,0.01966376,0.02110101,0.06343066,21.13758,18.97693,17.77768,17.32823,16.98322,0.2352867,0.0167568,0.009363485,0.009321769,0.02469365,19.43389,18.7789,17.60312,17.13485,16.81558,0.2341765,0.01693848,0.009479563,0.00926997,0.02436099,40.52648,0.5640176,0.758926,257,1,24577,24577,24577,24577,0.1041951,0.0811881,0.05616555,0.04173702,0.03104468,21.03338,18.89574,17.72152,17.2865,16.95218,0.0710000023245811,0.679000020027161,2
178,53062,0.3967212,9.830098E-5,0,-0.965207140053178,0.159299583129412,0.207361567329048,1,1,1,0,0,0,0,1237661949711548896,1,0,26.0447,21.76372,20.19892,19.53226,19.04337,0.5931853,0.08604531,0.03302433,0.02778527,0.05830238,25.69926,22.11498,20.32524,19.67006,19.24547,0.6852148,0.09420084,0.03039656,0.02414004,0.06340151,21.6579,21.09273,19.18792,18.5415,18.28881,1.032961,0.2685227,0.04845199,0.05866309,0.189832,26.94306,20.92774,19.11375,18.4171,17.99034,0.611574,0.08304645,0.02376943,0.01842493,0.04825776,26.13503,21.09031,19.11375,18.46036,18.13303,0.6783117,0.1062131,0.03003775,0.01842809,0.04887702,13.39192,0.5174482,0.8082168,257,24577,24577,24577,24577,24577,0.1359315,0.1059169,0.07327282,0.05444956,0.04050047,26.80713,20.82182,19.04047,18.36265,17.94984,0.0949999988079071,0.689999997615814,2
179,53062,0.2444674,3.987942E-5,0,-0.965513890093847,0.173455294734659,0.194155063710322,1,1,1,0,0,0,0,1237661948637413517,1,0,21.90064,20.14598,18.63569,18.123,17.75402,0.1934013,0.03080544,0.01958791,0.0171564,0.02467976,22.23984,20.38405,18.86952,18.3572,17.93008,0.180935,0.0212427,0.008590098,0.008952469,0.01992413,21.28917,18.93505,17.46885,16.97532,16.61294,0.7892035,0.04634697,0.01843806,0.01787978,0.04436781,21.02347,18.97103,17.48092,16.9373,16.52353,0.2100279,0.01795959,0.007752412,0.0070734,0.01514292,21.14958,18.90717,17.48093,16.94491,16.59284,0.1921869,0.01791777,0.007752411,0.007073128,0.01513064,14.23084,0.146267,0.7888798,257,24577,24577,24577,24577,24577,0.09031896,0.07037592,0.04868573,0.03617872,0.02691032,20.93315,18.90065,17.43223,16.90112,16.49662,0.103000000119209,0.828000009059906,2
180,53055,0.445926,1.136344E-4,0,-0.969570665468976,0.136067552674711,0.203514976773607,1,1,1,0,0,0,0,1237661949175267385,1,0,23.85363,22.07389,20.37127,19.57978,19.24044,2.275628,0.1096972,0.04404572,0.03561709,0.05909143,23.61418,22.39431,20.66637,19.81073,19.35496,1.105419,0.0972593,0.03568704,0.02832284,0.0646021,21.10351,20.74311,19.35612,18.58955,18.15769,0.8379945,0.1778093,0.05811867,0.05642234,0.1574232,23.51713,20.80082,19.11571,18.31819,17.88552,2.22673,0.09041836,0.03067779,0.02168928,0.04838898,21.5632,20.46958,19.2196,18.51985,18.21695,3.151295,0.09564134,0.03093787,0.02157903,0.04790005,30.13753,1.616703,0.7791697,257,24577,24577,24577,24577,24577,0.1583334,0.1233723,0.0853484,0.06342301,0.04717507,23.3588,20.67744,19.03036,18.25477,17.83834,0.0979999974370003,0.666999995708466,2
181,53119,0.1417781,3.086392E-5,0,-0.947326764274039,0.229447281323425,0.223441148366563,1,1,1,0,0,0,0,1237661813877506202,1,0,20.86838,19.28028,18.26038,17.78283,17.35192,0.1021209,0.05709371,0.03225706,0.01779904,0.02410759,21.24804,19.52151,18.4306,17.93068,17.55573,0.1112391,0.01145108,0.007269559,0.007156326,0.01562262,20.09657,17.88731,16.87707,16.43895,16.07069,0.3274775,0.01974348,0.01684298,0.01296225,0.03437914,19.62605,17.77818,16.71964,16.23189,15.85561,0.09247526,0.008152832,0.005476928,0.005521996,0.0126021,19.97067,17.66638,16.72449,16.29719,15.89035,0.09271206,0.008141789,0.005481368,0.005529095,0.01259933,27.15221,0.1858357,0.7945588,257,1,24577,24577,24577,24577,0.06403889,0.04989867,0.03451967,0.02565181,0.01908023,19.56202,17.72829,16.68512,16.20624,15.83653,0.586000025272369,0.414000004529953,1
182,53119,0.09846286,3.133043E-5,0,-0.948807662949907,0.232967691693766,0.213284020391623,1,1,1,0,0,0,0,1237661813340569721,1,0,20.5048,18.9436,17.98729,17.51935,17.17361,0.05708781,0.0341261,0.02292664,0.01296706,0.02987955,20.83059,19.17136,18.20873,17.78447,17.44094,0.06233069,0.009512881,0.006346372,0.005814814,0.01480349,19.78125,18.23891,17.33855,16.8917,16.55554,0.1034905,0.01307329,0.009391898,0.01020273,0.02432847,19.91531,18.23048,17.29618,16.83998,16.48749,0.05889628,0.007952313,0.005619857,0.005854625,0.01227733,19.80403,18.14113,17.29616,16.84062,16.49498,0.05844038,0.007938201,0.005619856,0.005854486,0.01227358,10.96675,0.06037761,0.7918691,257,1,24577,24577,24577,24577,0.06598973,0.05141875,0.03557125,0.02643325,0.01966148,19.84932,18.17906,17.26061,16.81355,16.46783,0.14300000667572,0.820999979972839,2
183,53062,0.06720925,1.82391E-5,0,-0.966147437273595,0.16359061160916,0.199492459113137,1,1,1,0,0,0,0,1237661949174546516,1,0,20.80346,19.42101,18.68994,18.31495,17.91875,0.08296117,0.02497468,0.02178474,0.01725496,0.02302675,21.10566,19.6215,18.78255,18.34032,18.01176,0.0927894,0.01296242,0.00932179,0.008801364,0.020816,19.32553,17.98214,17.29307,16.91079,16.47285,0.1349453,0.02406015,0.01599119,0.01574923,0.06095413,19.57388,18.02315,17.28037,16.84811,16.53485,0.06278888,0.008463125,0.006574113,0.006354094,0.01444913,18.86653,17.84037,17.14008,16.77389,16.35232,0.06125407,0.008523431,0.006645139,0.006431075,0.01456163,57.29276,0.577519,0.8027312,257,24577,24577,24577,24577,24577,0.1215781,0.09473281,0.06553572,0.04870006,0.0362239,19.4523,17.92841,17.21483,16.79941,16.49863,0.907999992370605,0.0769999995827675,1
184,53062,0.5612528,1.703134E-4,0,-0.966427471726459,0.158321611956844,0.202366521637822,1,1,1,0,0,0,0,1237661949174678074,1,0,24.63357,22.16733,20.80163,19.70945,19.21884,1.284173,0.1247889,0.04814105,0.03152297,0.06069634,23.90351,22.5166,20.95384,19.88235,19.42742,3.24265,0.1269157,0.04528299,0.03006058,0.06964663,27.90853,21.16335,19.57413,18.60849,17.88683,0.9666342,0.2937391,0.07140227,0.065545,0.1369182,23.76443,20.92,19.29898,18.22822,17.77524,2.807349,0.1116845,0.03816372,0.02182271,0.05066984,24.98109,21.0063,19.33094,18.32007,17.85384,1.229138,0.1238013,0.03834182,0.02179575,0.05061891,22.79364,1.660017,0.8028701,257,24577,24577,24577,24577,24577,0.1254942,0.09778421,0.06764667,0.05026872,0.03739069,23.63893,20.82222,19.23134,18.17795,17.73785,0.0,0.523999989032745,2
185,53062,0.08318985,1.883842E-5,0,-0.963289005635082,0.166838760589277,0.210330976291197,1,1,1,0,0,0,0,1237661812805402698,1,0,20.84145,18.91313,17.95504,17.573,17.26021,0.1011679,0.01828488,0.03078952,0.01261627,0.02116955,21.00604,19.1048,18.21063,17.79783,17.46696,0.09496488,0.01197532,0.01012737,0.01056954,0.01936946,20.17425,18.20762,17.3113,16.91406,16.66026,0.1895885,0.02512574,0.01885403,0.01988141,0.03899591,20.22337,18.15664,17.22392,16.8171,16.48965,0.09246793,0.007511715,0.005691521,0.00563765,0.01447477,20.15873,18.15685,17.22882,16.84546,16.60198,0.09133874,0.007510514,0.005694516,0.005635669,0.01445438,14.71347,0.08896814,0.7807626,257,1,8193,24577,24577,24577,0.07708943,0.06006756,0.04155446,0.03087942,0.02296861,20.14628,18.09657,17.18237,16.78622,16.46668,0.090999998152256,0.333000004291534,0
186,53055,0.2437588,5.769478E-5,0,-0.967646918159774,0.138117704410908,0.211146729797441,1,1,1,0,0,0,0,1237661812806123591,1,0,20.25245,19.96955,19.41609,19.13548,18.95258,0.06064995,0.02126513,0.02163009,0.02162005,0.05501632,20.61581,20.23734,19.58195,19.23239,18.96734,0.06527831,0.01888069,0.01680014,0.01822544,0.05977987,19.83226,19.33919,18.62085,18.19537,17.78616,0.1306914,0.03241696,0.0286402,0.03065843,0.09444632,19.61146,19.16497,18.47493,18.11051,17.85393,0.05786189,0.01574931,0.01337654,0.01392799,0.04433079,20.07151,19.34173,18.50376,18.0447,17.68148,0.05587925,0.01566616,0.01341739,0.01394787,0.04418715,14.82642,0.2888712,0.8099142,257,1,8193,24577,24577,24577,0.1539277,0.1199394,0.08297351,0.06165821,0.04586238,19.45754,19.04503,18.39195,18.04885,17.80807,0.152999997138977,0.66100001335144,2
187,51630,0.1477088,2.776945E-5,0,-0.824033419091084,0.566289964383212,-0.0168701055100189,1,1,1,0,0,0,0,1237648720141877472,1,0,21.24252,19.30637,18.12582,17.71766,17.32636,0.08822424,0.02039913,0.01386871,0.01666254,0.01795681,21.50958,19.37601,18.24991,17.78285,17.39275,0.1073148,0.01095986,0.006225691,0.006022851,0.01161386,20.55747,18.20104,17.0031,16.59753,16.25886,0.2885853,0.01904419,0.01002309,0.01043244,0.02762818,20.21395,18.09592,16.95965,16.50877,16.13422,0.08401635,0.00872615,0.005202019,0.005156584,0.01103735,20.34641,18.15974,16.95965,16.57141,16.23205,0.0839573,0.008721661,0.005202019,0.005153443,0.01102545,13.59757,0.07550365,0.808482,257,24577,24577,24577,24577,24577,0.2080083,0.1620786,0.1121252,0.08332107,0.06197557,20.00594,17.93384,16.84752,16.42545,16.07224,0.0529999993741512,0.894999980926514,2
188,51630,0.1242851,2.943544E-5,0,-0.837419813300425,0.546510453615176,0.00737430547348362,1,1,1,0,0,0,0,1237650796757188777,1,0,21.20626,19.40598,18.45809,18.00729,17.72156,0.08087672,0.01908059,0.01364839,0.01710764,0.01949933,21.43176,19.61325,18.65372,18.2341,17.91671,0.1041201,0.01214643,0.007989949,0.008202421,0.01873212,21.03204,19.0993,18.11959,17.69818,17.34915,0.1785637,0.01601669,0.01086799,0.01154054,0.02619158,20.87058,19.06251,18.09813,17.67353,17.34853,0.08275773,0.01060443,0.007245019,0.007414591,0.01517679,20.95934,19.10091,18.09813,17.71287,17.32631,0.1072812,0.01059741,0.00724502,0.007410552,0.0151756,6.097094,0.04346766,0.8270697,257,24577,24577,24577,24577,24577,0.6070211,0.4729867,0.32721,0.2431521,0.1808605,20.26356,18.58952,17.77093,17.43038,17.16767,0.0689999982714653,0.723999977111816,2
189,51630,0.1258487,6.519615E-6,0,-0.837481795778085,0.546428777252839,0.00631134932327084,1,1,1,0,0,0,0,1237648721753080080,1,0,20.44383,19.37343,18.57423,18.18379,17.90999,0.05141202,0.02068252,0.01738331,0.02022674,0.0270978,20.24582,19.09539,18.41972,17.91707,17.68814,0.04464639,0.01391653,0.0119608,0.01022265,0.02131774,18.74652,17.5291,16.94397,16.52415,16.3723,0.0674669,0.02129618,0.02017539,0.02300983,0.04077982,18.85666,17.66109,17.03763,16.57114,16.35331,0.02853354,0.006114984,0.005195329,0.005112639,0.01461126,18.698,17.47069,16.86664,16.43146,16.20271,0.02870026,0.006236277,0.005299313,0.005200627,0.01462454,29.01102,0.177422,0.8509504,257,24577,24577,24577,24577,24577,0.5527452,0.4306954,0.297953,0.221411,0.1646891,18.30391,17.2304,16.73968,16.34973,16.18862,0.367000013589859,0.264999985694885,0
190,51630,0.1233801,4.416006E-5,0,-0.837617008204259,0.545959000384657,0.0180697942969056,1,1,1,0,0,0,0,1237650797294059733,1,0,22.59073,20.18273,18.85809,18.2574,17.81392,0.2725506,0.02322799,0.01523589,0.01731233,0.02318634,22.74455,20.21891,18.97084,18.39752,17.95118,0.3385012,0.01854445,0.009932847,0.008972794,0.01976843,20.77726,19.1847,17.98434,17.46355,16.90914,0.2920039,0.03217543,0.0170111,0.01807559,0.03615256,21.75445,19.24906,18.03923,17.48295,17.02077,0.2496443,0.01401722,0.008129977,0.007544433,0.01579342,19.66057,19.09831,17.93888,17.39884,16.87496,0.1957111,0.01412867,0.008168017,0.007581878,0.01588315,22.5495,0.2429968,0.8136806,257,24577,24577,24577,24577,24577,0.5419376,0.4222742,0.2921273,0.2170819,0.1614691,21.21251,18.82679,17.7471,17.26587,16.8593,0.404000014066696,0.49099999666214,0
191,51633,0.07951723,2.798497E-5,0,-0.864280648492854,0.502624996000599,-0.0196741972179165,1,1,1,0,0,0,0,1237651799623401613,1,0,21.27209,19.69879,18.79453,18.44691,18.08975,0.09908716,0.03196656,0.01932772,0.02074869,0.02934981,21.34256,19.66595,18.75686,18.34887,18.05288,0.09631447,0.01462585,0.009922646,0.00980935,0.02549747,20.24134,18.44391,17.61599,17.21589,17.05222,0.1962127,0.02033785,0.01388164,0.01534272,0.04849751,20.01035,18.29956,17.4126,17.01701,16.75433,0.08176593,0.01086578,0.007592919,0.007586632,0.01950923,20.06668,18.25985,17.47486,17.07773,16.89987,0.09754468,0.01094684,0.007652636,0.007626422,0.01957901,15.48648,0.1555689,0.8236203,257,1,1,1,1,1,0.1570406,0.1223649,0.08465149,0.06290513,0.04678986,19.85331,18.17719,17.32795,16.9541,16.70754,0.172000005841255,0.75900000333786,2
192,51633,0.06188377,1.829871E-5,0,-0.862541611037165,0.505766084380058,-0.0149210294643321,1,1,1,0,0,0,0,1237648720143712423,1,0,21.61106,20.29673,19.54275,19.21351,18.92938,0.09259143,0.03362154,0.02021651,0.01888261,0.04322391,21.68524,20.04819,19.34212,18.9547,18.71054,0.07971367,0.01767542,0.01167758,0.01439166,0.03973433,19.30108,17.51557,16.92464,16.59289,16.45119,0.1643999,0.01808963,0.0143503,0.01836483,0.05922112,18.95653,17.51228,16.88305,16.51651,16.28623,0.0541072,0.008826772,0.007213943,0.007896473,0.02238729,18.83463,17.37807,16.7695,16.38895,16.15795,0.05350659,0.009023493,0.007446371,0.008164319,0.02326429,160.9689,1.787802,0.842676,257,24577,24577,24577,24577,24577,0.1639494,0.1277483,0.08837567,0.06567259,0.04884835,18.79258,17.38453,16.79467,16.45084,16.23738,0.820999979972839,0.10700000077486,1
193,54266,0.09948659,7.845481E-6,0,-0.566202015942918,-0.809340413069439,0.156151762445275,1,1,1,0,0,0,0,1237662200434196839,1,0,21.69602,20.07282,19.50208,19.03517,18.74504,0.1203178,0.01875211,0.016509,0.01765696,0.03722943,21.19501,19.72257,19.08301,18.65869,18.45495,0.09714001,0.01289033,0.01105447,0.01137677,0.03122903,19.32321,18.20559,17.6524,17.29059,17.16837,0.1064653,0.01543033,0.01516204,0.01741399,0.0599653,19.49902,18.16354,17.56725,17.17966,16.98209,0.05194912,0.01003614,0.008054709,0.008733584,0.0222862,19.21844,18.1448,17.56724,17.22096,17.01689,0.05031278,0.01003536,0.008054708,0.008725572,0.02227369,52.75899,0.6100745,0.8818915,257,24577,24577,24577,24577,24577,0.1700821,0.1325268,0.09168146,0.06812915,0.05067557,19.32894,18.03101,17.47556,17.11153,16.93142,0.723999977111816,0.24099999666214,1
194,54266,0.1796973,4.293849E-5,0,-0.56773737679822,-0.80772286993753,0.158927770909164,1,1,1,0,0,0,0,1237662200434131404,1,0,22.48613,20.24686,19.05976,18.50073,18.08927,0.2388718,0.05453104,0.03426718,0.02618703,0.02780752,22.09618,20.19433,18.99732,18.5046,18.11071,0.2143925,0.06271178,0.03851824,0.02850514,0.02357749,21.20063,18.71615,17.77555,17.96811,17.14865,0.6100579,0.107825,0.08327162,0.1311687,0.07451236,21.16751,18.76168,17.62379,17.20305,16.8039,0.2181947,0.0129323,0.008018076,0.008307863,0.01836891,21.44212,18.46453,17.62375,17.56092,17.01851,0.3107668,0.01282188,0.008018076,0.008245609,0.01826577,13.34624,0.1516142,0.8848232,257,24577,24577,24577,24577,24577,0.1667253,0.1299113,0.089872,0.06678453,0.04967542,21.00078,18.63177,17.53392,17.13627,16.75423,0.537999987602234,0.384999990463257,1
195,54266,0.1304381,2.528505E-5,0,-0.571572170917976,-0.804392857549759,0.16204130385505,1,1,1,0,0,0,0,1237662636373115234,1,0,21.23644,19.40362,18.51019,18.17554,17.80194,0.08052944,0.02249484,0.01689086,0.0160455,0.02186938,21.08131,19.26852,18.311,17.92257,17.57118,0.0849721,0.01213726,0.01006241,0.01058693,0.01706802,20.29884,18.31425,17.33379,16.95068,16.64997,0.1762403,0.01946191,0.01726218,0.01887045,0.03049713,20.13558,18.18765,17.2115,16.82985,16.48713,0.07292981,0.008073444,0.005650619,0.005653183,0.01170466,20.29496,18.18951,17.21146,16.84442,16.53542,0.07237613,0.008084632,0.005650619,0.00565291,0.01171387,7.301765,0.03660356,0.9481896,257,24577,24577,24577,24577,24577,0.1634862,0.1273873,0.08812598,0.06548705,0.04871033,19.97209,18.06026,17.12338,16.76436,16.43842,0.0670000016689301,0.643999993801117,2
196,54266,0.1334669,3.495156E-5,0,-0.575135851308985,-0.801944396688266,0.161567128956923,1,1,1,0,0,0,0,1237662636372984000,1,0,21.82174,20.36712,19.44997,18.96779,18.47905,0.1283069,0.02541362,0.02026157,0.01760476,0.02788741,21.5545,19.95041,18.88354,18.39491,17.9823,0.1284446,0.01364656,0.009635506,0.008302432,0.0167462,19.84002,18.08544,17.11928,16.62729,16.21499,0.2166684,0.0196031,0.01153918,0.0143913,0.02995699,19.75365,18.13442,17.13022,16.64378,16.23884,0.07693736,0.009234443,0.00611284,0.005932478,0.01272358,19.7091,18.02892,17.03649,16.57103,16.08416,0.07666318,0.00931765,0.006259383,0.006061334,0.01316915,66.9391,0.5432775,0.9735449,257,24577,24577,24577,24577,24577,0.1481676,0.1154512,0.07986858,0.05935091,0.04414617,19.60548,18.01897,17.05035,16.58443,16.19469,0.633000016212463,0.266999989748001,1
197,53859,0.04336397,1.665123E-5,0,-0.520502635518282,-0.843668087820542,0.131533889213969,1,1,1,0,0,0,0,1237662199361962327,1,0,20.1921,18.77509,18.18413,17.91096,17.67008,0.04148687,0.01435016,0.01619999,0.01491085,0.02364489,20.12694,18.69454,18.05445,17.7044,17.44483,0.04295447,0.005563914,0.004665028,0.005550961,0.01550978,19.29535,17.74585,17.06045,16.71916,16.41975,0.07253097,0.008574164,0.007538991,0.00793062,0.02382993,19.09699,17.64696,16.97334,16.62244,16.36716,0.03403141,0.005766911,0.004997364,0.004954791,0.01202212,19.18792,17.68047,16.97334,16.6303,16.32181,0.03399628,0.005765716,0.004997364,0.004956765,0.01202685,7.693491,0.03209699,0.9097686,257,24577,24577,24577,24577,24577,0.1568918,0.122249,0.08457129,0.06284554,0.04674553,18.9401,17.52471,16.88877,16.5596,16.32041,0.0949999988079071,0.810000002384186,2
198,53859,0.07212913,2.211707E-5,0,-0.518142489776665,-0.844903322572185,0.132916273625616,1,1,1,0,0,0,0,1237662199362027718,1,0,22.48676,20.95639,20.17176,19.83937,19.30695,0.2198078,0.03025806,0.02503959,0.02695333,0.05350665,22.39497,20.52851,19.75278,19.26274,18.90374,0.1771102,0.02568323,0.02015957,0.01914529,0.0513585,22.31886,18.52957,17.77321,17.2971,17.11521,3.105208,0.04255069,0.02181087,0.03391194,0.1125011,20.24379,18.43047,17.6644,17.2162,16.87581,0.1371522,0.01641757,0.01142696,0.0107964,0.02962313,20.24985,18.41632,17.61135,17.10441,16.72218,0.1386164,0.01637783,0.01162041,0.011173,0.03086436,204.1807,3.56289,0.9036632,257,24577,24577,24577,24577,24577,0.145172,0.1131171,0.07825387,0.05815101,0.04325367,20.09861,18.31735,17.58615,17.15805,16.83255,0.879000008106232,0.0610000006854534,1
199,51630,0.1439173,2.306501E-5,0,-0.826463724671961,0.56298896792283,-0.00106479976343633,1,1,1,0,0,0,0,1237648721215750163,1,0,21.69738,19.60676,18.55852,18.09034,17.76367,0.1155833,0.02510245,0.01876769,0.02137614,0.02234993,21.77202,19.69312,18.53943,18.02045,17.65907,0.1356933,0.01357501,0.007457901,0.007030424,0.01434004,19.53439,18.35095,17.19882,16.72416,16.45048,0.1262009,0.02381085,0.01178041,0.01210913,0.0390224,20.20715,18.21169,17.10739,16.59554,16.23047,0.0890251,0.00992963,0.005857664,0.005672076,0.01361057,19.63937,18.12582,17.10739,16.65751,16.40223,0.08401507,0.009948514,0.005857663,0.005668594,0.01356719,10.94219,0.07408348,0.850709,257,24577,24577,24577,24577,24577,0.2840293,0.2213137,0.1531038,0.1137725,0.08462586,19.92312,17.99038,16.95429,16.48176,16.14585,0.108999997377396,0.825999975204468,2
200,51630,0.2618826,6.288396E-5,0,-0.836518075456588,0.54778793222553,0.0128798580148685,1,1,1,0,0,0,0,1237648722289951028,1,0,23.50622,21.03187,19.36085,18.77161,18.32139,0.4646513,0.03611218,0.01935518,0.01895738,0.02918605,23.37284,20.99862,19.30371,18.6672,18.22771,0.8922077,0.03853582,0.01266484,0.01427207,0.02719902,28.6821,19.19976,17.53751,16.92391,16.57373,0.4872418,0.07585955,0.02950971,0.02857548,0.06177945,22.44071,18.99598,17.3108,16.67969,16.2261,1.007993,0.02527017,0.009003964,0.00830894,0.01805808,23.53062,18.93176,17.31089,16.72791,16.30647,0.5918624,0.02524959,0.009003964,0.008305643,0.01804889,21.79264,0.3037314,0.8312327,257,24577,24577,24577,24577,24577,0.6322901,0.4926762,0.3408311,0.2532741,0.1883894,21.80842,18.5033,16.96997,16.42641,16.03771,0.0670000016689301,0.566999971866608,2
201,51630,0.06238846,9.368083E-6,0,-0.839719166818962,0.542966595895172,0.00768092565236567,1,1,1,0,0,0,0,1237650796757319821,1,0,20.67392,18.79491,17.92097,17.45534,17.14305,0.05694856,0.0161727,0.01071999,0.01375912,0.01354812,20.78878,18.91382,18.04338,17.58878,17.26787,0.06355829,0.00829403,0.006115631,0.006130459,0.01205372,19.94518,18.20428,17.34511,16.89927,16.58586,0.08842751,0.01257413,0.01009426,0.01031717,0.0184653,20.03711,18.1584,17.28183,16.8257,16.5104,0.05056989,0.006798572,0.005070248,0.005075578,0.009719498,19.80289,18.14042,17.29131,16.86075,16.55221,0.05031711,0.006798927,0.005074922,0.005076081,0.009722567,9.176007,0.04013751,0.8276205,257,24577,24577,24577,24577,24577,0.3342602,0.2604533,0.1801804,0.1338933,0.09959204,19.70285,17.89794,17.10165,16.69181,16.4108,0.114000000059605,0.708999991416931,2
202,51633,0.09454266,7.742768E-6,0,-0.865206939286741,0.501227836833341,-0.0136969994319882,1,1,1,0,0,0,0,1237654669198688303,1,0,20.62754,19.50291,19.24554,18.94322,18.50664,0.07906304,0.02249422,0.02066818,0.0219164,0.036116,20.47953,19.39463,18.86141,18.52513,18.34465,0.06493171,0.01094581,0.01041115,0.01138441,0.03457868,19.35564,17.78761,17.27308,16.94418,16.94837,0.1524716,0.01308501,0.01279349,0.01509458,0.06034114,18.99287,17.72935,17.23184,16.91195,16.80382,0.04567317,0.007835081,0.00715166,0.007868272,0.02356964,19.06227,17.70097,17.23184,16.91947,16.85486,0.05014948,0.007830296,0.00715166,0.007892495,0.02427884,44.53226,0.4234783,0.8441576,257,1,1,1,1,1,0.1685092,0.1313012,0.0908336,0.06749909,0.05020693,18.82436,17.59805,17.14101,16.84445,16.75362,0.479999989271164,0.519999980926514,2
203,51633,0.09086309,8.537709E-6,0,-0.869017632209185,0.494773525286211,-0.00274109200821007,1,1,1,0,0,0,0,1237648721217781903,1,0,21.43016,19.97931,19.33838,19.19478,18.90276,0.08492763,0.02522654,0.02067757,0.01889015,0.04312628,20.97507,19.56371,18.95569,18.56118,18.35198,0.06917883,0.01231975,0.009925946,0.008803212,0.03122865,19.08197,17.90118,17.36591,16.99997,16.85856,0.07098134,0.01348466,0.01184781,0.0132243,0.04784908,19.25753,17.87042,17.3089,16.9436,16.73668,0.06571665,0.009070617,0.006777898,0.008642396,0.02592958,19.14934,17.86026,17.3089,16.96575,16.78472,0.07803166,0.009068388,0.006777897,0.008635381,0.02586403,58.42289,0.5388153,0.8552517,257,24577,24577,24577,24577,24577,0.1577448,0.1229137,0.0850311,0.06318722,0.04699968,19.09978,17.74751,17.22387,16.88041,16.68968,0.469999998807907,0.455000013113022,0
204,51633,0.3041758,5.541874E-5,0,-0.867884765714683,0.496762923837676,-0.00162201745117652,1,1,1,0,0,0,0,1237648721217716566,1,0,23.49577,20.86877,19.2884,18.77556,18.38326,0.4171233,0.02991412,0.02005851,0.02202841,0.0329359,23.2805,20.82107,19.17348,18.59614,18.23423,0.4600731,0.02491121,0.01171504,0.008370854,0.02843686,20.80816,19.49565,17.83856,17.2698,17.01669,0.3602563,0.05935854,0.03502675,0.03022454,0.05940627,22.05876,19.41783,17.77132,17.19342,16.81948,0.4132658,0.02325161,0.008823237,0.008092899,0.02075133,19.8998,19.46385,17.77131,17.22416,16.91854,0.2964254,0.02439537,0.008823238,0.008090673,0.02072801,10.94964,0.1299472,0.8684245,257,24577,24577,24577,24577,24577,0.155525,0.121184,0.08383453,0.06229804,0.04633829,21.90324,19.29665,17.68748,17.13112,16.77315,0.119999997317791,0.759999990463257,2
205,53119,0.1261338,3.220477E-5,0,-0.94798399476478,0.23456298952662,0.215189566694449,1,1,1,0,0,0,0,1237661813340504205,1,0,21.40806,19.32046,18.26806,17.87624,17.55547,0.1331707,0.02434952,0.03108283,0.0152249,0.02045929,21.60999,19.63769,18.52675,18.13302,17.80294,0.1387679,0.01350838,0.007095172,0.008809538,0.01772319,21.41585,18.89919,17.82719,17.43122,17.05851,0.3831435,0.01933909,0.01191226,0.01333601,0.03198883,21.04725,18.86633,17.79291,17.38355,17.04763,0.1320546,0.01110714,0.006925715,0.007428133,0.01631214,21.16143,18.79874,17.79942,17.37959,17.00691,0.1576526,0.01109462,0.006929203,0.007430946,0.01875747,10.02618,0.07469528,0.7876098,257,1,24577,24577,24577,24577,0.06755283,0.05263671,0.03641383,0.02705938,0.02012721,20.9797,18.8137,17.7565,17.35649,17.0275,0.0309999994933605,0.811999976634979,2
206,53119,0.2527108,5.94012E-5,0,-0.94964696543426,0.227536793941909,0.215401133804211,1,1,1,0,0,0,0,1237661813340700885,1,0,22.37265,20.45726,19.02171,18.56334,18.17781,0.3173517,0.0387879,0.02090264,0.02015379,0.0356462,22.86181,20.64272,19.18852,18.65556,18.26118,0.3866838,0.03102868,0.01511941,0.01507693,0.03113816,20.61341,19.5948,17.94451,17.4422,17.21315,0.3495124,0.0765456,0.03395389,0.03257003,0.07789,21.28571,19.41196,17.87534,17.34383,16.97714,0.274118,0.02407352,0.01011573,0.01013413,0.02342854,19.46699,19.59871,17.87537,17.36806,17.10506,0.2341583,0.02655587,0.01011573,0.01013306,0.02500981,16.36059,0.2368553,0.7857704,257,1,24577,24577,24577,24577,0.07466955,0.058182,0.04025004,0.0299101,0.02224762,21.21104,19.35378,17.83508,17.31392,16.95489,0.0970000028610229,0.709999978542328,2
207,53119,0.121408,2.569367E-5,0,-0.948307774547348,0.233525786896939,0.214890836443115,1,1,1,0,0,0,0,1237661813340569710,1,0,21.04227,19.23582,18.21203,17.72036,17.38985,0.0900481,0.03471488,0.02312243,0.01338371,0.03059466,21.26323,19.38971,18.36248,17.93182,17.56573,0.09345378,0.01123767,0.006393696,0.006661736,0.01452544,18.98521,17.51088,16.66161,16.24136,15.90904,0.1031034,0.01305166,0.009211736,0.01077634,0.02775888,19.39159,17.60563,16.68921,16.24611,15.89724,0.05899899,0.006780089,0.004841466,0.005213319,0.01159077,18.77771,17.34782,16.51289,16.07503,15.68545,0.05839239,0.006904735,0.004894885,0.005269898,0.01163242,52.62846,0.3046663,0.7918691,257,1,24577,24577,24577,24577,0.0681311,0.0530873,0.03672555,0.02729102,0.0202995,19.32346,17.55254,16.65248,16.21882,15.87694,0.541999995708466,0.458000004291534,1
208,53119,0.1254836,4.314886E-5,0,-0.94895043615455,0.226851054631742,0.21916128475293,1,1,1,0,0,0,0,1237661950783586478,1,0,21.60227,19.81224,18.75866,18.24496,17.80784,0.1507166,0.02116353,0.0234165,0.01879429,0.02115091,21.88694,20.0572,18.93585,18.43521,17.991,0.1646174,0.01741105,0.01017023,0.009982668,0.02102471,20.49832,18.35189,17.37236,16.87778,16.55544,0.349025,0.02690395,0.01715257,0.01863203,0.03944115,20.383,18.46572,17.40308,16.87992,16.50006,0.1263256,0.01125287,0.007021478,0.006984419,0.01461097,20.25555,18.30302,17.28683,16.77554,16.43204,0.1377907,0.01136435,0.007107425,0.007069958,0.01473477,60.66005,0.6414341,0.7801113,257,24577,24577,24577,24577,24577,0.06653398,0.05184283,0.03586463,0.02665126,0.01982364,20.31647,18.41387,17.36722,16.85327,16.48023,0.654999971389771,0.310000002384186,1
209,53062,0.1776956,3.921187E-5,0,-0.965987746277537,0.172646185810077,0.192512255627734,1,1,1,0,0,0,0,1237661948637479034,1,0,21.7784,20.10614,18.90061,18.63258,18.21518,0.1779998,0.02684834,0.02596824,0.02415083,0.02980811,21.92992,20.18165,18.99842,18.55031,18.18631,0.2030843,0.01940089,0.01041558,0.00962205,0.02435793,20.3857,18.61905,17.47762,17.01936,16.71309,0.2617018,0.02709648,0.01563748,0.01531854,0.03675894,20.65125,18.73441,17.57648,17.15194,16.73565,0.1410682,0.01388286,0.007893691,0.007580168,0.01674674,19.93525,18.58718,17.50313,17.00475,16.72737,0.1432078,0.0141342,0.008026378,0.00771839,0.01685487,16.30155,-1000.0,0.7825542,257,24577,24577,24577,24577,24577,0.08625917,0.06721256,0.04649734,0.03455251,0.02570072,20.56499,18.6672,17.52999,17.11738,16.70995,0.0359999984502792,0.679000020027161,2
210,53055,0.1731917,4.030323E-5,0,-0.969564995956993,0.138612505379233,0.201817471908176,1,1,1,0,0,0,0,1237661949175201891,1,0,21.85879,19.73241,18.43616,17.97076,17.68503,0.2043195,0.04713176,0.02073412,0.02621688,0.02903744,22.20072,19.86732,18.6604,18.13203,17.7306,0.2338979,0.01504657,0.00970526,0.008633587,0.01751999,19.53162,18.13623,16.88943,16.40612,16.02725,0.2346097,0.03209839,0.01786534,0.0183622,0.03716735,20.2,17.96318,16.69657,16.20271,15.81021,0.1685131,0.01134464,0.00618127,0.0056713,0.0121842,18.93079,17.97633,16.69658,16.27021,15.9427,0.1596501,0.01134248,0.00618127,0.005666991,0.01216784,29.07272,0.2419682,0.7821348,257,24577,24577,24577,24577,24577,0.1856025,0.1446202,0.1000476,0.07434607,0.05529981,20.0144,17.81856,16.59653,16.12837,15.75491,0.0359999984502792,0.907999992370605,2
211,53119,0.1210904,2.644764E-5,0,-0.948355253920344,0.23295137957868,0.215304359254683,1,1,1,0,0,0,0,1237661813340569726,1,0,21.41169,19.22493,18.12005,17.6277,17.27172,0.1278429,0.03462138,0.0230869,0.01332784,0.03034996,21.78131,19.4732,18.3532,17.90628,17.54705,0.1562223,0.01065346,0.007136451,0.007276134,0.01622411,20.62438,18.63489,17.53528,17.08087,16.71963,0.2080384,0.02211223,0.01750705,0.01532042,0.02841432,20.86871,18.60317,17.50417,17.03036,16.66461,0.1220579,0.009674293,0.006086408,0.006349084,0.01328032,20.48219,18.55739,17.50417,17.02946,16.66898,0.1313923,0.009666095,0.006086408,0.006345774,0.01442185,11.23856,0.07006476,0.7918691,257,1,24577,24577,24577,24577,0.06996395,0.05451543,0.03771352,0.02802519,0.02084559,20.79875,18.54865,17.46645,17.00233,16.64376,0.515999972820282,0.418999999761581,1
212,53119,0.1170787,1.08681E-5,0,-0.94718541095879,0.229323440146851,0.22416636024623,1,1,1,0,0,0,0,1237661951320391786,1,0,20.84721,19.7028,19.29249,18.74484,18.56743,0.09474477,0.02756667,0.02489204,0.01694647,0.03978558,21.21906,19.99482,19.29062,18.94044,18.71247,0.1044811,0.01615503,0.01321114,0.01430537,0.03975894,19.21281,18.26584,17.6146,17.40428,16.92272,0.1241429,0.01991818,0.01566257,0.03017714,0.05404154,19.42145,18.17578,17.52514,17.16747,16.92299,0.06481445,0.009692064,0.008209189,0.009087355,0.02460603,19.36654,18.15513,17.52514,17.21136,16.88426,0.06468956,0.009690048,0.008209188,0.009080819,0.02527667,73.12717,0.8541645,0.8087022,257,24577,24577,24577,24577,24577,0.06395017,0.04982954,0.03447184,0.02561627,0.0190538,19.3575,18.12595,17.49067,17.14185,16.90394,0.625,0.354000002145767,1
213,53062,0.2074661,3.666178E-5,0,-0.966582384792727,0.165415598023531,0.195847321500507,1,1,1,0,0,0,0,1237661811731660955,1,0,22.18464,20.11249,18.78852,18.41073,18.05759,0.3030885,0.02486199,0.042952,0.02319104,0.02992226,22.35863,20.37338,19.06934,18.63831,18.29116,0.2713,0.02204859,0.01161201,0.01183114,0.02491112,20.94556,19.08432,17.775,17.3783,17.08971,0.5660406,0.04721455,0.03209422,0.02647436,0.06907936,21.146,19.09873,17.80173,17.33101,16.98796,0.2489324,0.01775344,0.009584555,0.009555896,0.02335455,21.11041,19.08964,17.80173,17.36874,17.12742,0.2339916,0.01775212,0.009584555,0.009554355,0.02330143,16.92538,0.2269599,0.7698611,257,1,24577,24577,24577,24577,0.1144462,0.08917566,0.06169131,0.04584326,0.03409896,21.03155,19.00955,17.74004,17.28517,16.95386,0.034000001847744,0.861999988555908,2
214,53062,0.04155841,1.496904E-5,0,-0.965796014374189,0.164660132999538,0.200312503902041,1,1,1,0,0,0,0,1237661949174546551,1,0,21.01594,19.88083,19.52422,19.33454,19.01991,0.1357471,0.02788969,0.02568834,0.02339445,0.04859303,21.32826,20.04601,19.4863,19.19736,18.98742,0.1511576,0.01805156,0.01595076,0.01703746,0.04719245,18.27031,17.18653,16.71034,16.48548,16.14113,0.08423786,0.01455894,0.0129248,0.0173557,0.0442448,18.18373,16.99466,16.5592,16.29427,16.09015,0.03859893,0.007611268,0.006805542,0.008299926,0.02067648,18.042,16.98947,16.5592,16.32719,16.0547,0.03840739,0.007610609,0.006805541,0.008294865,0.02067065,226.2644,2.336492,0.8027312,257,24577,24577,24577,24577,24577,0.1179147,0.09187831,0.06356099,0.04723263,0.0351324,18.06581,16.90278,16.49564,16.24703,16.05502,0.648999989032745,0.324000000953674,1
215,53062,0.03990047,1.089029E-5,0,-0.964472507892514,0.164829293222574,0.20645601375419,1,1,1,0,0,0,0,1237661949711417421,1,0,20.22211,18.93488,18.60292,18.32752,18.06981,0.05012846,0.02092785,0.02233621,0.02486007,0.02850769,20.41057,19.14275,18.57607,18.25915,18.05782,0.0536512,0.009295251,0.008024044,0.00747964,0.02158272,17.63228,16.61023,16.14572,15.90716,15.62858,0.04186769,0.007790335,0.007779336,0.008580847,0.0258385,17.91439,16.66417,16.14981,15.86345,15.60705,0.02526741,0.004603245,0.004280602,0.004530718,0.01206987,17.46458,16.55574,16.09986,15.8489,15.55379,0.02670776,0.004680009,0.004357725,0.004631137,0.01240205,128.445,0.700205,0.8097212,257,24577,24577,24577,24577,24577,0.1025592,0.0799134,0.05528372,0.04108173,0.03055726,17.81183,16.58426,16.09453,15.82236,15.57649,0.654999971389771,0.310000002384186,1
216,53055,0.4475403,1.158567E-4,0,-0.969311048188358,0.133169666114805,0.206644457672733,1,1,1,0,0,0,0,1237661812269384178,1,0,23.71839,22.4984,20.8041,19.99887,19.6822,0.7703151,0.1294978,0.05313276,0.04799644,0.09953915,24.09243,22.47135,20.80703,19.94241,19.64389,0.9187331,0.1265663,0.04531093,0.04821919,0.08922262,22.01465,21.69106,19.76484,18.9168,18.36689,1.094655,0.3922113,0.1071923,0.1068186,0.2146074,23.31197,21.35467,19.60749,18.7359,18.41024,1.42551,0.1119817,0.0384443,0.02775851,0.08256163,21.28292,21.31891,19.65811,18.77455,18.06201,0.7531629,0.1305409,0.04762494,0.02800151,0.09793163,16.89222,1.120251,0.8125998,257,1,24577,24577,24577,24577,0.1452347,0.1131659,0.07828762,0.05817609,0.04327232,23.16674,21.2415,19.5292,18.67773,18.36697,0.0329999998211861,0.532999992370605,2
217,53228,0.0998861,1.621532E-5,0,-0.47085073648546,-0.870187028915845,0.145169275873771,1,1,1,0,0,0,0,1237662636913000924,1,0,21.89211,20.66503,20.22008,19.6744,19.28488,0.1225589,0.02786863,0.02135773,0.02062803,0.04510197,21.31754,20.03623,19.28234,18.86386,18.55522,0.1016892,0.01623758,0.01243474,0.01035156,0.03418687,19.11348,18.09412,17.45971,17.10781,16.83758,0.1026192,0.01737184,0.01833328,0.01713633,0.05337631,19.4203,18.12086,17.43472,17.05147,16.77538,0.06177211,0.01241417,0.01283169,0.01632,0.02344234,19.04343,18.05742,17.43457,17.07507,16.75349,0.05908292,0.0123813,0.01283169,0.01627912,0.02415075,93.87541,1.153949,1.0,257,24577,24577,24577,24577,24577,0.212101,0.1652676,0.1143314,0.08496048,0.06319498,19.2082,17.95559,17.32038,16.96651,16.71219,0.810999989509583,0.135000005364418,1
218,51630,0.1432976,2.793381E-5,0,-0.825309255121311,0.564383242553387,-0.0183354557083125,1,1,1,0,0,0,0,1237655178159915217,1,0,21.06273,19.4966,18.47665,17.99158,17.61389,0.1130743,0.01657463,0.01527069,0.01493495,0.02506697,21.33449,19.75765,18.68276,18.14663,17.7738,0.1269672,0.01467625,0.00879399,0.007792837,0.0179047,20.76479,18.26124,17.29589,16.78901,16.38837,0.5613038,0.04431665,0.03464016,0.03184349,0.05573934,19.97784,18.20571,17.1685,16.65369,16.2591,0.114495,0.0109559,0.006877167,0.00618617,0.01351681,20.35018,18.10101,17.16849,16.67962,16.27173,0.1115657,0.01094398,0.006877167,0.00618655,0.01351336,23.58319,0.2142757,0.7704836,257,1,24577,24577,24577,24577,0.2376288,0.1851587,0.1280919,0.09518605,0.07080093,19.74021,18.02055,17.0404,16.5585,16.1883,0.64300000667572,0.28600001335144,1
219,51630,0.3456734,7.10982E-5,0,-0.825159380255765,0.564697875397858,-0.0151098212122815,1,1,1,0,0,0,0,1237648720141943148,1,0,24.30773,21.42145,19.58512,19.01651,18.6449,0.8321775,0.05758411,0.02025583,0.02013624,0.03814105,24.01463,21.45317,19.65494,19.04584,18.64807,0.7630411,0.0621259,0.01940098,0.01778794,0.03950125,23.46967,20.54924,18.68427,18.05815,17.90642,2.494016,0.1198945,0.0640393,0.05301189,0.08554152,23.61759,20.5087,18.63022,18.01752,17.65854,1.227371,0.04775738,0.01389992,0.01226778,0.03006469,20.61099,20.66189,18.63022,18.01771,17.82421,0.4046098,0.04757053,0.01389992,0.01226803,0.02998844,10.84628,0.2209576,0.815595,257,24577,24577,24577,24577,24577,0.2500118,0.1948075,0.1347669,0.1001463,0.07449043,23.36758,20.3139,18.49545,17.91737,17.58405,0.0860000029206276,0.771000027656555,2
220,51630,0.06686618,1.357416E-5,0,-0.822684085277267,0.568080561335297,-0.0218030196184309,1,1,1,0,0,0,0,1237650794609049744,1,0,19.56159,17.5526,16.72162,16.26424,15.8928,0.026306,0.01362956,0.01347018,0.01663434,0.01761796,19.64626,17.62653,16.69635,16.26668,15.91596,0.02385661,0.003756345,0.00228096,0.002176546,0.004435768,17.65282,15.83977,14.93471,14.49908,14.1882,0.0439577,0.01006697,0.009097572,0.009487928,0.01067032,17.7262,15.75583,14.84658,14.4214,14.08334,0.01790376,0.0029524,0.002376341,0.00233503,0.003869155,17.62515,15.75978,14.84656,14.42413,14.16172,0.01787437,0.002952246,0.002376341,0.00233502,0.003865288,16.56245,0.02125355,0.8385347,257,24577,24577,24577,24577,24577,0.1183206,0.09219464,0.06377982,0.04739524,0.03525336,17.60788,15.66363,14.7828,14.37401,14.04809,0.0179999992251396,0.966000020503998,2
221,51630,0.02013125,6.666494E-6,0,-0.837097591994266,0.546900760637165,0.012929790868065,1,1,1,0,0,0,0,1237648722289950973,1,0,20.90574,19.42498,18.67109,18.39446,18.08011,0.06033079,0.01500567,0.01594003,0.01601022,0.02528718,20.88024,19.33174,18.57446,18.20554,17.89978,0.06527019,0.01041235,0.00763058,0.008335161,0.02006912,19.99696,17.63548,16.84514,16.48926,16.22243,0.2587519,0.01550861,0.0114896,0.0130687,0.0371374,18.98516,17.34394,16.56421,16.20214,15.89514,0.04924538,0.007224521,0.005405072,0.005936265,0.01396796,19.53498,17.44595,16.65787,16.30464,15.99964,0.04859635,0.007318518,0.00548767,0.006024943,0.01419039,29.18467,0.2071805,0.8312327,257,24577,24577,24577,24577,24577,0.6013108,0.4685373,0.3241319,0.2408648,0.1791591,18.38385,16.8754,16.24008,15.96128,15.71598,0.222000002861023,0.722000002861023,2
222,51633,0.1245503,2.25762E-5,0,-0.862549006811429,0.505837790526347,-0.0117192373489511,1,1,1,0,0,0,0,1237651800160206973,1,0,21.4291,19.38946,18.34146,17.97038,17.55537,0.1140828,0.01973037,0.01851749,0.01670981,0.01946566,21.46884,19.36335,18.28309,17.84406,17.46034,0.1314116,0.0116852,0.005944564,0.00650348,0.01201424,20.16276,18.06841,16.99067,16.58247,16.24639,0.3016274,0.02099802,0.01245684,0.01221819,0.03537782,20.132,18.06909,16.98032,16.54007,16.15417,0.09632003,0.009103904,0.005832203,0.005449981,0.01197006,19.7802,18.05652,16.9803,16.5826,16.23672,0.09505489,0.009103098,0.005832203,0.005448205,0.01196195,10.49474,0.06697952,0.8338776,257,1,1,1,1,1,0.1472228,0.114715,0.07935932,0.05897248,0.04386469,19.98478,17.95437,16.90096,16.48109,16.11031,0.108000002801418,0.851999998092651,2
223,53055,0.2398868,5.618819E-5,0,-0.968285564216616,0.142310576815696,0.205355218721349,1,1,1,0,0,0,0,1237661812269121683,1,0,20.45535,20.05641,19.41472,19.08228,18.92019,0.05801241,0.03099504,0.02533806,0.02135744,0.05777919,20.7569,20.28419,19.65508,19.2592,19.09098,0.06907978,0.02008644,0.01913712,0.01498708,0.06296534,20.08647,19.58999,18.93166,18.51355,18.58736,0.1249359,0.03406836,0.02996869,0.0322918,0.143532,20.06604,19.5847,18.92255,18.53895,18.36924,0.05899644,0.0167211,0.014658,0.01491757,0.04781654,20.09936,19.61064,18.93338,18.49135,18.39371,0.0581606,0.01668947,0.01466851,0.01490394,0.04773878,9.968582,0.2200114,0.7999498,257,1,24577,24577,24577,24577,0.1598731,0.1245721,0.08617838,0.06403977,0.04763383,19.90616,19.46013,18.83637,18.47491,18.3216,0.135000005364418,0.568000018596649,2
224,54266,0.1032566,9.512592E-6,0,-0.564950407851381,-0.810356632195557,0.155412886612508,1,1,1,0,0,0,0,1237662533285577062,1,0,21.54625,20.00248,19.24095,18.76244,18.2015,0.2262944,0.02377099,0.02216437,0.01895889,0.0321834,21.74652,20.14637,19.14724,18.5246,18.13571,0.2125495,0.01894929,0.01067702,0.008471636,0.0234562,20.51597,18.60867,17.71244,17.19675,16.9114,0.4248684,0.02435862,0.01817613,0.01511633,0.04498227,20.49024,18.63411,17.70359,17.12804,16.7788,0.1341922,0.01228275,0.008140432,0.007198056,0.01658487,20.53856,18.57182,17.70359,17.19825,16.8334,0.1726459,0.01225669,0.008140433,0.007179178,0.01670589,46.78611,0.5299851,0.838928,257,1,24577,24577,24577,24577,0.1733629,0.1350832,0.09344991,0.06944329,0.05165305,20.31687,18.49902,17.61014,17.0586,16.72714,0.741999983787537,0.225999996066093,1
225,54266,0.180445,3.426804E-5,0,-0.566916268743161,-0.810214754934378,0.148855618372159,1,1,1,0,0,0,0,1237662199897391564,1,0,22.78022,20.79529,19.83561,19.34943,18.9546,0.2390392,0.02739215,0.01851192,0.01944857,0.03606261,21.95471,20.48874,19.4473,18.9641,18.67001,0.1549056,0.02348082,0.01455075,0.01489475,0.03611144,19.63285,18.56774,17.64962,17.36037,17.30343,0.1643621,0.03038389,0.01744891,0.02707251,0.08608572,19.6133,18.14904,17.18125,16.75327,16.48341,0.09582371,0.01420769,0.009441996,0.01013063,0.02512353,19.65394,18.44237,17.45007,17.14936,16.97719,0.09079058,0.01391927,0.009753481,0.01033317,0.02548883,45.62289,0.6439548,0.9048674,257,24577,24577,24577,24577,24577,0.157553,0.1227642,0.0849277,0.06311038,0.04694253,19.45575,18.02627,17.09632,16.69016,16.43647,0.561999976634979,0.40599998831749,1
226,53137,0.07133746,1.800828E-5,0,-0.537203083805071,-0.829245025843089,0.154160740348562,1,1,1,0,0,0,0,1237662636374163672,1,0,20.48909,18.52875,17.62582,17.24104,16.84937,0.05001479,0.04407568,0.02942833,0.02637365,0.01969488,20.34922,18.36218,17.36605,16.90837,16.56269,0.04253173,0.03584736,0.02377011,0.01719747,0.01747514,17.64065,16.14219,15.36374,14.94698,14.66813,0.07001619,0.1073728,0.09063475,0.06881666,0.05096072,18.11432,16.21556,15.30283,14.86323,14.51647,0.02835766,0.003837717,0.003035366,0.002984568,0.005336215,17.22652,16.00198,15.30284,14.9207,14.69336,0.0274037,0.003819854,0.003035366,0.002984169,0.005319824,8.864978,0.01861553,0.955689,257,24577,24577,24577,24577,24577,0.1765063,0.1375325,0.09514436,0.07070246,0.05258964,17.93781,16.07802,15.20769,14.79252,14.46388,0.962000012397766,0.0280000008642673,1
227,53859,0.2222068,3.925643E-5,0,-0.518478773788428,-0.843089399223169,0.14275862863016,1,1,1,0,0,0,0,1237662635837948396,1,0,22.60169,20.26444,18.97954,18.36848,17.99386,0.2010961,0.02716813,0.01824421,0.02007367,0.02554516,22.6923,20.23531,18.80353,18.29572,17.89781,0.1969239,0.01548422,0.008877506,0.008204928,0.01893966,21.09609,19.06611,17.67576,17.18155,16.82553,0.4144315,0.0342699,0.01603509,0.01642142,0.03671756,21.62201,19.10102,17.67371,17.14625,16.76464,0.2416574,0.0150609,0.00720816,0.006731953,0.01446115,21.6707,19.10072,17.6737,17.16749,16.82013,0.2303722,0.01506134,0.007208159,0.006731214,0.0144531,6.284811,0.0464386,0.9597265,257,24577,24577,24577,24577,24577,0.1693431,0.131951,0.09128309,0.06783312,0.05045538,21.45266,18.96906,17.58243,17.07841,16.71418,0.0829999968409538,0.861000001430511,2
228,53228,0.1035936,1.357875E-5,0,-0.474597842878926,-0.865804929558655,0.158551920475923,1,1,1,0,0,0,0,1237662637986546182,1,0,21.81899,20.34804,19.66376,19.28098,18.76711,0.1060758,0.02259609,0.02050296,0.01937995,0.03235944,21.13029,19.78992,19.01537,18.60178,18.30723,0.08140352,0.01375582,0.01012291,0.01061064,0.0253052,19.01397,17.98179,17.34053,16.9622,16.80288,0.08218811,0.01409376,0.01206834,0.01376479,0.04096767,19.26748,17.99287,17.3038,16.92744,16.65544,0.04240189,0.008435057,0.006795005,0.006974041,0.01654449,18.95374,17.90752,17.3038,16.94272,16.69448,0.04133843,0.00840139,0.006795004,0.007006189,0.01678386,61.74754,0.5758034,0.963954,257,24577,24577,24577,24577,24577,0.2038395,0.1588304,0.1098781,0.08165122,0.0607335,19.06363,17.83404,17.19392,16.84579,16.59471,0.781000018119812,0.156000003218651,1
229,53137,0.01426534,1.216739E-5,0,-0.536565029399602,-0.830541637673063,0.149327014691754,1,1,1,0,0,0,0,1237661950813929492,1,0,19.37163,17.73661,17.29426,17.02696,16.48076,0.0312983,0.01080774,0.01361461,0.01715746,0.02006184,19.20513,17.75146,17.05134,16.69301,16.39632,0.02512386,0.005885138,0.004081036,0.003610239,0.006825201,15.64532,14.33871,13.7592,13.46918,13.24286,0.01320613,0.003688833,0.002536875,0.002178787,0.003731977,15.6825,14.45806,13.83428,13.5191,13.24422,0.006456212,0.002257055,0.002104183,0.002030784,0.002827144,15.52122,14.44151,13.8343,13.51123,13.227,0.006398533,0.002256066,0.002104183,0.002031253,0.002826532,359.6003,0.3067161,0.84056,257,24577,24705,24577,24577,24577,0.1649574,0.1285337,0.08891901,0.06607635,0.04914867,15.51755,14.32952,13.74537,13.45302,13.19507,0.916999995708466,0.0670000016689301,1
230,53137,0.04018098,8.563351E-6,0,-0.534299137672858,-0.828943191424537,0.165461829051123,1,1,1,0,0,0,0,1237662534360105294,1,0,19.18315,18.06114,17.50212,17.16208,16.74095,0.02832706,0.01564146,0.01419093,0.01570697,0.01871572,19.32554,18.10267,17.43447,17.01003,16.70725,0.02415102,0.004981332,0.003990874,0.003170107,0.007934864,16.92512,15.63413,15.0025,14.64348,14.45772,0.02753684,0.004597499,0.003714484,0.004132618,0.01105749,16.96847,15.69404,15.05946,14.70426,14.41284,0.01393696,0.00292664,0.002637191,0.002633953,0.005491258,16.81747,15.57812,14.94509,14.56875,14.27635,0.01446949,0.002985326,0.002678065,0.00266031,0.005571707,136.7194,0.2678129,0.8817241,257,1,24577,24577,24577,24577,0.2081039,0.1621532,0.1121768,0.08335939,0.06200407,16.76037,15.53189,14.94729,14.6209,14.35084,0.882000029087067,0.118000000715256,1
231,53137,0.2012933,1.308226E-5,0,-0.532697349877986,-0.827946222180281,0.175324232809876,1,1,1,0,0,0,0,1237662637984776578,1,0,21.59277,20.5326,19.82748,19.41957,19.09983,0.09052456,0.03006001,0.02301226,0.02017011,0.0516529,21.07349,20.01236,19.26581,18.8108,18.55915,0.07962807,0.0153283,0.01398369,0.01458873,0.02960944,19.56099,18.55741,17.8659,17.43952,17.32843,0.1022718,0.02067606,0.01935124,0.02138269,0.0549235,19.63837,18.54898,17.83616,17.41401,17.18494,0.05164948,0.01247169,0.008662959,0.00917609,0.02266039,19.49545,18.50556,17.83616,17.41228,17.25023,0.05252841,0.01246137,0.008662958,0.009271587,0.0226179,40.065,0.4654361,0.9515414,257,24577,24577,24577,24577,24577,0.2740066,0.2135041,0.1477011,0.1097578,0.08163962,19.36436,18.33547,17.68846,17.30426,17.1033,0.428999990224838,0.28600001335144,0
232,53137,0.3727829,9.105666E-5,0,-0.530518473147249,-0.829830667075941,0.173006397655724,1,1,1,0,0,0,0,1237662637984842292,1,0,23.37987,21.77156,20.08245,19.40527,18.94415,0.351124,0.1070931,0.03516501,0.02730197,0.03663998,23.1104,21.66257,19.91395,19.23404,18.79129,0.4234448,0.1366401,0.03036421,0.02135675,0.04203242,25.36266,20.6633,18.88373,18.25724,17.90065,3.700121,0.2750056,0.08150154,0.0596484,0.08878347,22.32873,20.65576,18.86899,18.18978,17.75595,0.3741984,0.04343201,0.01482089,0.01298509,0.02721123,22.7206,20.55175,18.86897,18.27624,17.83612,0.4583723,0.04415132,0.01482088,0.01295678,0.02839735,5.472495,0.1093009,0.9595226,257,24577,24577,24577,24577,24577,0.225223,0.1754922,0.1214047,0.0902167,0.06710465,22.10351,20.48026,18.74758,18.09956,17.68884,0.166999995708466,0.583000004291534,2
233,53859,0.1048984,2.642386E-5,0,-0.517172492418085,-0.842331632913615,0.15169058401611,1,1,1,0,0,0,0,1237662533823889456,1,0,21.49865,19.28942,18.26454,17.71816,17.19061,0.2383766,0.2802201,0.2163526,0.1728184,0.115055,21.30455,19.19872,18.06174,17.50576,17.05966,0.1994441,0.2988079,0.1940157,0.196965,0.1061642,19.24969,17.32674,16.32784,15.85603,15.49405,0.3293185,0.5510645,0.5007175,0.4457988,0.3336251,19.33098,17.15879,16.08908,15.5699,15.1565,0.08017349,0.006723217,0.004301492,0.00389756,0.008161901,19.10101,17.14244,16.18454,15.72064,15.37133,0.08222247,0.006843973,0.004366746,0.003923696,0.008119785,27.88657,0.1330907,0.8821804,257,1,24577,24577,24577,24577,0.2862484,0.2230428,0.1543,0.1146614,0.08528704,19.04473,16.93575,15.93478,15.45524,15.07121,0.203999996185303,0.444000005722046,0
234,53498,0.1052038,3.278684E-5,0,-0.454813499375438,-0.881256713871658,0.128574044977963,1,1,1,0,0,0,0,1237662199900733875,1,0,21.67459,19.60439,18.59093,18.17202,17.77883,0.1033684,0.01775865,0.01401907,0.0164312,0.02286154,21.63314,19.56321,18.54611,18.07946,17.70732,0.1254627,0.01251127,0.006124096,0.007609655,0.012172,20.30059,18.5851,17.60226,17.14334,16.84228,0.1571375,0.01968335,0.01273322,0.01291666,0.02703913,20.65829,18.59983,17.56637,17.10658,16.74942,0.09301218,0.01010789,0.006513883,0.006507808,0.01265271,20.45002,18.55278,17.56637,17.12655,16.81608,0.0920363,0.0101045,0.006513883,0.006504808,0.0126431,7.34753,0.04793002,0.8932819,257,24577,24577,24577,24577,24577,0.2112662,0.1646172,0.1138814,0.0846261,0.06294627,20.44703,18.43521,17.45249,17.02196,16.68648,0.0769999995827675,0.884999990463257,2
235,53119,0.09811175,2.886382E-5,0,-0.949074044202013,0.229922213676116,0.215393208528753,1,1,1,0,0,0,0,1237661813340635256,1,0,21.39454,19.31435,18.39827,17.96405,17.60014,0.1385,0.03038,0.01606543,0.01757248,0.03185118,21.74463,19.5051,18.54644,18.10196,17.75085,0.1592534,0.01173937,0.007821089,0.008243256,0.01891484,19.66962,17.68177,16.81745,16.39295,16.07337,0.187865,0.01385737,0.01015479,0.01187996,0.03154258,19.71254,17.75224,16.86689,16.42235,16.06365,0.07895632,0.007405186,0.005348039,0.005763638,0.01301518,19.41873,17.52962,16.68467,16.21797,15.82408,0.07716446,0.007540286,0.005436881,0.00584258,0.01316106,56.72697,0.3841409,0.7903078,257,1,24577,24577,24577,24577,0.07542697,0.05877218,0.04065832,0.03021349,0.02247328,19.63711,17.69347,16.82623,16.39214,16.04118,0.528999984264374,0.441000014543533,1
236,53062,0.4055645,9.785778E-5,0,-0.96656942858475,0.160971419451697,0.199578911323457,1,1,1,0,0,0,0,1237661949174612453,1,0,22.51129,21.87517,20.01751,19.39618,18.94425,0.3453506,0.08414312,0.02896634,0.02578025,0.05206536,22.64911,22.11218,20.2254,19.58524,19.18903,0.3431107,0.09588634,0.02829179,0.02310168,0.05582529,20.61068,20.8665,19.2495,18.62391,18.32549,6.37574,0.1610938,0.05198491,0.04753263,0.1243338,22.17536,21.10944,19.22171,18.57796,18.17312,0.4624512,0.07765362,0.02232211,0.01814972,0.04341247,21.05269,20.90045,19.22171,18.64189,18.31704,0.3684372,0.1027072,0.0226802,0.02027485,0.04311847,10.73265,0.3829786,0.800759,257,24577,24577,24577,24577,24577,0.1211722,0.09441654,0.06531692,0.04853747,0.03610296,22.05419,21.01503,19.15639,18.52942,18.13702,0.0970000028610229,0.741999983787537,2
237,53062,0.03741678,4.438936E-6,0,-0.965146442995778,0.163269158618592,0.204537344796923,1,1,1,0,0,0,0,1237661812268597362,1,0,19.79257,19.19481,18.90727,18.76475,18.57088,0.05585095,0.03143068,0.02541515,0.02225655,0.0479116,20.13873,19.28865,18.99528,18.78822,18.6095,0.0434076,0.01055013,0.01385021,0.01767565,0.04202091,17.93263,17.24803,17.0173,16.83396,16.75229,0.03916986,0.009960077,0.01437368,0.02517855,0.06435065,18.01371,17.18154,16.95366,16.76821,16.64411,0.02248367,0.005935082,0.006338392,0.00825483,0.02611521,17.88353,17.1595,16.95366,16.78702,16.69722,0.02233363,0.005933268,0.006338391,0.008253254,0.02607137,79.26013,0.7025571,0.7855479,257,1,24577,24577,24577,24577,0.1200856,0.09356987,0.0647312,0.04810222,0.03577922,17.89363,17.08797,16.88893,16.72011,16.60833,0.754999995231628,0.203999996185303,1
238,53055,0.08368192,2.203948E-5,0,-0.969279120127646,0.14007763232131,0.202178743214594,1,1,1,0,0,0,0,1237661949175136445,1,0,20.63457,19.05247,18.1124,17.62102,17.3918,0.07182379,0.0302011,0.01864825,0.03528929,0.02758381,21.01762,19.14046,18.25096,17.81262,17.47921,0.08920278,0.008653137,0.006085472,0.005595597,0.01380973,18.9563,17.20582,16.28308,15.88515,15.57844,0.1476352,0.01350245,0.009840036,0.009468461,0.02477658,18.81795,16.9817,16.05126,15.6382,15.31592,0.05983315,0.006313868,0.004484489,0.004392444,0.009438449,18.67796,17.0256,16.10351,15.71211,15.37399,0.05960223,0.006368876,0.004527326,0.004400004,0.009435611,36.11785,0.1939514,0.7980132,257,24577,24577,24577,24577,24577,0.1801787,0.140394,0.09712395,0.07217351,0.05368383,18.63777,16.8413,15.95414,15.56603,15.26223,0.0590000003576279,0.940999984741211,2
239,53055,0.2132661,4.586902E-5,0,-0.96921942766434,0.141663168051525,0.201358505794058,1,1,1,0,0,0,0,1237661949175136460,1,0,21.71565,20.2856,18.93056,18.35332,18.14911,0.1880949,0.03806045,0.02290538,0.03760454,0.03627874,22.16768,20.29517,18.96383,18.46127,18.09106,0.2314364,0.02340126,0.0140561,0.01445912,0.02613343,20.35269,18.86718,17.43073,16.96797,16.67277,0.3557028,0.04961529,0.02837996,0.02779916,0.05295956,20.2122,18.49885,17.12158,16.62768,16.27816,0.1640772,0.016368,0.007992992,0.00740728,0.01707012,19.00093,18.7387,17.32351,16.94141,16.6186,0.1545932,0.01671048,0.008173103,0.007507724,0.01734039,32.31682,0.359253,0.7980132,257,24577,24577,24577,24577,24577,0.1831673,0.1427227,0.09873492,0.07337063,0.05457427,20.02903,18.35613,17.02284,16.55431,16.22359,0.0179999992251396,0.50900000333786,2
240,53055,0.16393,3.932152E-5,0,-0.967620110276096,0.140310309178326,0.209819778208727,1,1,1,0,0,0,0,1237661949712007300,1,0,21.5216,19.80204,18.55884,18.03081,17.73794,0.1537499,0.02300628,0.02241218,0.0226579,0.02949092,21.90408,20.01018,18.77707,18.29848,17.95559,0.1846703,0.01695585,0.009128789,0.007238265,0.01781246,20.91402,18.85841,17.64907,17.17614,16.85973,0.4232613,0.03088422,0.01858068,0.0170086,0.04078043,20.69101,18.86738,17.5998,17.10928,16.76512,0.1477115,0.01361353,0.007553339,0.006960699,0.01692827,20.99749,18.82906,17.59976,17.14484,16.86374,0.1960613,0.01361112,0.00755334,0.006959418,0.01690914,12.90462,0.1215404,0.8003241,257,24577,24577,24577,24577,24577,0.1624161,0.1265535,0.08754913,0.06505839,0.04839148,20.52859,18.74083,17.51225,17.04422,16.71673,0.0540000014007092,0.837999999523163,2
241,51630,0.1451567,3.150894E-5,0,-0.826866531388228,0.562393300566492,-0.00234835004383258,1,1,1,0,0,0,0,1237648721215750320,1,0,22.13964,19.85983,18.77699,18.32481,17.94047,0.1651546,0.02630771,0.01911491,0.02166428,0.02368577,22.28276,19.98482,18.77699,18.2738,17.88545,0.2104422,0.01661792,0.008707899,0.008326874,0.01633581,20.5991,18.9152,17.74915,17.27076,16.97278,0.2217583,0.02655779,0.0146825,0.01423497,0.04144578,21.04931,18.858,17.68032,17.1676,16.77431,0.1426063,0.01315579,0.007188413,0.006900321,0.01646899,19.94684,18.79953,17.68029,17.21025,16.90458,0.1312061,0.01439523,0.007188412,0.006897644,0.01642421,8.96257,0.07466312,0.850709,257,24577,24577,24577,24577,24577,0.298442,0.232544,0.1608728,0.1195458,0.08892009,20.75087,18.62545,17.51945,17.04806,16.68539,0.0500000007450581,0.899999976158142,2
242,51630,0.1467894,4.208303E-5,0,-0.822958835413492,0.567972515145759,-0.0120821046953741,1,1,1,0,0,0,0,1237650795145920732,1,0,21.70964,19.86538,18.8131,18.35233,17.93031,0.136774,0.02116336,0.02176542,0.02059072,0.0254858,21.79001,19.94228,18.7936,18.29788,17.9034,0.1483678,0.01649329,0.0147467,0.01392332,0.01785714,20.27473,18.71491,17.59996,17.09608,16.7412,0.196078,0.03002995,0.02539617,0.02464947,0.037594,20.32542,18.55639,17.42353,16.91836,16.56041,0.1042729,0.01176201,0.007055824,0.006293607,0.01412727,19.9721,18.57533,17.48987,16.94878,16.58459,0.101457,0.01187459,0.007112764,0.006339704,0.01422294,16.65022,0.1457085,0.8390129,257,24577,24577,24577,24577,24577,0.236591,0.1843501,0.1275325,0.09477035,0.07049173,20.08883,18.37203,17.296,16.82359,16.48992,0.0970000028610229,0.726000010967255,2
243,51630,0.08816301,2.289338E-5,0,-0.823393732404484,0.56708684599673,-0.0208631381746179,1,1,1,0,0,0,0,1237650794609049814,1,0,21.36581,19.23718,18.31725,17.86633,17.50777,0.09514105,0.016133,0.01455653,0.01745626,0.02163234,21.4184,19.34757,18.3668,17.93224,17.59829,0.0996233,0.01026802,0.005707405,0.00635462,0.01490461,20.18404,18.30371,17.36606,16.95488,16.59872,0.1454955,0.01392044,0.009138947,0.009169548,0.02395415,20.2838,18.18342,17.24123,16.80253,16.48524,0.07957469,0.008273422,0.005669928,0.005507444,0.0120979,19.88869,18.17433,17.25847,16.84319,16.46024,0.07905941,0.008299196,0.005682992,0.005515737,0.01209498,11.29107,0.06666454,0.8385347,257,24577,24577,24577,24577,24577,0.1231006,0.09591912,0.06635641,0.04930992,0.03667752,20.1607,18.0875,17.17488,16.75322,16.44856,0.125,0.75,2
244,51633,0.08995679,1.962687E-5,0,-0.868932953460428,0.494919523521895,-0.00319180629077541,1,1,1,0,0,0,0,1237648721217716546,1,0,20.37077,18.51381,17.60017,17.22309,16.79586,0.04280763,0.01468815,0.01737679,0.02009787,0.02346072,20.31319,18.47634,17.53523,17.07482,16.72375,0.04169175,0.006005117,0.00335335,0.003783602,0.009070482,18.94499,17.25798,16.35983,15.94359,15.61785,0.05887103,0.01311287,0.01164133,0.01111465,0.01918417,19.03924,17.2045,16.2881,15.84864,15.48375,0.0305906,0.004866686,0.003648712,0.003690202,0.007301502,18.80226,17.13276,16.2881,15.87828,15.57076,0.03092145,0.004861518,0.003648712,0.003689011,0.007291603,11.55763,0.0319188,0.8684245,257,24577,24577,24577,24577,24577,0.1571618,0.1224594,0.08471683,0.06295369,0.04682598,18.88208,17.08204,16.20338,15.78568,15.43692,0.416999995708466,0.541999995708466,2
245,51633,0.03282471,1.049641E-5,0,-0.862055428349931,0.506678480406205,-0.0117198952928907,1,1,1,0,0,0,0,1237651800160141504,1,0,21.3082,20.32682,19.88011,19.74183,19.55229,0.1028252,0.02781089,0.02469029,0.02655244,0.06882048,21.11083,20.01396,19.46474,19.20924,19.10111,0.09745982,0.01868533,0.01485158,0.01838234,0.06134202,19.03903,17.88474,17.49699,17.31415,17.24715,0.1222887,0.02018701,0.0184431,0.02685195,0.09930167,19.13231,17.94778,17.4581,17.23645,17.17107,0.05893254,0.01108928,0.01040716,0.01218861,0.0398541,19.00404,17.84144,17.4539,17.28752,17.23539,0.06512837,0.01105356,0.01042848,0.01217378,0.04450432,82.73333,1.289969,0.8360437,257,1,1,1,1,1,0.1491757,0.1162367,0.080412,0.05975473,0.04444654,18.98314,17.83155,17.37769,17.17669,17.12662,0.559000015258789,0.425999999046326,1
246,51910,0.1542214,4.893799E-5,0,-0.881162389709133,0.472799316398161,-0.00369450612674939,1,1,1,0,0,0,0,1237651800697995453,1,0,22.28624,20.23042,19.25241,18.80865,18.4103,0.2391392,0.02280333,0.02187775,0.01762524,0.03574168,22.30034,20.21757,19.09645,18.67086,18.33672,0.22785,0.02125726,0.01226579,0.01209025,0.03419731,21.37544,18.95939,17.90496,17.47981,17.27149,0.6313892,0.03299121,0.02238511,0.02156381,0.0686664,21.02074,18.90685,17.7837,17.36131,17.03649,0.2026701,0.01612246,0.009382467,0.009341232,0.02580446,21.05034,18.7968,17.78367,17.38399,17.19821,0.1939955,0.01610443,0.009382466,0.01019759,0.0302364,10.63364,0.1341008,0.8510704,257,1,1,1,1,1,0.1436292,0.1119149,0.07742222,0.05753301,0.04279399,20.87711,18.79494,17.70628,17.30377,16.99369,0.165999993681908,0.759999990463257,2
247,53055,0.1642727,2.753121E-5,0,-0.967969619761316,0.141522596365933,0.207379290038756,1,1,1,0,0,0,0,1237661949712007252,1,0,21.12818,19.35753,18.1461,17.59009,17.34138,0.1113958,0.02039166,0.02183901,0.02234802,0.02765638,21.4278,19.49331,18.31938,17.85569,17.49516,0.1216414,0.01088771,0.006967291,0.005899026,0.01531206,19.70627,18.19569,17.00006,16.53232,16.13898,0.1606377,0.0188378,0.01081854,0.01010542,0.02480682,19.94366,18.05166,16.83113,16.37456,15.98996,0.09586387,0.008995461,0.005363298,0.005086268,0.01147066,19.28753,18.05774,16.83115,16.40969,16.00896,0.0935677,0.008993919,0.005363298,0.00508579,0.01146438,17.63764,0.1078823,0.8003241,257,24577,24577,24577,24577,24577,0.1610026,0.1254522,0.08678722,0.06449221,0.04797035,19.78265,17.92621,16.74435,16.31007,15.94199,0.0799999982118607,0.839999973773956,2
248,51630,0.1314801,4.511572E-5,0,-0.837898257729675,0.545800238732985,-0.00534874682438306,1,1,1,0,0,0,0,1237650795683446969,1,0,21.57206,20.31439,19.19846,18.70304,18.31265,0.1092059,0.02419434,0.01460851,0.01640457,0.02842967,21.62192,20.15023,19.05173,18.52746,18.13698,0.1205824,0.0181621,0.009700862,0.008475364,0.02405588,20.30357,18.51608,17.4264,16.90854,16.52397,0.2612209,0.025962,0.0145043,0.01337351,0.03742409,20.12538,18.55888,17.48915,16.98688,16.61643,0.08740675,0.01168983,0.007244593,0.006708895,0.01703109,19.98671,18.48805,17.33344,16.80135,16.33425,0.08815362,0.01180672,0.007431975,0.006855692,0.01724315,38.63614,0.4055156,0.8432845,257,16385,24577,24577,24577,24577,0.5821639,0.4536181,0.3138109,0.2331952,0.1734544,19.54321,18.10526,17.17534,16.75369,16.44298,0.219999998807907,0.759999990463257,2
249,51630,0.1640542,2.82254E-5,0,-0.826280230330363,0.563184106884877,-0.00920014768828847,1,1,1,0,0,0,0,1237648720678879348,1,0,21.5872,19.79051,18.59437,18.14538,17.8244,0.1221746,0.02171352,0.01397252,0.01697629,0.02243835,21.88532,19.88764,18.67596,18.19612,17.82879,0.155648,0.01579237,0.006963538,0.007732769,0.01489545,21.11193,18.88234,17.75592,17.28679,16.93171,0.3089326,0.0236973,0.01478463,0.01370841,0.03283364,20.91039,18.87358,17.68516,17.19018,16.83731,0.1292965,0.01258768,0.007084699,0.006571461,0.01491774,21.25243,18.70722,17.6852,17.21609,16.87876,0.1255749,0.0125473,0.007084698,0.006567399,0.01613663,8.800572,0.06951315,0.8261977,257,24577,24577,24577,24577,24577,0.2461181,0.1917736,0.1326681,0.0985866,0.07333032,20.66427,18.6818,17.55249,17.09159,16.76398,0.0560000017285347,0.861000001430511,2
250,51633,0.2033384,3.251447E-5,0,-0.863134805170751,0.504617991593958,-0.0189470489134594,1,1,1,0,0,0,0,1237651799623336108,1,0,22.05583,20.01949,18.70966,18.1986,17.81137,0.2289884,0.02471535,0.01544318,0.01670282,0.0251153,22.08033,20.01171,18.67779,18.1524,17.79473,0.2360423,0.01571781,0.009438688,0.007003988,0.02095581,21.36494,18.71766,17.38441,16.90861,16.54376,0.7411602,0.03622949,0.02064772,0.01737208,0.04271162,20.84692,18.67612,17.34348,16.81792,16.4754,0.1703695,0.01433483,0.00729149,0.006759023,0.01577337,21.07324,18.67189,17.34348,16.85933,16.53071,0.1708799,0.01433575,0.00729149,0.006756816,0.0157681,10.76904,0.09868656,0.8281288,257,1,1,1,1,1,0.1593888,0.1241946,0.08591727,0.06384574,0.0474895,20.68753,18.55193,17.25757,16.75407,16.42791,0.0,0.935000002384186,2
251,51633,0.1650687,3.466252E-5,0,-0.862388065653313,0.505818253770634,-0.0208499009869033,1,1,1,0,0,0,0,1237654668661686382,1,0,21.50558,19.60456,18.53484,18.06759,17.5796,0.12865,0.02348584,0.0141209,0.01759312,0.02140369,21.62364,19.78153,18.56832,18.08927,17.70875,0.1455047,0.01354113,0.008324881,0.006402878,0.01963823,20.33827,18.96417,17.67004,17.19495,16.85764,0.2049011,0.02756592,0.01610368,0.01642059,0.03577901,20.84588,18.89884,17.67985,17.19647,16.83794,0.1282742,0.01298924,0.007066437,0.006878191,0.01589163,19.71206,18.93075,17.67985,17.1958,16.88786,0.1247894,0.01471567,0.007066437,0.006879198,0.01588579,6.730062,0.05099128,0.8389437,257,1,1,8193,24577,24577,0.1633696,0.1272965,0.08806314,0.06544035,0.0486756,20.68251,18.77154,17.59179,17.13103,16.78926,0.0879999995231628,0.794000029563904,2
252,51633,0.09226476,2.090281E-5,0,-0.868340131308614,0.495953516397519,-0.00394029591218474,1,1,1,0,0,0,0,1237651800697340087,1,0,21.4568,19.29239,18.43467,17.90843,17.39351,0.1125961,0.01983326,0.01823677,0.01593492,0.02769689,21.17575,19.17531,18.03119,17.48549,17.0781,0.1034442,0.01340041,0.01068956,0.009753826,0.01365759,19.73351,17.6674,16.55021,16.03121,15.72331,0.1892881,0.0215245,0.01914666,0.01806695,0.02439551,19.54036,17.39617,16.28024,15.75488,15.36571,0.07998786,0.007265968,0.004558832,0.004253102,0.009589794,19.54558,17.5376,16.39908,15.87191,15.56695,0.09125768,0.007404709,0.004634852,0.004299436,0.009612584,20.05877,0.09768,0.8713663,257,1,1,1,1,1,0.1582902,0.1233386,0.08532508,0.06340569,0.04716218,19.38207,17.27283,16.19492,15.69147,15.31855,0.0329999998211861,0.933000028133392,2
253,53859,0.04294638,4.892486E-6,0,-0.521387908440195,-0.842785204983788,0.133670292858184,1,1,1,0,0,0,0,1237662199361962243,1,0,20.32498,19.60878,19.59608,19.49246,19.43014,0.0446503,0.01675792,0.02025818,0.02089152,0.05676081,20.21185,19.40846,19.23537,19.02096,18.9369,0.03742908,0.01061096,0.01061467,0.01420281,0.0522692,18.88672,17.99125,17.70371,17.49985,17.40492,0.09065218,0.01715097,0.0195672,0.02541095,0.1030699,18.97715,18.04678,17.78452,17.55849,17.45904,0.03448153,0.007584313,0.008810422,0.009929784,0.03907962,18.898,17.89326,17.6114,17.41109,17.31503,0.03265625,0.007659806,0.009015054,0.01019657,0.03956099,47.32363,0.6615089,0.9097686,257,24577,24577,24577,24577,24577,0.1840129,0.1433816,0.09919075,0.07370935,0.05482622,18.79314,17.9034,17.68533,17.48478,17.40421,0.711000025272369,0.263000011444092,1
254,53062,0.1248029,2.051726E-5,0,-0.967366876663517,0.164078635749928,0.193079069877381,1,1,1,0,0,0,0,1237661948637675661,1,0,20.89296,19.17881,18.43644,18.11986,17.86577,0.08635475,0.02635371,0.0249674,0.02163936,0.028675,21.20502,19.43979,18.5972,18.26034,18.05532,0.09311116,0.01057795,0.008047053,0.008230625,0.02181291,20.30388,18.62909,17.7783,17.40763,17.2706,0.1474083,0.01637073,0.01122908,0.01177086,0.03689482,20.23933,18.50371,17.65396,17.31989,17.10614,0.07690042,0.009940402,0.006931193,0.007025591,0.01774973,19.96072,18.52991,17.68577,17.33894,17.18176,0.07617798,0.009951422,0.006948153,0.007038937,0.01778827,11.6885,0.09132526,0.8085079,257,24577,24577,24577,24577,24577,0.1168597,0.09105625,0.0629923,0.04681002,0.03481806,20.12247,18.41265,17.59096,17.27308,17.07133,0.187999993562698,0.688000023365021,2
255,53062,0.2388788,4.174538E-5,0,-0.964459198185989,0.160914442087674,0.20958291285802,1,1,1,0,0,0,0,1237661949711483009,1,0,21.95011,19.64453,18.32318,17.79878,17.3733,0.2109027,0.02367186,0.0245652,0.01714863,0.02808118,22.2345,19.87178,18.41384,17.9141,17.5239,0.2418848,0.01490928,0.007526943,0.005941716,0.01566042,19.57868,18.39147,17.05868,16.55699,16.21176,0.1635536,0.02454255,0.01291971,0.01255934,0.02994953,20.56468,18.38659,16.96281,16.44473,16.07163,0.1581428,0.01155704,0.005684688,0.005192828,0.01206051,18.34398,18.23946,16.96281,16.48756,16.15551,0.1332143,0.01153374,0.005684688,0.005191221,0.01204667,15.74037,0.1031532,0.80844,257,24577,24577,24577,24577,24577,0.1267909,0.09879457,0.06834563,0.05078812,0.03777703,20.43789,18.28779,16.89446,16.39394,16.03385,0.0850000008940697,0.830999970436096,2
256,53062,0.336333,8.054599E-5,0,-0.965771525033871,0.169740338393346,0.196146830093843,1,1,1,0,0,0,0,1237661811731595408,1,0,22.04251,21.30594,19.50066,18.95943,18.57625,0.2642127,0.05568292,0.0289912,0.02628117,0.04406388,22.49542,21.62227,19.85073,19.22301,18.81404,0.3018554,0.06133198,0.02119185,0.01981528,0.04671468,20.47814,20.34155,18.80339,18.243,17.7648,0.3661071,0.1196857,0.04421248,0.05839638,0.1121345,21.60783,20.53548,18.77683,18.14537,17.74777,0.3213074,0.0490292,0.01819557,0.01557162,0.0376514,21.78988,20.44246,18.77683,18.28996,17.87126,0.3018833,0.04900515,0.02000341,0.01553431,0.03999275,16.9583,0.4909495,0.7578782,257,1,24577,24577,24577,24577,0.09820595,0.07652141,0.05293716,0.03933798,0.02926023,21.50963,20.45896,18.7239,18.10604,17.71851,0.0850000008940697,0.66100001335144,2
257,53055,0.1725933,3.698449E-5,0,-0.969879638840427,0.136268164377806,0.20190213852227,1,1,1,0,0,0,0,1237661949175267379,1,0,22.01859,19.75595,18.57863,18.09968,17.78298,0.208082,0.02418238,0.03080081,0.02754219,0.03315243,22.64553,20.05315,18.85641,18.32235,17.92314,0.2154987,0.01789908,0.009847037,0.007531681,0.01941966,21.32645,18.85419,17.67156,17.16632,16.86263,0.6753986,0.03291016,0.01783978,0.01800342,0.04173394,21.30356,18.82615,17.61796,17.09376,16.68744,0.2577721,0.01457576,0.008053999,0.007170574,0.01496698,20.91467,18.82114,17.61798,17.14601,16.82324,0.2072359,0.01457405,0.008053999,0.00716675,0.01493916,16.56839,0.1743933,0.7791697,257,24577,24577,24577,24577,24577,0.1826293,0.1423035,0.09844489,0.07315511,0.05441396,21.12094,18.68385,17.51952,17.0206,16.63303,0.14300000667572,0.78600001335144,2
258,53055,0.1012307,2.531253E-5,0,-0.971901513093359,0.136977268808351,0.191427993450918,1,1,1,0,0,0,0,1237661811195510829,1,0,21.16447,19.21264,18.1888,17.82216,17.45407,0.1099145,0.02985877,0.02606026,0.02837025,0.02206895,21.33312,19.4034,18.37155,17.93134,17.54023,0.1085121,0.01939258,0.02251991,0.02126092,0.01789918,20.70395,18.14113,17.24754,16.82248,16.54585,0.4082711,0.04294588,0.05807002,0.06035179,0.04080069,20.32322,18.16591,17.17328,16.73251,16.36466,0.1015116,0.008903032,0.005959442,0.005903568,0.01303685,20.64364,18.02882,17.17329,16.75295,16.57354,0.1102947,0.008881901,0.005959443,0.005901851,0.01297097,13.62987,0.09141544,0.7969288,257,1,24577,24577,24577,24577,0.1664331,0.1296835,0.08971445,0.06666745,0.04958833,20.15678,18.03622,17.08356,16.66584,16.31507,0.0590000003576279,0.764999985694885,2
259,54266,0.04273734,1.406306E-5,0,-0.565501234984606,-0.809936050834865,0.155601885557044,1,1,1,0,0,0,0,1237662200434262239,1,0,20.5577,19.06804,18.45317,18.06703,17.74164,0.05285316,0.01568992,0.01476728,0.01752244,0.02432113,20.45752,19.00515,18.2974,17.92823,17.66486,0.0538591,0.008095908,0.006500462,0.006791708,0.01665085,19.5881,18.02328,17.27663,16.92108,16.67017,0.09474655,0.01008987,0.008760414,0.009527953,0.02652614,19.32564,17.85212,17.13867,16.76758,16.50977,0.04181276,0.006640032,0.0054918,0.005742237,0.01301885,19.49712,17.96031,17.20618,16.85547,16.59221,0.04380323,0.006686326,0.005536051,0.005791183,0.01312977,11.02745,0.05829308,0.879692,257,24577,24577,24577,24577,24577,0.1703424,0.1327297,0.09182177,0.06823342,0.05075312,19.1553,17.71939,17.04685,16.69935,16.45902,0.151999995112419,0.697000026702881,2
260,54266,0.07288884,8.583725E-6,0,-0.568917052145279,-0.808918848587714,0.148268958915387,1,1,1,0,0,0,0,1237661950276075877,1,0,19.76993,18.36913,17.90644,17.51068,17.11198,0.03831948,0.01789206,0.01666495,0.0345359,0.02085733,19.67487,18.4463,17.79908,17.36483,17.12787,0.03504201,0.007483288,0.005267186,0.005178466,0.0119277,18.0416,16.89991,16.35237,15.96502,15.81573,0.04413313,0.009812015,0.009380356,0.007928264,0.01995101,17.89084,16.71817,16.14808,15.7354,15.51045,0.02153734,0.004285282,0.003856395,0.003632178,0.008501069,17.97914,16.84669,16.26147,15.87018,15.64437,0.02043916,0.004209971,0.003886427,0.003659728,0.008538563,30.14773,0.1030981,0.8692678,257,24577,24577,24577,24577,24577,0.1500701,0.1169336,0.08089413,0.06011301,0.04471304,17.74077,16.60123,16.06719,15.67529,15.46573,0.470999985933304,0.324000000953674,0
261,54266,0.07905385,7.005308E-6,0,-0.570341331023157,-0.807984539091827,0.147891009582402,1,1,1,0,0,0,0,1237661950276010365,1,0,20.50845,18.96226,18.62432,18.24698,17.91421,0.06380523,0.01782363,0.0142889,0.01845984,0.02819138,20.2884,18.96811,18.2852,17.86804,17.63559,0.05373442,0.008084077,0.005916913,0.005899622,0.01457017,18.59187,17.34726,16.78691,16.4624,16.28863,0.06359275,0.008024278,0.007332867,0.007201578,0.02619965,18.68301,17.38505,16.79217,16.40658,16.18796,0.03718888,0.005371502,0.004766647,0.004473684,0.01191339,18.51451,17.30608,16.74887,16.4293,16.20569,0.0367284,0.005354723,0.004825376,0.004509037,0.0120968,34.61951,0.1756973,0.8790305,257,24577,24577,24577,24577,24577,0.1570161,0.1223459,0.08463831,0.06289534,0.04678257,18.52599,17.2627,16.70753,16.34369,16.14117,0.328999996185303,0.607999980449677,2
262,54266,0.1772832,2.135866E-5,0,-0.570449221488284,-0.806310343661703,0.156369163864096,1,1,1,0,0,0,0,1237661950812815808,1,0,20.95032,19.50293,19.13472,18.71137,18.37215,0.07779973,0.02496001,0.02056951,0.02162682,0.03326923,20.71139,19.54416,18.83997,18.44546,18.18099,0.06118256,0.01785293,0.01457091,0.01466345,0.02009952,19.68819,18.46221,17.76852,17.42589,17.22609,0.1202995,0.03204229,0.02837817,0.02721608,0.04457138,19.74473,18.49296,17.81069,17.42345,17.16986,0.05798017,0.009778228,0.007528975,0.007590729,0.01728637,19.73516,18.37593,17.71219,17.34244,17.1049,0.06764951,0.009882885,0.007635664,0.007685774,0.01751857,20.26563,0.19613,0.8705383,257,24577,24577,24577,24577,24577,0.1592929,0.1241199,0.08586559,0.06380733,0.04746093,19.58544,18.36884,17.72482,17.35964,17.1224,0.75900000333786,0.0689999982714653,1
263,53137,0.07159984,3.251655E-5,0,-0.533767942135706,-0.830480179236202,0.159356379991574,1,1,1,0,0,0,0,1237662636911100274,1,0,21.94562,20.10453,19.58351,19.21003,18.81219,0.1450688,0.02338975,0.02060371,0.02643392,0.03433469,21.38499,19.77023,18.97755,18.56856,18.27467,0.0970359,0.01341258,0.01007583,0.009853079,0.02708249,19.91006,18.54511,17.74675,17.38599,17.14074,0.1406273,0.0219161,0.02544098,0.02045745,0.04891519,20.19986,18.56642,17.78913,17.41244,17.10792,0.07073543,0.009663197,0.007858617,0.007779136,0.01908661,19.92873,18.56209,17.75418,17.38239,17.05663,0.06933039,0.009661978,0.007929917,0.007872162,0.01942059,29.79826,0.2569921,0.9893786,257,24577,24577,24577,24577,24577,0.1835547,0.1430246,0.09894375,0.07352581,0.05468969,20.0163,18.42339,17.69018,17.33891,17.05323,0.680000007152557,0.280000001192093,1
264,53859,0.1041893,1.779881E-5,0,-0.510855838583905,-0.849685799980545,0.130615288141,1,1,1,0,0,0,0,1237662199362290122,1,0,22.01119,20.67724,20.00873,19.58268,19.16226,0.149096,0.02523499,0.02616399,0.02227999,0.04838046,21.68334,20.25466,19.49091,19.06677,18.78148,0.1445037,0.01782577,0.01636136,0.01651478,0.04731919,19.67393,18.19442,17.59633,17.26211,17.07329,0.1796652,0.02076117,0.01856638,0.02363266,0.0784695,19.58534,18.20465,17.56779,17.19391,16.95425,0.07672571,0.01116524,0.009172421,0.009266216,0.02909704,19.28997,18.13564,17.53656,17.15671,16.87002,0.07385801,0.01112461,0.009280229,0.00950051,0.02983326,79.64293,1.202439,0.9319497,257,24577,24577,24577,24577,24577,0.1581068,0.1231957,0.08522624,0.06333222,0.04710754,19.42723,18.08146,17.48256,17.13058,16.90714,0.648999989032745,0.188999995589256,1
265,51910,0.09362166,7.318881E-6,0,-0.881534135406361,0.472026301591136,-0.00942012311775429,1,1,1,0,0,0,0,1237648720681500944,1,0,20.9194,19.59522,18.86774,18.36906,18.00156,0.06292787,0.02110851,0.01761487,0.01707957,0.02175837,20.87525,19.43676,18.65751,18.17082,17.81632,0.06517984,0.01117229,0.008259304,0.007533323,0.01866545,19.54599,18.09021,17.32714,16.89277,16.61917,0.1556614,0.0159966,0.01983862,0.01877836,0.04086819,19.56833,18.14698,17.4036,16.92645,16.62044,0.0453907,0.007931856,0.006196531,0.005839103,0.01385553,19.46965,17.99818,17.25663,16.77808,16.4631,0.04514077,0.008028464,0.006288036,0.005899537,0.01386021,32.0643,0.2383193,0.8624245,257,24577,24577,24577,24577,24577,0.1324688,0.1032188,0.07140627,0.05306251,0.03946876,19.43586,18.04376,17.3322,16.87339,16.58097,0.773999989032745,0.160999998450279,1
266,54266,0.1037483,2.117652E-5,0,-0.564537600918803,-0.811682323852589,0.149896972264626,1,1,1,0,0,0,0,1237662199897456816,1,0,21.1523,19.23386,18.41654,18.01295,17.56962,0.06929854,0.01449239,0.01280472,0.01530744,0.01800303,21.05053,19.16888,18.20714,17.7903,17.42879,0.07659653,0.009381768,0.006222965,0.006471531,0.01352749,19.69514,18.01188,17.04095,16.61981,16.24229,0.1133403,0.01384827,0.01017367,0.0112043,0.02288475,19.75844,17.89058,16.92755,16.50928,16.14361,0.05659335,0.007280164,0.005096852,0.005278045,0.01030807,19.6901,17.91287,16.9512,16.52021,16.1502,0.05594618,0.00730866,0.005116221,0.005287842,0.01031602,11.00677,0.05406198,0.9061737,257,24577,24577,24577,24577,24577,0.1576517,0.1228411,0.08498093,0.06314994,0.04697195,19.60079,17.76774,16.84257,16.44613,16.09664,0.158999994397163,0.785000026226044,2
267,54266,0.1054728,1.674883E-5,0,-0.56332357015544,-0.813469139132668,0.144687646280131,1,1,1,0,0,0,0,1237661950276272365,1,0,20.66269,19.67814,19.26245,18.97212,18.50082,0.07469033,0.02034309,0.01897114,0.02491582,0.03839947,20.797,19.6837,19.04424,18.66809,18.40793,0.07991523,0.01295083,0.01087101,0.0101757,0.03036254,19.42657,18.27478,17.67065,17.32085,17.11596,0.1164523,0.01553906,0.01376653,0.01342714,0.04783116,19.41176,18.26283,17.65802,17.29785,17.03647,0.05722763,0.0088684,0.007717723,0.007364696,0.02164645,19.34368,18.23095,17.61195,17.23361,17.01902,0.06997158,0.008863902,0.007810438,0.007509972,0.02195785,31.56656,0.3218263,0.871758,257,24577,24577,24577,24577,24577,0.1920195,0.1496203,0.1035066,0.07691652,0.05721176,19.21974,18.11321,17.55451,17.22093,16.97926,0.43299999833107,0.467000007629395,0
268,53137,0.1049882,2.914953E-5,0,-0.538471495789295,-0.828550203896236,0.153469892310985,1,1,1,0,0,0,0,1237662636374163835,1,0,21.29675,19.29571,18.41617,18.02975,17.65102,0.08226719,0.02391772,0.01579377,0.01874013,0.018143,21.26623,19.28083,18.33301,17.90805,17.5711,0.100302,0.009913732,0.00664908,0.00493646,0.01456278,20.81813,18.58783,17.62132,17.20866,16.87693,0.2298633,0.01433222,0.01157542,0.01240368,0.02184546,20.5243,18.51331,17.54665,17.12821,16.78578,0.0757502,0.008387594,0.005999684,0.005869571,0.01146061,20.62836,18.51507,17.55214,17.14826,16.82932,0.07564395,0.00838677,0.006004175,0.005868907,0.0114547,5.585968,0.02687234,0.955689,257,24577,24577,24577,24577,24577,0.1795357,0.139893,0.09677735,0.07191595,0.05349225,20.34477,18.37341,17.44987,17.05629,16.73228,0.115000002086163,0.768999993801117,2
269,53137,0.05135702,1.476586E-5,0,-0.538842332306184,-0.827695756374006,0.156743981687639,1,1,1,0,0,0,0,1237662533823169006,1,0,19.68319,17.63841,16.80902,16.5024,15.981,0.03453009,0.01854248,0.01542917,0.02101838,0.01338137,19.75705,17.70425,16.8025,16.36026,15.99219,0.03424459,0.003686421,0.002819127,0.002208734,0.00485573,18.48129,16.57847,15.67905,15.24774,14.9047,0.04445992,0.01217127,0.01121267,0.01102493,0.01370872,18.51024,16.48677,15.57842,15.14154,14.77922,0.0257387,0.003592124,0.002878438,0.002816971,0.004756093,18.30961,16.48407,15.58515,15.1547,14.80524,0.0257709,0.003597394,0.002882665,0.002822233,0.004756276,12.49999,0.01732054,0.8571368,257,1,24577,24577,24577,24577,0.1685993,0.1313714,0.09088213,0.06753516,0.05023376,18.34164,16.3554,15.48754,15.07401,14.72899,0.0320000015199184,0.902999997138977,2
270,53137,0.23273,4.368172E-5,0,-0.537742678674501,-0.828066297760097,0.158552887220194,1,1,1,0,0,0,0,1237662533823234387,1,0,22.08889,20.15652,18.78782,18.36879,17.92811,0.2082974,0.0229856,0.01665318,0.01959581,0.02554875,22.23137,20.25224,18.83009,18.30336,17.93151,0.2427061,0.0211868,0.01094178,0.01082965,0.02616639,20.43832,19.15642,17.79476,17.31354,16.97559,0.2421519,0.03522772,0.02065632,0.03123792,0.05357922,21.17521,19.20464,17.78855,17.27102,16.91812,0.1900593,0.01620995,0.007753471,0.007004139,0.0166276,19.8449,19.12321,17.78855,17.30946,16.96505,0.191709,0.01619841,0.00775347,0.007001952,0.01785755,8.294532,0.07268618,0.866037,257,1,24577,24577,24577,24577,0.1626458,0.1267325,0.08767295,0.0651504,0.04845992,21.01256,19.07791,17.70088,17.20587,16.86966,0.0480000004172325,0.741999983787537,2
271,54266,0.1013291,8.331867E-6,0,-0.564625406394458,-0.810951361902262,0.153479767665839,1,1,1,0,0,0,0,1237662635836506442,1,0,21.11456,20.10715,19.81498,19.52561,19.1504,0.077227,0.02560622,0.02211726,0.02603661,0.04984918,20.92649,19.68545,19.2421,18.95111,18.78229,0.0750975,0.0158105,0.01743989,0.01526358,0.04270926,19.73415,18.40446,17.89956,17.59307,17.45996,0.1448033,0.03394632,0.0227825,0.03455275,0.08154935,19.52418,18.36863,17.93867,17.66145,17.54151,0.04656604,0.009692949,0.009042848,0.01007252,0.03025724,19.564,18.35526,17.81514,17.51866,17.2401,0.05136858,0.009763204,0.009273291,0.01033469,0.03050139,27.92599,0.3273731,0.9642756,257,24577,24577,24577,24577,24577,0.1720224,0.1340387,0.09272733,0.06890634,0.05125366,19.35216,18.23459,17.84595,17.59254,17.49025,0.71399998664856,0.14300000667572,1
272,54266,0.1002112,2.527884E-5,0,-0.570736072257695,-0.806858258731265,0.15244699452928,1,1,1,0,0,0,0,1237662635836310008,1,0,20.87194,18.92654,18.03993,17.55486,17.03363,0.06136332,0.0223115,0.01328325,0.01187694,0.02036278,20.78784,18.82489,17.78075,17.30463,16.91621,0.05542923,0.0076056,0.003872072,0.003570085,0.009383959,19.3135,17.59084,16.59451,16.14975,15.79364,0.08217245,0.011129,0.008639815,0.007974414,0.01522305,19.43863,17.47486,16.46108,15.99991,15.6125,0.04584448,0.005891859,0.004039797,0.003940431,0.007530847,19.00563,17.4324,16.46509,16.03839,15.72289,0.04841318,0.005896816,0.00404304,0.003938649,0.007515638,9.889408,0.02946354,0.9609769,257,24577,24577,24577,24577,24577,0.1728935,0.1347174,0.09319691,0.06925528,0.05151321,19.26574,17.34014,16.36788,15.93066,15.56099,0.151999995112419,0.787999987602234,2
273,53859,0.1686966,3.01424E-5,0,-0.515856091412667,-0.845078424286234,0.140481136663761,1,1,1,0,0,0,0,1237662635838013878,1,0,21.77596,19.92767,18.77038,18.22814,17.92195,0.1168324,0.02396828,0.01672331,0.01773944,0.02451614,21.77918,19.93375,18.75919,18.28498,17.91271,0.1383103,0.01564026,0.008556924,0.006469042,0.01915165,21.31518,18.94673,17.74771,17.28669,16.97951,0.5269936,0.04411263,0.04842236,0.04283084,0.03669972,20.93464,19.00352,17.8237,17.32841,16.98046,0.1110095,0.01249485,0.007237782,0.006901778,0.01494865,21.06038,19.02827,17.82369,17.33241,17.04777,0.1090246,0.01248907,0.007237782,0.006901849,0.01493807,5.391004,0.03784062,0.9381311,257,24577,24577,24577,24577,24577,0.1717415,0.1338198,0.09257594,0.06879385,0.05116999,20.7629,18.8697,17.73112,17.25962,16.92929,0.0769999995827675,0.884999990463257,2
274,53228,0.3454612,8.71173E-5,0,-0.489226846228903,-0.856933603659868,0.162240228819591,1,1,1,0,0,0,0,1237662637986153077,1,0,24.70278,21.68463,19.97084,19.33713,18.89674,0.5871354,0.0442704,0.02011399,0.01871038,0.03295061,24.0092,21.52161,19.78853,19.12269,18.74843,0.7523551,0.05180349,0.01777564,0.01565361,0.03605824,23.0972,20.89471,19.04348,18.39953,17.98716,1.380639,0.09230793,0.02389466,0.02384635,0.05726518,24.07554,20.65562,18.8985,18.23271,17.85541,1.161462,0.03819543,0.01359782,0.01204347,0.02630829,22.61943,20.74104,18.94455,18.32573,17.89201,0.7087553,0.03834816,0.01365844,0.01207479,0.02638357,6.953367,0.1201251,0.9599681,257,24577,24577,24577,24577,24577,0.1667127,0.1299014,0.0898652,0.06677948,0.04967166,23.90883,20.52572,18.80864,18.16593,17.80574,0.197999998927116,0.611999988555908,2
275,53228,0.3291464,9.606029E-5,0,-0.473578340372382,-0.867349169974771,0.153065256914219,1,1,1,0,0,0,0,1237662637449741014,1,0,24.07771,22.02068,20.4388,19.78083,19.27189,0.6613806,0.06598192,0.02811326,0.02486583,0.04777411,23.23888,21.68616,20.03035,19.39594,18.9572,0.5440853,0.05036782,0.01710317,0.01826384,0.05235461,28.3217,19.73156,18.41176,18.59503,17.984,0.8510481,0.1154294,0.07152536,0.1491584,0.2846785,21.89736,19.9505,18.34967,17.77777,17.28021,0.5274915,0.03926633,0.01524663,0.01349303,0.0359048,21.7021,19.348,18.3497,18.24039,17.49158,0.4186057,0.03829364,0.01524662,0.01346613,0.03579892,14.89889,0.3907374,1.0,257,24577,24577,24577,24577,24577,0.2054475,0.1600833,0.1107449,0.08229531,0.06121259,21.69192,19.79042,18.23892,17.69548,17.219,0.0890000015497208,0.772000014781952,2
276,53498,0.05840003,1.0905E-5,0,-0.45338196051842,-0.882285876564369,0.126556034591467,1,1,1,0,0,0,0,1237662199900799409,1,0,21.11191,19.60441,18.97033,18.76965,18.39781,0.06776793,0.0168702,0.01948377,0.03277035,0.04815967,20.60551,19.21758,18.54814,18.17621,17.92653,0.05024322,0.01066312,0.01127631,0.02743124,0.03727351,18.33146,17.02039,16.44932,16.13726,15.96215,0.05417257,0.009947526,0.01375926,0.03970706,0.06705661,18.35607,17.01902,16.43032,16.10745,15.88043,0.06615996,0.005414299,0.00459537,0.005131116,0.01157568,18.34211,16.96598,16.40067,16.0932,15.85455,0.06593335,0.005408353,0.004646609,0.005207789,0.01188918,93.56814,0.5282696,0.8840922,257,24577,24577,24577,24577,24577,0.2265365,0.1765157,0.1221128,0.09074287,0.06749602,18.12954,16.8425,16.30821,16.01671,15.81294,0.555999994277954,0.333000004291534,1
277,53055,0.1590885,3.010539E-5,0,-0.968302625245629,0.133558409279456,0.211073866817198,1,1,1,0,0,0,0,1237661949712203893,1,0,21.29829,19.59217,18.43576,18.01199,17.70801,0.1222263,0.02604456,0.01665944,0.01874317,0.03572677,21.49605,19.83892,18.67984,18.20928,17.8796,0.1305043,0.01572844,0.008973257,0.008172792,0.02039337,20.41728,18.65504,17.54468,17.09916,16.70861,0.285114,0.02727764,0.01592564,0.01544057,0.03834631,20.35527,18.66651,17.51026,17.04173,16.70155,0.1067489,0.01207928,0.007093339,0.0065571,0.01570835,20.20018,18.56036,17.51026,17.0729,16.74553,0.120717,0.01206077,0.007093338,0.006556365,0.01570305,13.64281,0.1197064,0.7843875,257,24577,24577,24577,24577,24577,0.1437956,0.1120445,0.0775119,0.05759965,0.04284355,20.21147,18.55446,17.43275,16.98413,16.65871,0.103000000119209,0.828000009059906,2
278,53055,0.08343473,1.785994E-5,0,-0.969094407155847,0.140460884548681,0.202797361745807,1,1,1,0,0,0,0,1237661949175136432,1,0,21.1651,19.66952,18.7605,18.26671,18.09132,0.1206329,0.03238604,0.01997524,0.03592217,0.03245534,21.41918,19.70526,18.84694,18.41893,18.11171,0.124727,0.01391657,0.00922522,0.008839169,0.02270672,19.03712,17.46149,16.73794,16.36291,16.10047,0.1221174,0.01403618,0.01042124,0.01059786,0.02950377,18.98633,17.43441,16.67109,16.27162,15.98529,0.05449943,0.007035261,0.005502898,0.005482893,0.01301238,18.78986,17.34441,16.67109,16.30203,15.97134,0.05393634,0.007015692,0.005502898,0.005496546,0.01335057,103.0826,0.7624733,0.7980132,257,24577,24577,24577,24577,24577,0.1765139,0.1375384,0.09514844,0.0707055,0.0525919,18.80981,17.29687,16.57594,16.20091,15.9327,0.375,0.458000004291534,0
279,51630,0.1425823,3.286961E-5,0,-0.826848868361834,0.562324932665171,-0.0105649889666915,1,1,1,0,0,0,0,1237648720678879482,1,0,21.91818,20.1709,19.09035,18.69903,18.38138,0.1582433,0.02505826,0.01583663,0.01841266,0.02923807,22.06507,20.19582,19.06694,18.60917,18.2725,0.1824433,0.01980331,0.01107737,0.01052571,0.02735081,20.82931,18.39369,17.44649,17.05088,16.77412,0.4601548,0.02586016,0.01487573,0.01696889,0.051154,20.03839,18.13308,17.0945,16.6504,16.33157,0.1227894,0.01260718,0.007630161,0.007464827,0.01901256,20.34415,18.26846,17.27252,16.83357,16.52463,0.1192486,0.0126008,0.007772759,0.007580861,0.01919549,36.99991,0.4093335,0.8261977,257,24577,24577,24577,24577,24577,0.2263623,0.17638,0.1220189,0.09067308,0.06744412,19.81203,17.9567,16.97248,16.55973,16.26413,0.266999989748001,0.685999989509583,2
280,51633,0.1049628,2.255018E-5,0,-0.863303212749217,0.504513485451686,-0.0131797516771485,1,1,1,0,0,0,0,1237654669198557426,1,0,20.94773,18.97015,18.09491,17.68211,17.24341,0.08884925,0.0179281,0.0184816,0.0136909,0.01876035,21.13325,19.15884,18.14948,17.71252,17.36985,0.1031456,0.009941825,0.006356318,0.006213334,0.0147032,20.56538,18.51324,17.50159,17.06168,16.74613,0.1698056,0.01571594,0.01235378,0.01302841,0.02294212,20.44486,18.45256,17.44697,17.00623,16.66537,0.08455114,0.00862383,0.005839707,0.005738245,0.01180823,20.50552,18.42747,17.44697,17.00975,16.7087,0.08375721,0.00862213,0.005839708,0.005738333,0.01180807,6.02153,0.03142888,0.8447763,257,1,1,1,1,1,0.1519874,0.1184275,0.08192761,0.060881,0.04528427,20.29287,18.33413,17.36504,16.94535,16.62008,0.137999996542931,0.689999997615814,2
281,51633,0.09491993,1.286684E-5,0,-0.868000202525591,0.496563544379326,-5.42963142064186E-4,1,1,1,0,0,0,0,1237648721217716396,1,0,21.61599,19.80885,18.96018,18.6331,18.1898,0.09757096,0.01858058,0.01909895,0.02243525,0.03036724,21.09388,19.46872,18.60472,18.15693,17.81303,0.07577591,0.01136567,0.007121003,0.00810015,0.02024914,18.73594,17.53007,16.84567,16.44236,16.26693,0.06455415,0.01179123,0.00916905,0.01435734,0.03580883,19.0446,17.59115,16.84054,16.42082,16.12059,0.0750143,0.006709012,0.005063805,0.005202834,0.01360154,18.70461,17.48172,16.76737,16.34903,16.05553,0.09046891,0.006676204,0.005163928,0.005348168,0.01390632,57.17284,0.353659,0.8684245,257,24577,24577,24577,24577,24577,0.1521551,0.1185582,0.08201803,0.06094819,0.04533425,18.89244,17.47259,16.75852,16.35987,16.07525,0.517000019550323,0.414000004529953,1
282,51633,0.07231667,1.772899E-5,0,-0.861192354738906,0.5080973122046,-0.0135959357795091,1,1,1,0,0,0,0,1237654669198491810,1,0,20.79614,18.92719,18.20937,17.85054,17.38504,0.07744887,0.02062521,0.01408265,0.01450607,0.0194509,20.96074,19.0357,18.13758,17.73241,17.40089,0.08960458,0.008190197,0.006314957,0.006325854,0.01498007,19.81558,18.0319,17.11591,16.70874,16.33506,0.1410175,0.01273006,0.01014663,0.01028697,0.02457856,19.89742,17.91998,17.02383,16.61879,16.28411,0.07332841,0.007526068,0.005395556,0.005422359,0.01172583,19.9176,17.92966,17.03126,16.61559,16.22553,0.07331543,0.00753968,0.005401546,0.005432793,0.01172016,9.745774,0.05233886,0.8409721,257,1,1,1,1,1,0.1642464,0.1279797,0.08853573,0.06579154,0.04893682,19.73318,17.79201,16.9353,16.553,16.23518,0.0419999994337559,0.916999995708466,2
283,54266,0.1072612,2.499878E-5,0,-0.571421892105918,-0.807119764626364,0.148440920138536,1,1,1,0,0,0,0,1237661950276010228,1,0,21.07073,19.14595,18.32934,17.83444,17.34814,0.09534372,0.01822314,0.01365839,0.0179958,0.02471669,21.16532,19.23633,18.11846,17.59159,17.14881,0.108548,0.008841876,0.005160626,0.004996147,0.01163606,19.43182,17.54415,16.52105,16.02452,15.63584,0.1721349,0.01672071,0.02160569,0.02003888,0.02416382,19.26674,17.37353,16.31704,15.80186,15.35213,0.06863411,0.006548968,0.004446583,0.003931629,0.008207692,19.42083,17.4444,16.4551,15.95966,15.54767,0.07239186,0.006626658,0.004514152,0.003986613,0.008325545,34.3447,0.174099,0.8790305,257,24577,24577,24577,24577,24577,0.1731896,0.1349482,0.09335653,0.06937391,0.05160144,19.09355,17.23858,16.22368,15.73248,15.30052,0.679000020027161,0.321000009775162,1
284,53137,0.03926871,1.145422E-5,0,-0.537116299167252,-0.828635258260109,0.157701268026219,1,1,1,0,0,0,0,1237662533823234199,1,0,19.43433,17.53111,16.79782,16.49214,16.05936,0.03510099,0.01432661,0.01401759,0.01612163,0.01409083,19.5037,17.61112,16.76558,16.35499,16.03575,0.03138057,0.004191692,0.002654037,0.002362265,0.005022045,18.34526,16.22031,15.42167,15.01121,14.69128,0.05933255,0.01267054,0.007719898,0.008680443,0.01145256,18.11707,16.15528,15.33613,14.92479,14.61391,0.02222055,0.003263863,0.002713088,0.002680717,0.004645116,18.21247,16.10752,15.33613,14.92902,14.62617,0.0222623,0.003261256,0.002713088,0.00268061,0.00464385,11.86584,0.0159356,0.866037,257,1,24577,24577,24577,24577,0.1678943,0.1308221,0.09050211,0.06725277,0.05002371,17.94918,16.02446,15.24562,14.85753,14.56389,0.200000002980232,0.800000011920929,2
285,53859,0.2698815,8.850016E-5,0,-0.524766556135747,-0.841061376357888,0.131285272442884,1,1,1,0,0,0,0,1237661949740646414,1,0,23.6321,22.4111,19.96746,19.35689,19.03506,1.236076,1.170014,2.069706,1.34157,0.9005979,23.00479,21.30716,19.94664,19.40028,19.06426,0.7401198,0.402458,2.214086,1.214624,1.027698,27.02009,21.80191,19.33966,18.63456,18.42955,2.887104,6.146152,6.274004,6.142177,4.363181,23.50928,22.17727,19.70698,19.07379,18.76308,0.9598652,0.1182244,0.02758127,0.02068368,0.04870573,23.36693,22.38276,19.70697,18.95025,18.68083,1.716944,0.1980525,0.02758127,0.02062877,0.064518,5.235175,0.2388642,0.8131217,257,24769,24577,24705,24769,24577,0.1794757,0.1398462,0.09674497,0.07189188,0.05347435,23.32981,22.03742,19.61023,19.0019,18.70961,0.0710000023245811,0.33899998664856,0
286,53859,0.2318295,4.971282E-5,0,-0.520405182278057,-0.843663014895651,0.131951368144946,1,1,1,0,0,0,0,1237662199361962428,1,0,22.17356,20.52271,19.07898,18.58894,18.23303,0.1649445,0.02323193,0.01794157,0.01612521,0.02834648,22.21736,20.42065,18.97958,18.43843,18.06359,0.2270528,0.02180697,0.01051023,0.009191808,0.02515943,20.44933,19.12588,17.72973,17.23253,16.82606,0.3109286,0.03934181,0.0212551,0.01938501,0.0526206,20.97789,19.21324,17.76335,17.22868,16.84897,0.1594987,0.01631208,0.008248398,0.007382769,0.01852134,20.98212,19.09757,17.76344,17.28461,16.91287,0.1590642,0.0162941,0.008248396,0.007378984,0.0185152,6.934915,0.06736591,0.9097686,257,24577,24577,24577,24577,24577,0.1583106,0.1233545,0.0853361,0.06341387,0.04716826,20.81958,19.08989,17.67801,17.16527,16.80181,0.0500000007450581,0.850000023841858,2
287,53228,0.04181174,1.496412E-5,0,-0.47766043107974,-0.865617786916734,0.150154452328572,1,1,1,0,0,0,0,1237662534361874537,1,0,20.27212,18.45403,17.71177,17.33151,16.99939,0.05381981,0.01562648,0.01343217,0.02092525,0.0243963,20.37837,18.5972,17.7797,17.42841,17.10631,0.0573074,0.006760431,0.004021609,0.00467243,0.01203855,19.55094,17.92166,17.09038,16.73077,16.40387,0.07450487,0.009524218,0.008053117,0.008129048,0.01799376,19.71563,17.89212,17.05741,16.68924,16.38513,0.04843835,0.006046648,0.004793915,0.004578114,0.009918215,19.53765,17.88107,17.05742,16.69021,16.37626,0.05035092,0.006048566,0.004793915,0.004578257,0.009921071,5.999974,0.01857249,0.4010409,257,4,24578,24578,24578,24580,0.2359961,0.1838866,0.1272119,0.09453207,0.0703145,19.47963,17.70823,16.9302,16.5947,16.31481,0.137999996542931,0.792999982833862,2
288,53858,0.1553751,3.526624E-5,0,-0.465475569620219,-0.878494776675672,0.107607720170504,1,1,1,0,0,0,0,1237662198289989921,1,0,21.7376,20.01903,18.87099,18.44806,18.06182,0.1225058,0.02020702,0.01506667,0.01238916,0.02464789,21.94522,19.94774,18.78686,18.29741,17.91682,0.1220359,0.01663801,0.007597541,0.008685347,0.01923742,20.44885,18.79303,17.60533,17.13003,16.88252,0.260109,0.02767432,0.0160601,0.01714715,0.03867226,20.71572,18.71049,17.52072,17.0428,16.6741,0.1354412,0.01275912,0.007402211,0.006956293,0.01451622,20.64023,18.72013,17.52072,17.09124,16.84492,0.1317779,0.01275401,0.00740221,0.006950747,0.01446213,9.449206,0.08140967,0.8733639,257,24577,24577,24577,24577,24577,0.2477844,0.1930719,0.1335662,0.09925403,0.07382677,20.46794,18.51741,17.38716,16.94354,16.60027,0.0599999986588955,0.791000008583069,2
289,53498,0.364479,8.265203E-5,0,-0.458815833224836,-0.878709239644775,0.131750155009781,1,1,1,0,0,0,0,1237662636376589091,1,0,23.44871,21.47727,19.83145,19.24314,18.72981,0.5041863,0.0421629,0.01992312,0.01943449,0.03096496,23.63517,21.38736,19.65113,19.00668,18.57239,0.7135328,0.03541648,0.01771021,0.01558392,0.03288754,22.47111,20.28442,18.55099,17.906,17.45712,1.831604,0.1035177,0.03909726,0.03508276,0.07152518,22.99783,20.36993,18.62682,17.98949,17.54333,0.8035033,0.03461142,0.01282969,0.01092685,0.0234049,20.87772,20.33559,18.62677,17.9988,17.5575,0.4683259,0.03460966,0.01282969,0.01092621,0.02340544,6.058558,0.09977493,0.9640359,257,24577,24577,24577,24577,24577,0.1817514,0.1416194,0.09797168,0.07280345,0.0541524,22.81608,20.22832,18.52885,17.91669,17.48918,0.0790000036358833,0.657999992370605,2
290,53119,0.1274448,2.230966E-5,0,-0.948696773625464,0.22725117443068,0.219843888776811,1,1,1,0,0,0,0,1237661950783586463,1,0,20.88689,18.88719,17.93056,17.5001,17.16577,0.08310729,0.01628793,0.02215284,0.01734264,0.01524404,21.19397,19.19,18.15766,17.75082,17.38775,0.09164176,0.009542896,0.006005958,0.00617378,0.01322673,19.75151,18.0472,17.0572,16.64423,16.28201,0.1183604,0.01270275,0.008623404,0.008660945,0.02106846,19.93832,17.9739,16.95935,16.51306,16.18641,0.07118854,0.007659021,0.005097887,0.005242092,0.01064651,19.22659,17.92508,16.95935,16.51059,16.18276,0.08137077,0.007655205,0.005097887,0.00524539,0.01064584,14.48411,0.07620172,0.7801113,257,24577,24577,24577,24577,24577,0.06589073,0.05134161,0.03551789,0.0263936,0.01963199,19.87243,17.92256,16.92383,16.48667,16.16678,0.115000002086163,0.691999971866608,2
291,53062,0.2346955,3.405196E-5,0,-0.966818303625854,0.154618123869413,0.203360771893521,1,1,1,0,0,0,0,1237661812268859426,1,0,21.65018,20.00154,18.49825,18.01004,17.78276,0.1632215,0.02622641,0.01740373,0.01577263,0.02741977,22.0959,20.17338,18.73436,18.19595,17.87958,0.2093478,0.01909376,0.008794114,0.00794099,0.02317608,19.9137,18.74459,17.36063,16.83918,16.52818,0.2479967,0.03584582,0.02218743,0.0203067,0.0533325,20.7845,18.79018,17.34573,16.80964,16.49426,0.1828005,0.01438652,0.007295552,0.006811875,0.01742979,18.54165,18.78201,17.34573,16.85604,16.51871,0.1636007,0.01438423,0.007295552,0.00681006,0.01742164,17.48194,0.1652804,0.7825118,257,1,24577,24577,24577,24577,0.1307521,0.1018811,0.07048088,0.05237485,0.03895727,20.65375,18.6883,17.27525,16.75727,16.45531,0.0780000016093254,0.820999979972839,2
292,53062,0.2192845,3.070962E-5,0,-0.964999011032495,0.16495688886002,0.203877741609842,1,1,1,0,0,0,0,1237661812268597287,1,0,21.59833,19.67385,18.28543,17.81759,17.44824,0.1685259,0.03263027,0.02253865,0.01431241,0.02513979,21.87541,19.88284,18.51397,18.00785,17.6418,0.1733679,0.01507888,0.007080331,0.007330026,0.01617733,20.56769,18.50402,17.19711,16.69198,16.31854,0.3477156,0.0256232,0.01819254,0.01647272,0.03470315,20.50591,18.4418,17.09842,16.58345,16.19426,0.1484136,0.01155471,0.006222049,0.0059187,0.0144287,20.34626,18.34138,17.09842,16.61554,16.21528,0.1366452,0.01153933,0.006222049,0.00591737,0.0144277,20.07678,0.1547069,0.7855479,257,1,24577,24577,24577,24577,0.1099387,0.08566353,0.05926163,0.04403774,0.03275599,20.39597,18.35614,17.03915,16.53942,16.16151,0.061999998986721,0.859000027179718,2
293,53055,0.1727077,4.726748E-5,0,-0.970939343566511,0.140259262838703,0.19391784420877,1,1,1,0,0,0,0,1237661948638265493,1,0,21.56469,20.14323,18.81415,18.17805,17.85056,0.1979738,0.03786482,0.02208352,0.02529605,0.03453987,21.9666,20.34773,19.05732,18.47849,18.06583,0.2175744,0.02001297,0.01120845,0.008354168,0.02221565,20.93834,19.08203,17.87556,17.33362,17.05102,0.4443748,0.04229601,0.02188907,0.02058287,0.05034802,20.76503,19.0822,17.80563,17.22631,16.8529,0.1554761,0.01755831,0.009008598,0.007985728,0.01772491,20.82003,18.96267,17.8057,17.3473,17.05292,0.1489615,0.0176318,0.009008597,0.007970929,0.0176485,14.57681,0.1767131,0.7923572,257,24577,24577,24577,24577,24577,0.1954559,0.1522979,0.105359,0.07829303,0.05823563,20.56957,18.9299,17.70027,17.14801,16.79466,0.160999998450279,0.709999978542328,2
294,53055,0.2130342,3.789635E-5,0,-0.96988850324406,0.144993899826326,0.195686126969057,1,1,1,0,0,0,0,1237661948638134418,1,0,22.11783,20.22015,19.04479,18.5267,18.19148,0.2398933,0.04774566,0.01881268,0.02109988,0.02962554,22.58138,20.46503,19.23258,18.71358,18.39709,0.2509409,0.02373444,0.01315981,0.0120534,0.02907691,20.32281,19.04401,17.96518,17.5392,17.33217,0.2624427,0.04160868,0.02363736,0.02381525,0.06896273,20.73972,18.99294,17.81958,17.31713,16.99181,0.1750566,0.01876064,0.00985228,0.00912743,0.02236248,18.86853,18.82528,17.81998,17.43896,17.18362,0.1460671,0.01868745,0.009852889,0.009104598,0.02411888,18.41162,0.2594999,0.7901763,257,24577,24577,24577,24577,24577,0.189908,0.147975,0.1023684,0.07607073,0.05658264,20.54982,18.84496,17.71721,17.24106,16.93523,0.129999995231628,0.739000022411346,2
295,53228,0.328188,5.579591E-5,0,-0.47048884504448,-0.869058641362152,0.15289645045743,1,1,1,0,0,0,0,1237662637449871975,1,0,22.99195,21.03111,19.41079,18.75622,18.24268,0.3920629,0.03163169,0.01630665,0.01713157,0.02736391,22.93825,20.89282,19.09649,18.47678,18.07358,0.29051,0.03036529,0.01095754,0.009139256,0.024879,22.00941,19.87594,18.02959,17.44618,17.0648,0.9480623,0.06007761,0.02678343,0.02254982,0.050912,22.03683,19.78768,17.99597,17.36108,16.94483,0.3693137,0.0228039,0.008762655,0.007477919,0.01849218,22.42909,19.7411,17.99598,17.41191,17.00782,0.315842,0.02278204,0.008762655,0.007474512,0.01848104,5.965137,0.05716509,1.0,257,24577,24577,24577,24577,24577,0.2070755,0.1613518,0.1116225,0.08294745,0.06169766,21.82975,19.62632,17.88435,17.27813,16.88313,0.0209999997168779,0.75,2
296,53228,0.202533,3.331552E-5,0,-0.472100890585206,-0.867896054818488,0.154522448657659,1,1,1,0,0,0,0,1237668330963599994,1,0,22.46864,20.22354,19.01541,18.43642,18.09115,0.2324242,0.0330758,0.02092741,0.01979405,0.0284402,22.26015,20.22497,18.92392,18.40193,18.04952,0.1521399,0.02473143,0.01640817,0.01464198,0.02631034,23.19097,19.1422,17.7734,17.2337,16.99103,2.976818,0.05845199,0.03111687,0.02753086,0.05394963,21.55414,18.93637,17.60473,17.06783,16.74742,0.268032,0.01534571,0.00800531,0.008222313,0.01915671,21.97854,18.98932,17.65325,17.10475,16.86142,0.3226946,0.01546715,0.008058618,0.008270442,0.01919714,14.33916,0.1480473,0.8703704,257,24577,24577,24577,24577,24577,0.1969968,0.1534986,0.1061896,0.07891027,0.05869474,21.35714,18.78288,17.49854,16.98892,16.68873,0.0599999986588955,0.479000002145767,0
297,53498,0.4101381,1.092731E-4,0,-0.456296544700226,-0.880901561816102,0.125721524348806,1,1,1,0,0,0,0,1237662635839848732,1,0,24.61229,22.08476,20.47353,19.71404,19.30048,0.7672378,0.1094307,0.1389212,0.08059935,0.05517137,24.45608,21.93793,20.24242,19.54506,19.16216,0.9751061,0.09411246,0.1793503,0.07618742,0.04697244,24.40793,20.67298,19.03079,18.27064,18.01188,5.745251,0.233504,0.3444263,0.1915271,0.13307,25.51739,20.71304,18.96855,18.26273,17.896,1.482137,0.05846317,0.01895379,0.01552137,0.03868846,25.15851,20.70862,18.96852,18.24849,18.03093,0.6638965,0.05836558,0.02145418,0.01551144,0.03864219,7.698472,0.2205773,0.9637479,257,24577,24705,24577,24577,24577,0.2158678,0.1682028,0.1163619,0.08646936,0.06431732,25.30152,20.54484,18.85219,18.17626,17.83168,0.0320000015199184,0.741999983787537,2
298,53498,0.3180425,8.625751E-5,0,-0.456733699634581,-0.87944565485116,0.134050989483567,1,1,1,0,0,0,0,1237662636376654498,1,0,23.92966,21.66005,20.14687,19.5327,19.00616,0.6436411,0.05081371,0.02501558,0.02723818,0.03747916,24.25413,21.38496,19.79998,19.18564,18.74563,0.9180175,0.04755113,0.01535679,0.0134678,0.03727665,25.09269,20.33655,18.41813,17.83218,17.50097,6.64575,0.1223949,0.04024676,0.03668313,0.08079159,24.49953,19.96551,18.31484,17.70203,17.27974,2.666566,0.03584843,0.01350886,0.01188652,0.02653476,24.20995,20.23587,18.31485,17.73465,17.37959,0.7484966,0.03822284,0.01350886,0.01188407,0.02651106,10.73004,0.2101004,0.9619859,257,24577,24705,24577,24577,24577,0.192989,0.1503757,0.1040292,0.07730485,0.0575006,24.30654,19.81513,18.21081,17.62472,17.22224,0.237000003457069,0.578999996185303,2
299,53498,0.0859939,8.651537E-6,0,-0.454853709022791,-0.879860423568073,0.137672576887417,1,1,1,0,0,0,0,1237661951353160112,1,0,20.75819,19.83341,19.38505,19.08326,18.7563,0.0798981,0.02486244,0.01912679,0.01866497,0.04139828,20.91659,19.88766,19.29735,18.91114,18.71268,0.08530606,0.01473441,0.0131739,0.01385987,0.03443911,19.50965,18.54196,17.86512,17.48802,17.24318,0.1270747,0.01987612,0.01742369,0.01926597,0.05443346,19.54972,18.47355,17.86329,17.4838,17.28805,0.06327392,0.01022402,0.008972269,0.009453884,0.02613335,19.23365,18.50755,17.86332,17.48193,17.18745,0.06473148,0.01021688,0.008972269,0.009475667,0.02857498,34.9843,0.4438914,0.8261826,257,24577,24577,24577,24577,24577,0.2203688,0.1717099,0.1187881,0.08827228,0.06565836,19.32935,18.30184,17.7445,17.39553,17.22239,0.24099999666214,0.448000013828278,0
300,53498,0.3644354,1.467227E-4,0,-0.460405791515891,-0.878137338506176,0.130005083977185,1,1,1,0,0,0,0,1237661950816224252,1,0,24.88306,22.21724,20.71155,20.01558,19.75621,0.9781412,0.09237477,0.03629786,0.03286593,0.07832906,24.55698,22.35623,20.78672,20.12055,19.92023,1.036116,0.1111676,0.042613,0.03644063,0.1013482,26.2055,21.5827,19.80105,19.33292,19.0782,2.18021,0.2553345,0.0820023,0.07942234,0.2145292,25.42283,21.40716,19.79537,19.14373,18.9399,1.52315,0.08736566,0.03137509,0.02759666,0.07487548,25.00608,21.34985,19.79538,19.35464,19.10135,1.071617,0.1035467,0.03273563,0.02982384,0.08044886,8.310455,0.4280303,0.8529153,257,24577,24577,24577,24577,24577,0.1902146,0.1482139,0.1025337,0.07619352,0.05667398,25.23262,21.25895,19.69283,19.06753,18.88323,0.0829999968409538,0.541999995708466,2
301,53228,0.1046941,2.637764E-5,0,-0.478843555906022,-0.863776643941261,0.156839913124333,1,1,1,0,0,0,0,1237668330963403171,1,0,21.32537,19.23635,18.29348,17.8232,17.4058,0.09678114,0.02309332,0.01312124,0.01633323,0.01655587,21.50214,19.30407,18.2854,17.84103,17.48622,0.1089396,0.01017441,0.006530478,0.006807478,0.01679934,20.57098,18.4078,17.43897,16.99884,16.65101,0.1626002,0.01756985,0.01269068,0.01399597,0.02684782,20.64721,18.36134,17.3532,16.90393,16.53479,0.09452892,0.008339023,0.005725177,0.005953853,0.01324726,20.55485,18.29347,17.35318,16.92592,16.5606,0.09339592,0.00833341,0.005725177,0.005953278,0.01324471,7.950585,0.04109844,0.88586,257,24577,24577,24577,24577,24577,0.2122751,0.1654033,0.1144252,0.08503022,0.06324686,20.43493,18.19593,17.23877,16.8189,16.47154,0.159999996423721,0.759999990463257,2
302,53228,0.1041603,2.60884E-5,0,-0.47341202211754,-0.866578839335449,0.157867579099094,1,1,1,0,0,0,0,1237668348684403025,1,0,21.13488,19.43568,18.66321,18.26871,17.91281,0.09313289,0.0161934,0.01755107,0.01619321,0.02178048,21.35944,19.61959,18.70411,18.26868,17.93226,0.1016481,0.01227716,0.008325198,0.007697216,0.01694209,19.57393,17.9711,17.21594,16.8207,16.57106,0.1238557,0.01324455,0.01019766,0.01003194,0.02753461,19.72604,18.04109,17.22532,16.82207,16.50986,0.06296296,0.007826512,0.005848878,0.005632574,0.01237215,19.50002,17.91702,17.11548,16.69701,16.40691,0.06179751,0.007803256,0.005940711,0.005709691,0.01245329,35.50925,0.2458896,0.8467475,257,24577,24577,24577,24577,24577,0.1990457,0.1550951,0.1072941,0.07973099,0.05930521,19.52699,17.88599,17.11802,16.74233,16.45056,0.5,0.5,2
303,53228,0.1902944,3.885365E-5,0,-0.471140466116743,-0.86817611428161,0.155874615567075,1,1,1,0,0,0,0,1237668330963665500,1,0,22.26053,20.23267,19.23991,18.66317,18.32086,0.1949433,0.02589781,0.0184582,0.01678182,0.03159335,21.85724,20.19716,19.08761,18.58678,18.23186,0.1474812,0.01923694,0.01187303,0.010021,0.02871581,20.53002,18.79865,17.791,17.32594,16.87662,0.2513258,0.02633506,0.01781499,0.01990423,0.04739329,20.73204,18.84358,17.78456,17.26817,16.92547,0.1208518,0.01299267,0.008268409,0.008769178,0.02076826,20.47509,18.62861,17.63174,17.15787,16.72145,0.1125316,0.01314583,0.008404766,0.008859906,0.0210394,33.36158,0.3911472,0.8607664,257,24577,24577,24577,24577,24577,0.2015011,0.1570083,0.1086176,0.08071455,0.06003679,20.53054,18.68657,17.67595,17.18745,16.86543,0.384999990463257,0.615000009536743,2
304,53228,-1.356678E-4,2.215397E-5,0,-0.47288790491414,-0.867067699956779,0.156750225127671,1,1,1,0,0,0,0,1237668330963599768,1,0,20.27785,18.91997,18.37127,18.09646,17.94177,0.04120753,0.02180151,0.01867523,0.02133589,0.02459449,20.47978,19.10645,18.46451,18.18718,17.98339,0.04039522,0.01007969,0.01166823,0.02041952,0.01929228,19.50807,18.03905,17.38101,17.07418,16.80126,0.08774887,0.01563087,0.03064969,0.040305,0.04252679,19.39597,18.00779,17.35717,17.04578,16.84808,0.03828783,0.007321178,0.006152701,0.007081898,0.0172462,19.42134,17.99835,17.35717,17.01553,16.75947,0.03827608,0.00732077,0.006152701,0.007079804,0.01723108,6.226961,0.03753949,0.8703704,257,24577,24577,24577,24577,24577,0.2002609,0.156042,0.1079491,0.08021776,0.05966727,19.19571,17.85175,17.24923,16.96556,16.78842,0.19200000166893,0.615000009536743,2
305,53858,0.3611681,1.153844E-4,0,-0.465470046069825,-0.878336498099881,0.108915711985891,1,1,1,0,0,0,0,1237662238564942312,1,0,23.72655,21.59633,19.93119,19.30925,18.76118,0.74871,0.05848954,0.02266796,0.01955658,0.03505037,23.78465,21.68847,19.94294,19.2896,18.84646,0.9099334,0.06914406,0.02320513,0.02012585,0.043226,22.38607,21.00421,19.19609,18.49824,18.00964,1.163121,0.1245784,0.08970452,0.08228508,0.1179703,23.38679,20.94856,19.17168,18.51174,18.05987,1.022526,0.05346418,0.01750471,0.01506722,0.03140078,22.1596,20.92866,19.17167,18.49613,18.10112,0.8776611,0.05460769,0.02038181,0.0154954,0.03874502,5.832795,0.1461802,0.8589988,257,24577,24577,24577,24577,24577,0.2543455,0.1981843,0.137103,0.1018822,0.07578165,23.13244,20.75037,19.03458,18.40986,17.98409,0.0480000004172325,0.794000029563904,2
306,53498,0.5173492,2.307364E-4,0,-0.44849585437704,-0.883260172474178,0.136758679166968,1,1,1,0,0,0,0,1237662636913722137,1,0,24.58289,22.7867,21.18706,20.33002,19.65302,0.6707201,0.1067462,0.04302133,0.03058066,0.06052236,25.12124,22.56905,20.87126,19.89895,19.42714,0.8727016,0.1272166,0.04505454,0.02112618,0.07189216,22.17671,21.18256,19.53121,18.54886,18.09078,0.7943839,0.1389301,0.04951587,0.03004828,0.08065582,24.78783,20.82236,19.08556,18.11488,17.63077,3.236474,0.08877969,0.03029436,0.01907467,0.04816535,21.75425,20.68628,19.08555,18.07286,17.69077,1.11533,0.08834823,0.03029435,0.01905361,0.04812158,13.02905,0.6814923,0.9535914,257,24577,24705,24577,24577,24705,0.2329683,0.1815273,0.1255797,0.09331921,0.06941235,24.55487,20.64084,18.95998,18.02156,17.56136,0.129999995231628,0.623000025749207,2
307,53055,0.2554627,7.53241E-5,0,-0.968355086101311,0.139498970002289,0.206950391616016,1,1,1,0,0,0,0,1237661812269187260,1,0,22.17402,20.4271,18.95807,18.43027,18.08304,0.2389674,0.0323091,0.02065791,0.02788884,0.0324427,22.33151,20.59423,19.15237,18.53723,18.14987,0.2567383,0.02550641,0.01076482,0.008848994,0.02817213,20.31685,19.41301,18.04225,17.47084,17.08571,0.26426,0.04857678,0.02318531,0.02323148,0.06379736,21.35081,19.44777,18.01176,17.41078,16.99059,0.2391283,0.02038427,0.00997152,0.008768355,0.02144658,19.02681,19.35113,18.01174,17.51718,17.06642,0.2005544,0.02035705,0.009971519,0.008754803,0.02142031,14.0665,0.192736,0.7957708,257,1,24577,24577,24577,24577,0.1658463,0.1292263,0.08939818,0.06643243,0.04941352,21.18497,19.31855,17.92236,17.34435,16.94118,0.128999993205071,0.773999989032745,2
308,51630,0.1247047,2.945301E-5,0,-0.825796531257804,0.563964795119947,0.00194905820715963,1,1,1,0,0,0,0,1237650796219793563,1,0,21.37838,19.53645,18.53474,18.0381,17.6257,0.09268066,0.01673155,0.01593387,0.01482043,0.02447516,21.47596,19.66265,18.59491,18.11237,17.73287,0.1062042,0.01052746,0.007753746,0.007157933,0.01852584,20.02956,18.63026,17.55622,17.09293,16.69748,0.1441167,0.02077653,0.01327403,0.01361789,0.03350972,20.40468,18.62193,17.54494,17.07215,16.6712,0.08102003,0.01008895,0.006551089,0.006180676,0.0147504,19.78305,18.60377,17.54498,17.1041,16.72605,0.08084328,0.01008786,0.006551089,0.0061791,0.01473954,8.920801,0.0629473,0.848456,257,16385,24577,16385,24577,24577,0.2987415,0.2327774,0.1610343,0.1196658,0.08900934,20.10594,18.38916,17.38391,16.95248,16.58219,0.0379999987781048,0.922999978065491,2
309,51630,0.1448559,2.4941E-5,0,-0.82708682915051,0.562062095066249,-0.00368487930519091,1,1,1,0,0,0,0,1237648704023757044,1,0,21.9773,19.94747,18.78054,18.21399,17.72161,0.1985856,0.02290591,0.01745349,0.01619893,0.03469944,22.59694,20.36624,19.15716,18.5317,18.04444,0.238599,0.02110175,0.01108897,0.009925942,0.0235932,20.2415,18.94107,17.80345,17.23986,16.91274,0.1974982,0.03085562,0.0189865,0.01714886,0.05442354,20.92195,18.96707,17.82314,17.23304,16.75092,0.1396514,0.01377472,0.008235185,0.007544959,0.01798278,20.16729,18.91193,17.73127,17.13987,16.73035,0.1276327,0.01515469,0.008295454,0.007588846,0.01802783,49.27616,0.6448334,0.7656415,257,24577,24577,24705,24577,24577,0.3034441,0.2364416,0.1635692,0.1215494,0.09041044,20.6185,18.73063,17.65957,17.11149,16.66051,0.694000005722046,0.277999997138977,1
310,51630,0.3354825,1.115264E-4,0,-0.83559130479434,0.549146066255832,0.0150256203811736,1,1,1,0,0,0,0,1237651752385118584,1,0,25.81414,22.2332,20.16691,19.49201,18.8002,0.8640777,0.1132801,0.03021361,0.0247471,0.05005493,25.64154,22.38887,20.22439,19.51308,18.95362,0.7918891,0.137506,0.03231795,0.0264233,0.06161156,27.52927,28.02268,19.3032,18.47788,17.91637,1.185154,1.012038,0.0682658,0.07222088,0.1730871,26.72426,21.56867,19.36304,18.63085,18.09065,0.54972,0.1110933,0.02430233,0.01931037,0.04621926,26.09296,21.75699,19.36304,18.62652,18.257,0.5433053,0.1093633,0.0275462,0.01930672,0.04786349,6.971964,0.2707323,0.8103206,257,24577,24577,24577,24577,24577,0.6899095,0.5375728,0.3718904,0.2763544,0.2055569,26.03436,21.0311,18.99115,18.3545,17.8851,0.0,0.820999979972839,2
311,51633,0.09192903,2.175079E-5,0,-0.868876982049033,0.495019406003988,-0.00292877872549595,1,1,1,0,0,0,0,1237648721217716541,1,0,20.98096,19.19981,18.39898,18.07003,17.72546,0.06179891,0.01597612,0.01802323,0.02066469,0.02676937,21.08122,19.26468,18.42948,18.04321,17.7634,0.07451985,0.008040465,0.005517197,0.007038948,0.01936953,20.11799,18.45387,17.61551,17.24531,16.97075,0.1054614,0.01363202,0.01039323,0.01078084,0.03220416,20.20774,18.41149,17.57699,17.19589,16.89474,0.05613253,0.008289522,0.006074491,0.006264032,0.01497996,20.02435,18.40938,17.577,17.23751,17.01405,0.05579748,0.008289387,0.00607449,0.006260875,0.01494599,6.708984,0.03863112,0.8684245,257,24577,24577,24577,24577,24577,0.1582468,0.1233049,0.08530173,0.06338833,0.04714927,20.04949,18.28818,17.49169,17.1325,16.84759,0.0890000015497208,0.848999977111816,2
312,51633,0.08911609,2.049031E-5,0,-0.86825149127327,0.496124184435948,3.76190788829217E-4,1,1,1,0,0,0,0,1237654670272561361,1,0,20.84572,18.69852,17.88598,17.4025,16.98489,0.07859275,0.01916761,0.01526038,0.01406864,0.01811822,20.91725,18.83429,17.84625,17.34967,16.98306,0.07999811,0.008060613,0.005123373,0.004815438,0.01245188,19.5918,17.66052,16.67448,16.20163,15.81379,0.147611,0.01322577,0.01175189,0.01113223,0.02640248,19.62499,17.55347,16.56845,16.07476,15.70681,0.0649891,0.006199812,0.004412739,0.004266457,0.009734963,19.36405,17.54802,16.56846,16.11608,15.73429,0.06436499,0.006199022,0.00441274,0.00426457,0.009728154,10.22512,0.0409464,0.837865,257,1,1,8193,8193,1,0.1497304,0.1166689,0.080711,0.05997692,0.04461181,19.47526,17.4368,16.48774,16.01478,15.6622,0.125,0.875,2
313,51633,0.3552831,8.184884E-5,0,-0.868443224401747,0.49578688253636,0.0013164708788956,1,1,1,0,0,0,0,1237654670272561913,1,0,23.48461,21.56534,20.04173,19.37482,18.99161,0.6752389,0.05987668,0.02576029,0.0219778,0.0561896,24.1259,21.72002,20.0355,19.37452,19.0385,1.047869,0.06932525,0.02534695,0.02168169,0.06847292,25.82808,20.57075,18.99077,18.42014,17.92457,4.100964,0.1338557,0.0528091,0.04518275,0.1485626,23.52549,20.63458,18.95544,18.28597,17.93842,1.539604,0.05412266,0.01934992,0.01650114,0.05014183,23.49278,20.58545,18.95544,18.40883,17.90209,0.810945,0.05393606,0.02224519,0.01647574,0.05522027,9.624551,0.2904922,0.837865,257,1,1,8193,8193,1,0.1447964,0.1128244,0.07805137,0.05800053,0.04314174,23.38069,20.52176,18.87739,18.22797,17.89528,0.034000001847744,0.75900000333786,2
314,54266,0.09972781,1.99526E-5,0,-0.569482774691963,-0.807497636240447,0.153743086983555,1,1,1,0,0,0,0,1237662635836375357,1,0,20.99841,19.09842,18.26712,17.82121,17.35884,0.06671792,0.02254562,0.0145622,0.01419045,0.02109827,20.7889,18.97038,18.00375,17.55575,17.19948,0.06266389,0.01094918,0.008217398,0.009421549,0.01732406,18.48167,17.04586,16.26173,15.87393,15.62269,0.0597865,0.01407941,0.01832117,0.02361499,0.03421687,18.59371,16.88453,16.0152,15.60514,15.25776,0.03465313,0.005256464,0.003893916,0.00389242,0.008149548,18.4263,16.89094,16.11305,15.73155,15.41482,0.03172391,0.005295159,0.003938635,0.003933604,0.008166972,14.69321,0.05470966,0.9548095,257,24577,24577,24577,24577,24577,0.1707745,0.1330663,0.09205467,0.06840649,0.05088186,18.42294,16.75146,15.92315,15.53673,15.20687,0.28600001335144,0.0480000004172325,0
315,53137,0.04208109,3.109021E-5,0,-0.541464086564472,-0.828304016072404,0.143976039392772,1,1,1,0,0,0,0,1237662199898177848,1,0,20.99161,19.35193,18.62147,18.25838,17.96227,0.06561823,0.01699625,0.01657093,0.01529265,0.02503049,20.9919,19.29252,18.4913,18.10508,17.81564,0.05907714,0.009196292,0.009159266,0.009620337,0.01887316,19.9797,18.2965,17.48807,17.11748,16.8459,0.1249268,0.01730333,0.01511353,0.01646705,0.03229778,19.92308,18.21247,17.39416,17.01034,16.73498,0.05687206,0.008180951,0.006162533,0.006493572,0.01372336,19.91919,18.22689,17.41085,17.05792,16.7582,0.05683562,0.008202944,0.006177403,0.006509175,0.01376253,8.999717,0.05649078,0.8915561,257,24577,24577,24577,24577,24577,0.1562261,0.1217303,0.08421246,0.06257889,0.04654719,19.76685,18.09074,17.30994,16.94776,16.68843,0.129999995231628,0.537000000476837,2
316,53228,0.2804444,7.72901E-5,0,-0.477387848651661,-0.865572318478919,0.151279223433911,1,1,1,0,0,0,0,1237668348147466846,1,0,23.39142,20.90891,19.50515,18.95996,18.57143,0.78885,0.04464651,0.02667065,0.02562273,0.03910983,23.3601,21.0222,19.48828,18.92195,18.56865,0.923885,0.03958796,0.02501839,0.02123226,0.03717958,20.85848,20.28543,18.26971,17.75383,17.76039,0.5891237,0.2022993,0.05816,0.06539906,0.139508,21.8657,19.65663,18.14679,17.61273,17.28931,0.3978174,0.03016296,0.01198462,0.0106291,0.02500818,19.1575,19.83545,18.14687,17.70413,17.58302,0.3001889,0.03013608,0.01198461,0.01061999,0.02479758,16.61942,0.2869321,0.8477838,257,24577,24577,24577,24577,24577,0.2331508,0.1816695,0.1256781,0.09339232,0.06946672,21.63255,19.47496,18.02111,17.51933,17.21984,0.025000000372529,0.349999994039536,0
317,53228,0.1658987,3.194446E-5,0,-0.479699689366441,-0.86349508621336,0.155770485353042,1,1,1,0,0,0,0,1237662637449544113,1,0,22.0497,20.71474,19.72341,19.18413,18.66087,0.1462383,0.02372285,0.01906307,0.01797728,0.03348811,21.71393,20.23424,19.14316,18.61129,18.21294,0.1513212,0.01830153,0.01139641,0.01004528,0.0279048,20.49258,18.72306,17.741,17.28735,17.16213,0.2973911,0.02316752,0.01543432,0.01490975,0.06899689,20.2792,18.74376,17.7173,17.21477,16.86734,0.09830771,0.01206941,0.00795865,0.007289875,0.02041866,19.8971,18.6515,17.66395,17.17651,16.92145,0.09235013,0.0120199,0.008070564,0.007421908,0.02053756,38.96735,0.4546839,1.0,257,24577,24577,24577,24577,24577,0.2028893,0.15809,0.1093659,0.0812706,0.06045039,20.07631,18.58566,17.60794,17.1335,16.80689,0.386999994516373,0.547999978065491,2
318,53228,0.1430562,2.80178E-5,0,-0.471703818748135,-0.868522361551078,0.152198603358133,1,1,1,0,0,0,0,1237662637449806463,1,0,21.97523,19.96074,19.07733,18.6335,18.17351,0.1427661,0.01963784,0.01896871,0.02182781,0.02868846,21.62597,19.79149,18.81912,18.35942,18.04087,0.1411102,0.01358266,0.0106135,0.01001063,0.02481803,19.96286,18.65801,17.81801,17.3939,17.23873,0.1467677,0.01827704,0.01692842,0.01740839,0.05302338,20.5294,18.64507,17.70681,17.24816,16.92654,0.1055967,0.01011903,0.007291954,0.006968604,0.01811729,18.89343,18.4417,17.70679,17.31395,17.15532,0.08839367,0.01008984,0.007291954,0.00696136,0.01798994,5.42229,0.0417287,1.0,257,24577,24577,24577,24577,24577,0.2139466,0.1667058,0.1153263,0.08569979,0.0637449,20.31546,18.47836,17.59148,17.16246,16.8628,0.222000002861023,0.685000002384186,2
319,51633,0.08711237,1.593818E-5,0,-0.86506471303719,0.501533095194509,-0.0112958701523932,1,1,1,0,0,0,0,1237651800160338237,1,0,21.76448,20.87603,20.3343,20.20349,19.87049,0.1504082,0.03707126,0.03633643,0.03369948,0.09199573,21.55312,20.47264,19.92771,19.55862,19.35162,0.1409527,0.02659893,0.02449394,0.0244301,0.07660776,19.56821,18.40341,17.86624,17.6118,17.59,0.1840412,0.02960112,0.02843542,0.03215298,0.1257233,19.39823,18.32471,17.80347,17.4869,17.31464,0.08388409,0.01733508,0.0139985,0.02001222,0.05714378,19.28474,18.32522,17.80351,17.54632,17.43444,0.08328626,0.0173349,0.0139985,0.01994847,0.05971147,82.68433,1.861257,0.835645,257,1,1,1,1,1,0.1587022,0.1236596,0.08554717,0.06357072,0.04728493,19.23953,18.20106,17.71793,17.42333,17.26736,0.404000014066696,0.425999999046326,0
320,54266,0.1023376,1.986714E-5,0,-0.566918258404348,-0.810141439385766,0.149246562699918,1,1,1,0,0,0,0,1237662199897391377,1,0,21.26537,19.42974,18.53825,18.04504,17.63638,0.07493021,0.01526393,0.01392456,0.01589169,0.01891704,21.17031,19.405,18.43007,17.93081,17.57338,0.06221969,0.009262159,0.01085046,0.01270864,0.01736451,20.254,18.49634,17.54048,17.08107,16.81351,0.1393305,0.01810191,0.01939079,0.02432551,0.03213441,20.28521,18.44408,17.46892,16.97498,16.62701,0.06805858,0.008847426,0.006128571,0.006112796,0.01205294,20.18179,18.40158,17.46885,17.0237,16.74076,0.07478154,0.008843884,0.006128571,0.006109878,0.01202925,6.534832,0.03736731,0.9048674,257,24577,24577,24577,24577,24577,0.1606902,0.1252087,0.0866188,0.06436706,0.04787726,20.12452,18.31887,17.3823,16.91061,16.57914,0.275999993085861,0.586000025272369,2
321,53859,0.05057342,6.979392E-6,0,-0.512768585770025,-0.847618793254485,0.136421254829366,1,1,1,0,0,0,0,1237661950277845187,1,0,19.4708,18.28778,17.77947,17.5943,17.42713,0.03270019,0.01498068,0.02221882,0.0129455,0.02352714,19.44888,18.30485,17.81791,17.47551,17.24913,0.02912398,0.005404714,0.004898255,0.004633546,0.01268007,18.55868,17.43928,16.9053,16.55501,16.35592,0.03968907,0.006541944,0.006683826,0.006984075,0.01828982,18.63132,17.45845,16.94373,16.60426,16.3992,0.02313599,0.00477672,0.004424761,0.004273983,0.01015463,18.55608,17.42623,16.87119,16.50979,16.29924,0.02333487,0.004804887,0.004451023,0.004304814,0.01028044,15.04325,0.05487915,0.8309491,257,24577,24577,24705,24577,24577,0.1632598,0.1272109,0.08800392,0.06539635,0.04864287,18.46806,17.33124,16.85572,16.53886,16.35056,0.0939999967813492,0.688000023365021,2
322,53228,0.1585186,1.509771E-5,0,-0.47759868215009,-0.864329374184584,0.157588805853025,1,1,1,0,0,0,0,1237668330963468616,1,0,20.65182,19.42013,18.62993,18.18744,17.81736,0.05905833,0.02019961,0.01549575,0.01566768,0.0234033,20.90185,19.53221,18.64131,18.19115,17.89764,0.06709728,0.01061702,0.009183839,0.007703551,0.02361689,19.79889,18.53583,17.66568,17.25799,16.93274,0.09137344,0.02396123,0.02241467,0.02069803,0.04328231,19.83663,18.4752,17.58355,17.13477,16.83539,0.05349479,0.009459569,0.006838088,0.007230043,0.01764821,19.54476,18.457,17.58359,17.2178,16.94466,0.05315384,0.009459204,0.006838089,0.007219641,0.01760533,8.362803,0.06004765,0.8736737,257,24577,24577,24577,24577,24577,0.2131006,0.1660465,0.1148702,0.08536087,0.0634928,19.62353,18.30915,17.46868,17.04941,16.77189,0.151999995112419,0.514999985694885,2
323,53498,0.1246172,3.502364E-5,0,-0.4518797087527,-0.882043024326753,0.133434748300774,1,1,1,0,0,0,0,1237662636376785324,1,0,21.7921,19.82248,19.0069,18.54744,18.14132,0.1219347,0.02116215,0.01737609,0.01659384,0.02546528,21.78667,19.79197,18.7526,18.28715,17.90271,0.1522985,0.01392612,0.008710601,0.008236038,0.01877719,20.42178,18.70813,17.70844,17.2933,16.88809,0.2029398,0.02234698,0.01682005,0.015497,0.03481041,20.60332,18.60233,17.59289,17.14007,16.74815,0.1079835,0.01083794,0.00701595,0.006794435,0.01427479,19.96944,18.59543,17.63929,17.22927,16.79912,0.1162275,0.01090803,0.00705912,0.006818311,0.01429751,9.851855,0.07454432,0.9464092,257,24577,24705,24577,24577,24705,0.2134266,0.1663005,0.1150459,0.08549146,0.06358995,20.3899,18.43604,17.47784,17.05458,16.68456,0.238000005483627,0.634999990463257,2
324,53498,0.1883471,3.630622E-5,0,-0.456649531990903,-0.879631129578312,0.133117545084307,1,1,1,0,0,0,0,1237662636376654191,1,0,21.98963,20.10067,18.9055,18.41035,18.02993,0.1511607,0.02732249,0.01842408,0.02253203,0.02466742,22.07063,19.97483,18.71504,18.21919,17.84527,0.1946274,0.01587322,0.006717955,0.007921268,0.0179675,20.33579,18.77911,17.50882,17.03306,16.6445,0.2722895,0.03013646,0.02416113,0.02409532,0.03835993,20.90412,18.79658,17.52662,17.0305,16.65411,0.146961,0.0122195,0.006887212,0.006501605,0.0135189,20.20657,18.75025,17.5266,17.07306,16.67698,0.1453135,0.01221582,0.006887213,0.006500809,0.01352021,6.168146,0.04243815,0.9619859,257,24577,24705,24577,24577,24577,0.1899336,0.147995,0.1023822,0.07608097,0.05659027,20.71419,18.64858,17.42423,16.95442,16.59752,0.166999995708466,0.833000004291534,2
325,53498,0.2294637,6.014184E-5,0,-0.461904597360296,-0.877482007926026,0.129110296659609,1,1,1,0,0,0,0,1237662199900537236,1,0,22.68301,20.34395,18.89088,18.37359,18.06242,0.2521889,0.02427516,0.01632761,0.01978533,0.02118685,22.83619,20.23998,18.81084,18.25537,17.90863,0.3547504,0.02198218,0.009921601,0.009304258,0.01492889,22.74009,19.41965,17.83183,17.32293,17.01229,1.706787,0.04712848,0.01775511,0.01858079,0.04011123,22.11788,19.29994,17.80969,17.25737,16.93606,0.3496142,0.01699521,0.007777182,0.007381555,0.01504666,22.57764,19.40754,17.80972,17.30499,17.03871,0.5325789,0.01700812,0.007777184,0.007378317,0.01503166,7.961486,0.07041708,0.8774765,257,24577,24577,24577,24577,24577,0.1918755,0.1495081,0.103429,0.07685883,0.05716885,21.92601,19.15043,17.70626,17.18052,16.87889,0.0689999982714653,0.828000009059906,2
326,53119,0.1418978,2.939076E-5,0,-0.948090746804811,0.231164139401376,0.218373708302801,1,1,1,0,0,0,0,1237661950783455347,1,0,20.91222,19.16728,18.26581,17.72374,17.2913,0.08934277,0.01692907,0.01962778,0.01406229,0.02038527,21.34152,19.48491,18.36265,17.93021,17.53864,0.1046456,0.0116599,0.005826909,0.007004027,0.01291923,19.99393,18.28054,17.19017,16.75023,16.37362,0.1681991,0.01834898,0.01270229,0.01281777,0.02708245,20.05025,18.21637,17.13025,16.6609,16.29143,0.08463287,0.0093565,0.005704882,0.005820428,0.0119288,19.72308,18.18056,17.13025,16.66785,16.34872,0.08256494,0.009353368,0.005704882,0.00582048,0.01192443,11.09672,0.06788019,0.8217905,257,24577,24577,24577,24577,24577,0.06878158,0.05359414,0.03707618,0.02755157,0.02049331,19.98147,18.16277,17.09317,16.63334,16.27094,0.0759999975562096,0.893999993801117,2
327,53055,0.1127613,2.655928E-5,0,-0.968450469863817,0.135453117461561,0.209179684459312,1,1,1,0,0,0,0,1237661949712138430,1,0,21.61742,19.69188,18.70157,18.20135,17.87519,0.1701734,0.02372362,0.02968201,0.01823214,0.02688907,21.98846,20.06168,18.96367,18.51161,18.08663,0.1967803,0.01772794,0.01046458,0.009778566,0.02387147,20.8921,18.79066,17.79581,17.34314,16.839,0.4041834,0.02505779,0.0187092,0.01593008,0.0410517,20.51624,18.59819,17.60145,17.07998,16.63268,0.1412905,0.01265102,0.008279976,0.007312448,0.01634793,20.34111,18.69094,17.68227,17.25723,16.76401,0.1382136,0.01263801,0.00832977,0.007241266,0.01623248,24.00791,0.2674664,0.7736113,257,24577,24577,24577,24577,24577,0.1445507,0.112633,0.07791896,0.05790214,0.04306855,20.37169,18.48556,17.52353,17.02207,16.58961,0.5,0.5,2
328,53055,0.1464731,3.000102E-5,0,-0.968681544840573,0.140188902558581,0.204946666927523,1,1,1,0,0,0,0,1237661812269187197,1,0,21.37212,19.40099,18.28441,17.90302,17.56597,0.1182936,0.02497985,0.0190313,0.02707431,0.02767565,21.4866,19.5628,18.45744,17.98328,17.64144,0.1211104,0.01205671,0.007489441,0.007190197,0.01872404,19.66478,18.23081,17.18297,16.74638,16.37021,0.1476132,0.0278813,0.02153379,0.02124908,0.03946378,20.11149,18.22497,17.11486,16.6605,16.27687,0.0954636,0.009386561,0.006058367,0.005932584,0.0141842,19.2065,18.19558,17.11487,16.73381,16.34205,0.09116699,0.009385406,0.006058367,0.00592764,0.01417453,15.82608,0.1122875,0.7957708,257,1,24577,24577,24577,24577,0.1711331,0.1333458,0.09224797,0.06855012,0.0509887,19.94036,18.09162,17.02262,16.59195,16.22588,0.0790000036358833,0.848999977111816,2
329,53055,0.3381588,1.241106E-4,0,-0.971689633718114,0.139527719329776,0.190660093526118,1,1,1,0,0,0,0,1237661811195445457,1,0,23.13278,21.54363,19.61807,19.07408,18.77772,2.285135,0.07276452,0.02501413,0.02054792,0.04230925,23.18507,21.77127,19.86687,19.21302,18.92109,10.7629,0.07643881,0.02128827,0.01861368,0.05099349,23.73217,20.91342,19.0367,18.38665,18.08732,3.188043,0.141996,0.03892833,0.03468387,0.09973687,22.47149,20.90736,18.99007,18.34493,18.04,0.5050634,0.0580567,0.01737962,0.01472476,0.03866841,22.10525,20.92177,18.99007,18.3482,18.07519,0.4180211,0.05769245,0.01737962,0.01470622,0.0420248,11.8571,0.3141381,0.7896757,257,1,24577,24577,24577,24577,0.1711458,0.1333556,0.09225482,0.06855521,0.05099249,22.30034,20.774,18.89782,18.27638,17.989,0.0359999984502792,0.75,2
330,53055,0.1638114,4.324595E-5,0,-0.967593541191204,0.140975714803948,0.209496030703644,1,1,1,0,0,0,0,1237661949712007344,1,0,22.38295,20.14309,18.78617,18.15084,17.80806,0.3240042,0.02578009,0.02290371,0.0229077,0.03086152,22.56875,20.26244,18.91582,18.35373,17.93111,0.327912,0.02058178,0.01010327,0.007861242,0.02152141,21.73903,19.18233,17.71268,17.16729,16.80023,0.8321307,0.03487009,0.02757416,0.02423307,0.03634109,21.52932,19.12462,17.72217,17.1631,16.7322,0.2920603,0.01545644,0.007680503,0.006802945,0.01571969,19.92927,19.04571,17.57766,17.04556,16.68532,0.2370998,0.01554152,0.007744789,0.006825476,0.01582263,28.96068,0.2889398,0.8003241,257,24577,24577,24577,24577,24577,0.1607542,0.1252586,0.08665333,0.06439271,0.04789634,21.36856,18.99936,17.63552,17.0987,16.6843,0.732999980449677,0.266999989748001,1
331,53498,0.13944,4.866579E-5,0,-0.454442540893326,-0.881013278125873,0.131520267610433,1,1,1,0,0,0,0,1237662636376719777,1,0,21.81241,19.91851,18.93569,18.48689,18.13449,0.1305289,0.02309205,0.01670792,0.01705924,0.02509401,21.73422,19.84249,18.79553,18.35352,17.9933,0.1506374,0.01444309,0.008945993,0.008596873,0.02004555,20.86384,18.80111,17.79674,17.34072,17.00995,0.3067884,0.02366841,0.01605869,0.01683691,0.03475974,20.80439,18.78927,17.74098,17.2832,16.93405,0.1237805,0.01134261,0.007353597,0.007089684,0.01511228,20.81929,18.70998,17.74099,17.30425,17.00324,0.1218214,0.01133043,0.007353597,0.007089233,0.01510719,6.628988,0.04930879,0.9470205,257,24577,24705,24577,24577,24577,0.1979947,0.1542761,0.1067275,0.07930999,0.05899206,20.60639,18.635,17.63425,17.20389,16.87506,0.159999996423721,0.720000028610229,2
332,53498,0.3202447,7.148356E-5,0,-0.457392396279694,-0.878535545381883,0.137722515683085,1,1,1,0,0,0,0,1237661951353094601,1,0,23.63608,21.21196,19.40756,18.78188,18.33111,1.657927,0.06328812,0.02242057,0.02315012,0.03050605,23.65252,21.31582,19.47903,18.85924,18.47083,1.616806,0.07024194,0.01747649,0.01893943,0.03135429,28.0749,20.43042,18.20379,17.53458,17.51444,1.840718,0.2858261,0.05894048,0.04844287,0.1116783,23.3111,20.06293,18.21481,17.57959,17.23389,1.608838,0.034672,0.01143384,0.00992984,0.02387541,23.773,20.09267,18.21481,17.56172,17.34064,1.368405,0.03481722,0.01143384,0.00993091,0.02482379,11.2192,0.1815949,0.8397108,257,24577,24577,24577,24577,24577,0.2060829,0.1605784,0.1110874,0.08254983,0.06140191,23.10501,19.90235,18.10372,17.49704,17.17249,0.0359999984502792,0.85699999332428,2
333,53119,0.3064205,7.975186E-5,0,-0.945188293515899,0.236606400119185,0.225025556822206,1,1,1,0,0,0,0,1237661068181373141,1,0,23.39824,21.22656,19.5487,18.9474,18.56767,0.5785755,0.03893921,0.0199534,0.0227782,0.03628465,23.58532,21.12316,19.51985,18.92426,18.50613,0.4236124,0.03704035,0.01479721,0.01113804,0.0357407,24.67991,19.47245,17.94086,17.43191,16.98585,8.201349,0.07623339,0.02983361,0.03241737,0.08764299,22.18779,19.5373,17.90206,17.3157,16.94773,0.5162355,0.02670964,0.01082076,0.0105367,0.02667023,22.76381,19.51501,17.90209,17.41242,17.00636,0.4702165,0.02669269,0.01082077,0.01052601,0.02665975,12.44006,0.1964722,0.8633399,257,24577,24577,24577,24577,24577,0.05179108,0.04035525,0.02791758,0.02074575,0.01543103,22.136,19.49694,17.87414,17.29495,16.9323,0.028999999165535,0.764999985694885,2
334,53119,0.1272507,1.486043E-5,0,-0.94757793783388,0.234410216468908,0.217135676814039,1,1,1,0,0,0,0,1237661950783389814,1,0,20.71633,19.26783,18.65105,18.2168,17.72663,0.07507814,0.01404647,0.0196167,0.01831241,0.02435362,21.05741,19.54435,18.68315,18.26305,17.96515,0.08314769,0.0121692,0.008549428,0.008843359,0.02084293,19.44638,18.32805,17.56519,17.19255,16.94969,0.08961333,0.01566819,0.01226745,0.01376925,0.03756545,19.59732,18.18277,17.36986,16.95378,16.65324,0.06028327,0.009359001,0.006831757,0.007113527,0.01662347,18.60955,18.18287,17.42365,17.07299,16.84468,0.05711994,0.009408346,0.006878213,0.007153451,0.01667273,14.85997,0.1221442,0.82454,257,24577,24577,24577,24577,24577,0.07065522,0.05505407,0.03808615,0.02830209,0.02105156,19.52667,18.12772,17.33178,16.92548,16.63219,0.270000010728836,0.675999999046326,2
335,53062,0.114221,2.064977E-5,0,-0.965411758207065,0.156225811690534,0.208742982821402,1,1,1,0,0,0,0,1237661949711614116,1,0,21.32132,19.88001,19.29962,18.9028,18.57505,0.1274433,0.02493028,0.01892745,0.0220116,0.04152247,21.67628,20.13588,19.28963,18.84798,18.5814,0.1515484,0.01831403,0.01332956,0.01255822,0.03615842,19.73045,18.21169,17.56189,17.19955,16.98552,0.1867472,0.02025532,0.01689368,0.01792977,0.05974536,19.67356,18.24307,17.51041,17.11604,16.84332,0.08002532,0.01083677,0.008462814,0.00828314,0.02402363,19.48174,18.13992,17.50195,17.1342,16.87817,0.08042413,0.01079077,0.008488679,0.008392105,0.02574592,56.8853,0.7135289,0.8045514,257,24577,24577,24577,24577,24577,0.1413574,0.1101447,0.07619762,0.05662299,0.0421171,19.5322,18.13293,17.43421,17.05942,16.80121,0.231000006198883,0.577000021934509,2
336,53062,0.0372601,7.370053E-6,0,-0.964958911447013,0.162228850741141,0.206242816132354,1,1,1,0,0,0,0,1237661949711482954,1,0,19.9881,18.93044,18.70194,18.45671,18.20231,0.04683189,0.02082345,0.0250761,0.01845155,0.03527603,20.17788,19.11366,18.70084,18.46899,18.2625,0.044658,0.00847288,0.008737712,0.00952439,0.02772906,18.39946,17.495,17.17496,16.95308,16.71792,0.05213675,0.01061476,0.01180157,0.0138283,0.04445102,18.6312,17.5854,17.22157,16.97707,16.78604,0.02896685,0.006125817,0.006166467,0.00675923,0.01953063,18.21185,17.38225,17.07152,16.83772,16.54955,0.02971118,0.006214641,0.006298491,0.006888985,0.01986422,37.79703,0.321679,0.80844,257,24577,24577,24577,24577,24577,0.1149225,0.08954686,0.06194811,0.04603408,0.0342409,18.51628,17.49586,17.15963,16.93104,16.7518,0.208000004291534,0.708999991416931,2
337,53498,0.2061027,5.298486E-5,0,-0.459669702650636,-0.877281361033763,0.138134637393466,1,1,1,0,0,0,0,1237661951353028814,1,0,22.72225,20.47288,19.20747,18.56923,18.16218,0.5159285,0.04875139,0.02713527,0.01972173,0.02835741,22.7784,20.57534,19.18847,18.63241,18.2841,0.5271292,0.04794005,0.02371156,0.02040414,0.0281605,21.98521,19.05671,17.78944,17.2216,16.91283,1.940181,0.104976,0.06356965,0.04788385,0.05391978,21.95932,19.06526,17.70943,17.16241,16.82122,0.5939439,0.01804193,0.009020924,0.008404696,0.02003096,22.76267,18.87516,17.70946,17.18091,16.80408,0.7148328,0.01973592,0.009020925,0.008403853,0.02003033,13.64682,0.1670566,0.8551038,257,24577,24577,24577,24577,24577,0.1909948,0.1488219,0.1029543,0.07650607,0.05690646,21.76833,18.91644,17.60648,17.0859,16.76432,0.0560000017285347,0.75,2
338,53119,0.08614935,8.740957E-6,0,-0.949371317259777,0.224661922376223,0.219593084132119,1,1,1,0,0,0,0,1237661950783651946,1,0,20.5935,19.56137,19.05831,18.75965,18.55553,0.06782765,0.01958081,0.01842996,0.01722182,0.03587926,20.89274,19.73716,19.20099,18.84764,18.69128,0.07252657,0.01383663,0.01234759,0.01364355,0.03779026,19.37832,18.29824,17.77717,17.44214,17.1413,0.1022602,0.01822209,0.01390153,0.02064161,0.05575287,19.45819,18.26935,17.72225,17.36965,17.21545,0.05137862,0.009574643,0.008587329,0.009609408,0.02598758,19.41113,18.28902,17.72225,17.39632,17.10174,0.06867806,0.009572068,0.008587329,0.01161851,0.02835643,42.86654,0.5279148,0.7807804,257,24577,24577,24577,24577,24577,0.06418747,0.05001445,0.03459976,0.02571133,0.01912451,19.394,18.21933,17.68765,17.34394,17.19633,0.423000007867813,0.384999990463257,0
339,53062,0.1357387,2.582751E-5,0,-0.967727539535573,0.151815160834083,0.201135690928655,1,1,1,0,0,0,0,1237661949174874199,1,0,21.02494,19.25155,18.2368,17.81074,17.40932,0.1032866,0.02167412,0.01821784,0.01504946,0.02563679,21.39118,19.51778,18.42305,17.99629,17.65191,0.1154504,0.01215496,0.007330995,0.005999957,0.01569124,20.07117,18.46266,17.38158,16.96558,16.57893,0.1708194,0.02114522,0.01598031,0.02072248,0.03090223,20.28708,18.44023,17.35553,16.93422,16.5479,0.09563576,0.01004092,0.006215005,0.005975545,0.01263253,19.59409,18.40926,17.35553,16.95043,16.51644,0.09376328,0.01003881,0.006215004,0.005974028,0.01262575,11.73377,0.07943121,0.8010547,257,24577,24577,24577,24577,24577,0.1468369,0.1144143,0.0791513,0.05881789,0.04374971,20.14025,18.32581,17.27638,16.8754,16.50415,0.0450000017881393,0.837000012397766,2
340,53062,0.1640562,2.086742E-5,0,-0.967209633888526,0.152279143914666,0.203264818504924,1,1,1,0,0,0,0,1237661812268859486,1,0,21.55916,20.00051,18.92757,18.54293,18.30516,0.1773683,0.02665751,0.01949649,0.01848249,0.03582773,21.50698,20.03581,19.07931,18.62682,18.32172,0.1490738,0.0172689,0.01304908,0.01354735,0.03374985,19.9095,18.1166,17.40035,17.01216,16.96259,0.2592581,0.02069125,0.01870793,0.02159701,0.07129231,20.01462,18.23217,17.41434,17.00654,16.77063,0.1051217,0.009832525,0.007776799,0.008044718,0.02400575,19.91418,18.05576,17.31239,16.89667,16.7324,0.1198733,0.009728057,0.007936384,0.008210666,0.02411545,50.36532,0.5688331,0.7825118,257,1,24577,24577,24577,24577,0.1590708,0.1239469,0.08574586,0.06371837,0.04739476,19.85555,18.10822,17.32859,16.94282,16.72323,0.66100001335144,0.282999992370605,1
341,53062,0.07366069,4.356169E-6,0,-0.965354991858147,0.158170656922671,0.207537425500097,1,1,1,0,0,0,0,1237661949711548614,1,0,19.81574,18.93654,18.93874,18.71906,18.6629,0.04391747,0.0220615,0.0226071,0.0220754,0.04624525,20.05552,19.24991,18.95537,18.70322,18.66942,0.04135397,0.01005146,0.01062575,0.01172791,0.03947566,19.00424,18.20651,17.9389,17.69742,17.74165,0.05594932,0.01238359,0.01484599,0.01743682,0.06973508,18.97088,18.16278,17.90037,17.63248,17.58882,0.03163896,0.007884022,0.008156096,0.008784898,0.02946633,18.96195,18.16558,17.90037,17.64785,17.57578,0.03516332,0.007882315,0.008156096,0.008781362,0.03047536,22.29162,0.2379494,0.8082168,257,24577,24577,24577,24577,24577,0.1402352,0.1092703,0.07559269,0.05617347,0.04178274,18.83065,18.05351,17.82477,17.57631,17.54704,0.333000004291534,0.5,2
342,53062,0.02087207,7.23765E-6,0,-0.964914940848095,0.172672214597628,0.197796519772384,1,1,1,0,0,0,0,1237661811731464393,1,0,21.31815,20.44683,19.99766,19.87047,19.9821,0.1426597,0.03195653,0.04772141,0.05869939,0.1637122,21.59625,20.71169,20.3306,20.15986,20.00048,0.1419756,0.03238242,0.04449071,0.06185597,0.1518095,18.91976,17.89144,17.55907,17.53424,17.38386,0.1592299,0.03047316,0.04093468,0.07726119,0.1851145,18.88753,17.80177,17.42519,17.26982,17.25034,0.07204627,0.01216399,0.01377646,0.01879532,0.06740241,18.67343,17.76687,17.42518,17.30209,17.25072,0.07094725,0.01214009,0.01377646,0.01875841,0.07618408,225.7407,5.370051,0.7620271,257,1,24577,24577,24577,24577,0.08207586,0.06395295,0.04424236,0.03287681,0.02445431,18.80545,17.73781,17.38095,17.23695,17.22589,0.323000013828278,0.354999989271164,0
343,51630,0.04808582,1.016774E-5,0,-0.841788812188082,0.539806762840214,5.04447169055512E-4,1,1,1,0,0,0,0,1237650796220514489,1,0,20.15141,18.49601,17.65571,17.23995,16.891,0.03757573,0.01946842,0.01611441,0.0209783,0.026532,19.99474,18.37867,17.55674,17.11208,16.78174,0.03086877,0.005576422,0.003665581,0.003321195,0.009331496,18.27413,16.44098,15.70556,15.31477,15.04687,0.06592863,0.006037254,0.004800077,0.004704784,0.01505041,17.98446,16.30686,15.52711,15.10624,14.7796,0.02255955,0.003742947,0.003132158,0.003053925,0.006490546,18.28317,16.42209,15.64278,15.23845,14.88604,0.02234647,0.00378992,0.003179194,0.003092438,0.006572736,44.26165,0.113763,0.847173,257,16385,24577,16385,24577,24577,0.318304,0.2480203,0.1715793,0.1275018,0.09483793,17.66615,16.05884,15.35553,14.97874,14.68476,0.966000020503998,0.0230000000447035,1
344,51633,0.1009298,1.453745E-5,0,-0.864130004808332,0.502948594852105,-0.0179456325117259,1,1,1,0,0,0,0,1237648720143778083,1,0,21.72498,20.52851,19.62824,19.12976,18.68392,0.1212639,0.0321318,0.02139373,0.0201135,0.03561466,21.83154,20.1534,19.31841,18.83899,18.41369,0.1372341,0.01902255,0.01305479,0.01285672,0.02695715,20.60381,18.55649,17.69045,17.30851,16.93631,0.4207987,0.04059175,0.01848971,0.0266219,0.05587662,20.10798,18.4257,17.63562,17.17322,16.80949,0.08331646,0.01407205,0.008452916,0.00852479,0.02048641,20.13414,18.42003,17.63561,17.20198,16.86153,0.08309792,0.01405027,0.008452916,0.008520425,0.02047732,72.37078,0.897358,0.8584099,257,24577,24577,24577,24577,24577,0.1634664,0.1273719,0.08811531,0.06547912,0.04870444,19.94451,18.29833,17.5475,17.10774,16.76079,0.861999988555908,0.137999996542931,1
345,51633,0.1039087,2.14985E-5,0,-0.862142741900068,0.506419081419648,-0.0157989418352334,1,1,1,0,0,0,0,1237648720143646840,1,0,21.1683,20.12792,19.28852,19.00268,18.52944,0.08281796,0.03782862,0.01528194,0.01885449,0.03403833,21.04655,19.78582,19.09073,18.74566,18.46202,0.0767567,0.0128793,0.01107031,0.01002447,0.032334,19.59311,18.39453,17.76524,17.47957,17.22748,0.09410214,0.0179664,0.01460652,0.01754598,0.0533161,19.6458,18.41669,17.75048,17.4337,17.16464,0.05038296,0.0100404,0.008015482,0.008855416,0.0234901,19.52229,18.3547,17.71784,17.4386,17.09568,0.05197875,0.01002028,0.008087691,0.008957716,0.02387395,30.1336,0.3283503,0.8445196,257,24577,24577,24577,24577,24577,0.1708122,0.1330957,0.09207502,0.0684216,0.05089311,19.47499,18.2836,17.65841,17.36528,17.11374,0.0939999967813492,0.810999989509583,2
346,51910,0.04651895,1.145981E-5,0,-0.881492985653173,0.472195119046272,-0.00137324183280686,1,1,1,0,0,0,0,1237648721218371802,1,0,20.95071,19.49578,18.77114,18.35002,18.06291,0.07010329,0.01878917,0.01425827,0.01676298,0.03085831,20.56599,19.08154,18.29768,17.86433,17.53772,0.05768403,0.00859238,0.007648494,0.007107647,0.01747569,18.52041,16.81133,16.1475,15.7436,15.51258,0.07981301,0.008712051,0.00885797,0.01052373,0.02546235,18.40841,16.8315,16.1427,15.72289,15.4353,0.02822667,0.007271262,0.004065861,0.004041878,0.00977177,18.39926,16.81895,16.1427,15.68545,15.41502,0.02809072,0.007256265,0.004065861,0.00409554,0.009988704,124.9292,0.5730802,0.8756675,257,24577,24577,24577,24577,24577,0.1367055,0.10652,0.07369005,0.0547596,0.04073108,18.2717,16.72498,16.06901,15.66813,15.39456,0.871999979019165,0.0659999996423721,1
347,51910,0.04227561,1.421367E-5,0,-0.875094111294405,0.483547703072241,-0.0197968490274438,1,1,1,0,0,0,0,1237651799623925935,1,0,19.60085,17.70798,17.08086,16.52512,16.06289,0.03200228,0.0114327,0.01353551,0.01433765,0.01851293,19.72697,17.71855,16.78529,16.33568,15.97606,0.02826017,0.003882718,0.002846527,0.002343209,0.004998518,17.99733,16.07913,15.1586,14.71819,14.37956,0.04453091,0.005038948,0.004006028,0.003978115,0.008106042,17.9337,15.9298,15.01482,14.56833,14.21355,0.02200274,0.003294724,0.002611637,0.002550607,0.004372618,17.79945,15.92784,15.03251,14.59536,14.23141,0.02202231,0.003303383,0.002621848,0.002557956,0.004387291,17.23175,0.02687283,0.8528067,257,1,1,1,1,1,0.2845421,0.2217133,0.1533802,0.1139779,0.08477865,17.64916,15.70809,14.86144,14.45435,14.12877,0.266000002622604,0.718999981880188,2
348,51910,0.02133142,1.046166E-5,0,-0.877528204461558,0.479431047880818,0.0094931924227421,1,1,1,0,0,0,0,1237651801771540557,1,0,19.67816,17.71115,16.99217,16.45748,15.97905,0.03582447,0.01535093,0.0173404,0.01497344,0.02123589,19.50022,17.61325,16.63686,16.16764,15.80461,0.02579428,0.003754034,0.002403395,0.002287587,0.004466218,16.60127,14.79013,13.9073,13.47829,13.224,0.05635339,0.008265723,0.01317699,0.01078765,0.01003089,16.58556,14.67689,13.7864,13.33005,12.98449,0.0137117,0.002467991,0.002099135,0.002095089,0.003125127,16.47198,14.72168,13.8747,13.43456,13.0885,0.0141845,0.00247843,0.002118477,0.002117964,0.003189464,201.2252,0.2408652,0.8504173,257,1,1,1,1,1,0.1785228,0.1391037,0.09623132,0.07151019,0.05319044,16.40704,14.53778,13.69017,13.25854,12.9313,0.773999989032745,0.194000005722046,1
349,53228,0.07208411,1.856295E-5,0,-0.471773278352026,-0.869545647714053,0.146014863539742,1,1,1,0,0,0,0,1237662636913000790,1,0,20.90858,18.99611,18.26636,17.78725,17.41244,0.0737096,0.09210793,0.1570103,0.1680226,0.1577747,20.62035,18.79841,17.85941,17.42353,17.11915,0.07539335,0.1103673,0.1937554,0.2105306,0.1982337,18.72491,17.29913,16.54609,16.08949,15.8123,0.08862569,0.2068486,0.4314786,0.4599997,0.4438436,19.16462,17.36599,16.49117,16.03644,15.72984,0.04101689,0.00554207,0.004349465,0.004160598,0.00896237,18.35953,17.1551,16.49118,16.02501,15.7692,0.03900377,0.005504325,0.004349465,0.004159378,0.008958313,6.976182,0.02425889,1.0,257,24577,24577,24577,24577,24577,0.222876,0.1736635,0.1201396,0.0892766,0.06640539,18.94174,17.19232,16.37103,15.94717,15.66344,0.439999997615814,0.200000002980232,0
350,53498,0.3461289,1.327116E-4,0,-0.458750318624706,-0.878052185775043,0.136280975258473,1,1,1,0,0,0,0,1237662200437474004,1,0,25.92315,21.7345,19.9353,19.28822,18.96718,0.9007643,0.05509106,0.02255896,0.01926194,0.04103012,26.15173,21.67365,19.96512,19.30812,18.92054,0.960612,0.06275592,0.02182421,0.01858332,0.04397616,28.06071,20.77527,18.75554,18.09245,17.58218,0.7337378,0.1607318,0.04927414,0.05705823,0.1322614,27.44231,20.47552,18.71737,18.097,17.68436,0.3276457,0.04713874,0.01656206,0.01437689,0.03231454,27.90714,20.68154,18.71737,18.07565,17.50493,0.314822,0.04746378,0.01656206,0.01437549,0.03503453,11.29922,0.291577,0.854165,257,24577,24577,24577,24577,24577,0.1981974,0.154434,0.1068368,0.07939116,0.05905244,27.24411,20.32108,18.61054,18.01761,17.62531,0.112000003457069,0.656000018119812,2
351,53062,0.2182162,3.507611E-5,0,-0.966459071274699,0.16940440807123,0.193025931099641,1,1,1,0,0,0,0,1237661948637544641,1,0,19.8834,19.58807,19.09839,18.8004,18.65525,0.04043121,0.02097028,0.0302894,0.03271062,0.04074164,20.25465,19.90762,19.42262,19.05152,18.94304,0.03845709,0.01620121,0.01464585,0.0149784,0.04558426,19.75386,19.42532,18.87093,18.53929,18.31967,0.07290535,0.02643415,0.02346819,0.02555869,0.07597331,19.71667,19.37306,18.85133,18.50739,18.36762,0.03982025,0.01444509,0.01273559,0.01233258,0.03523662,19.79641,19.42138,18.85352,18.51561,18.2998,0.04480569,0.01441346,0.01273794,0.01314843,0.03893819,8.668089,0.1489238,0.7822441,257,24577,24577,24577,24577,24577,0.09257232,0.07213172,0.04990039,0.03708134,0.0275817,19.6241,19.30093,18.80143,18.47031,18.34003,0.234999999403954,0.617999970912933,2
352,53062,0.2872494,5.035833E-5,0,-0.964499884065749,0.168376237161641,0.20344389004451,1,1,1,0,0,0,0,1237661812268466313,1,0,22.92545,20.61969,19.0259,18.55546,18.12772,0.5140418,0.03592849,0.03378462,0.05342194,0.083935,23.1514,20.87458,19.3779,18.75982,18.34285,0.5086384,0.03523857,0.0214323,0.06254796,0.1004924,21.01918,19.64145,18.21976,17.6352,17.2119,0.4991732,0.07213833,0.04559223,0.145046,0.2311178,22.07874,19.65507,18.14746,17.55085,17.12456,0.5058507,0.02577181,0.01203784,0.01035918,0.02642641,19.97286,19.50753,18.14746,17.61348,17.25005,0.4445669,0.02791365,0.01203784,0.01035231,0.02637938,18.39277,0.3309746,0.7608316,257,1,24577,24577,24577,24577,0.09851085,0.07675898,0.05310151,0.03946011,0.02935107,21.98023,19.57831,18.09436,17.51139,17.09521,0.0329999998211861,0.800000011920929,2
353,53055,0.3912835,9.391001E-5,0,-0.969205795297214,0.133902081197236,0.206664847067282,1,1,1,0,0,0,0,1237661812269384042,1,0,23.04619,21.62589,19.87556,19.19067,18.74816,0.4738575,0.06355517,0.0276654,0.02132704,0.04398491,23.14548,21.7792,20.0159,19.32303,18.88753,0.5018758,0.06734724,0.02372167,0.01981835,0.04267395,21.00311,20.35969,18.89117,18.20596,17.61813,0.4427302,0.1048731,0.04826147,0.05114558,0.1021449,21.92438,20.58935,18.84278,18.14963,17.68985,0.3885722,0.05127032,0.01836294,0.01541692,0.03919714,19.66817,20.24463,18.84278,18.22808,17.60333,0.2871449,0.05482743,0.02084805,0.01700238,0.04594953,12.86295,0.3846559,0.8125998,257,1,24577,24577,24577,24577,0.1396466,0.1088117,0.07527541,0.0559377,0.04160737,21.78473,20.48054,18.76751,18.0937,17.64824,0.0740000009536743,0.74099999666214,2
354,53055,0.08347469,1.997416E-5,0,-0.970530015977243,0.136535734725784,0.198568580672027,1,1,1,0,0,0,0,1237661811732381827,1,0,20.62759,18.7025,17.69991,17.33481,17.05816,0.07709957,0.02648542,0.0104007,0.02001647,0.02165654,20.76794,18.84571,17.84323,17.37227,16.99406,0.07443178,0.009321396,0.005645958,0.005629529,0.01076184,18.10267,16.31098,15.57818,15.13866,14.88895,0.0937249,0.01672589,0.0098089,0.01080328,0.02340326,18.08677,16.18607,15.27543,14.81039,14.48042,0.04109848,0.004395139,0.003412335,0.003375225,0.007070861,17.87846,16.03911,15.36562,14.90388,14.68173,0.04103988,0.004457956,0.003463335,0.00340705,0.00704165,48.94727,0.1872899,0.7932567,257,1,24577,24577,24577,24577,0.1847067,0.1439222,0.09956472,0.07398726,0.05503293,17.90206,16.04215,15.17586,14.7364,14.42539,0.76800000667572,0.160999998450279,1
355,53062,0.1367085,2.421753E-5,0,-0.9664088241118,0.160836331862352,0.200463610243633,1,1,1,0,0,0,0,1237661949174612093,1,0,21.3198,19.3551,18.3141,17.92886,17.48096,0.1265653,0.02105087,0.0185138,0.01889631,0.03077759,21.59066,19.60339,18.52296,18.12305,17.711,0.1369402,0.01283136,0.007813048,0.007522741,0.01355627,20.46239,18.71293,17.67622,17.28399,16.85905,0.1913309,0.01854984,0.01216026,0.01258151,0.02751162,20.69142,18.70395,17.63744,17.22486,16.80607,0.1141265,0.01080139,0.006786114,0.006553371,0.01343412,20.6836,18.60579,17.63744,17.22515,16.79579,0.1116417,0.01213878,0.006786114,0.006553585,0.01343224,10.32956,0.07701399,0.800759,257,24577,24577,24577,24577,24577,0.1178557,0.0918324,0.06352923,0.04720902,0.03511484,20.57356,18.61211,17.57391,17.17765,16.77095,0.0500000007450581,0.75,2
356,53055,0.1723419,3.091335E-5,0,-0.969961396302827,0.138736203948225,0.199817805503679,1,1,1,0,0,0,0,1237661811732381742,1,0,22.29052,19.81753,18.4878,18.04653,17.7293,0.2388439,0.03250152,0.01592688,0.02343142,0.02751472,22.23131,19.96092,18.65052,18.13581,17.76767,0.197042,0.0232049,0.01372671,0.01329879,0.02461836,19.82028,18.5825,17.29786,16.82878,16.66786,0.2678551,0.05976501,0.04241698,0.04784888,0.08517256,20.94383,18.64658,17.32713,16.81208,16.45276,0.212315,0.01301674,0.007162349,0.006831137,0.01521123,18.58062,18.55524,17.32712,16.89747,16.68567,0.1838627,0.01300885,0.00716235,0.006825156,0.01513244,15.4488,0.1375304,0.7932567,257,1,24577,24577,24577,24577,0.1862323,0.1451109,0.1003871,0.07459834,0.05548746,20.7576,18.50147,17.22674,16.73748,16.39728,0.0970000028610229,0.547999978065491,2
357,53055,0.1638224,4.253467E-5,0,-0.967390426737851,0.14158501869992,0.210022486262069,1,1,1,0,0,0,0,1237661949712007333,1,0,22.55466,20.18498,18.99537,18.53179,18.25884,0.3729453,0.02545409,0.02337514,0.02381913,0.03630154,22.64189,20.32203,19.14505,18.7582,18.41298,0.3477606,0.01936836,0.01049924,0.01057333,0.03128602,20.22955,18.55177,17.42103,16.95427,16.86289,0.4388556,0.0406573,0.02233413,0.0212462,0.07896203,20.57801,18.4922,17.26274,16.85701,16.54679,0.2221845,0.01552492,0.008595082,0.008438152,0.02290303,20.63109,18.48882,17.26284,16.85864,16.74225,0.2000617,0.01552044,0.008595082,0.008435735,0.02280463,23.69028,0.2999692,0.8003241,257,24577,24577,24577,24577,24577,0.1576738,0.1228584,0.08499286,0.0631588,0.04697854,20.42034,18.36934,17.17774,16.79385,16.49981,0.0,0.833000004291534,2
358,53055,0.150848,3.378593E-5,0,-0.967618241788758,0.141435517429771,0.209071596748593,1,1,1,0,0,0,0,1237661949712007339,1,0,21.5168,20.1194,19.01622,18.43828,18.11254,0.1535485,0.02535787,0.02357645,0.02367252,0.03422759,21.73667,20.24347,19.13763,18.63802,18.24162,0.1596773,0.02021637,0.01182067,0.0106665,0.02724318,19.89484,18.92498,17.82643,17.41721,16.97851,0.1786378,0.03195409,0.01823436,0.01801025,0.04880774,20.20459,18.6939,17.55723,17.06126,16.66778,0.128339,0.0149907,0.008940829,0.008292575,0.0204236,19.29876,18.84366,17.70889,17.34243,16.8519,0.1189923,0.01518064,0.009052164,0.008330807,0.02064111,25.09091,0.3181761,0.8003241,257,24577,24577,24577,24577,24577,0.1591865,0.124037,0.08580825,0.06376473,0.04742924,20.0454,18.56987,17.47142,16.9975,16.62035,0.296999990940094,0.703000009059906,2
359,53055,0.04079885,9.518277E-6,0,-0.969464244284035,0.141938658277143,0.199981239973325,1,1,1,0,0,0,0,1237661811732250878,1,0,21.17224,20.42721,20.00558,19.934,19.75106,0.1276015,0.04148295,0.03406248,0.0357934,0.09984624,21.39626,20.35656,20.05326,19.84791,19.62575,0.1422313,0.02511204,0.025253,0.03241388,0.09409267,18.43124,17.70804,17.57014,17.45047,17.18775,0.09759206,0.02524037,0.03035123,0.04429609,0.128596,18.71316,17.71595,17.50232,17.30777,17.15874,0.05339821,0.01092788,0.01267772,0.01699769,0.05320811,18.25021,17.6192,17.46288,17.36485,16.98619,0.05609766,0.01089648,0.01288499,0.01718431,0.0552397,156.7352,3.432039,0.7922925,257,1,24577,24577,24577,24577,0.1789712,0.1394532,0.09647305,0.07168981,0.05332405,18.53419,17.5765,17.40584,17.23608,17.10541,0.363999992609024,0.181999996304512,0
360,53083,0.1738021,3.076279E-5,0,-0.968736345313414,0.122022070104152,0.216010434183879,1,1,1,0,0,0,0,1237661950249336950,1,0,21.31618,19.37203,18.24657,17.71522,17.3632,0.1370413,0.04621675,0.03274893,0.03257896,0.02081247,21.6349,19.65599,18.401,17.93875,17.60476,0.1517986,0.01286048,0.00712559,0.006420569,0.01465095,20.57592,18.60023,17.39577,16.91065,16.6063,0.2650423,0.01929402,0.01165126,0.01100793,0.0277925,20.52498,18.55468,17.31245,16.84578,16.4909,0.1228749,0.01054225,0.006022996,0.005555534,0.01366215,20.36316,18.49364,17.31245,16.85987,16.51198,0.1222833,0.01053666,0.006022996,0.005555164,0.01366562,10.17723,0.06423976,0.8081979,257,24577,24577,24577,24577,24577,0.1867065,0.1454805,0.1006427,0.07478832,0.05562877,20.33828,18.4092,17.21181,16.77099,16.43527,0.0750000029802322,0.906000018119812,2
361,53859,0.2540106,2.481067E-5,0,-0.51905670533716,-0.844743678284944,0.130338998930309,1,1,1,0,0,0,0,1237661949740777632,1,0,21.46105,20.58808,19.35745,18.83787,18.64951,29.01885,0.04743509,0.9330209,0.6627318,2.793236,21.51276,20.45733,19.43698,18.81152,18.50288,27.84264,0.04139311,0.9055731,0.6570809,3.398253,20.28837,19.68735,18.53359,17.78885,17.57713,47.74423,0.1248918,2.132575,1.38373,6.516545,20.70617,19.75039,18.58949,17.95967,17.64754,0.2054544,0.02074395,0.01353412,0.01024372,0.02662558,20.243,19.59931,18.45426,17.65057,17.44678,0.3985891,0.0207115,0.01364406,0.01018458,0.02813245,16.21499,0.3325868,0.8041754,257,24577,24577,24769,24769,24577,0.156501,0.1219446,0.08436068,0.06268903,0.04662912,20.54967,19.62844,18.50513,17.89698,17.60091,0.0280000008642673,0.555999994277954,2
362,53119,0.1258015,2.364253E-5,0,-0.947626502929799,0.236552501926867,0.21458547196206,1,1,1,0,0,0,0,1237661813340504135,1,0,20.98558,19.03254,18.11567,17.69984,17.3643,0.09228736,0.02346006,0.03097178,0.01459755,0.01768308,21.19467,19.33728,18.30834,17.86939,17.51895,0.09515955,0.01051014,0.00666848,0.00695336,0.01361155,20.21741,18.30017,17.25997,16.86706,16.59029,0.1690197,0.01398194,0.009434726,0.01077698,0.02755571,20.11146,18.12143,17.11274,16.67674,16.34147,0.08401247,0.008572659,0.005619508,0.005923783,0.01271235,20.27938,18.17051,17.17317,16.77125,16.4893,0.09305764,0.008609338,0.005647834,0.005953205,0.01275631,18.43941,0.1136842,0.7876098,257,1,24577,24577,24577,24577,0.063798,0.04971097,0.03438982,0.02555532,0.01900847,20.04766,18.07172,17.07835,16.65118,16.32246,0.0860000029206276,0.828999996185303,2
363,53062,0.171353,7.874387E-6,0,-0.966538845187975,0.157932817313417,0.20213828424656,1,1,1,0,0,0,0,1237661949174677693,1,0,20.4353,19.40212,18.85763,18.411,18.13426,0.07031901,0.03195411,0.02208938,0.02134466,0.03075065,20.70683,19.65368,18.86268,18.43909,18.20866,0.06704634,0.0132856,0.009869996,0.009478533,0.02445943,19.66125,18.64196,17.83071,17.39409,17.19254,0.09542205,0.0170263,0.01264177,0.01245068,0.03656842,19.63048,18.56885,17.80266,17.36219,17.13589,0.05266683,0.01044908,0.007810629,0.007515108,0.01889659,19.61176,18.5662,17.80269,17.37121,17.12794,0.06258707,0.01044431,0.007810628,0.00751447,0.01904607,22.63542,0.2241386,0.8028701,257,24577,24577,24577,24577,24577,0.1299661,0.1012687,0.07005721,0.05206002,0.03872309,19.50051,18.46758,17.7326,17.31013,17.09717,0.187999993562698,0.718999981880188,2
364,53055,0.08680539,7.202669E-6,0,-0.969412797728353,0.135639810921197,0.204549918830953,1,1,1,0,0,0,0,1237661812269318288,1,0,19.8397,18.82876,18.22329,17.94997,17.76203,0.03705079,0.02155048,0.01834159,0.0150591,0.02378071,19.98151,18.82676,18.21262,17.86795,17.65084,0.03872242,0.00751669,0.006335315,0.00659429,0.0187698,18.20195,17.16573,16.65539,16.33955,16.11567,0.0460342,0.008546239,0.008109447,0.009766027,0.0304585,18.44856,17.25847,16.71515,16.37973,16.16957,0.0252178,0.005003751,0.004623757,0.004898846,0.01321428,17.91694,17.09766,16.59221,16.26073,15.99936,0.02547402,0.005068571,0.004712657,0.005002968,0.01353692,37.07243,0.1966932,0.8099989,257,1,24577,24577,24577,24577,0.1501988,0.1170339,0.0809635,0.06016456,0.04475138,18.29836,17.14144,16.63419,16.31956,16.12481,0.708999991416931,0.291000008583069,1
365,53055,0.04595821,1.34265E-5,0,-0.967828697307261,0.138059368045501,0.210350240226645,1,1,1,0,0,0,0,1237661949712072855,1,0,19.76074,17.81614,16.9385,16.60322,16.38769,0.04424005,0.02701905,0.02095174,0.01817648,0.02995888,20.07031,18.03625,17.19559,16.75141,16.41921,0.03990116,0.004544537,0.003200772,0.002847851,0.00620884,18.22627,16.38984,15.53129,15.12514,14.83674,0.06242624,0.009182269,0.00785631,0.008714557,0.01264441,18.13494,16.23591,15.33752,14.94207,14.61562,0.02781798,0.003605746,0.00286403,0.002787825,0.005300005,17.78716,16.24423,15.35691,14.98022,14.68805,0.02782294,0.003608433,0.002874107,0.002791037,0.005295151,30.17642,0.06506648,0.7814702,257,24577,24577,24577,24577,24577,0.1543892,0.120299,0.08322232,0.0618431,0.04599991,17.98055,16.11561,15.2543,14.88023,14.56962,0.270000010728836,0.730000019073486,2
366,53055,0.2601507,4.182268E-5,0,-0.969762880274053,0.143678105163822,0.197272801316113,1,1,1,0,0,0,0,1237661811732250790,1,0,23.00925,20.36129,18.86131,18.33803,17.9847,0.4599609,0.03893545,0.02558065,0.01816825,0.03518165,23.57882,20.52156,19.05913,18.50607,18.12531,0.9675425,0.02208532,0.01043009,0.01122844,0.02608747,24.57302,19.45821,17.9907,17.42778,17.06058,8.203967,0.04768332,0.02233051,0.02204797,0.0512191,22.7744,19.44163,17.9567,17.39631,17.00283,0.8394702,0.01965949,0.009468052,0.008733925,0.01970389,23.113,19.4283,17.95675,17.38929,17.01553,0.6520152,0.01965401,0.009468051,0.008733148,0.01969878,12.55477,0.158068,0.7922925,257,1,24577,24577,24577,24577,0.173617,0.1352812,0.09358691,0.06954511,0.05172878,22.60079,19.30635,17.86312,17.32677,16.9511,0.034000001847744,0.779999971389771,2
367,53083,0.2990722,7.708718E-5,0,-0.969320639290125,0.110282646364562,0.219670744882,1,1,1,0,0,0,0,1237661813343715499,1,0,22.61793,20.67315,19.21957,18.62673,18.29224,0.3236136,0.03258475,0.02457757,0.01929197,0.03282319,22.75949,20.73625,19.1756,18.61716,18.27922,0.3489673,0.02875798,0.01033782,0.01192433,0.02816645,22.10654,19.45797,17.97559,17.42794,17.10497,0.9980009,0.04253315,0.0179009,0.01755413,0.04574566,21.95514,19.57982,18.07198,17.504,17.13444,0.3543832,0.02071736,0.009154388,0.009044308,0.02040181,21.5201,19.46894,17.99919,17.42034,17.12096,0.4308571,0.02060597,0.009261493,0.009162599,0.02064752,22.56308,0.2781754,0.8277656,257,1,24577,24577,24577,24577,0.1777028,0.1384648,0.0957893,0.07118171,0.05294612,21.77743,19.44136,17.97619,17.43282,17.08149,0.068000003695488,0.533999979496002,2
368,53083,0.0783864,2.78365E-5,0,-0.967106172046229,0.10492233518373,0.23172603558876,1,1,1,0,0,0,0,1237661951323537573,1,0,21.15116,19.41208,18.48192,18.16579,17.8008,0.1085844,0.03408123,0.01861702,0.01819539,0.0244537,21.40937,19.6659,18.73152,18.28404,17.96245,0.126481,0.0131332,0.008810172,0.008457191,0.02000379,21.16125,18.37179,17.44921,16.9959,16.72031,0.5759741,0.01878299,0.01246352,0.01215434,0.03341483,20.08461,18.12537,17.20039,16.77963,16.46078,0.1116005,0.009804758,0.006754727,0.006499259,0.01497303,20.72637,18.22801,17.31318,16.86074,16.56221,0.1085353,0.009894993,0.006810915,0.006558971,0.01513341,26.18613,0.2277198,0.7810267,257,24577,24577,24577,24577,24577,0.1760161,0.1371505,0.0948801,0.07050608,0.05244357,19.9086,17.98822,17.10551,16.70913,16.40834,0.17399999499321,0.782999992370605,2
369,51630,0.03036259,1.242842E-5,0,-0.825772753260684,0.563955108001338,-0.00734820600342016,1,1,1,0,0,0,0,1237650795682922788,1,0,20.91024,19.81488,19.58997,19.39198,19.14743,0.06420649,0.01691787,0.01970967,0.01823408,0.05143709,20.89622,19.72996,19.29702,19.08614,18.95298,0.06627243,0.01308794,0.01104976,0.01310223,0.04746126,18.73705,17.68815,17.3735,17.17406,17.1085,0.0799597,0.01513923,0.01357541,0.02174712,0.08247487,18.95498,17.82506,17.43953,17.2263,17.11545,0.03863195,0.007847711,0.008023488,0.00932657,0.03150266,18.73282,17.54956,17.25692,17.05376,16.94964,0.03846558,0.008115269,0.008320828,0.009735925,0.03345495,55.57954,0.6618587,0.854496,257,16385,24577,24577,24577,24577,0.2340626,0.18238,0.1261697,0.09375757,0.0697384,18.72092,17.64268,17.31336,17.13254,17.04571,0.261000007390976,0.642000019550323,2
370,51630,0.09888671,8.290008E-6,0,-0.822703887032484,0.568157005338288,-0.0188661481672763,1,1,1,0,0,0,0,1237650794609049641,1,0,21.48147,20.05107,19.199,18.60978,18.15869,0.1134672,0.0680428,0.06354617,0.05156787,0.0504231,21.50334,20.01602,19.07774,18.51044,18.12866,0.1194076,0.06288939,0.0668305,0.0464443,0.04623093,19.75773,18.45193,17.60765,17.12832,16.92007,0.1633244,0.1176235,0.1247327,0.1080714,0.1252322,19.90074,18.45181,17.59751,17.05682,16.71787,0.06465399,0.01071214,0.007548031,0.006913661,0.01598382,19.68118,18.35146,17.55882,17.04537,16.78368,0.06332859,0.01067349,0.007617867,0.006991056,0.01606029,54.29277,0.6662828,0.8385347,257,24577,24577,24577,24577,24577,0.1536931,0.1197566,0.08284707,0.06156425,0.04579249,19.74705,18.33206,17.51466,16.99526,16.67208,0.46399998664856,0.321000009775162,0
371,51630,0.08577254,1.447966E-5,0,-0.835426345377505,0.549248762113599,0.0197134158852376,1,1,1,0,0,0,0,1237651752921989320,1,0,22.02482,20.18977,19.49539,18.9841,18.40237,0.2360939,0.03121127,0.02378807,0.02486174,0.0357927,22.16063,20.12102,19.13228,18.58111,18.18879,0.2588527,0.01846821,0.01357978,0.01195511,0.03157172,19.8012,18.37253,17.51063,16.96558,16.73093,0.2226865,0.0265324,0.01997244,0.01970303,0.05880094,20.33437,18.43853,17.50014,16.98253,16.6062,0.149715,0.01285266,0.009096427,0.00835902,0.02203226,19.68396,18.35525,17.45401,16.92885,16.59964,0.1332498,0.01283621,0.009217532,0.00857015,0.0224785,55.38046,0.8215233,0.8253015,257,24577,24577,24577,24577,24577,0.6134234,0.4779754,0.3306611,0.2457167,0.1827681,19.72095,17.96056,17.16948,16.73681,16.42344,0.638999998569489,0.361000001430511,1
372,51633,0.3672183,9.414645E-5,0,-0.863697566094114,0.503869299256631,-0.011926591706543,1,1,1,0,0,0,0,1237651800160272553,1,0,24.33648,21.49796,19.73508,19.19367,18.76629,0.940112,0.05228133,0.02638039,0.02476002,0.04212184,23.8764,21.43591,19.72605,19.08317,18.71304,0.9090204,0.04484667,0.02386028,0.02571554,0.04873189,21.35285,20.32665,18.74408,18.1473,17.90139,0.8894753,0.1022145,0.04912942,0.05260048,0.1081724,23.09011,20.43188,18.70011,18.05786,17.71049,0.9884486,0.04490038,0.01614304,0.01279845,0.03333342,21.24318,20.17811,18.70014,18.11853,17.89398,0.4709617,0.04985885,0.0178108,0.01279277,0.03330582,8.604119,0.2083882,0.8304043,257,1,1,1,1,1,0.1457176,0.1135422,0.07854793,0.05836953,0.04341621,22.94439,20.31833,18.62156,17.99949,17.66707,0.239999994635582,0.720000028610229,2
373,51630,0.1274091,2.080412E-5,0,-0.832453321269519,0.553911837410266,-0.0142528693297212,1,1,1,0,0,0,0,1237650795146379400,1,0,20.88601,19.09641,18.01702,17.60508,17.22472,0.07443825,0.01397586,0.01316603,0.01499119,0.01530349,21.05958,19.21348,18.13076,17.6949,17.33218,0.077087,0.009383423,0.005002057,0.005280325,0.01202099,20.01594,18.33018,17.27274,16.82034,16.44077,0.115233,0.01455387,0.0107957,0.01020221,0.01984319,20.11011,18.29478,17.22196,16.76631,16.4086,0.06380247,0.007927127,0.005297996,0.004888127,0.009945044,19.92841,18.28115,17.22196,16.76909,16.39582,0.07391918,0.00792608,0.005297995,0.004887693,0.009946245,9.242584,0.04454791,0.8316801,257,24577,24577,24577,24577,24577,0.2826672,0.2202524,0.1523696,0.1132269,0.08422004,19.82744,18.07452,17.06959,16.65308,16.32438,0.0759999975562096,0.832000017166138,2
374,51630,0.3711277,6.93721E-5,0,-0.834951925274331,0.550072348207996,-0.016604042207537,1,1,1,0,0,0,0,1237648720142401774,1,0,23.21058,21.36191,19.60473,18.94129,18.5434,0.3393736,0.04836322,0.02017261,0.01994933,0.03293219,23.27478,21.43917,19.59207,19.04092,18.60981,0.2462921,0.05511376,0.01623753,0.01520146,0.03688905,22.40671,20.32166,18.62304,18.05202,17.62471,0.9912677,0.09126051,0.03089815,0.03665525,0.07342353,22.21115,20.35695,18.53198,17.956,17.54655,0.3861182,0.04157756,0.01272815,0.01210762,0.02817175,20.33321,20.2674,18.53375,17.95366,17.57523,0.4053756,0.04149508,0.01748012,0.01210936,0.02815128,9.445932,0.1697647,0.8499439,257,24577,24577,24577,24577,24577,0.2206489,0.1719281,0.1189391,0.08838448,0.06574181,21.9905,20.18502,18.41305,17.86762,17.4808,0.0930000022053719,0.703999996185303,2
375,51630,0.1212705,2.837492E-5,0,-0.837986218133722,0.545565941716344,-0.0117004896094804,1,1,1,0,0,0,0,1237650795146576091,1,0,21.02006,19.20854,18.07027,17.64711,17.19688,0.07746182,0.01724871,0.01351821,0.01524247,0.0196973,21.24176,19.26174,18.12645,17.64572,17.21366,0.09258379,0.009752291,0.005050349,0.005114612,0.01106856,19.894,17.99846,16.87352,16.38553,15.99734,0.1732983,0.01920269,0.0142302,0.01480313,0.02296294,19.95617,17.9929,16.84732,16.3603,15.94058,0.07321584,0.007732698,0.00491148,0.004454989,0.008790338,19.93919,17.98035,16.84732,16.36179,15.99796,0.0729541,0.007730875,0.00491148,0.004455517,0.008788772,11.51211,0.05446919,0.8279287,257,24577,24577,24577,24577,24577,0.3574175,0.2784973,0.1926631,0.1431693,0.1064917,19.59875,17.7144,16.65466,16.21713,15.83409,0.0599999986588955,0.875999987125397,2
376,53137,0.337157,7.792767E-5,0,-0.535028742903655,-0.828546522888233,0.165090592332675,1,1,1,0,0,0,0,1237662534360105369,1,0,23.24433,21.06518,19.43641,18.87538,18.37592,0.5770514,0.03762879,0.01879367,0.0186303,0.03237164,22.76737,21.14825,19.47795,18.83658,18.46795,0.4041339,0.04012378,0.01495504,0.01223726,0.0345138,26.42887,19.87623,18.34234,17.75188,17.21946,2.557246,0.07010833,0.03248373,0.02369117,0.06049186,22.24879,20.03363,18.35718,17.72103,17.32962,0.538274,0.03079195,0.01168494,0.009559899,0.0257066,21.66583,19.85472,18.35724,17.76069,17.34667,0.3538319,0.03071375,0.01168494,0.0095572,0.02570084,8.801826,0.1379584,0.8817241,257,1,24577,24577,24577,24577,0.1917899,0.1494414,0.1033829,0.07682454,0.05714334,22.057,19.88419,18.2538,17.64421,17.27247,0.0649999976158142,0.855000019073486,2
377,53137,0.1046477,5.259196E-6,0,-0.534469449427586,-0.829896216295869,0.160045861572153,1,1,1,0,0,0,0,1237662636911100208,1,0,20.89613,19.71704,19.50268,19.16875,18.95985,0.06511106,0.02157918,0.02029421,0.02640018,0.03694353,20.29929,19.23582,18.76825,18.41509,18.27099,0.04056703,0.009459714,0.007366929,0.00734133,0.02714851,19.29426,18.27694,17.81635,17.48077,17.34995,0.05675949,0.01023348,0.01039705,0.01135106,0.03965777,19.3618,18.26464,17.79461,17.45558,17.29183,0.03957553,0.007848102,0.008726587,0.008973845,0.02623308,19.30685,18.24041,17.79461,17.47492,17.32204,0.03946539,0.007843609,0.008726588,0.008969133,0.02915446,17.99389,0.1385445,0.9893786,257,24577,24577,24577,24577,24577,0.1886471,0.1469925,0.1016887,0.07556563,0.05620695,19.17315,18.11765,17.69293,17.38001,17.23562,0.26800000667572,0.53600001335144,2
378,53498,0.07207134,1.272585E-5,0,-0.449419492409792,-0.88271439005949,0.13724950063307,1,1,1,0,0,0,0,1237662636913656285,1,0,20.72754,19.02435,18.70577,18.41013,18.12114,0.05591207,0.01510257,0.0191358,0.01679553,0.02580784,20.30279,18.88623,18.17544,17.79401,17.52329,0.04710179,0.007834847,0.005264577,0.005054393,0.01520805,18.08687,16.77987,16.16728,15.80946,15.60948,0.0509049,0.007183176,0.006218201,0.006497968,0.02173574,18.21466,16.8295,16.20303,15.83678,15.5863,0.0255527,0.004438818,0.003869813,0.003911292,0.009897285,18.00688,16.69962,16.03978,15.66823,15.3578,0.02620127,0.004527938,0.003961848,0.003999843,0.0100833,58.31652,0.2380328,0.9611208,257,24577,24705,24577,24577,24705,0.2382222,0.1856211,0.1284118,0.09542376,0.07097775,17.97644,16.64388,16.07462,15.74136,15.51532,0.933000028133392,0.0670000016689301,1
379,51633,0.1254833,8.586233E-6,0,-0.859222433461485,0.511422030971153,-0.0135763056044301,1,1,1,0,0,0,0,1237654669198360714,1,0,21.89607,19.96702,19.33302,18.86564,18.51751,0.1959239,0.0225489,0.01561814,0.01656248,0.03469154,21.76848,19.98582,19.1715,18.71549,18.43356,0.1809278,0.01814641,0.01088861,0.0131589,0.03511558,19.95108,18.26148,17.56208,17.15592,16.84948,0.3032103,0.02882382,0.01948714,0.02492192,0.074023,19.86054,17.99795,17.23884,16.80289,16.51495,0.1278138,0.01164377,0.008934517,0.009153387,0.02401412,19.94428,18.10345,17.34248,16.93475,16.62095,0.1266268,0.01181501,0.009077739,0.009183397,0.024947,44.31351,0.6971018,0.8430865,257,1,1,1,1,1,0.1732192,0.1349712,0.09337246,0.06938574,0.05161025,19.68732,17.86298,17.14547,16.73351,16.46334,0.621999979019165,0.351000010967255,1
380,51910,0.09524325,4.352737E-5,0,-0.88193281782497,0.471287540883498,-0.0090861791361075,1,1,1,0,0,0,0,1237648720681566441,1,0,21.13698,19.4889,18.58121,18.22821,17.88007,0.07589412,0.02053343,0.02209754,0.01758721,0.02015787,21.25356,19.51626,18.60579,18.215,17.86195,0.08862247,0.01180651,0.007979438,0.007757274,0.01499061,20.19515,18.60451,17.71194,17.30982,16.98124,0.1294271,0.02308004,0.01933303,0.02113084,0.03361978,20.35097,18.60454,17.67915,17.28942,16.94402,0.07081267,0.009671694,0.006827049,0.006637156,0.01502852,20.16393,18.56488,17.67916,17.28786,16.92927,0.07053167,0.009667914,0.00682705,0.006636403,0.01502692,6.996306,0.04912313,0.859238,257,24577,24577,24577,24577,24577,0.1335145,0.1040336,0.07196993,0.05348138,0.03978032,20.21745,18.5005,17.60718,17.23594,16.90424,0.0890000015497208,0.75,2
381,53119,0.1295512,2.871668E-5,0,-0.946468375934541,0.237272334669314,0.218859435612005,1,1,1,0,0,0,0,1237661950783324217,1,0,21.29108,19.65571,18.97799,18.66308,18.09105,0.1185024,0.02099257,0.02077958,0.02125097,0.02794814,21.581,19.93323,18.96575,18.54828,18.25519,0.1281991,0.01589584,0.01036586,0.01085575,0.02407109,20.59491,18.42111,17.55248,17.15576,16.85477,0.2990951,0.01925896,0.0110527,0.01520518,0.04043692,19.93815,18.41008,17.51248,17.11973,16.80989,0.0813008,0.01052165,0.007283099,0.007724566,0.01875299,19.94576,18.36042,17.4669,17.06977,16.77143,0.08078142,0.01051005,0.00736653,0.007846571,0.01940074,35.15745,0.3455265,0.8129573,257,24577,24577,24577,24577,24577,0.06665853,0.05193987,0.03593176,0.02670115,0.01986075,19.87149,18.35814,17.47655,17.09303,16.79003,0.25900000333786,0.703999996185303,2
382,53119,0.3293616,7.118024E-5,0,-0.947314330362305,0.236268559934173,0.21627003277581,1,1,1,0,0,0,0,1237661950783324249,1,0,23.61596,21.1811,19.55184,18.99338,18.40893,2.123675,0.05641188,0.02499108,0.02388865,0.03602556,23.18339,21.42271,19.67572,19.06822,18.63199,0.9455408,0.05777809,0.02017684,0.01849978,0.03808268,23.19754,20.43046,18.72052,18.15301,17.78134,2.712597,0.1176126,0.04066863,0.03910019,0.08483038,23.02217,20.47547,18.70263,18.10837,17.64697,0.8951019,0.04591018,0.01459337,0.01315087,0.02990933,22.96794,20.36043,18.70264,18.17804,17.72619,0.9957379,0.04582022,0.01459337,0.01313378,0.036868,9.795965,0.2090728,0.8129573,257,24577,24577,24577,24577,24577,0.06790646,0.05291226,0.03660445,0.02720103,0.02023257,22.95426,20.42256,18.66602,18.08117,17.62673,0.034000001847744,0.723999977111816,2
383,53119,0.1178632,2.246513E-5,0,-0.948899634755988,0.237576632624341,0.207718142661714,1,1,1,0,0,0,0,1237661812803567715,1,0,20.98982,18.98607,17.94864,17.50981,17.11069,0.1081026,0.01947009,0.02334064,0.02059287,0.01733355,21.31521,19.27982,18.20443,17.68701,17.31276,0.1166296,0.009787321,0.006383085,0.005799874,0.0154626,20.37543,18.20345,17.1505,16.71162,16.31823,0.2283937,0.01632402,0.0148728,0.01254058,0.02852134,20.16836,18.08651,17.00501,16.54312,16.14755,0.09860431,0.007879636,0.005381154,0.005100416,0.01240124,20.07754,18.0556,17.02054,16.6319,16.26751,0.09750366,0.007881281,0.005391008,0.005092144,0.01236964,19.29478,0.117583,0.7841161,257,1,8193,24577,24577,24577,0.06216103,0.04843546,0.03350743,0.02489961,0.01852073,20.1062,18.03808,16.9715,16.51822,16.12903,0.522000014781952,0.435000002384186,1
384,53119,0.09211405,1.637495E-5,0,-0.947793952792541,0.235920317170245,0.214541900327611,1,1,1,0,0,0,0,1237661813340504159,1,0,20.3576,18.42155,17.58712,17.19883,16.87425,0.05920579,0.02238386,0.03068793,0.01401698,0.01513966,20.58317,18.71964,17.75048,17.33328,16.98259,0.05863937,0.007074495,0.004565757,0.004686161,0.009559758,18.21644,16.8204,15.92787,15.5217,15.16569,0.05954741,0.01117668,0.008692261,0.009009934,0.0172729,18.41508,16.62072,15.70706,15.2782,14.94931,0.03555627,0.004729031,0.003479297,0.003660844,0.007387668,17.84166,16.60914,15.77595,15.35138,14.98786,0.03576094,0.004781559,0.003518199,0.003710158,0.007449962,37.06639,0.125524,0.7876098,257,1,24577,24577,24577,24577,0.06434295,0.05013559,0.03468357,0.02577361,0.01917083,18.35074,16.57058,15.67237,15.25242,14.93014,0.277999997138977,0.703999996185303,2
385,53137,0.1264401,2.400775E-5,0,-0.534762867310031,-0.830174836680413,0.157602082121413,1,1,1,0,0,0,0,1237662533823299959,1,0,21.05311,19.27711,18.36464,17.92858,17.53425,0.09171054,0.01808433,0.01387166,0.01864502,0.02131937,21.1731,19.31483,18.21501,17.73561,17.37988,0.09244096,0.00932938,0.00536768,0.004795038,0.0113099,18.71663,17.62619,16.546,16.03018,15.81642,0.1064076,0.01619394,0.009546126,0.01240535,0.02672704,19.23616,17.49318,16.41258,15.93484,15.59441,0.0641361,0.007381788,0.004653728,0.004322515,0.009951347,17.61032,17.4288,16.41258,15.92205,15.69334,0.0573618,0.007378084,0.004653728,0.004322087,0.009941443,17.92204,0.087997,0.8761345,257,1,24577,24577,24577,24577,0.1805901,0.1407146,0.09734569,0.07233828,0.05380639,19.05557,17.35246,16.31523,15.8625,15.5406,0.444000005722046,0.444000005722046,0
386,51630,0.09848519,2.752964E-5,0,-0.826558853275183,0.562696694796675,-0.0131488302640634,1,1,1,0,0,0,0,1237650795146117231,1,0,21.45054,19.58485,18.57643,17.99112,17.49929,0.1100155,0.01801782,0.01335163,0.01687354,0.02063804,21.57097,19.67843,18.54804,17.99682,17.55305,0.12134,0.01279489,0.006413341,0.006428291,0.01414866,20.06794,18.49666,17.40806,16.89826,16.45835,0.1650893,0.04334228,0.03931493,0.0293246,0.04625724,20.24852,18.3886,17.27207,16.73409,16.27947,0.08836076,0.00970234,0.006086296,0.005385709,0.01083214,19.70756,18.33684,17.31137,16.82095,16.39269,0.1041616,0.0097161,0.006115969,0.005400355,0.0108633,18.19327,0.1232472,0.847998,257,24577,24577,24577,24577,24577,0.2097352,0.1634243,0.1130561,0.08401283,0.06249011,20.03879,18.22518,17.15902,16.65007,16.21698,0.888999998569489,0.111000001430511,1
387,51630,0.06269012,1.475658E-5,0,-0.837703934256141,0.546013158949109,0.0110339832426119,1,1,1,0,0,0,0,1237648722290016409,1,0,21.16882,19.53382,18.55835,18.24549,17.91446,0.07329521,0.01440441,0.009959601,0.01563266,0.02207362,21.02673,19.3319,18.46957,17.99488,17.63822,0.07364565,0.01045038,0.007158395,0.007223077,0.01653317,19.47199,17.84023,16.9747,16.50989,16.155,0.1110187,0.01369708,0.009200691,0.009871525,0.02537388,19.58055,17.88885,17.01648,16.55652,16.19851,0.05067718,0.00728231,0.005176462,0.005310393,0.01158205,19.38672,17.78247,16.90413,16.4259,16.05294,0.05324503,0.007444835,0.00527482,0.005417105,0.01194062,37.37094,0.2267375,0.8161027,257,24577,24577,24577,24577,24577,0.5403928,0.4210704,0.2912945,0.2164631,0.1610087,19.04016,17.46778,16.72518,16.34006,16.03751,0.33899998664856,0.597000002861023,2
388,51633,0.1048315,2.502441E-5,0,-0.862834485502101,0.505275475898237,-0.0146063028907092,1,1,1,0,0,0,0,1237654669198557348,1,0,21.19274,19.14426,18.38572,18.02101,17.44571,0.1092132,0.01904946,0.01989492,0.01782825,0.02194359,21.17176,19.22113,18.19475,17.76879,17.39224,0.1115287,0.0104918,0.008097254,0.01362056,0.01773909,19.20422,17.2868,16.1559,15.73267,15.51457,0.2393384,0.02173566,0.01966688,0.02972229,0.0420669,19.09083,17.03545,16.01718,15.58577,15.2456,0.08110775,0.006967132,0.004584514,0.004641026,0.01058701,18.71071,17.07123,16.0172,15.58558,15.382,0.08009022,0.00699385,0.004584514,0.004640957,0.01057005,21.7328,0.1220786,0.8447763,257,1,1,1,1,1,0.1606161,0.1251509,0.08657885,0.06433736,0.04785518,18.93022,16.9103,15.9306,15.52143,15.19774,0.0,1.0,2
389,51910,0.0668576,8.618381E-6,0,-0.881490894338832,0.472179149174115,-0.00454469833268884,1,1,1,0,0,0,0,1237651800697995474,1,0,20.12816,18.89444,18.3646,17.95005,17.60636,0.04528303,0.01456409,0.01978516,0.01511284,0.02579383,20.18462,18.85303,18.16837,17.78911,17.53143,0.04031502,0.007146864,0.006402109,0.005306803,0.01792263,18.45654,17.27948,16.67062,16.31624,16.11476,0.06158262,0.01321467,0.01291847,0.01206301,0.03228495,18.39757,17.0965,16.45397,16.07793,15.80903,0.03043084,0.005732131,0.004839721,0.004900034,0.01246993,18.33744,17.16701,16.5705,16.20954,15.95892,0.03064331,0.005768304,0.004897471,0.004951017,0.01262052,39.17611,0.2008536,0.8510704,257,1,1,1,1,1,0.1366008,0.1064384,0.07363362,0.05471767,0.0406999,18.26097,16.99006,16.38034,16.02321,15.76833,0.74099999666214,0.222000002861023,1
390,51910,0.08825807,1.025606E-5,0,-0.880963386111572,0.473060728749593,-0.0108193921149611,1,1,1,0,0,0,0,1237648720681500888,1,0,20.90372,19.90123,19.37021,19.01128,18.76112,0.06169027,0.02231581,0.01943362,0.01947473,0.03448939,20.82236,19.66509,19.06132,18.74031,18.46202,0.06292088,0.01157297,0.01099409,0.01150987,0.03162757,19.05089,17.92711,17.40274,17.12933,16.91204,0.08119909,0.01543438,0.01419939,0.01690627,0.05338388,19.16108,17.98452,17.43616,17.0985,16.86371,0.03981434,0.008195174,0.007306204,0.007714092,0.02137047,19.04934,17.88342,17.34919,17.05185,16.79717,0.0398874,0.008267316,0.007477436,0.007854731,0.02198615,43.3109,0.4380088,0.8624245,257,24577,24577,24577,24577,24577,0.1401371,0.1091939,0.0755398,0.05613417,0.04175351,19.02094,17.87532,17.36061,17.04236,16.82195,0.616999983787537,0.298000007867813,1
391,53055,0.1642443,3.212591E-5,0,-0.967416612625697,0.142146297153701,0.209522141601582,1,1,1,0,0,0,0,1237661949712007236,1,0,21.38498,19.56162,18.56479,18.14581,17.82718,0.1374526,0.02106594,0.02225911,0.02298926,0.03097674,21.66375,19.7111,18.72496,18.37608,18.01978,0.1504549,0.01225055,0.007677718,0.008791327,0.02275461,20.08206,18.41801,17.46328,17.06026,16.83517,0.2228508,0.02142098,0.0139576,0.01409273,0.04461335,20.14375,18.31793,17.28388,16.90419,16.58821,0.1127212,0.01052697,0.00692824,0.006894269,0.01762661,19.56221,18.30811,17.29765,16.92116,16.74937,0.1251319,0.01052313,0.006942822,0.006918362,0.01757477,17.73723,0.1560605,0.8003241,257,24577,24577,24577,24577,24577,0.1550052,0.120779,0.08355433,0.06208983,0.04618342,19.98875,18.19715,17.20032,16.8421,16.54203,0.137999996542931,0.792999982833862,2
392,53083,0.2585087,8.445216E-5,0,-0.969035889202791,0.115303361667714,0.218345094346269,1,1,1,0,0,0,0,1237661950249533640,1,0,22.52252,20.35537,18.83147,18.2979,17.97281,0.4102974,0.03892669,0.02450274,0.03164656,0.0491405,22.78611,20.43328,18.96907,18.39358,18.03706,0.4110807,0.02997629,0.01467411,0.01116344,0.02353004,20.81044,19.1826,17.53469,16.95705,16.74397,0.5034818,0.06214283,0.03529407,0.03352284,0.05220229,20.9537,18.84096,17.31741,16.73279,16.42426,0.2849723,0.01805441,0.008032059,0.006772642,0.01817192,19.44247,19.1235,17.4413,16.83277,16.65358,0.2424759,0.01824879,0.008160381,0.006847346,0.01836751,25.37415,0.2816975,0.7910163,257,24577,24577,24577,24577,24577,0.202218,0.1575669,0.1090041,0.08100169,0.06025038,20.75148,18.68339,17.20841,16.65178,16.36401,0.0710000023245811,0.89300000667572,2
393,51630,0.02025769,7.358028E-6,0,-0.834105586712937,0.551435974589226,0.0136468363769042,1,1,1,0,0,0,0,1237648722289819869,1,0,21.64673,20.46538,20.00208,19.77092,19.53851,0.1351096,0.02681367,0.02772979,0.0326407,0.06393322,21.46085,20.27922,19.7365,19.53316,19.24849,0.1109216,0.021157,0.01857573,0.02377502,0.04835935,20.15734,18.62371,18.07422,17.90888,17.8681,0.2466053,0.09364142,0.09216139,0.08740042,0.1478937,19.92707,18.69,18.15552,17.90613,17.65371,0.07297791,0.01417815,0.01242175,0.01570452,0.04276784,20.0013,18.56564,17.98971,17.81531,17.67246,0.07486165,0.01452094,0.01280905,0.01606536,0.04448841,49.94673,0.9770812,0.8421762,257,24577,24577,24577,24577,24577,0.7940159,0.6186919,0.4280082,0.3180559,0.2365752,19.13306,18.07131,17.72751,17.58808,17.41714,0.709999978542328,0.257999986410141,1
394,51630,0.08525799,1.045569E-5,0,-0.836527877324725,0.5477864237647,0.0122940797813562,1,1,1,0,0,0,0,1237648722289951035,1,0,21.81732,20.44728,19.67108,19.35361,19.06399,0.1329709,0.02423543,0.02068984,0.02181467,0.0442184,21.52262,20.13244,19.38874,19.00151,18.74842,0.1039312,0.01920014,0.01421434,0.01535562,0.03496049,19.96623,18.39042,17.77677,17.43575,17.3462,0.1597054,0.02120183,0.01764207,0.02043644,0.06773993,19.91987,18.40521,17.7254,17.35167,17.12445,0.07701508,0.01330462,0.009045973,0.01046535,0.02755562,19.27699,18.31516,17.7254,17.38664,17.19852,0.08383124,0.01325915,0.009045973,0.01045882,0.02750006,50.11306,0.6589452,0.8312327,257,24577,24577,24577,24577,24577,0.6366064,0.4960394,0.3431578,0.255003,0.1896754,19.28326,17.90917,17.38224,17.09667,16.93478,0.407999992370605,0.493000000715256,0
395,51630,0.02518325,7.016692E-6,0,-0.834895235293103,0.550275965211082,0.0120957924869354,1,1,1,0,0,0,0,1237648722289885254,1,0,21.22219,20.18092,19.66138,19.23439,19.11026,0.07823515,0.02067653,0.02175162,0.02359692,0.04674104,21.08952,19.94959,19.32084,19.01433,18.79475,0.07826193,0.01448109,0.01306781,0.01535339,0.0418743,18.90607,17.96077,17.38107,17.21633,17.27102,0.1171901,0.02434159,0.02285413,0.03178351,0.1239469,19.25579,18.12039,17.54475,17.22807,17.05199,0.04691587,0.01008001,0.00877392,0.01026327,0.02879006,18.73646,17.79327,17.29316,17.15141,17.0666,0.0488665,0.01038341,0.009103867,0.01050248,0.02928628,60.88345,0.8453501,0.8470801,257,24577,24577,24577,24577,24577,0.7840393,0.6109181,0.4226303,0.3140596,0.2336026,18.47175,17.50947,17.12212,16.91401,16.81838,0.815999984741211,0.184000000357628,1
396,51630,0.1425855,4.869472E-5,0,-0.835214017111742,0.54991437273056,0.00342465829271379,1,1,1,0,0,0,0,1237650796220186910,1,0,22.00758,20.46487,19.16979,18.60494,18.20437,0.1536443,0.02387369,0.01664903,0.01933857,0.02706292,22.20394,20.52295,19.22139,18.66012,18.24421,0.1540918,0.02368615,0.01227352,0.01080789,0.02780831,20.39394,19.38843,18.12638,17.55242,17.01609,0.2129656,0.04221832,0.02522346,0.02588022,0.05253946,20.97824,19.38226,18.07409,17.51315,17.07269,0.1433148,0.01818484,0.009694932,0.008588917,0.02102796,19.6214,19.36298,18.07406,17.48978,16.98045,0.1357105,0.01817855,0.009694934,0.008588061,0.02100768,10.62509,0.1360361,0.8416548,257,16385,24577,16385,24577,24577,0.647298,0.5043702,0.348921,0.2592857,0.1928609,20.33095,18.87789,17.72517,17.25386,16.87983,0.0829999968409538,0.666999995708466,2
397,54266,0.01170561,1.03812E-5,0,-0.571000824029654,-0.807235829527267,0.149426819831253,1,1,1,0,0,0,0,1237662199897260259,1,0,21.14654,20.18579,20.1374,20.00589,19.8136,0.07151406,0.02127236,0.02166139,0.02962103,0.06980264,20.62821,19.61324,19.28265,19.11669,19.00607,0.05029217,0.01249683,0.01193367,0.0155989,0.04836105,18.01127,16.71652,16.34937,16.23852,16.20833,0.0660443,0.009900855,0.00845059,0.01671102,0.0554089,17.84246,16.70015,16.33144,16.15854,16.07268,0.03477425,0.008947603,0.008211965,0.01118826,0.04439491,17.94679,16.70112,16.33145,16.16678,16.11852,0.03441148,0.008946255,0.008211964,0.01118319,0.04539155,215.0043,1.645294,0.9124995,257,24577,24577,24577,24577,24577,0.1765929,0.1376,0.09519105,0.07073715,0.05261545,17.66586,16.56255,16.23625,16.0878,16.02006,0.365000009536743,0.481000006198883,0
398,53137,0.2207618,5.287088E-5,0,-0.53910209658646,-0.828976394437418,0.148886087065319,1,1,1,0,0,0,0,1237661950813864141,1,0,22.03036,20.21723,19.01714,18.49741,18.0303,0.1919676,0.05279285,0.03742961,0.03015395,0.03738001,22.03523,20.34321,19.03959,18.49111,18.1046,0.2092287,0.05641868,0.03938201,0.0327743,0.04068068,21.36665,18.80333,17.59564,17.13237,16.85627,0.8709425,0.1067517,0.07812291,0.07363163,0.09923293,20.38546,18.60231,17.35304,16.82616,16.48824,0.1560241,0.01518528,0.007829995,0.007202322,0.015616,20.47088,18.63867,17.41076,16.95817,16.70428,0.1648523,0.01540846,0.007896944,0.007228971,0.01557411,21.94097,0.2349079,0.8347288,257,24577,24705,24577,24577,24577,0.1671097,0.1302107,0.09007917,0.06693847,0.04978993,20.21835,18.4721,17.26296,16.75922,16.43845,0.264999985694885,0.617999970912933,2
399,53137,0.04583357,1.075834E-5,0,-0.529727187269791,-0.830812823252297,0.170701961871514,1,1,1,0,0,0,0,1237668330961830101,1,0,19.18094,17.28849,16.4893,16.10657,15.63053,0.02690465,0.02087831,0.01281551,0.02110989,0.02432886,19.31031,17.33761,16.41638,15.98492,15.6648,0.02032012,0.003050719,0.002023986,0.001884495,0.004811187,17.6793,15.89484,15.02502,14.61358,14.29719,0.04145851,0.0258215,0.02284188,0.0225424,0.02100305,17.75386,15.82854,14.94624,14.52203,14.16843,0.01566783,0.002912493,0.002457364,0.002541333,0.0040813,17.4836,15.78687,14.94624,14.54878,14.22805,0.01553543,0.002909857,0.002457364,0.002539847,0.004076927,13.68709,0.01325558,0.8690122,257,24577,24577,24577,24577,24577,0.2202953,0.1716526,0.1187485,0.08824283,0.06563645,17.53356,15.65688,14.82749,14.43378,14.10279,0.156000003218651,0.621999979019165,2
400,53859,0.05661762,2.68976E-5,0,-0.516524365632904,-0.843246578732136,0.148787725179443,1,1,1,0,0,0,0,1237662636374819175,1,0,21.38254,19.71177,19.0321,18.62027,18.67141,0.1074797,0.0243655,0.01959911,0.02329528,0.1169835,21.1587,19.55999,18.74121,18.41966,18.23532,0.1036201,0.01051375,0.009361435,0.008151073,0.04362243,20.54089,18.58471,17.72168,17.35427,17.21097,0.2588187,0.01861422,0.01345613,0.01497092,0.04478497,20.13883,18.34865,17.51634,17.1707,17.05568,0.08182536,0.009441022,0.006984479,0.007244925,0.01891656,20.44159,18.49722,17.61217,17.23438,17.11035,0.1347374,0.009511472,0.007045384,0.007307925,0.01901751,11.83437,0.0896782,0.9447529,257,24577,24577,24577,24577,24577,0.2072781,0.1615097,0.1117317,0.08302859,0.06175802,19.93155,18.18714,17.4046,17.08768,16.99392,0.133000001311302,0.833000004291534,2
401,53859,0.04103215,1.176655E-5,0,-0.521111440453102,-0.842018026413869,0.139457914164048,1,1,1,0,0,0,0,1237662199898767539,1,0,20.13221,18.20089,17.23885,16.77544,16.44444,0.03616425,0.01401753,0.02090684,0.01320852,0.01585305,19.86216,17.9249,16.98635,16.50155,16.12694,0.02784549,0.004086913,0.002693574,0.00293848,0.005596195,17.26625,15.6357,14.74644,14.31739,14.01998,0.05617612,0.02458064,0.0267805,0.02382561,0.02107244,17.33491,15.47796,14.57585,14.12888,13.78146,0.01676008,0.002931815,0.00239108,0.002404593,0.003753748,17.02618,15.4964,14.65345,14.22007,13.86096,0.01707026,0.002980771,0.002423582,0.002432228,0.003793171,52.64117,0.08069802,0.8865206,257,24577,24577,24577,24577,24577,0.1904067,0.1483636,0.1026373,0.07627049,0.05673123,17.1445,15.3296,14.47321,14.05261,13.72473,0.629000008106232,0.34799998998642,1
402,53228,0.1226604,2.685069E-5,0,-0.477261246228215,-0.86554351758974,0.151842424924886,1,1,1,0,0,0,0,1237662637449675198,1,0,21.85201,19.78754,18.80296,18.38503,17.89426,0.1213746,0.02623313,0.01412563,0.01934255,0.02169652,21.71878,19.6774,18.608,18.16481,17.76046,0.1054388,0.009789968,0.007866877,0.007323046,0.01951919,20.92763,18.76148,17.70324,17.24364,16.89821,0.2936268,0.01726831,0.01129024,0.01091562,0.03218921,20.80205,18.7491,17.67183,17.20935,16.81856,0.109648,0.009973377,0.006711523,0.00631772,0.01497813,20.67728,18.70899,17.67187,17.21249,16.85123,0.107861,0.009970034,0.006711522,0.006317882,0.01497196,4.890774,0.02900298,1.0,257,24577,24577,24577,24577,24577,0.2285971,0.1781213,0.1232235,0.09156825,0.06810996,20.57345,18.57098,17.5486,17.11778,16.75045,0.0480000004172325,0.952000021934509,2
403,53498,0.1464724,3.559403E-5,0,-0.456185984500613,-0.882132958652275,0.117199790121785,1,1,1,0,0,0,0,1237661949742678390,1,0,21.48884,19.73707,18.70941,18.23378,17.81054,0.1305877,0.01645764,0.01409426,0.01169845,0.0216399,21.50251,19.81077,18.67307,18.17358,17.76985,0.1331925,0.01410319,0.008358486,0.006322359,0.01838757,19.52164,18.05474,17.08392,16.62745,16.34894,0.1685947,0.01759861,0.01071663,0.01098886,0.03516916,19.50383,17.83207,16.7704,16.28635,15.91446,0.08662198,0.009106535,0.005882947,0.005438091,0.0131518,19.48482,17.86925,16.90314,16.44814,16.12897,0.08091909,0.009241658,0.005969591,0.00552066,0.01321977,33.1703,0.2464526,0.8373375,257,24577,24577,24577,24577,24577,0.2555687,0.1991374,0.1377623,0.1023722,0.0761461,19.24826,17.63294,16.63264,16.18398,15.83831,0.266999989748001,0.732999980449677,2
404,53884,0.07398318,1.053358E-5,0,-0.445092522595813,-0.888312583408225,0.11310791523099,1,1,1,0,0,0,0,1237662239102337578,1,0,21.50766,20.24188,19.48792,19.01704,18.54979,0.167871,0.0236368,0.01901552,0.01908429,0.0364666,21.55926,19.93268,19.14387,18.69682,18.36798,0.1445787,0.01648584,0.01263241,0.01233193,0.02711017,19.31373,17.94128,17.32139,16.8882,16.72703,0.2138275,0.02015166,0.04086497,0.02324743,0.07133613,19.54817,17.98753,17.28901,16.86256,16.56508,0.08642712,0.01041516,0.00813875,0.007950238,0.01952797,19.11294,17.88213,17.26048,16.85061,16.59772,0.08282632,0.01036204,0.008211446,0.0080605,0.01980211,101.5753,1.356798,0.8523241,257,24577,24577,24577,24577,24577,0.2181912,0.1700131,0.1176143,0.0874,0.06500954,19.32998,17.81752,17.17139,16.77516,16.50007,0.933000028133392,0.0670000016689301,1
405,51630,0.3829364,1.026071E-4,0,-0.839513028276047,0.543319647530613,-0.00465144730080081,1,1,1,0,0,0,0,1237650795683512955,1,0,24.7168,21.98754,20.16788,19.4888,18.9991,0.8061453,0.06961043,0.02369318,0.02139502,0.04309522,24.35294,21.99081,20.21489,19.51416,19.02814,0.8549667,0.07940945,0.02596139,0.02033643,0.04985561,22.35892,21.35016,19.55035,18.80216,18.1735,0.7583286,0.1389831,0.0396895,0.03176457,0.07101204,24.76182,21.41031,19.5802,18.87853,18.36596,1.19559,0.06306919,0.02035899,0.01597216,0.03741082,21.12517,21.28055,19.50671,18.73353,18.10405,0.7330496,0.07321508,0.02097204,0.01596771,0.04074262,9.432421,0.2908572,0.83957,257,16385,24577,24577,24577,24577,0.4434238,0.3455128,0.2390242,0.1776206,0.1321171,24.3184,21.0648,19.34117,18.70091,18.23385,0.115000002086163,0.691999971866608,2
406,51630,0.3129872,6.785981E-5,0,-0.838831606663624,0.544268747008619,0.0115354536881293,1,1,1,0,0,0,0,1237648722290016594,1,0,23.78732,21.49745,19.68536,19.13774,18.70273,0.3643155,0.0494823,0.01997035,0.0217479,0.03702091,23.73249,21.4646,19.73358,19.09896,18.70325,0.7393689,0.0580782,0.01881739,0.02059842,0.04238771,20.53826,20.51195,18.32213,17.75081,17.5078,0.5989488,0.2444805,0.07721321,0.06616043,0.1116951,22.48146,20.081,18.34505,17.70939,17.30834,0.635155,0.04045876,0.0138244,0.012408,0.02876728,19.90213,20.19403,18.34505,17.80394,17.43673,0.3293113,0.04041133,0.0138244,0.01238527,0.02895485,12.9655,0.2754108,0.8161027,257,24577,24577,24577,24577,24577,0.4272105,0.3328796,0.2302845,0.1711261,0.1272864,22.05425,19.74812,18.11477,17.53827,17.18105,0.0670000016689301,0.757000029087067,2
407,51633,0.4359096,3.903994E-5,0,-0.862109552551225,0.506445528040593,-0.0167345907512336,1,1,1,0,0,0,0,1237648720143647179,1,0,22.32248,21.87744,20.84817,20.45616,20.01171,0.1967929,0.09442791,0.03994907,0.0420239,0.1072531,22.98009,21.9607,20.97064,20.48004,20.2508,0.3587855,0.0859725,0.05077042,0.05049402,0.1522004,22.31581,21.83255,20.35381,19.98463,19.9421,0.694019,0.2930389,0.1177021,0.1026339,0.3352205,22.04716,21.35077,20.32038,19.87398,19.56815,0.228519,0.06372946,0.03804882,0.03811615,0.1093665,22.33998,21.53238,20.3236,19.94103,19.83263,0.2412305,0.0624349,0.03805764,0.03795163,0.1493929,6.998303,0.4344018,0.8445196,257,24577,24577,24577,24577,24577,0.1718553,0.1339085,0.09263729,0.06883944,0.0512039,21.8753,21.21686,20.22775,19.80514,19.51695,0.0670000016689301,0.400000005960464,0
408,51910,0.1908706,1.736199E-5,0,-0.88155616155896,0.472071752015297,-0.00264479992457584,1,1,1,0,0,0,0,1237648721218371809,1,0,22.01601,20.58901,19.65825,19.14738,18.84164,0.1785369,0.04650561,0.04565841,0.04558393,0.05462541,21.4787,20.226,19.27016,18.76496,18.39802,0.1723089,0.03560446,0.04266612,0.04343336,0.04814412,19.90242,18.65648,17.86435,17.37642,17.20719,0.1616831,0.05692466,0.05731868,0.07761745,0.09962739,20.01305,18.70338,17.81924,17.32245,17.02222,0.06878411,0.01310685,0.008738481,0.008607124,0.024405,19.74442,18.5786,17.81925,17.30842,17.07968,0.06718192,0.01301625,0.008738481,0.008745073,0.02505425,45.48901,0.6436023,0.8756675,257,24577,24577,24577,24577,24577,0.1398917,0.1090026,0.07540752,0.05603587,0.04168039,19.87316,18.59438,17.74383,17.26642,16.98054,0.40599998831749,0.218999996781349,0
409,51630,0.09139155,2.956801E-5,0,-0.831254046635075,0.555892194399996,7.60366996875641E-4,1,1,1,0,0,0,0,1237650796220055688,1,0,21.49736,19.36097,18.18142,17.64506,17.19385,0.1073669,0.01786302,0.01399819,0.01279573,0.02515907,21.59389,19.46826,18.27774,17.7686,17.33635,0.1105454,0.01073736,0.006313052,0.005679726,0.01370637,20.91248,18.82059,17.66286,17.15728,16.71004,0.176968,0.01390076,0.00866369,0.008058774,0.01993784,20.96635,18.80017,17.60428,17.08874,16.64857,0.09618925,0.009210194,0.005844774,0.005385396,0.0113969,20.6605,18.76698,17.61672,17.11125,16.66965,0.09569608,0.009210159,0.005849668,0.005387861,0.01140691,7.93392,0.04117348,0.8507411,257,16385,24577,16385,24577,24577,0.6826156,0.5318894,0.3679587,0.2734327,0.2033837,20.28373,18.26828,17.23632,16.8153,16.44518,0.214000001549721,0.679000020027161,2
410,51630,0.0215799,1.160553E-5,0,-0.83178903691179,0.555090756700002,0.00111798907703886,1,1,1,0,0,0,0,1237650796220055727,1,0,21.42919,20.12593,19.32991,18.90312,18.5492,0.09863155,0.02191032,0.01741923,0.01638301,0.03820857,21.4878,20.05053,19.19293,18.79225,18.44277,0.1069271,0.01618192,0.01184638,0.01160609,0.03256709,20.211,18.76172,17.88982,17.43841,17.11599,0.1837919,0.02377107,0.01762075,0.01653573,0.05287843,20.37267,18.77215,17.90806,17.4917,17.13172,0.08475188,0.01129596,0.008419927,0.008202261,0.02192464,20.00533,18.77453,17.9051,17.46778,17.11536,0.09154282,0.01128968,0.008426454,0.008198347,0.02192066,37.02169,0.4214208,0.8507411,257,16385,24577,16385,24577,24577,0.6828867,0.5321006,0.3681048,0.2735413,0.2034645,19.68978,18.24005,17.53996,17.21816,16.92826,0.569000005722046,0.430999994277954,1
411,51630,0.03053254,5.66673E-6,0,-0.836692679226738,0.547535326784769,0.0122648461498389,1,1,1,0,0,0,0,1237648722289950745,1,0,19.36098,18.45198,18.08642,17.93663,17.72051,0.02366933,0.01234226,0.01495143,0.01504231,0.02191189,19.2593,18.23307,17.84145,17.60254,17.38029,0.01916912,0.004931945,0.004843519,0.005090632,0.01277071,16.60616,15.61597,15.24417,15.04449,14.95965,0.01885245,0.004884301,0.007998432,0.007152108,0.01932311,16.70126,15.79634,15.40868,15.1901,15.01292,0.009202702,0.003101889,0.00297024,0.00336397,0.007697234,16.64978,15.63851,15.24812,15.02863,14.90317,0.009149682,0.003154946,0.003052094,0.003472588,0.008002395,154.8339,0.393452,0.8312327,257,24577,24577,24577,24577,24577,0.6320291,0.4924728,0.3406904,0.2531695,0.1883116,16.06923,15.30387,15.06799,14.93693,14.8246,0.441000014543533,0.0,0
412,51630,0.09155164,3.52721E-5,0,-0.835006243105558,0.550235207667576,0.0024062871318214,1,1,1,0,0,0,0,1237650796220186852,1,0,21.83911,19.99388,18.9008,18.40158,18.04036,0.1363717,0.01879462,0.01560248,0.0190533,0.02514102,21.98675,19.98971,18.87942,18.38521,17.9956,0.165472,0.01383398,0.008539218,0.009799695,0.02363777,20.38655,18.68234,17.51634,17.06527,16.67658,0.2602795,0.02783846,0.01762116,0.01863459,0.04418911,20.44929,18.46793,17.34797,16.85969,16.47566,0.1228579,0.01166498,0.007262232,0.006755167,0.01711191,20.11629,18.57749,17.38426,16.95154,16.60324,0.1190276,0.0118063,0.007306314,0.006820357,0.0171634,17.32914,0.1618843,0.8416548,257,16385,24577,16385,24577,24577,0.6152696,0.4794139,0.3316563,0.2464562,0.1833181,19.83402,17.98851,17.01632,16.61323,16.29234,0.0419999994337559,0.875,2
413,51608,0.1731074,1.522474E-5,0,-0.856228071395916,0.516489616556231,0.0105813866401006,1,1,1,0,0,0,0,1237651801770492286,1,0,21.56896,20.72534,20.04386,19.59682,19.25298,0.1205782,0.0329848,0.02451141,0.02781993,0.05863924,21.5869,20.56105,19.77962,19.38876,19.132,0.1386955,0.02839451,0.02157208,0.0179935,0.06209109,20.47804,19.55741,18.85446,18.55006,18.34324,0.2126964,0.04269888,0.06649373,0.04637597,0.1272282,20.76678,19.64384,18.85457,18.47709,18.21529,0.1153033,0.02187569,0.01637582,0.01789144,0.0474437,20.22398,19.56586,18.81542,18.50349,18.33589,0.1118749,0.02198254,0.01964078,0.01800525,0.05788567,16.08751,0.4012216,0.8429205,257,1,1,1,1,1,0.114504,0.08922075,0.0617225,0.04586643,0.0341162,20.65227,19.55462,18.79285,18.43122,18.18118,0.0260000005364418,0.0,0
414,51608,0.09474451,9.354134E-6,0,-0.85462434264588,0.51920244871785,0.00678602995030007,1,1,1,0,0,0,0,1237648721753931930,1,0,20.99334,19.69234,18.99004,18.47193,18.21253,0.06308034,0.02543502,0.02003206,0.01922636,0.0275446,20.91084,19.50542,18.75866,18.2356,17.94032,0.05457459,0.01145411,0.008743842,0.007463254,0.02364568,19.89748,18.22898,17.4883,16.9893,16.749,0.1329209,0.01502218,0.0126418,0.01282643,0.0395094,19.71105,18.22643,17.4755,16.97291,16.67962,0.04783764,0.008364272,0.006584418,0.006389056,0.01671887,19.73491,18.25919,17.4755,17.00165,16.69727,0.04777317,0.00835029,0.006584418,0.006388439,0.01668856,41.3861,0.3712663,0.8700953,257,24577,24577,24577,24577,24577,0.1306781,0.1018235,0.07044102,0.05234523,0.03893523,19.58037,18.1246,17.40506,16.92057,16.64068,0.657000005245209,0.342999994754791,1
415,53137,0.1268235,2.443679E-5,0,-0.537473909655144,-0.827595816420403,0.161885641992922,1,1,1,0,0,0,0,1237662636910969264,1,0,21.52514,19.92253,19.01352,18.63758,18.18902,0.09359393,0.0302231,0.02705339,0.02911125,0.03131451,21.29949,19.65907,18.71245,18.25061,17.85967,0.1033431,0.03085114,0.02719994,0.01907233,0.02916277,19.83393,18.38681,17.48794,17.04037,16.69904,0.1503823,0.05698651,0.05344788,0.05228493,0.0579449,19.90143,18.24379,17.30123,16.84887,16.46364,0.0712349,0.009192538,0.006505548,0.006212618,0.01447165,19.44768,18.23652,17.33837,16.89448,16.57571,0.07047068,0.009279265,0.006543739,0.006234969,0.01447406,12.05313,0.09041729,0.9674579,257,24577,24577,24577,24577,24577,0.1822352,0.1419964,0.09823246,0.07299724,0.05429654,19.71919,18.10179,17.203,16.77587,16.40935,0.321000009775162,0.679000020027161,2
416,53859,0.2769867,5.522895E-5,0,-0.516064794957438,-0.84453809206003,0.142942430597571,1,1,1,0,0,0,0,1237661950814519778,1,0,23.43396,20.72655,19.00727,18.60822,18.32106,0.5251517,0.02993232,0.0187979,0.02108067,0.02667117,23.49628,20.74148,19.2286,18.631,18.2558,0.3548318,0.0297815,0.01296353,0.01148166,0.02398664,20.67445,18.93932,17.48675,16.93972,16.65941,0.7108973,0.06177895,0.02559181,0.0243949,0.06027487,21.88565,18.98457,17.44786,16.85282,16.52098,0.6488237,0.02088119,0.009078071,0.007767995,0.01689749,20.25211,18.83841,17.44786,16.8764,16.5675,0.4129353,0.02083636,0.009078071,0.007766977,0.01686355,22.06204,0.302541,0.8090573,257,24577,24577,24769,24769,24577,0.1708813,0.1331495,0.09211224,0.06844927,0.05091368,21.71477,18.85142,17.35575,16.78437,16.47007,0.0780000016093254,0.828000009059906,2
417,53228,0.05250419,7.17256E-6,0,-0.47798273317109,-0.865002651418608,0.152652939143249,1,1,1,0,0,0,0,1237662637449609926,1,0,21.72279,20.61998,20.454,20.28403,19.7306,0.1107719,0.02678823,0.03057054,0.03444669,0.07030596,21.22109,20.09884,19.71053,19.43315,19.26188,0.1019303,0.02161562,0.02365749,0.02525153,0.06888864,19.63889,18.08828,17.75541,17.56171,17.75325,0.2165509,0.03000645,0.03626801,0.04407509,0.1657991,19.27094,18.11602,17.74981,17.49563,17.38856,0.06158926,0.01006955,0.01307984,0.0153902,0.04604109,19.30596,17.99121,17.64022,17.47392,17.45499,0.06302663,0.01037827,0.01346057,0.01577188,0.04654204,78.27196,1.231874,0.9993753,257,24577,24577,24577,24577,24577,0.2166622,0.1688217,0.1167901,0.08678753,0.06455398,19.05428,17.9472,17.63302,17.40884,17.324,0.602999985218048,0.264999985694885,1
418,53228,0.1049686,9.576702E-6,0,-0.478908911166413,-0.864836518476973,0.150678635227523,1,1,1,0,0,0,0,1237662534361809327,1,0,20.53642,19.35619,18.76373,18.41179,18.07383,0.06481653,0.02146478,0.0150539,0.02323172,0.03072759,20.71882,19.37147,18.63362,18.23439,17.99178,0.07381787,0.01073362,0.007048366,0.007689385,0.02187067,20.25219,18.41304,17.60319,17.19728,17.01985,0.1850926,0.01900455,0.01772065,0.01881061,0.03438999,19.65993,18.19498,17.42528,17.02149,16.78633,0.06676041,0.008796357,0.006810751,0.006388547,0.01718406,20.2269,18.36139,17.52051,17.10715,16.94464,0.06284682,0.008852431,0.00687675,0.006452426,0.01738452,12.85958,0.09497668,0.38805,257,4,24580,24578,24578,24578,0.2340194,0.1823463,0.1261463,0.09374025,0.06972553,19.42591,18.01264,17.29913,16.92775,16.71661,0.0520000010728836,0.814000010490417,2
419,53498,0.1681931,4.347352E-5,0,-0.448564465175054,-0.884231589281204,0.130093878024503,1,1,1,0,0,0,0,1237662636376850980,1,0,21.79881,19.79412,18.71147,18.27707,17.93408,0.1296629,0.02445075,0.01979036,0.01768647,0.02464594,21.94537,19.8312,18.64223,18.1341,17.79786,0.1824059,0.01308778,0.01464757,0.0148815,0.01947163,20.98097,18.82892,17.61316,17.13173,16.85099,0.4052108,0.02984959,0.02930173,0.03129376,0.03982947,20.94095,18.81026,17.61097,17.11949,16.77068,0.1362811,0.01144815,0.006793171,0.006394265,0.01338533,21.05341,18.80106,17.61098,17.17447,16.79271,0.130023,0.0114469,0.006793172,0.006391264,0.01338432,5.453279,0.0353478,0.9431362,257,24577,24705,24577,24577,24705,0.2377901,0.1852845,0.1281789,0.09525068,0.07084901,20.70316,18.62498,17.48279,17.02424,16.69983,0.25,0.625,2
420,53498,0.2583777,2.804678E-5,0,-0.454794046605418,-0.880166353374042,0.135902779811563,1,1,1,0,0,0,0,1237662200437539329,1,0,22.0751,19.81142,18.53152,18.07372,17.7966,0.1602187,0.02272434,0.01417261,0.01361082,0.02392806,21.92556,19.89555,18.62507,18.16905,17.88433,0.1837103,0.01529908,0.008270954,0.009517755,0.01700033,21.06187,19.10357,17.80932,17.36739,17.09031,0.3117805,0.0245395,0.01545564,0.01687652,0.03633264,21.24659,19.08288,17.79544,17.34371,17.0742,0.152937,0.01248381,0.007074515,0.006992027,0.01542743,21.06018,19.16248,17.79541,17.36037,17.0756,0.1468123,0.01246948,0.007074515,0.006991502,0.0154268,6.813246,0.04951501,0.8621867,257,24577,24577,24577,24577,24577,0.207326,0.161547,0.1117575,0.08304778,0.06177229,21.03926,18.92133,17.68369,17.26066,17.01242,0.129999995231628,0.648000001907349,2
421,53498,0.1554566,1.888464E-5,0,-0.456643826172176,-0.881070036209841,0.123255861167022,1,1,1,0,0,0,0,1237661950279483735,1,0,21.44228,19.72082,18.75738,18.30856,17.92857,0.1277986,0.01959573,0.01711728,0.01554491,0.02856607,21.57893,19.81978,18.8231,18.34108,17.9749,0.1482811,0.01203037,0.009304645,0.008383791,0.02286538,20.30565,18.63252,17.78746,17.34179,17.00891,0.2401378,0.02039785,0.01324418,0.01411032,0.04563632,20.43952,18.6926,17.71924,17.24219,16.8801,0.110793,0.01072188,0.007548744,0.006944441,0.01757132,19.88659,18.46567,17.71924,17.29521,16.99673,0.1070416,0.01064097,0.007548745,0.006940669,0.01753521,9.655924,0.08481092,0.8548994,257,24577,24577,24577,24577,24577,0.2257462,0.1758999,0.1216868,0.0904263,0.06726056,20.21377,18.5167,17.59755,17.15177,16.81284,0.689999997615814,0.207000002264977,1
422,51633,0.1378106,3.176333E-5,0,-0.868902836228727,0.494940732661913,-0.00644455939246721,1,1,1,0,0,0,0,1237654669735755916,1,0,21.60291,19.99458,19.07157,18.50041,17.96537,0.155309,0.02338026,0.01831065,0.01413805,0.02658019,21.74282,19.99305,18.87637,18.31231,17.88318,0.1674619,0.01750527,0.01022782,0.007695003,0.02425485,19.76442,18.4344,17.41728,16.9222,16.59306,0.3940603,0.161594,0.1496745,0.1400987,0.1350584,19.85654,18.17869,17.12444,16.58943,16.18238,0.1032313,0.01143116,0.007220057,0.006765707,0.01722116,18.85158,18.16501,17.24194,16.74772,16.39979,0.09743819,0.01149914,0.007297536,0.006833119,0.01729752,42.55255,0.4360647,0.8404275,257,1,1,1,1,1,0.1555246,0.1211837,0.08383435,0.0622979,0.0463382,19.70101,18.0575,17.04061,16.52713,16.13604,1.0,0.0,1
423,51633,0.06203967,1.408643E-5,0,-0.867689552503256,0.49710627904898,4.33366793048355E-4,1,1,1,0,0,0,0,1237654670272561311,1,0,20.02045,18.00469,17.24765,16.81602,16.45454,0.04128728,0.01793877,0.01483374,0.01338749,0.01629054,20.0972,18.13579,17.22426,16.78637,16.47619,0.03981412,0.004564523,0.00299683,0.002836542,0.008596788,18.96928,17.09925,16.19566,15.7622,15.45363,0.07162803,0.03340881,0.0319421,0.03184079,0.03021282,18.93451,16.98042,16.07709,15.63448,15.32538,0.03475435,0.004415725,0.003502744,0.003465109,0.007073547,18.72865,16.95978,16.07712,15.64986,15.36073,0.03446971,0.004415097,0.003502744,0.003464728,0.007071422,10.21138,0.02356672,0.837865,257,1,1,8193,8193,1,0.1488473,0.1159808,0.08023497,0.05962319,0.0443487,18.78566,16.86444,15.99685,15.57486,15.28103,0.171000003814697,0.771000027656555,2
424,51633,0.0924287,2.637569E-5,0,-0.859244436230189,0.511222914351483,-0.0187117783612385,1,1,1,0,0,0,0,1237651799623139453,1,0,21.77207,19.60911,18.64988,18.21678,17.85005,0.1559355,0.02340886,0.01924578,0.0209842,0.03187907,21.89849,19.64075,18.63332,18.20648,17.82552,0.1758111,0.01426872,0.008920805,0.008756059,0.02105931,21.01619,18.75007,17.73385,17.31869,16.96405,0.323805,0.02154988,0.01311547,0.01338339,0.03624443,20.95472,18.62711,17.60444,17.1826,16.82707,0.1501439,0.01150627,0.007392926,0.00728768,0.01649088,21.08746,18.66722,17.62803,17.22235,16.83392,0.1672423,0.01153287,0.007413866,0.007303531,0.01656828,9.248652,0.07980512,0.8328073,257,1,1,1,1,1,0.2835979,0.2209775,0.1528712,0.1135997,0.08449732,20.67112,18.40613,17.45156,17.069,16.74258,0.133000001311302,0.833000004291534,2
425,51910,0.2180074,5.323159E-5,0,-0.879990014248531,0.474988194895753,0.00194667217206577,1,1,1,0,0,0,0,1237651801234800855,1,0,22.84088,20.37898,19.05987,18.56609,18.1161,0.3697955,0.02698657,0.0175656,0.02678529,0.02978134,22.73964,20.38571,19.01857,18.49333,18.16172,0.3801292,0.02395631,0.01164789,0.01078346,0.03131012,21.58037,19.27445,17.93924,17.37364,17.11645,0.7275883,0.04282838,0.02163838,0.02139159,0.06045769,21.71626,19.27098,17.90365,17.37454,17.04021,0.3125591,0.01833764,0.009208653,0.008535443,0.0239935,20.00863,19.18177,17.90368,17.37891,17.13328,0.2090415,0.01895697,0.009208653,0.008535043,0.02397226,8.127234,0.09596338,0.8553714,257,1,1,1,1,1,0.14364,0.1119233,0.07742803,0.05753732,0.0427972,21.57262,19.15905,17.82622,17.31701,16.99741,0.0560000017285347,0.805999994277954,2
426,51910,0.3239494,6.779979E-5,0,-0.878087981947821,0.478443977063051,0.00727026621894917,1,1,1,0,0,0,0,1237648721755111632,1,0,23.51486,21.13338,19.47509,18.90426,18.54865,0.502995,0.03466064,0.01847254,0.0191509,0.03408517,24.06269,21.04549,19.36807,18.76786,18.39101,0.7766443,0.03707837,0.01377478,0.01235125,0.03450891,21.31042,19.8233,18.09348,17.51491,17.20687,0.5890828,0.07827391,0.02784119,0.0248763,0.07649932,23.16606,19.73921,18.04845,17.45205,17.07226,1.074918,0.02725002,0.01040942,0.009326889,0.02473485,21.89721,19.80557,18.04851,17.51752,17.11837,0.7248895,0.02723423,0.01040942,0.009322034,0.02619906,9.762096,0.1395146,0.884885,257,24577,24577,24577,24577,24577,0.1680555,0.1309477,0.090589,0.06731734,0.05007173,22.998,19.60827,17.95786,17.38473,17.02219,0.0419999994337559,0.833000004291534,2
427,51630,0.1249016,2.096762E-5,0,-0.836389267971098,0.548135854194601,2.78871165183305E-4,1,1,1,0,0,0,0,1237650796220252232,1,0,22.78212,20.18516,19.01881,18.39428,18.0835,0.3772582,0.02534733,0.0165203,0.01720963,0.030956,22.48584,20.13058,18.97787,18.38049,17.96269,0.3189879,0.02153644,0.009167711,0.007973483,0.02430648,21.75403,18.65473,17.71375,16.86058,16.84975,1.128318,0.03980009,0.07586636,0.06594501,0.05570194,21.10216,18.50836,17.38616,16.75714,16.41651,0.221009,0.01223222,0.00759788,0.006391129,0.01678834,21.21722,18.37814,17.47008,16.6657,16.67603,0.4374464,0.01232527,0.007683595,0.006405852,0.01694291,25.06905,0.2810805,0.8436033,257,16385,24577,16385,24577,24577,0.6725608,0.5240548,0.3625387,0.2694051,0.2003879,20.4296,17.9843,17.02362,16.48773,16.21612,0.66100001335144,0.254000008106232,1
428,51630,0.370904,1.274981E-4,0,-0.837688835697091,0.546138109202421,-0.00325272581937608,1,1,1,0,0,0,0,1237648721216209489,1,0,23.73742,22.31995,20.24583,19.64205,19.16727,0.5802647,0.09614757,0.02935207,0.02385775,0.05205606,23.7756,22.38251,20.31982,19.6288,19.21614,0.6693759,0.1225574,0.0296852,0.0188981,0.0675974,21.49347,21.03799,19.2754,18.55662,18.30867,0.5713771,0.192473,0.05912,0.04854284,0.1561507,22.90267,21.29344,19.21451,18.52688,18.10625,0.7182916,0.08961724,0.02238622,0.01800462,0.0476561,20.69436,20.94076,19.21451,18.64801,18.43889,0.3681637,0.08828858,0.02238622,0.0179783,0.04698529,11.32852,0.4091012,0.8431201,257,24577,24577,24577,24577,24577,0.5651166,0.440335,0.3046217,0.2263666,0.1683751,22.33755,20.85311,18.90989,18.30052,17.93788,0.028999999165535,0.757000029087067,2
429,51630,0.2038225,3.190344E-5,0,-0.830366705490858,0.557066957025297,-0.0129437167319043,1,1,1,0,0,0,0,1237650795146248378,1,0,21.83318,19.8554,18.49409,17.98773,17.57402,0.1540633,0.02040683,0.01937419,0.01881437,0.0193933,22.18475,19.91759,18.48555,17.96339,17.58506,0.2063816,0.01531312,0.007437913,0.005509939,0.01455997,20.49585,18.16124,16.68983,16.16855,15.79402,0.5135037,0.02850113,0.01563277,0.01662161,0.03633237,20.3737,18.02931,16.60012,16.0758,15.70413,0.1633476,0.01075035,0.005361384,0.004724158,0.01035784,20.77558,18.00742,16.60012,16.06003,15.71237,0.1600608,0.01074992,0.005361385,0.004722512,0.01035431,18.44646,0.1258089,0.8356813,257,24577,24577,24577,24577,24577,0.2540719,0.1979711,0.1369555,0.1017726,0.07570011,20.11962,17.83134,16.46317,15.97403,15.62843,0.0869999974966049,0.739000022411346,2
430,51630,0.1222711,2.469182E-5,0,-0.83038901174394,0.557001434609212,0.0142650278024155,1,1,1,0,0,0,0,1237648722289623338,1,0,21.16319,18.95044,17.77511,17.29983,16.82408,0.07661177,0.01827311,0.01799885,0.01619817,0.01871437,21.17818,18.94315,17.759,17.26752,16.87372,0.08523162,0.01171678,0.01227337,0.01188075,0.009620734,20.02236,17.69961,16.5323,16.0538,15.6526,0.17464,0.02409281,0.02861855,0.02809162,0.02279018,19.88703,17.61316,16.44837,15.95457,15.5356,0.06516337,0.006383018,0.00401747,0.004008717,0.007337125,19.83965,17.60245,16.44838,15.97308,15.57355,0.06430815,0.006382719,0.00401747,0.004008485,0.007336208,12.56125,0.0439066,0.8377297,257,24577,24577,24577,24577,24577,0.4425102,0.344801,0.2385317,0.1772546,0.1318449,19.44452,17.26836,16.20984,15.77732,15.40376,0.225999996066093,0.578999996185303,2
431,51630,0.1224185,2.538108E-5,0,-0.830229796758209,0.557227916707108,0.014681056402005,1,1,1,0,0,0,0,1237651752384856377,1,0,22.10108,19.78036,19.01506,18.52294,18.06812,0.3241329,0.02538518,0.02154689,0.01651646,0.03206525,21.91268,19.87956,18.85847,18.37025,17.98805,0.2831785,0.01705285,0.01081486,0.00851095,0.02697243,21.62679,18.11697,17.17949,16.75118,16.4199,1.638592,0.02361458,0.01414229,0.01679911,0.05047878,20.50978,17.8382,16.84991,16.375,16.02099,0.2596637,0.01144497,0.007474356,0.007356404,0.0189123,21.13171,17.92908,16.96937,16.54367,16.23479,0.2727094,0.0116897,0.007608649,0.007436966,0.01921693,31.83637,0.3575828,0.8214864,257,24577,24577,24577,24577,24577,0.4480024,0.3490804,0.2414922,0.1794546,0.1334813,20.06178,17.48912,16.60842,16.19555,15.88751,0.514999985694885,0.455000013113022,1
432,51608,0.2205509,1.756211E-5,0,-0.8439700555174,0.536248710925183,0.012323368899621,1,1,1,0,0,0,0,1237648722290278627,1,0,21.33693,19.98446,18.94711,18.4478,18.18747,0.08608743,0.01854993,0.0195163,0.01745222,0.04783294,21.27633,19.86507,18.84615,18.37038,18.08167,0.08199351,0.01550375,0.01026934,0.01278151,0.03153375,19.76032,18.64109,17.72256,17.29829,16.97338,0.1059602,0.02107601,0.01546998,0.02214384,0.04327885,19.83328,18.49483,17.4963,17.03184,16.75129,0.06170535,0.01135622,0.007243576,0.007533885,0.01749463,19.24009,18.57191,17.61686,17.21576,16.83269,0.0614749,0.01134935,0.00732238,0.007585293,0.01769087,15.53577,0.1397564,0.8481629,257,24577,24577,24577,24577,24577,0.2381269,0.1855468,0.1283605,0.09538557,0.07094934,19.59516,18.30928,17.36794,16.93645,16.68034,0.0450000017881393,0.908999979496002,2
433,53083,0.08880656,6.389559E-6,0,-0.968460195098021,0.106066720270248,0.225465521447994,1,1,1,0,0,0,0,1237661950786666576,1,0,20.22513,19.10352,18.49152,18.34887,18.06067,0.05146741,0.03165027,0.01675079,0.02281494,0.02661691,20.33308,19.30334,18.69237,18.28441,18.07849,0.04841224,0.0104965,0.008116651,0.008578124,0.02074043,18.55715,17.44218,16.94402,16.59212,16.51904,0.06274521,0.01103949,0.009479203,0.01100501,0.03414285,18.60019,17.48599,16.92096,16.56569,16.3672,0.03059854,0.006432738,0.005535349,0.005772343,0.01362985,18.51208,17.41338,16.90438,16.54933,16.37697,0.03150646,0.006458084,0.00556263,0.00585158,0.01381766,61.07465,0.4728886,0.7779416,257,24577,24577,24577,24577,24577,0.1567841,0.1221651,0.08451328,0.06280243,0.04671346,18.4434,17.36382,16.83644,16.50289,16.32048,0.428999990224838,0.570999979972839,2
434,53083,0.1303046,3.249081E-5,0,-0.968490160310355,0.107891660869621,0.224468703602121,1,1,1,0,0,0,0,1237661950786601073,1,0,21.18958,19.1254,18.07582,17.56469,17.26501,0.1329787,0.02792375,0.02418128,0.02416296,0.01841911,21.44301,19.45085,18.26168,17.7442,17.28316,0.1385085,0.0112167,0.006488644,0.006037924,0.01150378,19.38285,17.85349,16.75813,16.26389,15.86747,0.1327142,0.01554518,0.0116501,0.01301988,0.01964361,19.58598,17.66487,16.55239,16.03348,15.62969,0.07485253,0.008106153,0.004847213,0.004633557,0.008556707,19.07371,17.73087,16.63138,16.13791,15.73659,0.07435651,0.008182473,0.004896117,0.004669135,0.008616748,31.18191,0.1716032,0.7874011,257,24577,24577,24577,24577,24577,0.1642873,0.1280116,0.0885578,0.06580794,0.04894901,19.42169,17.53686,16.46383,15.96767,15.58074,0.14300000667572,0.837000012397766,2
435,51633,0.04281429,1.195584E-5,0,-0.867833802399537,0.496847777288686,-0.00260338549841184,1,1,1,0,0,0,0,1237648721217716376,1,0,20.30962,18.89175,18.37996,18.1488,17.81226,0.04338947,0.01547805,0.01799458,0.02095626,0.02735565,19.86991,18.55202,17.92737,17.57707,17.32226,0.0307529,0.006606155,0.005145195,0.005034766,0.01247871,17.65363,16.10154,15.57918,15.25781,15.08487,0.03655135,0.00512628,0.004426555,0.005475673,0.01633296,17.52312,16.11988,15.57625,15.25449,15.03674,0.01535399,0.003415667,0.003054408,0.003269727,0.007969765,17.58056,16.0854,15.5552,15.20665,14.94992,0.01536778,0.003413472,0.003081733,0.003339742,0.008293482,113.1246,0.3204843,0.8684245,257,24577,24577,24577,24577,24577,0.1561956,0.1217065,0.08419602,0.06256667,0.04653811,17.36693,15.99818,15.49206,15.19193,14.9902,0.957000017166138,0.0,1
436,51910,0.08467453,9.989528E-6,0,-0.874929634212981,0.483895834501016,-0.0185190855202348,1,1,1,0,0,0,0,1237651799623925913,1,0,21.10036,19.89391,19.5725,19.07709,18.75108,0.09042474,0.01929897,0.01959902,0.01998869,0.04251259,21.21204,19.84676,19.21248,18.80255,18.58236,0.09750381,0.01653324,0.01357655,0.0136187,0.03940761,18.86906,17.53398,17.01969,16.65277,16.4873,0.12396,0.01934914,0.01820011,0.01934708,0.06439167,19.0168,17.63148,17.06158,16.67194,16.47937,0.05506455,0.008981482,0.007922655,0.00817891,0.0244043,18.6278,17.4098,16.86022,16.48246,16.23428,0.05756981,0.009259962,0.008269615,0.00849294,0.025408,85.08752,1.041721,0.8528067,257,1,1,1,1,1,0.2748545,0.2141647,0.1481582,0.1100974,0.08189224,18.74195,17.41731,16.91342,16.56185,16.39748,0.89300000667572,0.10700000077486,1
437,51910,0.06537174,1.778214E-5,0,-0.874658345713833,0.484283386361229,-0.02103283070918,1,1,1,0,0,0,0,1237654668662276264,1,0,20.13423,18.36418,17.65592,17.21352,16.82079,0.04587372,0.0198517,0.01368942,0.01391837,0.01909072,20.27554,18.46951,17.62095,17.21021,16.8702,0.04505681,0.006583706,0.004572776,0.003881021,0.01052455,18.56981,16.96768,16.17594,15.79676,15.55494,0.06786167,0.01194608,0.01031658,0.0101211,0.02050676,18.67436,16.87781,16.0608,15.6557,15.35006,0.03461071,0.004893725,0.003747487,0.003814176,0.008104979,18.35447,16.82094,16.06227,15.69236,15.44534,0.03440996,0.004907838,0.003748554,0.003814739,0.008095748,14.56649,0.04850227,0.8249725,257,1,1,8193,24577,24577,0.324585,0.2529144,0.174965,0.1300178,0.09670933,18.34978,16.62489,15.88583,15.52569,15.25335,0.386000007390976,0.523000001907349,2
438,51910,0.2073914,5.15819E-5,0,-0.876355781612032,0.481455856271207,-0.0141704797845318,1,1,1,0,0,0,0,1237654669199278376,1,0,22.16773,20.23846,18.97326,18.50513,17.97443,0.2552319,0.02788849,0.0159051,0.01557849,0.02627664,22.21148,20.29942,18.89627,18.33811,17.94823,0.2592963,0.02236516,0.01065206,0.009839241,0.02360653,20.28633,19.0068,17.60567,17.08149,16.78343,0.2671311,0.03545507,0.01682121,0.01667784,0.04533974,20.66893,18.75658,17.36404,16.81936,16.43425,0.1957061,0.01661605,0.008061014,0.007609372,0.01775167,19.83599,18.87159,17.49876,16.99932,16.68563,0.1861451,0.01687052,0.008180716,0.007718703,0.01795395,20.3979,0.2233677,0.8148993,257,1,1,1,1,1,0.210692,0.1641698,0.1135719,0.08439607,0.06277517,20.45824,18.59241,17.25047,16.73497,16.37148,0.0829999968409538,0.861000001430511,2
439,51633,0.08735064,1.875407E-5,0,-0.868254389196173,0.496118804749309,6.68741877145153E-4,1,1,1,0,0,0,0,1237654670272561365,1,0,20.56414,18.56509,17.78977,17.35013,16.95522,0.06187621,0.01861829,0.0152905,0.01384133,0.01791938,20.69035,18.68638,17.74899,17.30484,16.958,0.0713021,0.006751595,0.004520729,0.005179731,0.01008466,19.2912,17.24147,16.32583,15.88397,15.67995,0.1539645,0.01507362,0.01306518,0.0124749,0.0277658,19.27508,17.24085,16.30531,15.86194,15.52949,0.05638393,0.005582877,0.004113838,0.0040886,0.009655538,19.34383,17.21886,16.30532,15.91362,15.71694,0.05612579,0.005582398,0.004113838,0.004087299,0.009626978,10.49683,0.03868267,0.837865,257,1,1,8193,8193,1,0.1493167,0.1163465,0.080488,0.05981121,0.04448855,19.12576,17.1245,16.22482,15.80213,15.485,0.133000001311302,0.822000026702881,2
440,51633,0.08503014,1.589747E-5,0,-0.859353690538588,0.511246896185236,-0.0117407707868813,1,1,1,0,0,0,0,1237651800160010485,1,0,19.9879,18.29862,17.65142,17.41414,17.21816,0.04189609,0.01649644,0.01656518,0.01419556,0.01809659,20.16289,18.41286,17.74059,17.45914,17.25648,0.04610336,0.006378359,0.004029172,0.005038873,0.01339573,19.45744,17.71308,17.00771,16.70173,16.51154,0.06939521,0.009534199,0.008544877,0.009521954,0.02050701,19.41899,17.67999,16.98036,16.69113,16.48595,0.03795866,0.005909871,0.004924202,0.004927814,0.01078291,19.43785,17.7062,16.9804,16.67701,16.4761,0.03799382,0.005908229,0.004924201,0.004927322,0.01078724,5.271539,0.0189761,0.8364577,257,1,1,1,1,1,0.1580423,0.1231455,0.0851915,0.06330641,0.04708834,19.26095,17.55684,16.89517,16.62782,16.43886,0.159999996423721,0.720000028610229,2
441,51630,0.06335986,1.182561E-5,0,-0.831741061467907,0.555118330210878,-0.00710254406008777,1,1,1,0,0,0,0,1237650795683184774,1,0,19.71497,17.89744,17.09971,16.6788,16.3784,0.02974142,0.01349429,0.01424443,0.01462106,0.01512994,19.85821,18.01452,17.14687,16.74517,16.43781,0.03063396,0.004565498,0.003192168,0.002748164,0.007153911,18.91664,17.15417,16.27393,15.87322,15.57275,0.04283822,0.01321139,0.0128714,0.01304747,0.01404534,18.92301,17.1036,16.21557,15.81424,15.49273,0.02503864,0.004275712,0.003425766,0.0033688,0.006208734,18.86577,17.10217,16.21557,15.81079,15.51236,0.02502649,0.004275638,0.003425766,0.003368433,0.006211083,8.786421,0.01684133,0.8501576,257,16385,24577,24577,24577,24577,0.3954422,0.3081259,0.2131601,0.1584008,0.1178211,18.52756,16.79547,16.00241,15.65584,15.37491,0.034000001847744,0.792999982833862,2
442,51630,0.1294907,2.557954E-5,0,-0.827442300248421,0.561550743218681,5.04989865459392E-5,1,1,1,0,0,0,0,1237650796219859159,1,0,21.41634,19.7155,18.69678,18.18678,17.7276,0.08582762,0.01778051,0.01392322,0.02300132,0.02513676,21.56581,19.75302,18.63531,18.14142,17.74022,0.08818293,0.01182286,0.007963525,0.007284702,0.01868697,19.65907,18.44492,17.44899,16.97584,16.53132,0.1069286,0.01722214,0.01117133,0.0105847,0.03018777,20.09671,18.32299,17.23985,16.76503,16.34704,0.07985916,0.009659029,0.006252838,0.005841484,0.01405871,19.25259,18.32538,17.33742,16.87799,16.38211,0.07637894,0.009723255,0.006310403,0.005888368,0.01415572,17.47314,0.1260625,0.855215,257,16385,24577,16385,24577,24577,0.3350306,0.2610535,0.1805956,0.1342019,0.09982156,19.76168,18.06193,17.05925,16.63083,16.24722,0.194000005722046,0.709999978542328,2
443,51630,0.1277459,2.578315E-5,0,-0.827723575235132,0.561135207635092,9.80689702990347E-4,1,1,1,0,0,0,0,1237650796219859039,1,0,21.68314,19.43953,18.30973,17.78303,17.32785,0.1230322,0.01683748,0.01328703,0.0226864,0.02342496,21.77026,19.53653,18.33503,17.82953,17.40551,0.1094883,0.0105876,0.007056553,0.005363919,0.01621332,21.23513,18.81285,17.58689,17.06163,16.68109,0.2879033,0.0187075,0.01038618,0.009996549,0.0260243,21.06875,18.74199,17.52494,17.02134,16.60744,0.1226749,0.00981527,0.005959006,0.005470654,0.01229031,21.26551,18.75288,17.53112,17.00923,16.65427,0.1239883,0.009832401,0.005963361,0.005470423,0.01228289,8.060229,0.04581434,0.855215,257,16385,24577,16385,24577,24577,0.4060526,0.3163935,0.2188795,0.162651,0.1209824,20.66269,18.4256,17.30606,16.85869,16.48646,0.137999996542931,0.75900000333786,2
444,51630,0.1257328,2.822553E-5,0,-0.83453984557594,0.550928017080668,0.00464393600842619,1,1,1,0,0,0,0,1237648721752948910,1,0,21.87518,19.76423,18.60291,18.0665,17.75717,0.1395441,0.02039799,0.0189681,0.01367114,0.02453071,21.93724,19.75009,18.57975,18.08441,17.6869,0.1297303,0.01136944,0.007858858,0.00606405,0.01946685,21.08237,18.84096,17.6834,17.19043,16.74204,0.2943041,0.02077489,0.01249781,0.01183923,0.0312687,20.99928,18.79722,17.62198,17.10339,16.71559,0.124341,0.01108298,0.006607687,0.006296812,0.01486434,20.66988,18.7704,17.62355,17.10823,16.69964,0.1230355,0.01110029,0.006609121,0.006304625,0.01486555,8.054513,0.05553761,0.864817,257,24577,24577,24577,24577,24577,0.6790679,0.5291251,0.3660463,0.2720116,0.2023267,20.32021,18.26809,17.25593,16.83138,16.51326,0.118000000715256,0.852999985218048,2
445,53858,0.04939973,1.102174E-5,0,-0.464593334737043,-0.878576577781301,0.110707860118476,1,1,1,0,0,0,0,1237662264865456637,1,0,20.955,19.35794,18.74631,18.26378,17.77965,0.07496703,0.01837391,0.02028037,0.01572566,0.02199612,20.61838,19.11781,18.34433,17.91451,17.58175,0.06710206,0.008120103,0.006990337,0.00718818,0.017054,18.20386,17.15275,16.63971,16.28045,16.11748,0.08365585,0.01393798,0.01216433,0.01693527,0.04439326,18.5519,17.13562,16.4719,16.06514,15.75698,0.04168135,0.005759876,0.004988239,0.005284798,0.01236656,17.66973,16.85889,16.47189,16.12976,15.92953,0.03982539,0.005706086,0.004988239,0.00528109,0.01233838,19.37647,0.1093186,0.9150934,257,24577,24577,24577,24577,24577,0.2646239,0.2061931,0.1426435,0.1059994,0.07884407,18.28728,16.92943,16.32925,15.95914,15.67814,0.908999979496002,0.0610000006854534,1
446,53047,0.04556538,7.891305E-6,0,-0.301685074028289,0.719593602339849,0.625436778243896,1,1,1,0,0,0,0,1237651497364685327,1,0,20.60575,18.91936,18.12843,17.61315,17.24334,0.06344256,0.02074947,0.01270916,0.01297704,0.02357636,20.56333,18.84975,17.95459,17.45537,17.12111,0.06517898,0.008231374,0.004713809,0.005247135,0.01212089,19.30077,17.74385,16.92236,16.471,16.17323,0.08714992,0.01038565,0.007591734,0.00746409,0.01930873,19.3271,17.61263,16.7472,16.27158,15.91822,0.04807644,0.006508674,0.004895238,0.004700775,0.009652516,19.25646,17.63701,16.82981,16.4089,16.0565,0.04961973,0.006540657,0.004932963,0.004717132,0.009673587,13.04076,0.06211829,0.8325479,257,16385,24577,16385,16385,24577,0.2541509,0.1980327,0.1369981,0.1018043,0.07572366,19.07295,17.41459,16.6102,16.16978,15.84249,0.287999987602234,0.672999978065491,2
447,53035,0.05945298,1.372039E-5,0,-0.315713944002999,0.686119229761379,0.655412166589638,1,1,1,0,0,0,0,1237673309891920201,1,0,21.72417,19.86908,19.51003,18.99481,18.55731,0.1158867,0.02091013,0.01775532,0.02019083,0.03547728,21.48043,19.94126,19.05673,18.59549,18.26136,0.1142572,0.01402899,0.01103831,0.009428466,0.02899269,19.47005,18.05617,17.25415,16.82132,16.58281,0.1565461,0.01675118,0.01495289,0.01594423,0.06084542,19.65271,18.06633,17.28575,16.82689,16.46548,0.061655,0.00856859,0.007457523,0.00721301,0.01750356,19.2951,17.9876,17.28571,16.81976,16.45017,0.06018361,0.008553937,0.007457522,0.007208992,0.01747421,105.353,1.119999,0.8861619,257,1,16385,24577,24577,24577,0.2184837,0.170241,0.117772,0.08751719,0.06509671,19.43423,17.89609,17.16798,16.73938,16.40038,0.767000019550323,0.200000002980232,1
448,53052,0.1170372,2.649348E-5,0,-0.31352792657519,0.65347831398898,0.6889603271623,1,1,1,0,0,0,0,1237663530254401806,1,0,20.66607,18.67124,17.72047,17.27587,16.88244,0.05752898,0.01492054,0.01235407,0.01719852,0.02245633,20.64495,18.67068,17.62297,17.15002,16.76376,0.05378455,0.006913618,0.004124359,0.004386279,0.01025386,18.82871,17.13254,16.11123,15.64197,15.33287,0.0886445,0.009976718,0.008046677,0.01001521,0.02078438,19.10482,17.02833,15.97568,15.50748,15.14324,0.04900643,0.005041203,0.003731219,0.003663151,0.007763676,18.75758,16.98823,15.97569,15.52573,15.25686,0.04872709,0.005038714,0.003731219,0.003662649,0.007751505,14.29852,0.05023212,0.8186916,257,24577,24577,24577,24577,24577,0.172647,0.1345253,0.09306401,0.06915653,0.05143975,18.93217,16.8938,15.88262,15.43833,15.0918,0.0,0.888999998569489,2
449,53052,0.09240853,8.788326E-6,0,-0.314354676240249,0.648773175147003,0.693018401440802,1,1,1,0,0,0,0,1237663530254532954,1,0,21.21927,19.73475,19.16061,18.81502,18.41393,0.09078742,0.01892279,0.02142413,0.02392869,0.03671962,21.01958,19.63993,18.86881,18.42654,18.09932,0.08365289,0.01272264,0.01080497,0.01060771,0.02462565,18.92694,17.80256,17.26586,16.94402,16.71413,0.1072659,0.01415024,0.02810472,0.01911076,0.06237549,19.34712,17.96292,17.29507,16.90168,16.65175,0.05167658,0.007786697,0.007262196,0.007632603,0.0213125,18.66966,17.68137,17.18723,16.85741,16.55474,0.05112756,0.00781563,0.007407686,0.007788864,0.02156409,46.64449,0.4738577,0.8158908,257,24577,24577,24577,24577,24577,0.1507423,0.1174574,0.08125645,0.06038225,0.0449133,19.19638,17.84546,17.21381,16.8413,16.60683,0.820999979972839,0.128000006079674,1
450,53052,0.1069964,1.623049E-5,0,-0.312976506578644,0.648043475617801,0.694323670948232,1,1,1,0,0,0,0,1237663547434533115,1,0,21.03782,19.36699,18.50823,18.10619,17.79275,0.07479277,0.01655184,0.01648088,0.0217998,0.03210961,20.96543,19.39577,18.50133,18.03025,17.68907,0.06528507,0.01165535,0.008397757,0.01421308,0.02644258,19.4961,18.13316,17.2,16.75456,16.51838,0.134304,0.02028954,0.01987372,0.04148087,0.06216225,19.67168,18.04883,17.13058,16.65776,16.32256,0.06297743,0.00817085,0.006336794,0.006098634,0.01463151,19.72758,18.04636,17.13063,16.69447,16.43971,0.06282113,0.008170809,0.006336794,0.006097111,0.01461064,12.69956,0.09714167,0.814261,257,24577,24577,24577,24577,24577,0.1529872,0.1192066,0.08246657,0.0612815,0.04558218,19.51869,17.92962,17.04811,16.59648,16.27698,0.238000005483627,0.71399998664856,2
451,53055,0.04601798,1.483623E-5,0,-0.968302352160621,0.134275550415322,0.210619636693427,1,1,1,0,0,0,0,1237661949712203874,1,0,21.33998,19.74726,19.15411,18.91966,18.75241,0.1287832,0.02659725,0.01926571,0.02181763,0.04919052,21.45185,19.91832,19.25445,18.90585,18.66472,0.1260076,0.01587368,0.01292402,0.0125395,0.03805962,18.21922,17.21656,16.69855,16.38134,16.36358,0.08612025,0.01437594,0.0120582,0.01461502,0.0585194,18.44885,17.15837,16.6117,16.29965,16.09226,0.04333296,0.006900248,0.006215887,0.006494985,0.01920186,18.22591,17.09933,16.6117,16.31545,16.15955,0.04279841,0.006893894,0.006215888,0.006495159,0.01914078,204.7752,2.141789,0.7843875,257,24577,24577,24577,24577,24577,0.1462083,0.1139245,0.07881247,0.05856611,0.04356243,18.30264,17.04444,16.53288,16.24108,16.04869,0.83899998664856,0.160999998450279,1
452,53055,0.0793501,4.8871E-6,0,-0.970800357860495,0.137728193932363,0.196411837153629,1,1,1,0,0,0,0,1237661948638330983,1,0,19.79226,19.17505,18.92323,18.5681,18.64709,0.03986895,0.02772347,0.02691773,0.02590105,0.03776009,20.12741,19.36124,19.18394,18.78308,18.71888,0.03876041,0.01106343,0.01215681,0.01196692,0.03743831,19.1854,18.32752,18.02063,17.76105,17.59024,0.08407471,0.01831943,0.02072289,0.02342125,0.07574852,18.91453,18.12671,17.88231,17.52963,17.46937,0.03408697,0.009086806,0.009780994,0.009905135,0.02845026,19.19079,18.32014,17.94813,17.75505,17.60811,0.03395353,0.009119088,0.009847701,0.009928102,0.02871175,19.64542,0.2828472,0.7791876,257,24577,24577,24577,24577,24577,0.1851661,0.1442802,0.09981236,0.07417127,0.0551698,18.72936,17.98243,17.7825,17.45546,17.4142,0.146999999880791,0.234999999403954,0
453,53859,0.07580181,6.50863E-6,0,-0.520577706811501,-0.84148706267187,0.144562701021899,1,1,1,0,0,0,0,1237661950814388676,1,0,21.23153,19.91043,19.56206,19.34056,19.12127,0.1566778,0.0539119,0.06037566,0.05206307,0.08821017,20.89175,19.7198,19.46374,19.24274,19.10567,0.09191015,0.04529711,0.05942674,0.04877093,0.07705293,19.80141,17.93509,17.76775,17.60515,17.93348,0.274214,0.06339821,0.0947179,0.0816504,0.2274881,19.47411,17.96387,17.76369,17.53908,17.55061,0.07235086,0.009039909,0.009770923,0.01156884,0.03419946,19.41031,17.87391,17.76364,17.53743,17.75844,0.0766888,0.008987713,0.009770918,0.01155129,0.03365828,65.91888,1.053049,0.8230317,257,24769,24577,24705,24769,24577,0.1586868,0.1236477,0.08553892,0.06356458,0.04728037,19.31543,17.84022,17.67815,17.47552,17.50333,0.449999988079071,0.177000001072884,0
454,53859,0.05729551,9.724496E-6,0,-0.51511154634674,-0.843790155913185,0.150593052974811,1,1,1,0,0,0,0,1237662533823955191,1,0,20.74291,19.48699,19.17003,18.81942,18.51665,0.06965464,0.01703614,0.01815066,0.01859183,0.03423381,20.63987,19.37911,18.75733,18.41804,18.14537,0.06538153,0.01097461,0.008932661,0.007779303,0.02426712,18.88059,17.66321,17.08403,16.76417,16.54647,0.079597,0.01144062,0.01006161,0.01046941,0.03462033,18.89032,17.64266,17.06681,16.72664,16.50029,0.04206533,0.006785968,0.005877221,0.005825484,0.01641285,18.83197,17.61081,17.06359,16.72075,16.46583,0.04187985,0.0067827,0.005884505,0.005857945,0.01686546,48.10332,0.3536482,0.8935341,257,1,24577,24577,24577,24577,0.2336121,0.1820289,0.1259268,0.09357709,0.06960416,18.65671,17.46063,16.94088,16.63306,16.43069,0.185000002384186,0.703999996185303,2
455,53228,0.1614218,2.959362E-5,0,-0.481489648306001,-0.861781386439128,0.159688949402327,1,1,1,0,0,0,0,1237668348684141109,1,0,21.6666,20.15082,19.26357,18.77335,18.294,0.1417476,0.02153316,0.01672905,0.01770177,0.02567753,21.95182,20.21618,19.15779,18.69485,18.31515,0.1656607,0.01717342,0.01127391,0.01037487,0.0230108,19.92274,18.83066,17.89965,17.46591,17.17441,0.1335068,0.02233871,0.01468455,0.0141514,0.03787213,20.52202,18.86827,17.87113,17.42045,17.05472,0.1066749,0.0124282,0.00806738,0.0076548,0.01682739,18.62228,18.78361,17.84671,17.39608,17.02726,0.09281932,0.01238176,0.008113183,0.007737893,0.01703802,31.82996,0.32393,0.8769612,257,24577,24577,24577,24577,24577,0.1855717,0.1445962,0.100031,0.07433373,0.05529064,20.33645,18.72367,17.7711,17.34612,16.99943,0.416999995708466,0.561999976634979,2
456,53498,0.1302136,2.188197E-5,0,-0.455252869041735,-0.880359836505132,0.13308412188509,1,1,1,0,0,0,0,1237662636376654384,1,0,20.74681,19.55847,18.81017,18.33609,17.97453,0.05855185,0.02539411,0.01858107,0.02402039,0.02736845,20.83159,19.48716,18.61028,18.1281,17.79012,0.07001202,0.009374968,0.009148332,0.01344937,0.02427086,19.88719,18.38107,17.44252,16.9885,16.69506,0.1584896,0.02032329,0.01708739,0.02776707,0.05206024,19.71404,18.33824,17.43003,16.95595,16.62983,0.05650808,0.009177359,0.006523353,0.006239234,0.01328567,20.18203,18.42503,17.43001,16.98663,16.74324,0.05504007,0.00916215,0.006523353,0.006237407,0.01324981,6.652362,0.04255094,0.9619859,257,24577,24705,24577,24577,24577,0.1919758,0.1495863,0.1034831,0.07689903,0.05719875,19.52207,18.18866,17.32655,16.87905,16.57263,0.129999995231628,0.34799998998642,0
457,51910,0.09435425,5.516451E-6,0,-0.877219049094684,0.480054079654841,0.00590089079386049,1,1,1,0,0,0,0,1237648721755046037,1,0,20.05014,19.29126,18.97564,18.76386,18.69247,0.03513623,0.01548366,0.01350647,0.01563204,0.03960473,19.98532,19.07109,18.72946,18.43303,18.34806,0.03327019,0.0084684,0.008519453,0.009365125,0.03251385,18.92702,17.98789,17.62675,17.33537,17.29506,0.04752669,0.01093791,0.01141351,0.01354873,0.05603771,18.93153,17.98025,17.6205,17.33697,17.24126,0.02520208,0.006549844,0.006612003,0.007253952,0.0240474,18.83991,17.93364,17.5615,17.24869,17.1268,0.02543351,0.006610298,0.006682988,0.00736966,0.02447539,21.8825,0.1791486,0.8817859,257,24577,24577,24577,24577,24577,0.1704035,0.1327772,0.09185466,0.06825785,0.0507713,18.76113,17.84747,17.52865,17.26871,17.19049,0.223000004887581,0.652999997138977,2
458,53119,0.1284246,9.435206E-6,0,-0.945018474112599,0.237526717023627,0.224769086588598,1,1,1,0,0,0,0,1237661068181307562,1,0,20.83628,19.70586,19.07266,18.52279,18.31464,0.06198701,0.03538147,0.07991993,0.02347628,0.03181664,20.88573,19.58558,18.887,18.52406,18.24288,0.06055811,0.009935813,0.009350792,0.01048001,0.02856142,19.16204,18.08115,17.46683,17.14452,16.89363,0.06649552,0.01354959,0.01226623,0.01546945,0.04798581,19.02365,17.82908,17.20197,16.78002,16.5502,0.03818651,0.008024315,0.006701284,0.007574162,0.02027967,19.11268,17.96046,17.35153,16.96946,16.68351,0.03671904,0.008091816,0.006801253,0.007679506,0.02054218,27.70114,0.2328795,0.8918307,257,24577,24577,24577,24577,24577,0.05255956,0.04095405,0.02833183,0.02105358,0.01566,18.97109,17.78813,17.17363,16.75896,16.53454,0.28600001335144,0.592000007629395,2
459,53119,0.1312783,2.349801E-5,0,-0.948459451736467,0.230704299426239,0.217256057770568,1,1,1,0,0,0,0,1237661950783455370,1,0,21.10926,19.53882,18.81853,18.28053,17.93093,0.1051823,0.01900424,0.02061523,0.01564222,0.02654168,21.49606,19.861,18.91005,18.50352,18.17849,0.1194272,0.01535851,0.008530089,0.01064024,0.02466386,19.81244,18.47495,17.66447,17.34519,17.05184,0.1502109,0.0214933,0.01620526,0.01865465,0.04898988,20.09296,18.40521,17.53212,17.11286,16.80714,0.09570053,0.01130436,0.007775862,0.008364372,0.01935025,18.25466,18.2275,17.53213,17.23607,16.97066,0.08767878,0.01126463,0.007775861,0.00835107,0.01930443,13.42387,0.1354728,0.8217905,257,24577,24577,24577,24577,24577,0.0711042,0.05540391,0.03832817,0.02848194,0.02118533,20.02185,18.34981,17.4938,17.08438,16.78596,0.185000002384186,0.796000003814697,2
460,53055,0.1137705,7.306916E-6,0,-0.969104260647598,0.136524381719907,0.205421579174801,1,1,1,0,0,0,0,1237661812269318270,1,0,20.42851,19.44173,18.94604,18.67353,18.48977,0.05660305,0.02312188,0.02000115,0.01742779,0.03562674,20.60991,19.52267,18.97662,18.66109,18.43662,0.06134725,0.01171306,0.01066789,0.0117157,0.03580907,18.89013,17.77904,17.28383,17.00086,16.66978,0.08913213,0.01402291,0.01324397,0.01786441,0.05523016,18.87152,17.81071,17.28664,16.98517,16.77153,0.03897404,0.007486805,0.007158057,0.0080354,0.02465831,18.85747,17.67262,17.11744,16.83184,16.40813,0.03909628,0.007638922,0.007331266,0.008212761,0.02452639,49.3251,0.5098623,0.8099989,257,1,24577,24577,24577,24577,0.1546385,0.1204933,0.08335668,0.06194295,0.04607417,18.71688,17.69021,17.20329,16.92323,16.72546,0.620999991893768,0.207000002264977,1
461,53055,0.5103205,1.23596E-4,0,-0.969863614357734,0.138023743203549,0.200783504942598,1,1,1,0,0,0,0,1237661949175202352,1,0,23.66489,22.26985,20.38609,19.49222,19.04268,0.8609825,0.1304751,0.04230063,0.03400857,0.05165812,23.83176,22.46015,20.67303,19.71784,19.24503,0.8376012,0.1346751,0.0415097,0.02756145,0.05918857,21.76154,22.02918,19.7262,18.83898,18.61018,0.7713032,0.4737041,0.08913934,0.0753848,0.1572753,22.92352,21.63895,19.70051,18.76362,18.28193,0.8604363,0.1213425,0.03422314,0.02106565,0.04492321,20.99442,21.9441,19.70058,18.86119,18.56228,0.4966843,0.1570978,0.04473097,0.02168057,0.04663501,13.58838,0.7821407,0.7821348,257,24577,24577,24577,24577,24577,0.1861023,0.1450096,0.100317,0.07454627,0.05544873,22.73742,21.49394,19.60019,18.68908,18.22648,0.115000002086163,0.5,2
462,53083,0.07939634,2.232261E-5,0,-0.968453689263131,0.112905482723349,0.22214815714662,1,1,1,0,0,0,0,1237661813343649871,1,0,20.92314,19.19118,18.39797,18.00995,17.70918,0.08092944,0.02780224,0.02425023,0.02284994,0.02302574,21.13783,19.41098,18.50552,18.1059,17.79932,0.09015601,0.01523086,0.01776895,0.01770342,0.01656785,20.25715,18.55021,17.64627,17.2403,16.97109,0.1484534,0.02458795,0.03184087,0.03161517,0.03634189,20.16509,18.43705,17.54198,17.12745,16.83731,0.07305038,0.009184326,0.006492385,0.006910695,0.01511893,20.29112,18.44563,17.55996,17.15808,16.8728,0.07243042,0.009196093,0.006504481,0.006916363,0.01542061,10.68275,0.07361513,0.8343009,257,1,24577,24577,24577,24577,0.1729752,0.1347811,0.09324094,0.06928801,0.05153755,19.99212,18.30227,17.44874,17.05816,16.78578,0.209000006318092,0.535000026226044,2
463,53055,0.08521511,1.176211E-5,0,-0.970259884342185,0.137904951029029,0.198942155708563,1,1,1,0,0,0,0,1237661811732381721,1,0,20.85374,19.08625,18.18941,17.76899,17.48429,0.0871156,0.02660209,0.01095215,0.02027425,0.02274105,21.00675,19.28821,18.40884,17.93428,17.60328,0.0840828,0.009287474,0.00734733,0.007120868,0.01683187,20.16977,18.51699,17.65171,17.18835,16.89502,0.1350816,0.01382294,0.01024814,0.01060098,0.02883568,20.2852,18.48973,17.59678,17.11688,16.78785,0.0782726,0.008839868,0.006551364,0.006317683,0.01344684,20.06244,18.48947,17.60342,17.14218,16.87008,0.1075916,0.008847516,0.006555214,0.006318949,0.01363391,11.04238,0.07805892,0.7932567,257,1,24577,24577,24577,24577,0.1863268,0.1451846,0.100438,0.07463621,0.05551562,20.09888,18.34455,17.49634,17.04224,16.73233,0.0769999995827675,0.846000015735626,2
464,53083,0.1376525,3.028704E-5,0,-0.969603818573302,0.111133464894129,0.217985751802032,1,1,1,0,0,0,0,1237661950249664655,1,0,21.80446,19.64472,18.55733,18.03382,17.7562,0.2082259,0.03405581,0.03581298,0.02952917,0.03332684,21.81372,19.80096,18.66732,18.21056,17.77743,0.1878627,0.03202081,0.02582076,0.02848392,0.03496784,24.47799,18.38332,17.22773,16.73632,16.60651,11.08967,0.07772194,0.07293698,0.06728247,0.1059067,20.59148,18.19604,17.07664,16.60131,16.24706,0.1987476,0.01120299,0.006882416,0.006234391,0.01568505,21.03854,18.15096,17.07664,16.60991,16.52097,0.1955958,0.0112051,0.006882416,0.00623428,0.01557925,17.76525,0.1633788,0.807627,257,24577,24577,24577,24577,24577,0.1881021,0.1465679,0.101395,0.07534733,0.05604457,20.40338,18.04947,16.97525,16.52597,16.19102,0.0,0.181999996304512,0
465,53083,0.09432184,9.757289E-6,0,-0.968368189044266,0.109051528837924,0.224434432530393,1,1,1,0,0,0,0,1237661950786535518,1,0,20.74212,19.44671,18.97436,18.58037,18.53313,0.06885475,0.02752962,0.02681068,0.02238803,0.03393469,20.86023,19.64015,19.0516,18.7346,18.43826,0.06699377,0.01274318,0.01123968,0.01223905,0.02817727,18.72237,17.64641,17.18777,16.89487,16.77179,0.07497669,0.01348548,0.01222415,0.01548354,0.04531467,18.77985,17.61201,17.12832,16.79707,16.59527,0.04657523,0.007339295,0.006655621,0.007303666,0.01796895,18.65129,17.53113,17.12833,16.80742,16.6488,0.04608466,0.007321881,0.006655621,0.00730323,0.01970871,74.75807,0.7462855,0.7944781,257,24577,24577,24577,24577,24577,0.175434,0.136697,0.09456634,0.07027292,0.05227014,18.60441,17.47532,17.03375,16.7268,16.543,0.514999985694885,0.393999993801117,1
466,53035,0.06664614,4.474362E-6,0,-0.319635641662782,0.671384422073289,0.668637431180858,1,1,1,0,0,0,0,1237673310965989699,1,0,20.0279,19.1892,19.28845,18.73867,18.66828,0.04194399,0.0234676,0.01707632,0.02254821,0.03958129,20.30061,19.54399,19.26961,18.85293,18.83945,0.03767657,0.0112432,0.01288579,0.01394106,0.04328392,19.71676,18.71268,18.35124,17.90924,17.75815,0.0854205,0.01744479,0.02092274,0.02365336,0.06474311,19.37276,18.53524,18.24972,17.80272,17.77184,0.03924228,0.009770692,0.01023312,0.01108127,0.03306703,19.77454,18.68124,18.24973,17.80923,17.70471,0.0384669,0.009764219,0.01029443,0.01108287,0.03364749,8.277236,0.1087123,0.8634005,257,16385,24577,24577,24577,24577,0.2176547,0.1695951,0.1173251,0.08718511,0.0648497,19.15511,18.36565,18.1324,17.71554,17.70699,0.127000004053116,0.601999998092651,2
467,53035,0.1659622,2.112913E-5,0,-0.304554815746879,0.682177501160329,0.664740717209375,1,1,1,0,0,0,0,1237673310965530679,1,0,18.64015,18.59853,18.23169,17.9701,17.88626,0.0209442,0.01953973,0.01892542,0.0168457,0.02534349,18.94704,18.83511,18.42264,17.99123,17.85189,0.01864695,0.007288329,0.005899344,0.007380836,0.01904338,18.36187,17.84778,17.25305,16.82761,16.64088,0.04125493,0.01406218,0.01518216,0.01603469,0.038077,18.25792,17.94625,17.39349,16.98582,16.82631,0.01851643,0.006717712,0.00612814,0.006453821,0.01439849,18.60579,18.12389,17.39349,17.04565,16.8416,0.016597,0.006645584,0.006128141,0.006448073,0.01439821,7.028485,0.04362137,0.8193827,257,16385,24577,24577,24577,24577,0.2166886,0.1688423,0.1168043,0.08679812,0.06456185,18.04123,17.77741,17.27669,16.89902,16.76175,0.179000005125999,0.76800000667572,2
468,53052,0.3387502,9.816245E-5,0,-0.314821002449558,0.660207350144197,0.681919343641338,1,1,1,0,0,0,0,1237663546897204021,1,0,23.5728,21.86328,20.14789,19.4158,19.07768,0.8033033,0.07924993,0.03909581,0.03572256,0.06338645,23.72021,21.96731,20.17735,19.51555,19.09939,0.8283707,0.08930749,0.04528877,0.04216779,0.07312584,21.57281,21.06805,19.18823,18.50722,18.52558,0.9056963,0.2848028,0.08720179,0.123313,0.318597,23.37322,21.12783,19.29968,18.60234,18.2343,1.113268,0.06906123,0.02459531,0.02022652,0.04859661,20.55179,21.16733,19.29971,18.70602,18.36914,0.8260143,0.07517802,0.02459531,0.02020145,0.0654571,7.231372,0.2867905,0.8032814,257,16385,24577,24577,24577,24577,0.2324652,0.1811353,0.1253086,0.09311769,0.06926246,23.14076,20.94669,19.17437,18.50922,18.16504,0.0320000015199184,0.476000010967255,0
469,51633,0.03273103,1.163069E-5,0,-0.859592329062165,0.51059354473846,-0.0198811440540344,1,1,1,0,0,0,0,1237651799623205043,1,0,21.09468,20.30793,19.88977,19.61093,19.1846,0.1091456,0.02918353,0.02306046,0.02817254,0.06428401,21.10982,19.95098,19.42532,19.15438,18.87852,0.08096268,0.01818607,0.01632745,0.01808066,0.05017552,18.2293,17.12899,16.72011,16.53457,16.38346,0.07762124,0.01503377,0.01407889,0.02148119,0.06688336,18.38414,17.15406,16.71573,16.47708,16.2589,0.0403052,0.008609928,0.008383196,0.009870426,0.02980277,18.24824,17.10365,16.71575,16.51249,16.33941,0.04007987,0.008599405,0.008383197,0.009865572,0.02967795,146.0584,1.651459,0.8282724,257,1,1,1,1,1,0.2650693,0.2065402,0.1428836,0.1061778,0.07897677,18.11907,16.94752,16.57285,16.3709,16.17993,0.28600001335144,0.513999998569489,2
470,51910,0.1115304,1.113161E-5,0,-0.879950187552689,0.474984150601065,-0.00881612748166277,1,1,1,0,0,0,0,1237648720681435341,1,0,20.68905,19.81793,19.289,18.94534,18.7042,0.05271367,0.01838293,0.02011028,0.02366488,0.03356438,20.60995,19.57439,18.98886,18.61773,18.3905,0.05304005,0.01226345,0.01040719,0.010494,0.02985004,19.22422,18.28671,17.75662,17.3945,17.31356,0.06557801,0.01488567,0.01300837,0.01481279,0.05310865,19.29886,18.27804,17.72214,17.34641,17.17116,0.03643953,0.008724122,0.007633161,0.007831841,0.02266854,19.18874,18.22883,17.72214,17.36445,17.2084,0.03708116,0.008711373,0.007633162,0.007828256,0.02400739,27.493,0.2746027,0.8587296,257,24577,24577,24577,24577,24577,0.1607249,0.1252358,0.08663753,0.06438097,0.04788761,19.13814,18.15281,17.6355,17.28203,17.12327,0.333000004291534,0.555999994277954,2
471,54266,0.1762464,3.872086E-5,0,-0.566633187179785,-0.81006509487375,0.150736104678543,1,1,1,0,0,0,0,1237662199897391342,1,0,22.48001,20.17248,19.07897,18.61956,18.20692,0.1923105,0.02198073,0.01615139,0.01740076,0.02465613,22.3724,20.1127,18.90623,18.42461,18.06655,0.230331,0.02099834,0.01356224,0.01399174,0.01937177,21.33927,19.13913,17.82446,17.31586,17.09625,0.4736929,0.04066476,0.02462983,0.02612345,0.0513239,21.3417,18.95196,17.71813,17.22859,16.89347,0.1926181,0.0141099,0.00786684,0.007897501,0.01702132,20.59238,19.06251,17.71811,17.22133,16.99942,0.1997451,0.01413898,0.007866841,0.007897551,0.01708568,8.963876,0.08252209,0.9048674,257,24577,24577,24577,24577,24577,0.1724737,0.1343904,0.09297062,0.06908713,0.05138814,21.16922,18.81757,17.62516,17.15951,16.84208,0.0399999991059303,0.800000011920929,2
472,54266,0.1088077,8.230259E-6,0,-0.567838461509832,-0.806044820990517,0.166886872415157,1,1,1,0,0,0,0,1237662636910051583,1,0,20.62463,19.73641,19.53822,19.33433,19.16342,0.06006071,0.0240871,0.02468409,0.02081663,0.04280955,20.25089,19.33218,18.90313,18.60831,18.50823,0.04092307,0.01243293,0.01113185,0.01229307,0.03451329,18.68211,17.84879,17.40712,17.11316,16.93535,0.06214324,0.01775795,0.01672777,0.01883006,0.05242224,18.84116,17.85617,17.45493,17.15065,17.04167,0.03263028,0.006976743,0.006948696,0.007527304,0.02908543,18.22746,17.79052,17.31171,17.00113,16.78995,0.0322862,0.007080714,0.007136303,0.00774759,0.02991345,29.1748,0.2451125,0.9752517,257,24577,24577,24577,24577,24577,0.1504248,0.11721,0.08108532,0.06025508,0.04481871,18.69073,17.73896,17.37385,17.09039,16.99685,0.540000021457672,0.222000002861023,1
473,53137,0.2002324,3.968842E-5,0,-0.529044270282516,-0.83076109149499,0.173055392690587,1,1,1,0,0,0,0,1237662637984907525,1,0,22.42862,20.13244,18.91051,18.42164,17.96752,0.1665237,0.02417855,0.01764412,0.02060569,0.02454215,22.17596,20.05259,18.72049,18.19858,17.84442,0.1279658,0.01641635,0.008261804,0.007955453,0.01749146,21.37195,19.00631,17.66808,17.16102,16.83457,0.4563435,0.02573354,0.01389856,0.01378744,0.029886,21.18109,18.96746,17.62066,17.10159,16.74611,0.1490147,0.01282785,0.006828967,0.006674791,0.01346227,21.13563,18.91809,17.62059,17.14532,16.83241,0.1534794,0.01282516,0.006828967,0.006672138,0.01344618,6.324124,0.04234772,0.9593235,257,24577,24577,24577,24577,24577,0.2345664,0.1827726,0.1264412,0.09395937,0.06988851,20.94652,18.78469,17.49422,17.00763,16.67622,0.0179999992251396,0.85699999332428,2
474,53859,0.3833011,9.972273E-5,0,-0.5195172517534,-0.841439779144409,0.148596511412626,1,1,1,0,0,0,0,1237662636374753808,1,0,23.2829,21.99622,20.25878,19.55793,19.03782,0.5213259,0.06274028,0.02845586,0.02332008,0.04046948,23.82065,21.81097,19.99969,19.3719,18.91162,0.7772838,0.06872572,0.02639135,0.01825849,0.04593364,24.58829,20.89543,18.54186,18.05833,17.27653,9.07305,0.3425941,0.06132388,0.06228826,0.1151369,23.46782,20.39623,18.54678,17.9245,17.42022,1.799705,0.04966974,0.01587466,0.01381245,0.02969268,23.47089,20.44233,18.54678,18.09045,17.42601,0.6141065,0.04963704,0.01587466,0.01377701,0.0296844,8.357115,0.1969908,0.9574338,257,24577,24577,24577,24577,24577,0.2232648,0.1739665,0.1203492,0.08943234,0.06652123,23.24456,20.22226,18.42643,17.83507,17.3537,0.200000002980232,0.300000011920929,0
475,53119,0.2245948,4.216182E-5,0,-0.947337708977293,0.237567769423645,0.214738957994884,1,1,1,0,0,0,0,1237661813340438657,1,0,21.6725,19.76785,18.36979,17.94424,17.534,0.1654032,0.04148231,0.02398516,0.02075998,0.0223728,22.10576,20.08005,18.64793,18.10542,17.71287,0.2042664,0.0175606,0.008354576,0.008203038,0.01832938,20.28245,18.85772,17.48317,16.96443,16.65512,0.3011684,0.03448948,0.02042552,0.0230022,0.04360915,20.90338,18.83776,17.43727,16.91932,16.53617,0.1714627,0.01420735,0.007022077,0.006874229,0.01484269,18.56634,18.7516,17.43727,16.98345,16.68453,0.1565664,0.01418828,0.007022077,0.006869396,0.01542248,15.27981,0.1358134,0.7815945,257,1,24577,24577,24577,24577,0.0632519,0.04928545,0.03409544,0.02533657,0.01884575,20.84012,18.78848,17.40317,16.89399,16.51732,0.0810000002384186,0.837999999523163,2
476,53119,0.1785118,3.289863E-5,0,-0.952542759034692,0.221178247507276,0.209147017765463,1,1,1,0,0,0,0,1237661812804026459,1,0,21.47339,19.66925,18.53952,18.13735,17.75364,0.1458496,0.03422086,0.02092076,0.02742837,0.02898059,21.8644,19.94475,18.76689,18.35826,18.01724,0.1852227,0.01426889,0.008271585,0.008201724,0.02754039,20.32515,18.82173,17.6993,17.24741,17.02321,0.2405923,0.02484887,0.0158361,0.01595428,0.05875522,20.63023,18.81517,17.65632,17.23491,16.88063,0.1345622,0.01257977,0.007712598,0.007746871,0.02180714,20.20003,18.70025,17.65632,17.21027,16.96661,0.1292732,0.01255777,0.007712598,0.007747025,0.02211228,13.19879,0.1260014,0.796755,257,1,8193,24577,24577,24577,0.06966187,0.05428006,0.03755069,0.02790419,0.02075559,20.56057,18.76089,17.61877,17.20701,16.85987,0.101999998092651,0.814000010490417,2
477,53062,0.3449152,5.959768E-5,0,-0.9658586062533,0.154928704212537,0.207639710405928,1,1,1,0,0,0,0,1237661949711679615,1,0,22.96659,21.26243,19.46581,18.81235,18.438,0.5114728,0.05321663,0.02350123,0.01757538,0.03685299,23.22995,21.52634,19.68371,19.02231,18.72478,0.5492913,0.05511441,0.01816511,0.01210065,0.03444539,21.04049,20.26943,18.55246,17.92103,17.54759,0.5436134,0.1174506,0.04021747,0.03784563,0.08992732,22.23715,20.43219,18.60228,17.95618,17.5909,0.5154074,0.04570445,0.01433308,0.01159948,0.03116805,20.86571,20.20152,18.60234,18.01707,17.51626,0.349802,0.04536161,0.01433308,0.01158415,0.03111607,10.6263,0.2258934,0.8017004,257,24577,24577,24577,24577,24577,0.1561844,0.1216979,0.08419001,0.0625622,0.04653478,22.08096,20.31049,18.51809,17.89362,17.54436,0.0610000006854534,0.879000008106232,2
478,53055,0.146927,3.203287E-5,0,-0.968864593683112,0.139609652006664,0.204476267996649,1,1,1,0,0,0,0,1237661812269187219,1,0,21.25622,19.64089,18.50042,18.13383,17.81754,0.1095127,0.02589632,0.01942558,0.02733974,0.02956114,21.51163,19.79978,18.67356,18.19163,17.86474,0.1276445,0.01414175,0.008617057,0.00829805,0.02226725,20.22904,18.70687,17.59579,17.15743,16.86219,0.1960745,0.02260051,0.01356143,0.01441372,0.04187088,20.23574,18.57039,17.436,16.97371,16.61858,0.09615762,0.01105876,0.006968215,0.006733654,0.01673634,19.74032,18.58584,17.48782,17.03894,16.6805,0.09444805,0.01110669,0.006999306,0.006754406,0.01677548,19.95379,0.1746039,0.7957708,257,1,24577,24577,24577,24577,0.1721842,0.1341648,0.09281457,0.06897117,0.05130188,20.06355,18.43623,17.34319,16.90474,16.56728,0.152999997138977,0.745999991893768,2
479,53083,0.1743453,4.045922E-5,0,-0.967984632252738,0.104880724389508,0.22804776993881,1,1,1,0,0,0,0,1237661813880717513,1,0,22.00755,20.31967,19.13867,18.60724,18.22081,0.2214169,0.02602986,0.01921437,0.03098869,0.03122476,22.58751,20.45352,19.264,18.69376,18.33315,0.3421813,0.0223102,0.01106127,0.01235092,0.03065018,21.19154,19.01702,17.88289,17.32583,16.9229,0.7801766,0.04120063,0.02374246,0.03611492,0.06456935,21.1617,18.94854,17.79751,17.24111,16.87626,0.2734882,0.01619086,0.009742623,0.009436226,0.02311918,22.06259,18.80379,17.7975,17.30368,16.95324,0.2536077,0.01621107,0.009742624,0.009432069,0.02306799,18.88459,0.273876,0.8123779,257,1,24577,24577,24577,24577,0.1572538,0.1225311,0.08476643,0.06299055,0.04685339,21.00445,18.82601,17.71275,17.17812,16.82941,0.412000000476837,0.569000005722046,2
480,53083,0.07747529,2.16521E-5,0,-0.968348962316308,0.0996255485265399,0.228855931235604,1,1,1,0,0,0,0,1237661813880848471,1,0,20.76082,18.92372,18.20497,17.78209,17.42575,0.0837109,0.02115854,0.01687194,0.01143328,0.01904557,20.9871,19.12484,18.19982,17.76554,17.4305,0.08677155,0.008819841,0.005524608,0.006333456,0.0148629,18.35015,16.40242,15.67031,15.29257,15.0105,0.1218348,0.007939895,0.006713127,0.007958006,0.02301858,17.83022,16.08897,15.28385,14.88129,14.5643,0.04111569,0.004479028,0.003605138,0.00385698,0.00892913,18.02613,16.19194,15.45478,15.06718,14.72563,0.03842159,0.004577039,0.003694897,0.003948207,0.009095171,104.8602,0.4675935,0.8237328,257,1,24577,24577,24577,24577,0.1388334,0.108178,0.07483704,0.05561195,0.04136507,17.69139,15.98079,15.20901,14.82568,14.52294,0.888999998569489,0.111000001430511,1
481,51633,0.08479784,1.296784E-5,0,-0.861325851522619,0.507617909246508,-0.0210198884640008,1,1,1,0,0,0,0,1237654668661620917,1,0,20.8991,19.45256,18.8925,18.51693,18.02031,0.07577024,0.01982409,0.01512228,0.015671,0.02646443,20.87753,19.47303,18.706,18.29506,17.9874,0.07120457,0.01240238,0.009091486,0.009342463,0.02450612,19.73515,18.3565,17.6238,17.23194,16.94142,0.1174694,0.01614287,0.01280155,0.01383428,0.04076392,19.82588,18.3585,17.61706,17.21312,16.93347,0.05977853,0.009325093,0.007065271,0.007313814,0.01885301,19.66549,18.31982,17.58783,17.1922,16.86302,0.0599094,0.009317611,0.00710988,0.007372572,0.01910078,22.44057,0.2047925,0.8316976,257,1,1,8193,24577,24577,0.1764162,0.1374623,0.09509576,0.07066634,0.05256278,19.64946,18.22104,17.52196,17.14245,16.88091,0.152999997138977,0.643999993801117,2
482,53119,0.1732101,1.192327E-5,0,-0.947240295738014,0.234013727015906,0.219028303418268,1,1,1,0,0,0,0,1237661950783389733,1,0,20.66013,19.55407,19.15209,18.61885,18.21294,0.08552518,0.0277554,0.02673317,0.02067662,0.03759661,21.09061,19.86784,19.01879,18.67803,18.39045,0.1035871,0.02952873,0.01616504,0.01442479,0.03575948,19.66067,18.51029,18.13975,17.61365,17.57873,0.1128613,0.03958961,0.03611252,0.02304994,0.07784274,19.92086,18.75971,18.17805,17.60133,17.42364,0.06067954,0.01125882,0.009435462,0.008806881,0.02355856,19.32703,18.06075,18.13331,17.57281,17.47375,0.06601778,0.01098464,0.009502733,0.008797973,0.02346972,17.6238,0.2221078,0.82454,257,24577,24577,24577,24577,24577,0.06804957,0.05302377,0.0366816,0.02725836,0.02027521,19.85281,18.70669,18.14137,17.57407,17.40336,0.241999998688698,0.575999975204468,2
483,53062,0.1646137,2.989946E-5,0,-0.966682032682529,0.151611556803512,0.206251747949901,1,1,1,0,0,0,0,1237661812268924984,1,0,21.68125,19.99183,18.78323,18.35217,18.02994,0.1694755,0.02348,0.01854933,0.01637583,0.03054162,22.10153,20.14011,18.99148,18.4703,18.10216,0.2122156,0.01806343,0.0107797,0.00879381,0.02699584,20.33864,18.71563,17.70793,17.25885,16.94907,0.2814747,0.02783599,0.01794083,0.01988709,0.05960099,20.42599,18.59784,17.47863,16.99328,16.63105,0.1410439,0.01284421,0.008175921,0.007848778,0.01990185,19.67443,18.58959,17.54947,17.13235,16.77567,0.1386633,0.01290428,0.008232517,0.007882343,0.01991117,30.19665,0.3525066,0.7841101,257,1,24577,24577,24577,24577,0.164669,0.128309,0.08876354,0.06596082,0.04906274,20.26133,18.46953,17.38987,16.92732,16.58199,0.528999984264374,0.470999985933304,1
484,53062,0.4926388,1.344835E-4,0,-0.965940668770244,0.173647523865185,0.191846714517562,1,1,1,0,0,0,0,1237661948637413792,1,0,23.28638,22.01316,20.28035,19.39232,18.95712,0.5588762,0.09515014,0.03477931,0.02838226,0.04749451,23.89445,22.30926,20.51632,19.61355,19.14618,2.08609,0.09763892,0.03583559,0.02320875,0.05473037,24.03974,20.78884,19.32989,18.38523,18.05544,7.038574,0.23124,0.09849926,0.07334638,0.2007574,23.15687,21.15906,19.41787,18.48895,18.05615,1.06208,0.09012692,0.02813372,0.01869626,0.04248903,22.8601,21.02331,19.41812,18.36261,18.26385,0.6273633,0.08987036,0.02813371,0.0186636,0.0439585,12.79046,0.6005133,0.7888798,257,24577,24577,24577,24577,24577,0.08748682,0.06816913,0.04715909,0.03504426,0.02606649,23.06938,21.09089,19.37071,18.45391,18.03009,0.0,0.71399998664856,2
485,53062,0.1925493,1.856453E-5,0,-0.964468328682813,0.163176088952382,0.207784520506187,1,1,1,0,0,0,0,1237661949711417465,1,0,20.2861,19.05845,18.25621,17.78671,17.48528,0.05277132,0.02117699,0.02174506,0.02413676,0.02315269,20.57829,19.33921,18.43781,17.97709,17.7088,0.06082159,0.01051834,0.007258675,0.006706447,0.01784346,19.6905,18.45461,17.543,17.09685,16.83252,0.102541,0.01502208,0.01047586,0.009952975,0.03040803,19.62978,18.38131,17.48828,17.01753,16.74917,0.04987782,0.008877664,0.006261453,0.005890416,0.01446554,19.65204,18.35894,17.48837,17.05401,16.79482,0.05562263,0.008876489,0.006261453,0.005887311,0.0149406,9.403959,0.06235176,0.8097212,257,24577,24577,24577,24577,24577,0.1117748,0.08709417,0.06025134,0.04477321,0.03330304,19.518,18.29422,17.42802,16.97276,16.71587,0.19200000166893,0.731000006198883,2
486,53055,0.1722308,1.199463E-5,0,-0.970281011156305,0.133768647374197,0.201645005812633,1,1,1,0,0,0,0,1237661949175333003,1,0,21.17673,19.80544,18.96274,18.50201,18.21411,0.1130731,0.02508943,0.02076254,0.02257443,0.02887158,21.49722,20.07637,19.12878,18.63756,18.26911,0.1280816,0.01818208,0.01094766,0.01090457,0.02530502,19.67402,18.50971,17.69086,17.29037,16.91481,0.1591384,0.0248153,0.01805884,0.01816016,0.04619315,20.03074,18.62609,17.72283,17.24844,16.92295,0.08651568,0.01241205,0.008533381,0.007963627,0.01855826,19.90741,18.45266,17.64341,17.20205,16.78773,0.08589084,0.01258085,0.008653195,0.008052125,0.0185482,38.85286,0.4740017,0.7866007,257,24577,24577,24577,24577,24577,0.1636739,0.1275336,0.08822715,0.06556223,0.04876625,19.86706,18.49856,17.63461,17.18287,16.87419,0.300000011920929,0.600000023841858,2
487,53083,0.2038819,2.366128E-5,0,-0.969164215834042,0.1048004341591,0.223019263174398,1,1,1,0,0,0,0,1237661813343846502,1,0,20.38722,19.46192,18.42959,18.09626,17.71546,0.07057713,0.02441741,0.01524087,0.01779287,0.02672348,20.70585,19.60678,18.48909,18.0094,17.67752,0.06318448,0.01372744,0.01054667,0.01118006,0.0163713,19.71411,17.95974,16.65393,16.22563,15.96947,0.2333213,0.02821095,0.02106247,0.02195974,0.03779507,18.96371,17.60902,16.39245,15.92459,15.59031,0.05803036,0.009009029,0.005180791,0.005374298,0.01191397,19.90383,17.80496,16.45135,16.04229,15.75721,0.0527207,0.008972939,0.005236284,0.005446984,0.01217346,34.34685,0.2284445,0.8098111,257,1,24577,24577,24577,24577,0.146234,0.1139445,0.07882629,0.05857639,0.04357007,18.81748,17.49507,16.31362,15.86602,15.54674,0.028999999165535,0.685999989509583,2
488,53083,0.2030881,5.321471E-5,0,-0.970955672690383,0.105202121001434,0.214889728482227,1,1,1,0,0,0,0,1237661812806975643,1,0,22.01905,20.21367,18.99169,18.5936,18.13202,0.2126962,0.02395838,0.01876086,0.0179987,0.03537469,22.11178,20.26628,19.07216,18.55186,18.20895,0.2262331,0.01932443,0.01139441,0.01063034,0.03101276,20.88399,18.91046,17.7205,17.27139,16.92137,0.4634103,0.03055473,0.01870624,0.01878882,0.05705697,20.81803,18.70885,17.49602,17.00511,16.64542,0.2167907,0.01447134,0.008596133,0.008200623,0.02311198,21.18228,18.84553,17.58311,17.17943,16.85951,0.1981623,0.01472155,0.008702291,0.008293455,0.02310432,21.25107,0.2533697,0.8167821,257,1,8193,24577,24577,24577,0.1614423,0.1257948,0.08702423,0.06466833,0.04810135,20.65659,18.58306,17.40899,16.94044,16.59732,0.0529999993741512,0.867999970912933,2
489,54266,0.164944,2.704517E-5,0,-0.572129686648543,-0.806325315720441,0.150023687742207,1,1,1,0,0,0,0,1237662199897194652,1,0,22.26177,20.60178,19.56684,19.091,18.65361,0.2014464,0.05209659,0.03991568,0.0408061,0.04207819,21.66656,20.12068,19.03147,18.53964,18.28805,0.1556264,0.04277467,0.03611378,0.03591886,0.03911842,22.17538,20.17555,19.15393,18.72033,18.21177,0.4587376,0.08553546,0.07784201,0.08181491,0.06862433,21.92083,20.13462,19.05417,18.58427,18.14306,0.1762041,0.02095937,0.0128244,0.01303192,0.02579344,22.04499,20.05266,19.05417,18.61386,18.08093,0.483092,0.02087112,0.0128244,0.01302313,0.03345944,5.148281,0.08123121,0.9141371,257,24577,24577,24577,24577,24577,0.183703,0.1431402,0.0990237,0.07358522,0.05473389,21.73713,19.99148,18.95514,18.51069,18.08833,0.166999995708466,0.555999994277954,2
490,53137,0.1040323,3.762991E-5,0,-0.540382490476617,-0.827822180709426,0.150655903010071,1,1,1,0,0,0,0,1237662200435048659,1,0,21.45517,19.50725,18.53224,18.07482,17.69169,0.1023614,0.01947924,0.01248557,0.01401232,0.02122285,21.47332,19.5513,18.55068,18.10777,17.75435,0.1013139,0.009286566,0.007680668,0.006089855,0.01381212,20.15974,18.73416,17.73022,17.31159,16.98176,0.1265108,0.01775,0.0130924,0.01244892,0.02777834,20.58368,18.65673,17.6522,17.21995,16.86887,0.09255086,0.009559469,0.006595689,0.00662929,0.01400462,17.85872,18.66261,17.65216,17.26081,16.94933,0.07535273,0.00955955,0.00659569,0.006628415,0.01401447,7.094695,0.04561054,0.8690026,257,24577,24577,24577,24577,24577,0.2010064,0.1566228,0.108351,0.08051638,0.05988939,20.38268,18.50011,17.54385,17.13944,16.80898,0.0370000004768372,0.888999998569489,2
491,53137,0.3405946,9.026188E-5,0,-0.533472209230974,-0.829652934962765,0.164570378519019,1,1,1,0,0,0,0,1237662534360170947,1,0,22.69572,21.71889,19.98649,19.38802,18.84194,0.3669333,0.06197682,0.02301237,0.02147587,0.04373705,23.02096,21.79624,19.97224,19.36461,18.93209,0.4971489,0.06988129,0.02293572,0.01931439,0.05142294,21.92325,20.75933,18.98731,18.37257,18.20222,0.8803309,0.1195834,0.04323556,0.03975835,0.1146097,21.91058,20.70403,18.88037,18.27047,17.85089,0.3968374,0.05315322,0.01687832,0.01390797,0.03822718,20.86929,20.62853,18.88435,18.29293,18.18228,0.384268,0.05786966,0.01691766,0.01509597,0.03772703,9.857863,0.2439498,0.8867818,257,1,24577,24577,24577,24577,0.2144035,0.1670618,0.1155726,0.0858828,0.06388102,21.69617,20.53697,18.7648,18.18459,17.78701,0.0710000023245811,0.64300000667572,2
492,53858,0.3566567,7.813088E-5,0,-0.465132288830712,-0.878271471942447,0.110865573823219,1,1,1,0,0,0,0,1237662264865456721,1,0,23.83107,21.77846,20.30982,19.70217,19.05518,0.6938096,0.05909595,0.03839343,0.03545918,0.04972878,23.63515,21.57423,19.89584,19.28352,18.84753,0.7966003,0.05997289,0.03494764,0.03323602,0.05146218,24.50657,20.99586,19.36564,18.73479,18.23024,4.088626,0.1197142,0.06388333,0.07062895,0.09958642,23.0565,20.85736,19.20866,18.60239,18.08175,0.8558828,0.0507081,0.0190464,0.01797439,0.0408712,23.75606,21.04663,19.27247,18.65554,18.10299,0.6998174,0.05613288,0.01923487,0.01805873,0.04078383,7.167068,0.2008934,0.9150934,257,24577,24577,24577,24577,24577,0.2647085,0.206259,0.142689,0.1060333,0.07886926,22.7918,20.6511,19.06597,18.49636,18.00288,0.0710000023245811,0.64300000667572,2
493,51910,0.09634899,1.654431E-5,0,-0.880132099075864,0.474654745562015,0.00838812802554813,1,1,1,0,0,0,0,1237654670810087640,1,0,21.57369,20.35051,19.5518,19.04872,18.59876,0.137787,0.02761455,0.01985597,0.01935535,0.03839396,21.73227,20.32765,19.41983,18.92651,18.55338,0.1620639,0.02257051,0.01533351,0.01582517,0.03889306,19.77454,18.54708,17.59293,17.17638,17.159,0.284218,0.09845338,0.02731896,0.0392427,0.1982336,19.92075,18.39122,17.55342,17.06884,16.7237,0.1023192,0.01276219,0.009299597,0.009757983,0.02392636,19.55641,18.33223,17.51993,17.06814,16.78043,0.103379,0.01273713,0.009374389,0.009853092,0.0240356,147.4881,2.09982,0.8128917,257,1,8193,8193,8193,8193,0.1521028,0.1185174,0.08198982,0.06092722,0.04531866,19.76865,18.27271,17.47143,17.00791,16.67838,0.870999991893768,0.0970000028610229,1
494,51910,0.06817851,1.446985E-5,0,-0.876237210741674,0.481693377284008,0.0134104732346513,1,1,1,0,0,0,0,1237648722291851468,1,0,20.01946,18.36349,17.54279,17.13035,16.77185,0.03339643,0.01688275,0.0153963,0.01658906,0.01736535,20.10935,18.40977,17.56192,17.13461,16.81271,0.03599759,0.00576752,0.004032691,0.004097615,0.008783087,18.96114,17.29257,16.46147,16.06859,15.72078,0.06301402,0.007716625,0.005435373,0.006189113,0.01533241,19.01097,17.3055,16.46524,16.05206,15.70793,0.02828013,0.004959061,0.003849998,0.00397409,0.007279092,19.08896,17.2888,16.46524,16.07392,15.74233,0.02825821,0.004958336,0.003849998,0.003973534,0.007275037,7.658714,0.02072834,0.8602655,257,24577,24577,24577,24577,24577,0.142537,0.1110639,0.07683346,0.0570955,0.04246856,18.86843,17.19444,16.38841,15.99497,15.66546,0.115000002086163,0.846000015735626,2
495,53119,0.1720231,2.428241E-5,0,-0.95054518352094,0.231403351412647,0.207162600486037,1,1,1,0,0,0,0,1237661812803764327,1,0,21.28111,19.40311,18.21997,17.73164,17.39697,0.1318511,0.01774976,0.01670012,0.01490976,0.02350912,21.65498,19.59488,18.41598,17.95035,17.60882,0.1545843,0.01084078,0.007289038,0.006945936,0.01957624,20.38261,18.61358,17.438,16.96659,16.64476,0.2097168,0.01653871,0.009874476,0.01005584,0.03287437,20.47654,18.48844,17.31432,16.85013,16.4934,0.1201548,0.009761179,0.006167365,0.005997798,0.01579616,19.7674,18.50108,17.34374,16.88866,16.57339,0.1157518,0.009788436,0.006185844,0.006005062,0.01606766,14.66537,0.1005309,0.7945891,257,1,8193,24577,24577,24577,0.0608038,0.04737791,0.03277582,0.02435595,0.01811635,20.41574,18.44106,17.28155,16.82578,16.47528,0.112999998033047,0.823000013828278,2
496,53062,0.04216535,1.69369E-5,0,-0.965365037522334,0.167023571443752,0.200433208106034,1,1,1,0,0,0,0,1237661949174481318,1,0,21.91904,20.82848,20.52513,20.40037,20.20913,0.2381424,0.04251837,0.04312428,0.05794784,0.1263442,22.40886,21.01495,20.57726,20.37722,20.16921,0.2335066,0.03905417,0.03861706,0.04851749,0.1331776,19.03316,18.13256,17.64399,17.71985,17.31164,0.2120806,0.04354674,0.02945987,0.06849282,0.1651732,19.18297,17.99211,17.58926,17.39441,17.18632,0.1034705,0.01632108,0.01734833,0.02085504,0.06037607,18.80764,17.89167,17.58926,17.43517,17.19632,0.09952329,0.01626346,0.01734833,0.02111894,0.06106296,314.3766,9.562053,0.7927628,257,24577,24577,24577,24577,24577,0.1008026,0.07854474,0.05433689,0.04037813,0.03003391,19.08217,17.91357,17.53492,17.35403,17.15629,0.570999979972839,0.10700000077486,1
497,53055,0.3421079,7.465928E-5,0,-0.968414144578731,0.132410183105615,0.211285560296444,1,1,1,0,0,0,0,1237661949712203946,1,0,22.89034,21.44838,19.68022,19.10518,18.73316,0.4573494,0.07397488,0.0243343,0.02336174,0.05031692,23.51504,21.67125,19.90788,19.30029,18.9206,0.7113686,0.062195,0.02276517,0.01651996,0.04814282,20.67635,20.5733,18.64175,18.01806,17.61117,0.4357057,0.1673404,0.04732987,0.03913138,0.1012051,22.24239,20.34306,18.56128,17.94905,17.54509,0.6528801,0.05189382,0.01685422,0.01377445,0.03498212,19.86445,20.42251,18.56127,18.00309,17.60259,0.3111918,0.05216747,0.01685422,0.01376768,0.03750375,16.12624,0.4319777,0.7843875,257,24577,24577,24577,24577,24577,0.1397077,0.1088593,0.07530835,0.05596218,0.04162558,22.10268,20.2342,18.48598,17.89309,17.50347,0.0829999968409538,0.791999995708466,2
498,53055,0.1506843,2.622197E-5,0,-0.967809381631966,0.141550581592032,0.208106784310624,1,1,1,0,0,0,0,1237661949712007330,1,0,22.22382,20.2035,18.97797,18.29785,17.93231,0.3562384,0.02600222,0.02343667,0.02329059,0.03194907,22.16219,20.33533,19.14914,18.5576,18.11058,0.3002483,0.02167652,0.01190383,0.009188744,0.02438734,31.69995,18.79783,17.70978,17.20198,16.76252,2.173884,0.04797138,0.02075529,0.02341998,0.05614072,21.19782,18.6424,17.46352,16.8954,16.43522,0.3266697,0.01460805,0.00855237,0.007573325,0.01733955,21.90504,18.55108,17.51186,17.05071,16.54124,0.3996412,0.01467315,0.008604113,0.007590421,0.01736511,56.8393,0.8513233,0.8003241,257,24577,24577,24577,24577,24577,0.1612852,0.1256723,0.08693952,0.06460538,0.04805453,21.03654,18.51673,17.37658,16.83079,16.38716,0.851999998092651,0.111000001430511,1
499,51633,0.09193879,1.936384E-5,0,-0.868592852052382,0.495525225261484,-0.00109931481601074,1,1,1,0,0,0,0,1237648721217716478,1,0,20.9857,18.96651,18.03429,17.71418,17.28616,0.0622659,0.01562982,0.01773277,0.02045321,0.02463214,20.82255,18.87063,17.89515,17.45374,17.09839,0.06078658,0.008134118,0.00534709,0.004322249,0.0118306,19.35614,17.40048,16.45587,16.00365,15.72419,0.1101449,0.01201541,0.008136964,0.008697607,0.02129937,19.26116,17.29478,16.3337,15.88839,15.53391,0.04413442,0.005704156,0.003986887,0.003990735,0.008746567,19.21804,17.26922,16.34168,15.86978,15.59199,0.04483505,0.005724293,0.003992881,0.003989898,0.00874265,14.34377,0.05282295,0.8684245,257,24577,24577,24577,24577,24577,0.153426,0.1195485,0.0827031,0.06145727,0.04571291,19.10773,17.17524,16.251,15.82693,15.4882,0.270999997854233,0.694999992847443,2
500,51910,0.472636,1.369146E-4,0,-0.877170559100805,0.480128015142557,0.00699280502008853,1,1,1,0,0,0,0,1237648721755046453,1,0,23.58769,22.22668,20.50297,19.72268,19.19635,0.4958367,0.0795506,0.02873614,0.02333829,0.05356078,23.93349,22.22112,20.53222,19.66685,19.05489,0.7313429,0.1012041,0.03460531,0.02481118,0.0596131,24.66179,21.47242,19.5156,18.6496,18.35644,5.412596,0.3458579,0.08135808,0.07181047,0.1824009,23.35477,21.36502,19.65043,18.80536,18.24282,0.8028085,0.07328516,0.02541725,0.01852342,0.04392741,23.69345,21.30284,19.65043,18.72705,18.21246,0.5453445,0.07263543,0.02541725,0.01847094,0.04368531,6.083242,0.2405583,0.8817859,257,24577,24577,24577,24577,24577,0.1727869,0.1346344,0.09313945,0.06921259,0.05148146,23.18199,21.23039,19.55729,18.73615,18.19133,0.0199999995529652,0.620000004768372,2
501,51910,0.09567464,3.470313E-5,0,-0.880352463802222,0.474270522706706,0.0068564399556464,1,1,1,0,0,0,0,1237648721755177112,1,0,21.41624,19.64059,18.73471,18.35868,18.01401,0.0849971,0.0169952,0.01682226,0.01579582,0.02500836,21.35686,19.6095,18.66248,18.2725,17.91899,0.09618476,0.009868733,0.008141828,0.008329821,0.02301349,20.23489,18.6078,17.70429,17.30351,17.061,0.1440411,0.01778531,0.01212236,0.01294073,0.04248159,20.32969,18.56818,17.62405,17.21364,16.88243,0.07296384,0.009730319,0.006795996,0.006906105,0.01745462,20.16397,18.52904,17.62404,17.21397,16.97092,0.07278508,0.009729555,0.006795995,0.00690438,0.01745647,8.019778,0.05872019,0.884517,257,24577,24577,24577,24577,24577,0.1436268,0.111913,0.07742093,0.05753205,0.04279327,20.18607,18.45627,17.54663,17.15611,16.83963,0.0410000011324883,0.862999975681305,2
502,51630,0.2040574,3.867013E-5,0,-0.839754851337188,0.542958078035086,-0.00288360054500041,1,1,1,0,0,0,0,1237648721216340148,1,0,22.14462,20.24165,18.82419,18.39242,17.99208,0.1669364,0.02160569,0.02077201,0.02771322,0.02477126,22.40922,20.21077,18.81226,18.27718,17.88019,0.2323358,0.01601473,0.007579195,0.00880755,0.02219187,20.23487,18.92637,17.54789,17.01817,16.55772,0.2341093,0.03817937,0.01721992,0.01787806,0.04415057,20.98722,18.93068,17.52631,16.9907,16.57426,0.1557563,0.01492795,0.00716024,0.006733285,0.01609232,18.66218,18.88792,17.52631,17.01593,16.53743,0.1359648,0.01492611,0.00716024,0.006732602,0.01609317,10.74569,0.09353585,0.8448709,257,24577,24577,24577,24577,24577,0.3730429,0.2906725,0.2010859,0.1494284,0.1111472,20.61418,18.64001,17.32523,16.84127,16.46312,0.10700000077486,0.85699999332428,2
503,51630,0.09155686,2.987516E-5,0,-0.830618578079638,0.556841651254344,-3.91378712674575E-4,1,1,1,0,0,0,0,1237648721215946862,1,0,21.34279,19.8021,18.78093,18.33842,17.96222,0.0866935,0.02017947,0.01639057,0.01736143,0.03046238,21.51364,19.82044,18.76248,18.28595,17.96136,0.1097977,0.01470353,0.006996846,0.006708615,0.02300335,20.85842,18.9999,17.96963,17.45658,17.16464,0.2077896,0.02158574,0.01294934,0.013222,0.03706614,20.64567,18.89984,17.85145,17.36315,17.00914,0.08865795,0.01174833,0.007248335,0.007032429,0.01752658,20.90172,18.89013,17.87037,17.35617,17.05264,0.1067327,0.01177043,0.007263098,0.007047103,0.01757514,8.579695,0.06836546,0.8617051,257,24577,24577,24577,24577,24577,0.5976123,0.4656555,0.3221383,0.2393833,0.1780572,20.04805,18.43419,17.52931,17.12377,16.83109,0.244000002741814,0.683000028133392,2
504,51630,0.5171112,1.575643E-4,0,-0.828356929830066,0.560199686796333,-0.00105248078269329,1,1,1,0,0,0,0,1237648721215816272,1,0,24.69219,22.40399,20.8762,19.97616,19.43651,0.7609422,0.1096086,0.04138857,0.02823838,0.06480166,24.96007,22.51472,20.84324,19.80704,19.35836,0.8330161,0.1399153,0.04508489,0.02816188,0.07509913,19.58378,21.21328,19.53843,18.43453,17.81098,0.6289077,0.2531925,0.06595002,0.04353793,0.1047258,25.41629,20.93519,19.24237,18.20885,17.71124,2.094989,0.1000308,0.03186341,0.01969738,0.05100942,22.13807,21.23502,19.28898,18.1882,17.58923,1.426775,0.1176048,0.0320938,0.01983036,0.05094248,21.33402,1.173558,0.8460586,257,24577,24577,24577,24577,24577,0.340289,0.2651509,0.1834302,0.1363083,0.1013883,25.076,20.67004,19.05894,18.07254,17.60985,0.0759999975562096,0.529999971389771,2
505,53083,0.08040932,3.683065E-5,0,-0.967920709695912,0.120968533137271,0.220218331962575,1,1,1,0,0,0,0,1237661813343453273,1,0,21.88446,19.98268,19.05366,18.69239,18.27913,0.1731174,0.0237963,0.02264656,0.01796541,0.02953309,22.08228,20.05149,19.11781,18.71468,18.36031,0.1960671,0.01518024,0.01162035,0.01282421,0.02481537,20.25797,18.75361,17.84142,17.48016,17.15611,0.2527534,0.02695696,0.01865509,0.02284962,0.06035576,20.64869,18.61385,17.68811,17.28451,16.92997,0.1471945,0.01260179,0.008767207,0.009670229,0.02229567,19.81096,18.67793,17.76522,17.39963,17.03703,0.1410354,0.01271706,0.00884472,0.009768154,0.02250266,22.24117,0.2860263,0.8171779,257,1,24577,24577,24577,24577,0.1779032,0.138621,0.09589737,0.07126202,0.05300585,20.47078,18.47523,17.59221,17.21324,16.87696,0.189999997615814,0.71399998664856,2
506,53083,0.08196372,9.719249E-6,0,-0.966979981574077,0.103921610094096,0.232701556055065,1,1,1,0,0,0,0,1237661951323603014,1,0,20.6131,19.82165,19.45061,19.2547,18.85574,0.07678131,0.0329861,0.02580651,0.02768202,0.04558668,20.85468,19.92108,19.54489,19.2086,19.05412,0.07175604,0.01504937,0.01611138,0.01710668,0.04834709,19.16074,18.20532,17.76461,17.5541,17.6147,0.1338079,0.02326884,0.02052953,0.02893252,0.1125584,19.21277,18.2198,17.8242,17.53372,17.34197,0.0554665,0.01043269,0.01060259,0.01151372,0.03268701,18.98487,18.1269,17.64583,17.46292,17.40591,0.05662162,0.01065815,0.0109318,0.01179559,0.03261083,47.75854,0.77984,0.7983523,257,24577,24577,24577,24577,24577,0.1526367,0.1189335,0.08227766,0.06114111,0.04547776,19.06013,18.10087,17.74192,17.47258,17.2965,0.25900000333786,0.666999995708466,2
507,51630,0.1642566,4.091976E-5,0,-0.8263835847861,0.563030459295951,0.00932055261583862,1,1,1,0,0,0,0,1237650796756664521,1,0,21.86933,19.95238,18.73333,18.15846,17.71173,0.1392824,0.01813503,0.01124162,0.01184802,0.01822426,21.87269,20.08415,18.82364,18.25409,17.87297,0.1499796,0.01481425,0.008970547,0.008293312,0.0179476,20.65439,19.15875,17.96304,17.44388,17.10024,0.197761,0.02596855,0.01436686,0.01290766,0.03135969,20.9686,19.13709,17.88924,17.33473,16.95744,0.1207278,0.01366815,0.00752198,0.0071298,0.01500938,19.97622,19.04609,17.8909,17.37293,17.04088,0.1161459,0.01367546,0.007523486,0.007138938,0.01501484,10.03508,0.08972839,0.8319471,257,24577,24577,24577,24577,24577,0.5019994,0.3911545,0.2705989,0.201084,0.1495695,20.4666,18.74593,17.61864,17.13365,16.80787,0.135000005364418,0.768999993801117,2
508,51608,0.1232879,2.864596E-5,0,-0.84338682951916,0.536930040844296,0.0201193198831668,1,1,1,0,0,0,0,1237651752922382460,1,0,21.23299,19.4375,18.4396,18.05613,17.63569,0.1169637,0.02427655,0.01639561,0.01531585,0.02766024,21.5193,19.47983,18.43121,17.98709,17.61743,0.1466279,0.01076506,0.008096493,0.007650196,0.01969618,20.57242,18.45201,17.45795,16.98478,16.57628,0.269356,0.01828401,0.01273241,0.01324954,0.03207321,20.45177,18.40747,17.36028,16.89703,16.54126,0.1177028,0.01011504,0.006757959,0.006316567,0.01514202,20.71362,18.31516,17.36029,16.87096,16.49944,0.1453787,0.01010188,0.00675796,0.006314013,0.01511765,9.419284,0.07219442,0.8198317,257,24577,24577,24577,24577,24577,0.2451504,0.1910195,0.1321464,0.09819894,0.07304197,20.20662,18.21646,17.22813,16.79883,16.46822,0.0710000023245811,0.820999979972839,2
509,51608,0.08072105,1.322878E-5,0,-0.84371155285329,0.536695475397778,0.0104298738939597,1,1,1,0,0,0,0,1237651801769902317,1,0,21.11417,19.41409,18.53461,18.19315,17.70991,0.08547714,0.01773211,0.01987359,0.01931936,0.02356845,20.854,19.18101,18.30304,17.85327,17.53795,0.07340159,0.01030194,0.006320106,0.007271,0.01437958,18.0834,16.90552,16.22799,15.84391,15.67723,0.07354873,0.01070413,0.009634539,0.01140812,0.03030632,18.47357,17.02003,16.27412,15.8787,15.61138,0.03861597,0.005565707,0.00453397,0.004754359,0.01093263,18.02035,16.83171,16.10649,15.7115,15.45984,0.03865182,0.00559899,0.004653355,0.004856594,0.01106855,98.05781,0.5619861,0.823844,257,129,1,193,193,1,0.252185,0.1965008,0.1359384,0.1010168,0.07513791,18.22138,16.82353,16.13818,15.77768,15.53624,0.703999996185303,0.296000003814697,1
510,51608,0.06219256,1.385373E-5,0,-0.845008502720688,0.53435652681992,0.0205847655972408,1,1,1,0,0,0,0,1237651752922448014,1,0,20.33776,18.29268,17.57936,17.31776,16.89417,0.05896987,0.02029561,0.02116951,0.01815054,0.02345971,20.40702,18.37704,17.50592,17.09384,16.75608,0.0598998,0.01121831,0.008680596,0.008011533,0.01083629,19.09332,17.0922,16.19834,15.77606,15.5222,0.1063294,0.02602792,0.0171199,0.02118566,0.02022969,18.95589,16.94027,16.05405,15.64329,15.32157,0.04476079,0.004963483,0.003807166,0.003706459,0.007851581,18.99574,16.95947,16.07295,15.65808,15.37606,0.04533767,0.00496859,0.003819494,0.003714636,0.007861896,14.85444,0.04954113,0.8115287,257,24577,24577,24577,24577,24577,0.2161009,0.1683844,0.1164875,0.08656273,0.06438677,18.73979,16.77188,15.93756,15.55673,15.25719,0.179000005125999,0.78600001335144,2
511,53083,0.155476,4.039394E-5,0,-0.967412806804221,0.10037974411517,0.232457239514177,1,1,1,0,0,0,0,1237661951323668594,1,0,21.73853,19.70872,18.53595,18.09523,17.69936,0.1934582,0.03485056,0.02180112,0.02156595,0.02511154,21.91783,19.87766,18.71911,18.22189,17.92638,0.1998609,0.02292446,0.01955844,0.01957705,0.02400668,20.49626,18.82916,17.66138,17.18822,16.96741,0.2958345,0.05451535,0.04873308,0.05239749,0.05478559,20.95548,18.84119,17.66639,17.18867,16.88141,0.1826344,0.012796,0.007437435,0.006971297,0.01629017,20.98145,18.7886,17.66639,17.21732,16.95493,0.2105536,0.01279019,0.007437435,0.006969932,0.01710757,10.91906,0.09934396,0.8047048,257,24577,24577,24577,24577,24577,0.1396334,0.1088014,0.07526828,0.0559324,0.04160343,20.81585,18.73239,17.59112,17.13273,16.83981,0.0860000029206276,0.456999987363815,0
512,53138,0.08143314,3.423529E-5,0,-0.974265479214361,0.077413817783126,0.211692883270676,1,1,1,0,0,0,0,1237661949713645665,1,0,21.22562,19.54981,18.64829,18.068,17.74656,0.1513332,0.01918799,0.02022027,0.02662189,0.02691765,21.52889,19.7187,18.72447,18.25732,17.85852,0.1692438,0.01435527,0.01280637,0.01206075,0.02064839,24.53215,18.83153,17.86551,17.39493,17.065,4.395144,0.0246883,0.02197694,0.021183,0.03435208,20.55982,18.66744,17.69739,17.19333,16.8177,0.1254615,0.01139816,0.007413303,0.006740241,0.01493028,21.1939,18.682,17.7582,17.28299,16.94397,0.1266122,0.01143414,0.007439657,0.006756529,0.01491424,14.91811,0.1348557,0.8066764,257,24577,24577,24577,24577,24577,0.1554968,0.1211621,0.08381937,0.06228677,0.04632992,20.40432,18.54628,17.61357,17.13104,16.77137,0.5,0.400000005960464,1
513,54266,0.1613491,3.91596E-5,0,-0.566220085862455,-0.810498107223148,0.149958769512186,1,1,1,0,0,0,0,1237662199897391433,1,0,22.09406,20.32577,19.28638,18.79789,18.36447,0.1457166,0.02224969,0.01550449,0.01643774,0.02545853,21.78518,20.11292,18.99306,18.49995,18.13584,0.1221803,0.01663176,0.01118123,0.01087992,0.02365549,19.66575,18.07385,17.14534,16.69642,16.55836,0.173222,0.02157322,0.0151978,0.01565312,0.04529337,19.41646,17.7466,16.73248,16.25429,15.92593,0.08177534,0.01036095,0.00675936,0.006951135,0.01581006,19.27436,17.93629,16.93931,16.47022,16.26481,0.08346151,0.01023945,0.006911292,0.007097675,0.01605564,65.88529,0.6521775,0.9048674,257,24577,24577,24577,24577,24577,0.1642435,0.1279774,0.08853418,0.06579039,0.04893596,19.25221,17.61862,16.64395,16.1885,15.87699,0.206000000238419,0.705999970436096,2
514,54266,0.07217865,1.623663E-5,0,-0.567043765349554,-0.81029670692797,0.147920975253299,1,1,1,0,0,0,0,1237661950276141095,1,0,20.51618,18.56367,17.88197,17.45764,16.94441,0.06222203,0.02131429,0.01637512,0.02074219,0.01577106,20.40827,18.63119,17.6865,17.23995,16.90201,0.05994182,0.006667359,0.004663559,0.004942453,0.01137904,17.14381,15.76838,15.138,14.73724,14.68996,0.04227266,0.005767657,0.006194178,0.008185141,0.01943701,17.3805,15.86691,15.14159,14.75542,14.55002,0.02228445,0.003203333,0.002788699,0.002675514,0.006298517,17.07649,15.67119,15.01582,14.59664,14.39405,0.021787,0.003270397,0.002836959,0.002697198,0.006171865,158.5168,0.4145911,0.8743092,257,24577,24577,24577,24577,24577,0.1534478,0.1195655,0.08271483,0.06146598,0.0457194,17.22705,15.74734,15.05887,14.69395,14.5043,0.929000020027161,0.0120000001043081,1
515,54266,0.03507989,1.331308E-5,0,-0.573715872214653,-0.8028978378426,0.161880078937026,1,1,1,0,0,0,0,1237662636373049740,1,0,21.23524,19.51627,18.72952,18.22271,17.55496,0.08097409,0.02165334,0.02091681,0.01790374,0.02157198,20.84604,18.9749,17.96171,17.42058,16.96506,0.07148321,0.007500321,0.004734598,0.004671435,0.009477396,18.51077,16.71005,15.82402,15.373,15.05502,0.09412326,0.008945493,0.01166424,0.0109681,0.01468989,18.59237,16.77268,15.85091,15.3798,14.96851,0.03489983,0.005079617,0.003898704,0.00374744,0.006385972,18.34702,16.67396,15.81736,15.3579,14.95036,0.0343883,0.005089164,0.003944703,0.003800346,0.006507427,151.603,0.4121406,0.9651368,257,24577,24577,24577,24577,24577,0.1558807,0.1214612,0.08402631,0.06244056,0.0464443,18.43649,16.65122,15.76689,15.31736,14.92207,0.875,0.125,1
516,53859,0.0428642,1.195425E-5,0,-0.524607381776748,-0.840772606845472,0.133747966577495,1,1,1,0,0,0,0,1237662199361831356,1,0,20.2516,19.17077,18.8677,18.64232,18.445,0.04496662,0.01642256,0.01565661,0.0178967,0.0295508,20.20823,18.9851,18.56584,18.29986,18.10505,0.04524296,0.006711619,0.007888576,0.008346666,0.02573831,19.28576,18.0015,17.47567,17.16805,17.03597,0.07457551,0.01426242,0.01301758,0.01815789,0.04332006,19.36195,18.03548,17.56348,17.28246,17.10559,0.06641831,0.006552035,0.006280771,0.006589859,0.01877383,19.35406,17.98977,17.43261,17.13037,16.90546,0.08880052,0.006582322,0.006349558,0.006676383,0.01901842,17.70707,0.1168557,0.9191167,257,24577,24577,24577,24577,24577,0.1814793,0.1414075,0.09782504,0.07269449,0.05407134,19.18047,17.89407,17.46565,17.20977,17.05152,0.474999994039536,0.492000013589859,0
517,53083,0.0923538,2.746637E-5,0,-0.969321986538154,0.111961510892941,0.218813862660245,1,1,1,0,0,0,0,1237661950249599096,1,0,21.24956,19.35358,18.30902,17.84845,17.51956,0.1221202,0.02184685,0.03441375,0.0242826,0.0224161,21.67081,19.5484,18.56578,18.12309,17.71187,0.1374869,0.01198077,0.006984116,0.007235476,0.01834201,20.87878,18.77299,17.79058,17.35106,16.99928,0.2783818,0.01723771,0.01128072,0.01039294,0.03130302,20.78947,18.7142,17.70229,17.24797,16.87259,0.1319085,0.01009465,0.006976161,0.006410638,0.01485427,20.72049,18.6955,17.71529,17.28386,16.95844,0.1255799,0.0111451,0.006983063,0.006419027,0.01483772,11.63949,0.09125633,0.7932838,257,24577,24577,24577,24577,24577,0.1854895,0.1445322,0.09998669,0.07430083,0.05526616,20.60398,18.56967,17.6023,17.17367,16.81732,0.135000005364418,0.810999989509583,2
518,53083,0.2783628,5.671742E-5,0,-0.969944176029538,0.108228631748756,0.217933151806174,1,1,1,0,0,0,0,1237661950249730157,1,0,21.27963,19.58774,18.72383,18.28153,18.11254,0.1550108,0.02609084,0.02406002,0.0207514,0.03216705,20.92105,19.83588,18.82269,18.38382,17.96453,0.1092937,0.01517596,0.01073334,0.01191435,0.02523107,20.7565,18.66877,17.71779,17.34552,16.92612,0.4419438,0.02119467,0.01794449,0.02048325,0.04408656,20.3959,18.62348,17.67411,17.25188,16.86788,0.1121909,0.01102024,0.007510043,0.007078306,0.01763081,20.5674,18.61796,17.67411,17.28161,16.86011,0.1505301,0.01101698,0.007510043,0.007073988,0.01776035,27.82915,0.2746462,0.7935408,257,24577,24577,24577,24577,24577,0.1731168,0.1348914,0.09331728,0.06934474,0.05157974,20.22279,18.48859,17.58079,17.18254,16.8163,0.0879999995231628,0.647000014781952,2
519,51630,0.06315506,2.077191E-5,0,-0.825332781067449,0.564646292794013,6.03762741205101E-4,1,1,1,0,0,0,0,1237650796219793525,1,0,20.61228,18.98783,18.26164,17.74299,17.43074,0.0536127,0.01503218,0.01558437,0.01449646,0.02332382,20.67784,19.10765,18.29527,17.78516,17.5027,0.04828017,0.007467812,0.006694241,0.006299938,0.01331633,19.71181,18.24479,17.41754,16.94545,16.65853,0.08462738,0.01426287,0.01069909,0.01117746,0.02724761,19.72308,18.13306,17.30964,16.82029,16.52369,0.04480751,0.007139359,0.005539365,0.00516216,0.01248667,19.58755,18.15713,17.32443,16.87325,16.55524,0.04517754,0.007148019,0.00554911,0.005160901,0.01251107,11.28992,0.06304691,0.848456,257,16385,24577,16385,24577,24577,0.2669306,0.2079905,0.1438868,0.1069233,0.07953133,19.45615,17.92507,17.16575,16.71337,16.44416,0.363999992609024,0.591000020503998,2
520,51630,0.1431519,2.70561E-5,0,-0.838897803147221,0.544120722998861,0.0135319872141473,1,1,1,0,0,0,0,1237648722290016542,1,0,21.36297,19.10684,17.7898,17.41046,16.93955,0.08757334,0.03201322,0.03515353,0.05397511,0.05205685,21.35779,19.0733,17.84069,17.33145,16.89703,0.09664796,0.02922479,0.04141562,0.0631881,0.0481083,22.00672,17.50361,16.26904,15.76635,15.40557,1.737795,0.09286015,0.1073886,0.1652009,0.1703506,19.88626,17.49417,16.25766,15.75419,15.33567,0.08022223,0.006709734,0.003963025,0.003942021,0.007483583,20.29823,17.49772,16.25766,15.76946,15.43662,0.07837272,0.006709416,0.003963024,0.003941361,0.007475264,14.05328,0.05367149,0.8161027,257,24577,24577,24577,24577,24577,0.468872,0.3653419,0.2527418,0.1878143,0.1396993,19.41739,17.12883,16.00492,15.56638,15.19597,0.0260000005364418,0.927999973297119,2
521,51633,0.0937748,1.520651E-5,0,-0.86108391377221,0.508317826172116,-0.0121441771391448,1,1,1,0,0,0,0,1237651800160141388,1,0,20.80231,18.90923,18.00565,17.58951,17.29946,0.0710713,0.0199737,0.01640701,0.01547796,0.0175876,20.86277,18.95017,17.99566,17.56264,17.25802,0.07947478,0.008869653,0.005920514,0.005389898,0.01336196,20.20955,17.97398,17.05978,16.63062,16.3316,0.180205,0.01788363,0.01433002,0.01493888,0.0245315,19.8889,17.92439,16.97258,16.5397,16.24529,0.06311661,0.007204905,0.005185413,0.004882513,0.01044922,20.00051,17.87827,16.97258,16.55499,16.2573,0.06988933,0.007200926,0.005185413,0.004881834,0.01044974,9.022802,0.04499803,0.8360437,257,1,1,1,1,1,0.1549458,0.1207327,0.08352232,0.06206604,0.04616573,19.73395,17.80366,16.88905,16.47764,16.19912,0.437999993562698,0.531000018119812,2
522,51633,0.09023034,1.733893E-5,0,-0.867459608534248,0.497496112757837,-0.00338309805520518,1,1,1,0,0,0,0,1237648721217650784,1,0,21.07602,18.95169,18.07775,17.67244,17.33719,0.08331891,0.02521653,0.0172237,0.01936469,0.02775316,20.80192,18.85612,17.92517,17.47445,17.13563,0.06371956,0.01863657,0.01162089,0.01486801,0.02398461,20.83435,18.6298,17.8025,17.36547,16.9648,0.1602188,0.03043934,0.02750976,0.02744267,0.04114998,20.73247,18.61115,17.73619,17.29802,16.92879,0.06329143,0.008083535,0.006027109,0.005953209,0.01215856,20.69728,18.57071,17.73619,17.29029,16.90158,0.1426046,0.008066249,0.006027109,0.005952756,0.01369789,5.172929,0.02635721,0.8650932,257,24577,24577,24577,24577,24577,0.1464988,0.1141508,0.07896902,0.05868245,0.04364896,20.58597,18.497,17.65722,17.23934,16.88514,0.0430000014603138,0.128000006079674,0
523,51630,0.08557262,2.85203E-5,0,-0.836307301376577,0.547940054410584,0.0187561839603186,1,1,1,0,0,0,0,1237648722826821732,1,0,21.26005,19.49863,18.46638,18.00506,17.65369,0.08823158,0.01563525,0.01198148,0.01643671,0.02532112,21.21191,19.52095,18.53037,18.06738,17.71173,0.09295013,0.01174767,0.007399118,0.007456632,0.01773658,19.79313,18.17007,17.35486,16.86879,16.61895,0.1386298,0.01656989,0.01100334,0.01211961,0.03312515,19.90633,18.18135,17.22556,16.77164,16.44748,0.06993347,0.008882375,0.006020675,0.006109719,0.01399276,19.48282,17.98188,17.22593,16.73749,16.47686,0.06966599,0.008843893,0.006021026,0.006108862,0.01398976,12.93614,0.08909487,0.8200722,257,24577,24577,24577,24577,24577,0.6059638,0.4721628,0.3266401,0.2427286,0.1805455,19.30037,17.70919,16.89892,16.52891,16.26693,0.224000006914139,0.626999974250793,2
524,51608,0.0877696,1.668361E-5,0,-0.858904737719585,0.512123160062903,0.00353842479605294,1,1,1,0,0,0,0,1237651801233752176,1,0,20.04941,18.24579,17.33282,16.87109,16.53634,0.04218514,0.01637999,0.01406762,0.01599148,0.01681663,20.01025,18.08517,17.12901,16.66927,16.33404,0.0354016,0.004439992,0.003018721,0.002858134,0.006502134,17.99773,16.37882,15.4114,14.94431,14.6987,0.06795158,0.00831121,0.0121273,0.01160768,0.01795359,18.24377,16.3531,15.39046,14.92598,14.60696,0.02912757,0.003913475,0.002994255,0.002920035,0.00605959,18.04881,16.34686,15.39048,14.9259,14.72701,0.02901608,0.003913564,0.002994255,0.002920009,0.006048452,11.58295,0.0246607,0.8636687,257,1,1,1,1,1,0.1286917,0.1002757,0.06937027,0.05154955,0.03834339,18.11508,16.25282,15.32109,14.87443,14.56861,0.0430000014603138,0.957000017166138,2
525,51633,0.1688969,3.133476E-5,0,-0.867948582625627,0.496491590443331,-0.0127026980290312,1,1,1,0,0,0,0,1237651800160469245,1,0,21.30081,19.45413,18.39252,17.94339,17.47443,0.09842932,0.01975931,0.01543629,0.01681256,0.02035388,21.2844,19.52245,18.271,17.74953,17.35597,0.09460488,0.01144237,0.007574402,0.009115556,0.01767765,20.28252,18.31121,17.11283,16.66332,16.35135,0.2463698,0.02034333,0.01335651,0.01859537,0.03739728,20.04877,18.23971,17.01307,16.512,16.13761,0.08753926,0.01026061,0.005851235,0.005310166,0.01161158,20.11861,18.1632,17.01307,16.58225,16.30365,0.08778517,0.01025362,0.005851234,0.005305966,0.01157171,9.981664,0.06321874,0.849799,257,1,1,1,1,1,0.1722835,0.1342422,0.09286812,0.06901097,0.05133148,19.87648,18.10547,16.9202,16.44299,16.08628,0.0879999995231628,0.675999999046326,2
526,53498,0.2183331,4.985573E-5,0,-0.458603434682946,-0.878457909452302,0.134143919048517,1,1,1,0,0,0,0,1237662636376588741,1,0,22.62159,20.44922,19.16816,18.66423,18.15066,0.2609,0.03040541,0.02248132,0.02300548,0.03075423,22.40724,20.35964,18.9425,18.40192,17.90965,0.260123,0.02306583,0.01731162,0.02338188,0.02529415,20.47566,19.30767,17.83583,17.31562,16.88962,0.2626799,0.06415903,0.05161542,0.05264711,0.05881914,21.38124,19.26149,17.82722,17.29355,16.81477,0.2134053,0.0165239,0.008122261,0.007471382,0.01484858,19.66617,19.33822,17.82724,17.34871,16.91814,0.1982144,0.0165147,0.00812226,0.007468249,0.01488007,6.525481,0.05787467,0.9640359,257,24577,24577,24577,24577,24577,0.1963862,0.1530228,0.1058605,0.07866567,0.0585128,21.18486,19.10847,17.72136,17.21489,16.75626,0.0,0.759999990463257,2
527,53498,1.379732E-4,1.629976E-5,0,-0.460315522187501,-0.878356911558765,0.128836159327245,1,1,1,0,0,0,0,1237662199900602783,1,0,20.55662,18.92979,18.14788,17.84681,17.61937,0.04922831,0.01579403,0.01380394,0.01516769,0.02265935,20.80726,19.12058,18.34882,17.95983,17.69688,0.06459005,0.00927409,0.006717653,0.006997234,0.01575814,20.19295,18.48207,17.65623,17.22637,16.92911,0.1055717,0.01695699,0.02206872,0.01764828,0.03601973,20.16877,18.52696,17.72161,17.32454,17.06029,0.04966355,0.008342768,0.00634341,0.006408582,0.01237432,20.43006,18.56899,17.7216,17.28159,16.97406,0.04911101,0.00834659,0.006343411,0.006402529,0.01235187,3.697255,0.01809042,0.8736868,257,24577,24577,24577,24577,24577,0.1989401,0.1550128,0.1072371,0.07968867,0.05927373,19.96983,18.37195,17.61438,17.24485,17.00101,0.190999999642372,0.663999974727631,2
528,53884,0.03321197,9.229733E-6,0,-0.448153883155565,-0.887695843208609,0.105613384392061,1,1,1,0,0,0,0,1237662238565466123,1,0,19.36157,17.55627,16.7421,16.37598,15.98395,0.03233328,0.01215896,0.01448099,0.01293387,0.0171205,19.38439,17.48335,16.63253,16.23861,15.92662,0.0278003,0.004268608,0.002810385,0.00326597,0.005369696,17.75148,15.95407,15.11069,14.71319,14.45587,0.05012843,0.01149895,0.008599496,0.008081106,0.009837891,17.81446,15.93203,15.08016,14.67828,14.37211,0.02012255,0.003125283,0.0025886,0.002625403,0.004183679,17.69,15.91787,15.08017,14.68501,14.43409,0.02007949,0.003124996,0.0025886,0.002625269,0.004179942,10.59971,0.01332744,0.8537724,257,24577,24577,24577,24577,24577,0.2098886,0.1635438,0.1131388,0.08407429,0.06253582,17.60458,15.76849,14.96702,14.59421,14.30957,0.0769999995827675,0.820999979972839,2
529,53055,0.1648443,5.409918E-5,0,-0.967989347302224,0.142081506412437,0.206904492568399,1,1,1,0,0,0,0,1237661812269121697,1,0,21.1672,19.75559,18.64284,18.25191,17.89368,0.09959919,0.02932103,0.01994936,0.01773945,0.03734327,21.37646,19.75373,18.67901,18.19903,17.87107,0.1146202,0.01276665,0.008128055,0.007603818,0.02260285,18.94599,17.67964,16.77258,16.39209,16.11759,0.1107454,0.01493413,0.01139285,0.0124414,0.03908879,19.44194,17.91948,16.90985,16.4741,16.11622,0.06382409,0.008100348,0.005697174,0.005713547,0.0148796,18.4844,17.57456,16.71006,16.3265,16.05377,0.06481618,0.008308649,0.005854752,0.005850216,0.01522843,48.06618,0.3581591,0.7999498,257,1,24577,24577,24577,24577,0.1588801,0.1237983,0.08564308,0.06364199,0.04733795,19.28306,17.79568,16.82421,16.41046,16.06889,0.211999997496605,0.455000013113022,0
530,53083,0.03718292,7.525507E-6,0,-0.966736043078914,0.106503736244331,0.232547580460693,1,1,1,0,0,0,0,1237661951323537618,1,0,20.78411,19.77259,19.36044,19.27606,19.07061,0.07933161,0.03646971,0.02339078,0.02543649,0.05599876,20.92164,20.02851,19.55743,19.2737,19.05734,0.07794931,0.0182895,0.01670221,0.01966479,0.04840742,18.9898,18.04385,17.57308,17.31122,18.1022,0.1852079,0.02974164,0.02725007,0.03240647,0.2597787,19.10892,17.9654,17.5256,17.27453,17.2735,0.05583,0.009635251,0.009396163,0.01043293,0.03497699,18.80385,17.95212,17.51788,17.25624,17.50801,0.05661479,0.009633045,0.009417465,0.01049765,0.03757071,115.6268,1.733824,0.7810267,257,24577,24577,24577,24577,24577,0.1881168,0.1465794,0.1014029,0.07535324,0.05604897,18.9208,17.81882,17.4242,17.19917,17.21745,0.876999974250793,0.0850000008940697,1
531,53083,0.07900923,1.617432E-5,0,-0.970260659919919,0.108617320157158,0.216325055353377,1,1,1,0,0,0,0,1237661950249730152,1,0,20.25768,18.39431,17.64095,17.22133,17.02759,0.05274303,0.02285989,0.02186577,0.01768738,0.02191963,20.53885,18.72059,17.86604,17.47233,17.10742,0.05650738,0.006537689,0.005094206,0.004288704,0.01165623,19.41352,17.44776,16.61736,16.22676,15.94817,0.1245647,0.009388082,0.00721006,0.007089148,0.02021977,19.21454,17.33766,16.48516,16.09398,15.75543,0.05080624,0.005620069,0.004303446,0.004117847,0.009242158,19.46374,17.34964,16.48512,16.13626,15.8817,0.06070675,0.005619748,0.004303445,0.004116749,0.00922309,16.37807,0.0664316,0.7935408,257,24577,24577,24577,24577,24577,0.184351,0.1436451,0.09937298,0.07384478,0.05492695,19.03019,17.19401,16.38579,16.02014,15.7005,0.046000000089407,0.917999982833862,2
532,51630,0.1404723,2.619556E-5,0,-0.833114276714664,0.5528323931655,-0.0172321502172056,1,1,1,0,0,0,0,1237648720142270656,1,0,21.27498,19.28054,18.21595,17.78063,17.38655,0.09466843,0.01917803,0.01278291,0.0196095,0.02047438,21.46906,19.40252,18.28888,17.83122,17.47359,0.1041228,0.01114073,0.00524109,0.004970465,0.01478757,20.1294,18.44288,17.32401,16.87918,16.45186,0.1367228,0.0197004,0.01326326,0.01374708,0.02464363,20.43741,18.42003,17.31446,16.85592,16.49146,0.08192131,0.009216757,0.005610146,0.005560924,0.01189375,19.84567,18.44083,17.31449,16.89648,16.47935,0.07910763,0.009215286,0.005610145,0.00555994,0.01187915,8.101996,0.04376505,0.8381004,257,24577,24577,24577,24577,24577,0.2512534,0.1957749,0.1354362,0.1006436,0.07486036,20.18616,18.22426,17.17902,16.75528,16.4166,0.125,0.83899998664856,2
533,51630,0.123279,1.453566E-5,0,-0.826742807635532,0.562575106031696,0.00236222275491323,1,1,1,0,0,0,0,1237650796219859103,1,0,21.55875,19.87296,18.97573,18.40965,18.05627,0.1044365,0.01978234,0.01684838,0.02447917,0.02988746,21.52049,19.91799,18.93763,18.40761,18.09611,0.109631,0.01603828,0.011336,0.01240375,0.02667546,20.22157,18.88705,17.96603,17.47005,17.24224,0.1437261,0.02417515,0.02404156,0.02201446,0.05100698,20.40823,18.79936,17.83178,17.31867,17.01608,0.08607969,0.01181958,0.008091101,0.007384048,0.01996316,19.43261,18.72954,17.88553,17.38067,17.15131,0.08116952,0.01186379,0.008141896,0.007415581,0.02026716,11.6177,0.1162401,0.855215,257,16385,24577,16385,24577,24577,0.4158296,0.3240116,0.2241497,0.1665673,0.1238954,19.9924,18.47535,17.60763,17.1521,16.89218,0.194000005722046,0.612999975681305,2
534,51630,0.283498,1.078504E-4,0,-0.831765810409629,0.554725760563208,0.0210942456889153,1,1,1,0,0,0,0,1237651752921858344,1,0,22.66673,21.36898,19.79006,19.20794,18.57432,0.4559446,0.05859875,0.02523953,0.02503331,0.04461671,23.17983,21.41552,19.77869,19.14611,18.70047,0.4378769,0.05463744,0.02798841,0.01934922,0.05259132,27.55387,19.97789,18.74051,18.12724,17.31251,1.349778,0.1911208,0.07814372,0.1211634,0.1156934,22.15255,20.49861,18.81776,18.16828,17.67826,0.4882467,0.04821262,0.01766214,0.01421549,0.03621403,22.73425,20.13489,18.81776,18.23038,17.62215,0.4278361,0.04784942,0.01766214,0.01420562,0.03619566,7.248029,0.1928274,0.8191082,257,24577,24577,24577,24577,24577,0.6912403,0.5386097,0.3726077,0.2768874,0.2059534,21.46131,19.96,18.44515,17.89139,17.47231,0.0829999968409538,0.555999994277954,2
535,53083,0.0889753,7.184422E-6,0,-0.968984100978553,0.110062602569435,0.22126010839378,1,1,1,0,0,0,0,1237661813343715438,1,0,20.47469,19.19735,18.70892,18.37687,18.1504,0.05801383,0.02143373,0.02331099,0.01824798,0.03068474,20.59273,19.35888,18.7613,18.42887,18.2209,0.05780662,0.01062399,0.008985321,0.01031122,0.02690411,19.69295,18.43387,17.85782,17.51793,17.31029,0.08735707,0.01425449,0.01331788,0.01577809,0.04447907,19.59004,18.31251,17.73315,17.38869,17.1869,0.04740644,0.008785398,0.007505759,0.008479273,0.02107827,19.46406,18.35823,17.78561,17.45356,17.27803,0.04757318,0.008813465,0.00754245,0.008531022,0.0222851,11.68341,0.1018992,0.8277656,257,1,24577,24577,24577,24577,0.1585228,0.1235199,0.08545046,0.06349885,0.04723148,19.43151,18.18899,17.6477,17.32519,17.13967,0.175999999046326,0.764999985694885,2
536,53083,0.4239345,1.430669E-4,0,-0.967602497133704,0.0992110147323374,0.232169296196548,1,1,1,0,0,0,0,1237661951323669059,1,0,22.93647,21.89993,20.07064,19.40941,18.85837,0.5263438,0.07592105,0.02800749,0.02421436,0.04460532,22.80684,22.02885,20.20214,19.44394,19.07515,0.4197656,0.06582498,0.02767478,0.02149256,0.0502942,20.60599,20.46434,18.64221,17.86678,17.49071,0.441478,0.1594457,0.06098658,0.03745959,0.08525602,21.42599,20.22622,18.4338,17.67877,17.27837,0.4414319,0.0606838,0.01894013,0.01416771,0.0344698,20.04362,20.45843,18.52404,17.81786,17.21527,0.3029542,0.06167941,0.01919444,0.01447339,0.03451684,30.73419,0.9866659,0.8047048,257,24577,24577,24577,24577,24577,0.1469583,0.1145089,0.07921676,0.05886654,0.04378589,21.27904,20.11171,18.35458,17.6199,17.23458,0.063000001013279,0.587000012397766,2
537,53138,0.1486273,3.482819E-5,0,-0.969642681292709,0.0726075888267263,0.23349777013979,1,1,1,0,0,0,0,1237661951324389493,1,0,21.58336,19.67646,18.51852,18.04002,17.76298,0.1643611,0.02623768,0.02215227,0.01807715,0.02472955,21.85028,19.85184,18.73846,18.2959,17.88826,0.1866627,0.01507916,0.008815949,0.008402711,0.01843974,21.46157,18.78852,17.68382,17.18382,16.81324,0.6129017,0.02241582,0.0129066,0.01205186,0.0283278,20.7028,18.63317,17.51866,17.03913,16.6866,0.1605533,0.01195912,0.00723268,0.006861527,0.01448959,20.9165,18.64621,17.55589,17.00387,16.69121,0.1592621,0.0120209,0.007263474,0.006877114,0.01456476,17.53817,0.1584326,0.7891088,257,24577,24577,24577,24577,24577,0.164545,0.1282124,0.08869674,0.06591118,0.04902581,20.53826,18.50496,17.42996,16.97322,16.63757,0.358999997377396,0.5,2
538,53047,0.115394,9.921679E-6,0,-0.299998403627113,0.720299080401659,0.625436001996774,1,1,1,0,0,0,0,1237651497364685247,1,0,20.95945,19.87648,19.26752,18.86307,18.54104,0.08354703,0.02440319,0.01667166,0.0166823,0.03548983,21.02272,19.68755,18.93818,18.49548,18.24187,0.09560868,0.01474863,0.0113467,0.01078898,0.02308818,20.44436,18.20587,17.58884,17.13582,17.01218,0.3219185,0.01893939,0.0163577,0.01659395,0.05181709,19.88999,18.34621,17.64537,17.20757,16.96348,0.07808157,0.01022916,0.008328235,0.007951966,0.02109724,20.1285,18.13023,17.55009,17.03554,16.9187,0.07553344,0.01044256,0.008497203,0.008169434,0.02149812,27.70499,0.3317751,0.8325479,257,16385,24577,16385,16385,24577,0.2608404,0.203245,0.140604,0.1044838,0.07771677,19.62915,18.14296,17.50476,17.10309,16.88577,0.333000004291534,0.574000000953674,2
539,53035,0.1449348,2.740861E-5,0,-0.316578202608251,0.677972482192388,0.663424113989853,1,1,1,0,0,0,0,1237673310428922037,1,0,21.23226,19.05781,18.10364,17.72065,17.12649,0.09411017,0.02143488,0.01241309,0.01451201,0.01821512,21.2805,19.26925,18.06553,17.59775,17.24061,0.1052052,0.008211765,0.005774037,0.004258959,0.01366341,20.59526,18.11652,16.91943,16.46167,16.12314,0.2968277,0.01381241,0.01337222,0.01457902,0.02715738,20.18758,18.06796,16.89134,16.44142,16.03775,0.08623084,0.007295552,0.004961882,0.004765751,0.01081521,20.5079,18.04703,16.89137,16.46588,16.10677,0.08586703,0.007295134,0.004961882,0.004764839,0.01080806,8.511412,0.03802581,0.8748525,257,16385,24577,24577,24577,24577,0.1930961,0.1504592,0.104087,0.07734779,0.05753254,19.99448,17.91751,16.78726,16.36407,15.98022,0.090999998152256,0.908999979496002,2
540,53035,0.4137129,1.542093E-4,0,-0.314179172540818,0.686700167186974,0.655541248074406,1,1,1,0,0,0,0,1237673309891855207,1,0,23.0133,21.95023,20.26406,19.81152,19.17615,0.5349908,0.07236186,0.02791388,0.02791419,0.05271117,23.73696,22.04855,20.25401,19.59124,19.0898,0.4591083,0.07771741,0.03120313,0.02754621,0.06166947,24.57425,20.58934,19.07027,18.49627,17.95659,5.603047,0.119848,0.05861873,0.05581876,0.1248726,22.22716,20.70109,18.96881,18.33551,17.82356,0.4805399,0.05556484,0.0208794,0.01771116,0.04306907,22.6316,20.15535,18.96881,18.48378,17.93741,0.377105,0.0560955,0.02478893,0.01761326,0.04976317,10.6008,0.3567174,0.841387,257,1,16385,24577,24577,24577,0.2261875,0.1762438,0.1219246,0.09060305,0.06739202,22.00097,20.52485,18.84688,18.24491,17.75617,0.0179999992251396,0.684000015258789,2
541,53055,0.4214299,1.36257E-4,0,-0.967261704955924,0.140574132533808,0.211290575720089,1,1,1,0,0,0,0,1237661812806058528,1,0,23.34798,21.89203,20.11383,19.50466,19.08642,0.6591353,0.07588719,0.03057934,0.02530114,0.06040188,23.86743,22.06801,20.28058,19.56166,19.17229,0.8926992,0.07548409,0.03088984,0.02030404,0.07258787,22.9601,20.75045,19.03201,18.28267,17.79007,3.56401,0.1870537,0.06816249,0.06191848,0.1528336,23.26254,20.73165,18.97606,18.26671,17.82298,1.513044,0.06310529,0.02305621,0.01838987,0.05160413,23.40493,20.50541,18.97606,18.30828,17.7982,0.8694469,0.06816727,0.02305621,0.01838452,0.0604105,14.59525,0.5508542,0.8029835,257,1,8193,24577,24577,24577,0.1620285,0.1262515,0.08734023,0.06490315,0.04827602,23.10051,20.6054,18.88872,18.2018,17.7747,0.0,0.795000016689301,2
542,53083,0.1630716,3.764292E-5,0,-0.967193070837466,0.108467060910684,0.229722572729348,1,1,1,0,0,0,0,1237661813880651898,1,0,22.19042,19.88791,18.79173,18.28939,17.98517,0.3891331,0.03280598,0.018745,0.02069289,0.03624427,22.36901,20.05175,18.91739,18.46228,18.13081,0.463954,0.01648691,0.01011964,0.01040483,0.02179177,20.93,18.93975,17.86079,17.44255,17.00953,0.4089347,0.02785892,0.01687805,0.01797148,0.046733,21.12588,18.91653,17.78988,17.33165,16.98551,0.2020165,0.01315465,0.008194365,0.008505587,0.0201527,20.64216,18.82042,17.7899,17.37553,16.92631,0.1687857,0.01313321,0.008194366,0.008501601,0.02446831,11.70323,0.1194709,0.8211199,257,1,24577,24577,24577,24577,0.1989074,0.1549873,0.1072195,0.07967556,0.05926398,20.92698,18.76154,17.68266,17.25197,16.92625,0.046000000089407,0.845000028610229,2
543,53047,0.1528073,2.788981E-5,0,-0.295920979456939,0.709319075182131,0.639763412129838,1,1,1,0,0,0,0,1237663547432435938,1,0,22.0392,19.81943,18.74742,18.23684,17.71422,0.1693147,0.02131572,0.01344664,0.01535586,0.02552318,22.1478,19.86377,18.66182,18.16339,17.73068,0.2085885,0.01461883,0.008967508,0.008326786,0.02005074,21.85781,19.08757,17.89529,17.39021,16.94918,0.5372344,0.02279804,0.01366254,0.01419164,0.03316334,21.40611,18.98119,17.76583,17.25974,16.81502,0.1827657,0.01192716,0.007513943,0.007022071,0.01542192,21.8501,19.02543,17.82717,17.33526,16.86105,0.1767692,0.0119676,0.007543044,0.007044854,0.01545898,8.926174,0.08046099,0.8407707,257,24577,24577,24577,24577,24577,0.2541676,0.1980457,0.1370071,0.1018109,0.07572863,21.15195,18.78314,17.62882,17.15792,16.73929,0.0970000028610229,0.773999989032745,2
544,53047,0.08836393,3.004655E-5,0,-0.299808791651652,0.709106256779261,0.638187280541442,1,1,1,0,0,0,0,1237673703966703695,1,0,21.37673,19.75928,18.84012,18.39545,18.08281,0.102526,0.01943102,0.01743574,0.02440028,0.04925305,21.51498,19.76691,18.82708,18.36351,18.04185,0.09856184,0.01526591,0.01304623,0.02644346,0.06222653,20.95201,18.64969,17.71645,17.20366,16.99013,0.4473011,0.0260871,0.02053238,0.0537048,0.1403667,20.42099,18.58286,17.63107,17.16277,16.84531,0.1066011,0.01069544,0.007530271,0.007531189,0.0180156,20.80578,18.54702,17.63107,17.17599,16.93116,0.1351584,0.01069343,0.007530272,0.007528399,0.01799893,7.954409,0.07123563,0.8674426,257,24577,24577,24577,24577,24577,0.2473146,0.1927058,0.133313,0.09906585,0.07368679,20.17368,18.39015,17.49776,17.0637,16.77162,0.168999999761581,0.662000000476837,2
545,53035,0.427378,1.177383E-4,0,-0.304469623860223,0.681830347930097,0.665135794246511,1,1,1,0,0,0,0,1237673310965531385,1,0,23.36838,21.89845,20.06601,19.56694,19.0645,0.473139,0.06330999,0.02856897,0.02502035,0.04353611,23.39155,22.00283,20.16868,19.40799,18.92986,0.5366952,0.07612425,0.02274059,0.02380873,0.048193,23.47251,20.87376,19.10851,18.35609,17.87333,4.103895,0.1763497,0.05261455,0.05462557,0.110264,22.6869,20.90308,19.08681,18.34677,17.87641,0.5683268,0.05370632,0.0201689,0.01614756,0.03373471,23.25958,20.76792,19.08681,18.34947,17.92323,0.496649,0.05356173,0.02221279,0.01613822,0.03465665,10.32298,0.3291213,0.8193827,257,16385,24577,24577,24577,24577,0.215344,0.1677946,0.1160795,0.08625954,0.06416125,22.47156,20.73528,18.97073,18.26051,17.81225,0.0570000000298023,0.685999989509583,2
546,53035,0.1678236,3.200735E-5,0,-0.30745961752297,0.682185270677541,0.663394181511445,1,1,1,0,0,0,0,1237673706114842691,1,0,22.23708,19.89816,18.70518,18.23009,17.7923,0.1883549,0.01815956,0.01332308,0.02014339,0.01908005,22.24257,19.89193,18.6281,18.09632,17.69403,0.1402008,0.01479715,0.008295455,0.008277291,0.01816572,21.29061,18.98549,17.64467,17.11562,16.71661,0.4794019,0.02355433,0.01333743,0.01405906,0.03292378,21.36684,18.93877,17.64079,17.10388,16.71957,0.1940947,0.01194169,0.006947824,0.006940183,0.01387337,21.5647,18.95864,17.64082,17.1414,16.72198,0.225481,0.01194403,0.006947825,0.006938583,0.01387473,5.885198,0.04165987,0.8921619,257,24577,24577,24577,24577,24577,0.2086127,0.1625496,0.1124511,0.08356319,0.06215566,21.15822,18.77622,17.52834,17.02032,16.65742,0.090999998152256,0.836000025272369,2
547,53884,0.2740103,8.178277E-5,0,-0.451326187129822,-0.885144975630948,0.113238884338131,1,1,1,0,0,0,0,1237662239102206536,1,0,22.99195,20.92154,19.46931,18.91036,18.46651,0.5325612,0.03681237,0.01877566,0.01841369,0.03378395,22.91355,20.94824,19.35678,18.78799,18.47658,0.5276404,0.03721648,0.01597936,0.01467478,0.0339704,29.5445,20.06505,17.87868,17.36804,17.93652,0.3714283,0.2275878,0.06951445,0.04245874,0.3002585,22.08444,19.42239,17.8213,17.26019,16.96516,0.7736962,0.02697272,0.01077895,0.009713527,0.02527785,22.95521,19.55184,17.8213,17.3279,17.36453,0.5359628,0.02706593,0.01077895,0.009708738,0.02543238,13.10244,0.2046425,0.8533439,257,24577,24577,24577,24577,24577,0.2292594,0.1786374,0.1235805,0.09183358,0.06830731,21.85518,19.24375,17.69772,17.16836,16.89685,0.0399999991059303,0.839999973773956,2
548,51630,0.1240625,3.856888E-5,0,-0.829685842914877,0.558230599145952,-1.56134994159455E-5,1,1,1,0,0,0,0,1237648721215881355,1,0,22.01859,20.21347,19.07566,18.58505,18.11201,0.1537025,0.026453,0.02078308,0.01459718,0.03008327,22.22003,20.19509,19.00687,18.47641,18.08739,0.2015302,0.01948834,0.01022512,0.009684982,0.02555758,20.96151,19.19126,18.03405,17.52121,17.11184,0.2700488,0.03028446,0.0196755,0.01791824,0.0413888,21.10051,19.03727,17.86284,17.33054,16.9194,0.1561486,0.0149002,0.008215628,0.007765593,0.01939972,20.05662,19.04038,17.93506,17.40604,17.03122,0.1482526,0.01496961,0.00827094,0.00780829,0.01952771,12.70016,0.132268,0.8544549,257,24577,24577,24577,24577,24577,0.5588545,0.4354557,0.3012462,0.2238582,0.1665094,20.54166,18.60182,17.56159,17.10669,16.7529,0.25,0.679000020027161,2
549,51630,0.2109386,4.901859E-5,0,-0.835604241956693,0.549204271297358,0.0118414193709502,1,1,1,0,0,0,0,1237648722289885361,1,0,22.65435,20.59733,19.16418,18.49094,18.11128,0.2309426,0.02602439,0.0192261,0.01964604,0.02592982,22.78853,20.60264,19.1421,18.54588,18.113,0.2163287,0.02677299,0.01145072,0.0107055,0.02378777,20.9587,19.32346,17.96829,17.4343,17.07368,0.3632165,0.04551672,0.01922563,0.01933892,0.04852257,21.36485,19.31905,17.88243,17.26975,16.85733,0.2122344,0.01982391,0.00893104,0.008494657,0.01810893,21.01486,19.14259,17.88243,17.34612,17.0303,0.2043807,0.0197515,0.008931041,0.008489145,0.01805369,9.70213,0.1138471,0.8470801,257,24577,24577,24577,24577,24577,0.7131799,0.5557049,0.3844341,0.2856757,0.2124903,20.65167,18.76334,17.498,16.98408,16.64484,0.225999996066093,0.741999983787537,2
550,51608,0.07955465,7.497486E-6,0,-0.855842587064016,0.517175506050981,0.00793486663308723,1,1,1,0,0,0,0,1237654670808842500,1,0,20.61293,19.46481,18.82353,18.45143,18.20912,0.06284297,0.02330482,0.01582535,0.01425571,0.02765772,20.62881,19.38025,18.7118,18.31374,18.09768,0.05806504,0.009958312,0.007691506,0.009910083,0.02649728,19.80921,18.41247,17.73732,17.33826,17.20273,0.1224906,0.01591827,0.01322977,0.01536053,0.04856964,19.7319,18.46803,17.77499,17.37562,17.15319,0.0521818,0.009171628,0.007354965,0.007872584,0.02022241,19.70214,18.34566,17.64937,17.25816,17.06884,0.05244778,0.009275196,0.007444572,0.007974646,0.02044467,14.92826,0.1346261,0.8214465,257,1,8193,8193,8193,8193,0.1129365,0.08799937,0.06087756,0.04523855,0.03364917,19.61896,18.38003,17.71411,17.33038,17.11954,0.216999992728233,0.435000002384186,0
551,51608,0.04747811,7.330422E-6,0,-0.856931532111369,0.515397501200375,0.00581076842346106,1,1,1,0,0,0,0,1237648721753997595,1,0,20.37818,19.36827,18.81976,18.65898,18.41143,0.0432883,0.01549584,0.02347425,0.0179686,0.03219033,20.1084,18.93778,18.43475,18.10453,17.88275,0.03650164,0.007823296,0.007007881,0.007436199,0.02250545,18.33178,17.02898,16.58185,16.29049,16.10027,0.0500334,0.008345422,0.007966312,0.009323769,0.03354026,18.22104,17.05559,16.58764,16.29906,16.09243,0.02618215,0.005147206,0.004745613,0.005234268,0.01510648,18.2087,17.01942,16.56513,16.27892,16.01596,0.02615785,0.005142218,0.004783897,0.005312247,0.0156471,61.7197,0.3271045,0.8633233,257,24577,24577,24577,24577,24577,0.1175589,0.09160113,0.06336924,0.04709013,0.03502641,18.10349,16.96399,16.52427,16.25197,16.05741,0.888999998569489,0.0949999988079071,1
552,51633,0.08704937,1.773555E-5,0,-0.866851196869395,0.498506441544713,-0.00776725334499022,1,1,1,0,0,0,0,1237648720680779923,1,0,20.31063,18.38417,17.44119,17.00528,16.67142,0.04175252,0.01489005,0.01908936,0.01669745,0.01362045,20.33495,18.34344,17.35896,16.92944,16.54989,0.03762294,0.00566156,0.00334445,0.002898683,0.007461198,18.87573,16.9946,16.02125,15.59645,15.2447,0.06560654,0.01229585,0.01127379,0.01037411,0.01449777,18.86694,16.89172,15.9012,15.47136,15.10452,0.03213622,0.004475877,0.003296734,0.003178406,0.005905822,18.80537,16.868,15.90122,15.48776,15.14307,0.04041306,0.004475531,0.003296733,0.003178078,0.005903612,13.14369,0.03101802,0.8524734,257,24577,24577,24577,24577,24577,0.1763526,0.1374128,0.09506151,0.07064089,0.05254385,18.69058,16.7543,15.80614,15.40072,15.05198,0.0320000015199184,0.954999983310699,2
553,51910,0.06208752,2.298848E-5,0,-0.879433214809534,0.475900995484139,0.0107453797966333,1,1,1,0,0,0,0,1237651801771671738,1,0,21.06039,18.98948,18.16309,17.76615,17.34452,0.07756569,0.01987884,0.01233138,0.0268382,0.021958,20.99953,18.98964,18.08764,17.67537,17.37792,0.0748405,0.008991556,0.006153008,0.006298838,0.01212934,19.88511,17.98778,17.09685,16.68486,16.36886,0.1244979,0.01153461,0.008030251,0.008716047,0.02192527,19.89828,17.85238,16.94951,16.53982,16.22771,0.06530462,0.007278001,0.005259934,0.005376173,0.01145876,19.70612,17.86507,17.00485,16.57062,16.26633,0.06671974,0.007311845,0.005290464,0.005402695,0.01151343,11.17542,0.05811721,0.8328832,257,1,1,1,1,1,0.1612712,0.1256614,0.086932,0.06459979,0.04805037,19.73701,17.72671,16.86258,16.47522,16.17966,0.158000007271767,0.711000025272369,2
554,51910,0.4182477,1.572799E-4,0,-0.880105647613612,0.474736453739561,0.00627284061736975,1,1,1,0,0,0,0,1237648721755177543,1,0,24.58079,22.04361,20.21836,19.5248,19.13642,0.6704326,0.06899615,0.02578229,0.02201252,0.0486577,24.06435,22.05889,20.16065,19.44621,19.04996,0.7701004,0.08739099,0.02530034,0.02065303,0.05938046,22.82301,21.22048,19.36016,18.48616,18.23417,1.190818,0.1452256,0.04157321,0.03984243,0.1077852,23.83283,21.16608,19.28228,18.53535,18.16622,1.082037,0.06391489,0.01930869,0.01550503,0.04253839,20.98089,21.07292,19.30377,18.38602,18.08929,0.5657748,0.06377771,0.0234832,0.01547158,0.04249924,7.624163,0.2193749,0.884517,257,24577,24577,24577,24577,24577,0.1403179,0.1093347,0.07563727,0.0562066,0.04180738,23.69251,21.05674,19.20664,18.47915,18.12441,0.034000001847744,0.620999991893768,2
555,51910,0.06219585,1.350888E-5,0,-0.875015211599437,0.483887723660664,0.0141792228310645,1,1,1,0,0,0,0,1237648722291785877,1,0,20.11794,18.11244,17.183,16.68948,16.3098,0.03516287,0.01471922,0.01252992,0.01539447,0.01532801,19.97753,17.99748,17.02914,16.56168,16.20146,0.03293104,0.004094449,0.003005851,0.002567443,0.005124879,17.78213,16.05312,15.2096,14.76,14.46669,0.04298894,0.009237747,0.008421758,0.01154964,0.01558572,17.88684,16.00563,15.0993,14.63778,14.30061,0.0192623,0.00328578,0.002629158,0.002651304,0.004392887,17.62168,15.93815,15.11745,14.66225,14.34165,0.0192985,0.003303957,0.002639873,0.002658535,0.004392039,19.70745,0.03403224,0.8687429,257,24577,24577,24577,24577,24577,0.1216164,0.09476268,0.06555638,0.04871542,0.03623532,17.76523,15.91086,15.03374,14.58907,14.26438,0.595000028610229,0.405000001192093,1
556,53119,0.1783565,2.870212E-5,0,-0.949082928402102,0.23674045542444,0.207835395881257,1,1,1,0,0,0,0,1237661812803633218,1,0,21.02603,19.59825,18.57681,18.08138,17.70847,0.1072505,0.02855149,0.03040466,0.01553394,0.02448214,21.45369,19.84385,18.76919,18.21541,17.85148,0.1309649,0.01429605,0.00929164,0.008378033,0.02373254,19.9047,18.18898,17.15084,16.69703,16.45621,0.2327614,0.01880148,0.01181511,0.01289179,0.0469369,19.78547,18.20001,17.19156,16.69804,16.34176,0.08487786,0.009278754,0.006447713,0.006167674,0.01748052,19.83295,18.09745,17.02083,16.55122,16.25172,0.08181746,0.009367687,0.006574477,0.006217871,0.01736549,44.14266,0.3845211,0.7912635,257,1,8193,24577,24577,24577,0.06142577,0.04786254,0.03311108,0.02460509,0.01830166,19.72404,18.15214,17.15845,16.67343,16.32346,0.133000001311302,0.850000023841858,2
557,53119,0.1171574,2.020343E-5,0,-0.946878934488755,0.229118906281451,0.225665261406869,1,1,1,0,0,0,0,1237661068181569657,1,0,21.22502,19.69161,18.7883,18.32821,17.90324,0.07144397,0.02605297,0.02282528,0.01909474,0.02911941,21.14975,19.54285,18.62546,18.19389,17.83083,0.06451374,0.01136288,0.007765837,0.006705964,0.02043219,20.08662,18.41092,17.49488,17.07992,16.71742,0.1287844,0.01518789,0.009730759,0.01235377,0.03495757,19.82273,18.18769,17.26191,16.83849,16.48343,0.05540146,0.008659464,0.006184831,0.006531394,0.01544655,19.9468,18.30637,17.37289,16.95862,16.59401,0.05396906,0.008742751,0.006247321,0.006592215,0.01546306,14.63695,0.1008818,0.8950102,257,24577,24577,24577,24577,24577,0.06369592,0.04963142,0.03433479,0.02551443,0.01897805,19.75904,18.13805,17.22757,16.81297,16.46445,0.166999995708466,0.666999995708466,2
558,53062,0.2060161,5.311617E-6,0,-0.966851215588808,0.164627145870167,0.195183579629762,1,1,1,0,0,0,0,1237661948637675655,1,0,20.27554,19.55146,19.13024,18.74781,18.58894,0.05713339,0.02791427,0.02648792,0.0233029,0.04000018,20.56945,19.81089,19.27337,18.88843,18.75081,0.05435324,0.01503517,0.01306771,0.01309398,0.03872036,19.85921,19.18082,18.56709,18.20651,18.02638,0.08457918,0.0227143,0.01936445,0.02010272,0.06237107,19.9073,19.13159,18.57673,18.20662,18.04478,0.04947632,0.01319961,0.01092791,0.01095736,0.03128692,19.91292,19.15296,18.49621,18.19777,18.00187,0.04878422,0.01319975,0.01098003,0.01097555,0.03126449,11.18527,0.1634494,0.8085079,257,24577,24577,24577,24577,24577,0.1191207,0.09281805,0.0642111,0.04771573,0.03549173,19.78817,19.03877,18.51252,18.1589,18.00929,0.211999997496605,0.455000013113022,0
559,53228,0.0929525,3.883323E-5,0,-0.478132399886866,-0.865100149722978,0.151628292635999,1,1,1,0,0,0,0,1237662637449675082,1,0,22.8271,20.75808,19.97436,19.61105,19.17271,0.2831991,0.03192537,0.0205485,0.02445936,0.04630142,22.35876,20.30937,19.42177,18.98953,18.74633,0.2414531,0.0195257,0.01506708,0.01522194,0.04400037,19.38362,18.19102,17.53206,17.22012,17.18111,0.1377991,0.01895834,0.01690254,0.02190537,0.08072146,20.07033,18.31141,17.5472,17.15129,16.93017,0.1127628,0.01058733,0.008508768,0.008556486,0.02886931,19.29928,18.1497,17.41873,17.08088,16.89233,0.1010895,0.0105204,0.008765634,0.008799232,0.02930943,64.08022,0.8314574,1.0,257,24577,24577,24577,24577,24577,0.2271716,0.1770106,0.1224551,0.09099726,0.06768525,19.84316,18.1344,17.42474,17.06029,16.86249,0.643999993801117,0.356000006198883,1
560,53884,0.03829253,1.084261E-5,0,-0.442891766353972,-0.8903225730704,0.105700516446997,1,1,1,0,0,0,0,1237661949206200852,1,0,21.49088,20.39883,19.84695,19.6158,19.70945,0.1388018,0.03365365,0.04363634,0.0569688,0.1452783,21.45494,20.25813,19.77487,19.48924,19.26193,0.1294241,0.02721331,0.04129487,0.05286502,0.1039753,19.24522,18.05009,17.59794,17.38007,17.50803,0.1761796,0.03604864,0.04118381,0.08363989,0.2766944,19.46575,18.03908,17.57664,17.28877,17.19664,0.08770754,0.01082643,0.01072301,0.01226332,0.03846589,19.01007,17.98752,17.56709,17.26989,17.19653,0.09004847,0.01083788,0.01077014,0.01245081,0.03959702,114.5626,1.921392,0.8161726,257,24577,24577,24577,24577,24577,0.223303,0.1739962,0.1203698,0.08944764,0.06653261,19.24245,17.86508,17.45627,17.19932,17.13011,0.694000005722046,0.166999995708466,1
561,53501,0.147524,2.15552E-5,0,-0.418178575436332,-0.897860178941539,0.137745337914235,1,1,1,0,0,0,0,1237662637451379298,1,0,22.59423,20.88559,19.92103,19.48704,19.02646,0.226358,0.02838106,0.02222154,0.02130378,0.03978297,21.95819,20.25178,19.28821,18.78185,18.41916,0.1878725,0.01909729,0.01274273,0.01135782,0.03253242,19.63437,18.18011,17.44421,16.97673,16.91771,0.1731713,0.02315669,0.01420059,0.01420681,0.06321019,19.93588,18.22495,17.36802,16.90059,16.59994,0.09812182,0.01243574,0.007415923,0.006980707,0.0208434,19.71184,18.15115,17.36802,16.91685,16.6974,0.09818806,0.01238552,0.007415922,0.007030066,0.02105414,83.48296,0.8757877,0.9834158,257,24577,24577,24577,24577,24577,0.2617027,0.203917,0.1410688,0.1048292,0.07797369,19.67418,18.02104,17.22695,16.79576,16.52197,0.577000021934509,0.384999990463257,1
562,51630,0.2711954,5.39502E-5,0,-0.832564495822848,0.553805325176097,-0.011662851359984,1,1,1,0,0,0,0,1237650795146379491,1,0,22.70515,20.81322,19.24284,18.66232,18.26032,0.3274309,0.0299993,0.01631926,0.01695726,0.02445861,22.82216,20.87023,19.27904,18.67731,18.30221,0.3524283,0.03163899,0.01057256,0.01063257,0.02559906,21.25833,19.61954,17.95612,17.34338,16.9339,0.647812,0.06712534,0.02416144,0.02095578,0.05251191,21.67309,19.51107,17.89162,17.2858,16.91712,0.3506517,0.02448168,0.009834831,0.008097114,0.01906515,22.34795,19.59854,17.89163,17.28635,16.91137,0.3273837,0.02442705,0.009834831,0.008091175,0.01907341,11.74607,0.1598374,0.8316801,257,24577,24577,24577,24577,24577,0.3356211,0.2615137,0.1809139,0.1344384,0.09999751,21.33747,19.24956,17.71071,17.15136,16.81713,0.0829999968409538,0.805999994277954,2
563,51608,0.3620324,1.186964E-4,0,-0.841793878453561,0.539621768812319,0.013835202274506,1,1,1,0,0,0,0,1237648722290148091,1,0,24.38498,22.20824,20.30445,19.58777,19.13584,0.7413224,0.09327006,0.02973327,0.0253757,0.05968259,25.29514,22.19214,20.36038,19.62457,19.13731,0.7353178,0.1054089,0.03118521,0.02691057,0.05777602,27.87726,22.4549,19.44347,18.76997,18.31847,0.5671562,1.39022,0.09550599,0.08048965,0.1687571,25.89282,21.42274,19.47103,18.75099,18.28264,0.8429278,0.08652385,0.02308747,0.01970594,0.04320565,24.91062,21.50215,19.47106,18.84876,18.38046,0.789157,0.09296728,0.0259053,0.01968702,0.06603439,8.016696,0.2927334,0.8452076,257,24577,24577,24577,24577,24577,0.3779257,0.2944771,0.2037179,0.1513842,0.1126021,25.5149,21.12827,19.26731,18.59961,18.17003,0.0689999982714653,0.723999977111816,2
564,51608,0.0931683,2.440126E-5,0,-0.843587942311401,0.536908700465459,0.00940377324847875,1,1,1,0,0,0,0,1237651801769902301,1,0,20.79907,18.91261,17.92338,17.55163,17.115,0.06672721,0.01603999,0.01912634,0.01843117,0.01998685,20.88964,18.89326,17.8887,17.43842,17.0871,0.07934026,0.008497177,0.005485532,0.005485966,0.009562655,19.29881,17.50165,16.53529,16.07154,15.79583,0.1315994,0.03509551,0.03048993,0.02987944,0.03172483,19.56633,17.56542,16.55194,16.10863,15.75758,0.06017452,0.006693485,0.004647089,0.00472168,0.009359049,19.46243,17.50354,16.55196,16.1117,15.84767,0.06008183,0.00668977,0.004647089,0.004721568,0.009349774,9.631954,0.04295649,0.823844,257,129,1,193,193,1,0.2524231,0.1966863,0.1360667,0.1011121,0.07520886,19.3139,17.36874,16.41587,16.00752,15.68237,0.0399999991059303,0.927999973297119,2
565,53035,0.1794517,2.711215E-5,0,-0.310681201572534,0.675273474381308,0.668941646024856,1,1,1,0,0,0,0,1237673310965793051,1,0,21.57823,19.41975,18.37016,17.97899,17.29754,0.2590462,0.1266645,0.06542724,0.05213082,0.03327057,21.51722,19.51564,18.22218,17.70195,17.35083,0.2786718,0.1386036,0.05900187,0.04573596,0.02871062,21.64431,18.27688,16.96811,16.40836,15.99527,2.28089,0.3275929,0.1799017,0.1410195,0.07473045,20.45983,18.17346,16.89984,16.35585,15.94861,0.1168287,0.009307944,0.005407829,0.005206395,0.01014947,21.07186,18.16017,16.89984,16.34509,15.94564,0.127958,0.009294846,0.005407829,0.005206019,0.01014897,10.09514,0.05765349,0.8665344,257,16385,24577,24577,24577,24577,0.188256,0.1466878,0.1014779,0.07540897,0.05609041,20.27157,18.02677,16.79836,16.28044,15.89252,0.0670000016689301,0.777999997138977,2
566,53035,0.001507039,0.2078763,12,-0.308626858649081,0.67240059481761,0.672775521410615,1,1,1,0,0,0,0,1237673311502663792,1,0,23.3883,25.03846,22.89769,23.31407,22.56271,0.7258821,0.6107134,0.2045097,0.4857323,0.7504631,24.70277,24.51481,23.06409,23.55411,22.26659,1.065406,0.4658366,0.3243967,0.5499285,0.7254997,23.94332,24.99676,22.91708,23.27865,22.8968,1.532091,1.018913,0.4925385,1.01966,1.421078,23.73299,25.0119,22.71102,23.14156,22.60965,0.8752102,0.6787781,0.2153777,0.4480542,0.8706354,23.69884,24.93209,22.71102,23.0493,22.5802,1.575176,2.686836,0.4779695,1.850092,4.107227,2.775853,1.201133,0.8747197,257,1,1,24577,1,16385,0.2087789,0.1626791,0.1125407,0.08362977,0.06220519,23.52422,24.84922,22.59847,23.05793,22.54744,0.0,0.0,0
567,53052,0.1332552,2.756141E-5,0,-0.307003303783886,0.648543910591578,0.696519753847917,1,1,1,0,0,0,0,1237663547971403955,1,0,21.06005,18.99814,17.97862,17.55617,17.18713,0.08040881,0.01611942,0.02180254,0.01903151,0.02030575,21.09804,19.02898,17.96436,17.49971,17.08973,0.09252742,0.006889336,0.004713273,0.0043019,0.0128216,19.44464,17.68248,16.61875,16.16086,15.78973,0.1379456,0.01450365,0.01378239,0.0128949,0.02513022,19.71014,17.65287,16.58276,16.11709,15.71048,0.06714395,0.006287152,0.004668484,0.004436824,0.009781472,19.73227,17.61896,16.58277,16.13971,15.76514,0.06683641,0.006285446,0.004668484,0.004436493,0.009778242,11.68502,0.05470798,0.8274734,257,24577,24577,24577,24577,24577,0.1818811,0.1417205,0.09804158,0.0728554,0.05419103,19.52826,17.51115,16.48472,16.04423,15.65629,0.090999998152256,0.908999979496002,2
568,53052,0.1316065,2.871913E-5,0,-0.306885976709181,0.64826767726734,0.696828541256499,1,1,1,0,0,0,0,1237663547971404001,1,0,21.7018,19.75219,18.72315,18.3319,18.0014,0.1296088,0.01865779,0.0227893,0.02008271,0.02661376,21.51763,19.73856,18.69483,18.24265,17.86907,0.1309325,0.01283902,0.009160877,0.008693841,0.02344057,20.01758,18.67706,17.68837,17.22953,16.74979,0.147997,0.01737643,0.01359056,0.01328251,0.03620916,20.33552,18.52828,17.49436,17.0428,16.67634,0.09574744,0.009857712,0.007343778,0.006999098,0.0174808,20.12738,18.55483,17.55656,17.09889,16.62908,0.08981459,0.009901216,0.007388037,0.007044256,0.01757435,12.93065,0.1180719,0.8274734,257,24577,24577,24577,24577,24577,0.1825314,0.1422272,0.09839213,0.0731159,0.05438479,20.15299,18.38605,17.39597,16.96968,16.62196,0.171000003814697,0.728999972343445,2
569,51630,0.06758517,1.316565E-5,0,-0.829871347107082,0.557783074985923,-0.0138415501272309,1,1,1,0,0,0,0,1237650795146248321,1,0,20.10365,18.14647,17.25792,16.8523,16.4879,0.04340112,0.0155245,0.01836391,0.01809266,0.01552681,20.24743,18.25889,17.31437,16.88681,16.56181,0.044906,0.0052988,0.003168419,0.002816994,0.007105217,18.48178,16.76161,15.85149,15.43335,15.11261,0.07346264,0.007395112,0.005180169,0.004949708,0.01348518,18.65844,16.76803,15.84377,15.4096,15.08862,0.02983532,0.004186934,0.003236929,0.003064363,0.005669391,18.28196,16.71398,15.84378,15.41033,15.13827,0.02953527,0.004184243,0.003236929,0.003064121,0.005667828,12.34779,0.02862695,0.8356813,257,24577,24577,24577,24577,24577,0.2188797,0.1705496,0.1179854,0.08767582,0.0652147,18.43956,16.59748,15.72579,15.32192,15.02341,0.564000010490417,0.435999989509583,1
570,51630,0.12037,3.929839E-5,0,-0.829763622204933,0.557843134179168,0.0174174887544538,1,1,1,0,0,0,0,1237650797293731984,1,0,21.74878,19.58989,18.38581,17.78379,17.35675,0.1264937,0.1077787,0.09257831,0.08087341,0.06385198,21.58915,19.68968,18.49681,17.94732,17.53559,0.108327,0.1258001,0.09240421,0.08763161,0.06425975,20.90584,18.53857,17.34305,16.82614,16.44812,0.4019869,0.2747753,0.2345004,0.1975279,0.1637685,20.58495,18.47228,17.29326,16.77585,16.37303,0.1215742,0.0104052,0.006250147,0.005925228,0.01258803,20.91675,18.46146,17.29324,16.78363,16.4493,0.1203607,0.01040496,0.006250148,0.005924961,0.01257787,13.65388,0.1020612,0.8148602,257,24577,24577,24577,24577,24577,0.5079377,0.3957816,0.2737999,0.2034627,0.1513388,20.07701,18.0765,17.01946,16.57238,16.22169,0.0359999984502792,0.456000000238419,0
571,53119,0.1428601,8.349472E-6,0,-0.949586799550022,0.22622733880159,0.217039400338042,1,1,1,0,0,0,0,1237661950783586519,1,0,20.49738,19.49988,19.04024,18.64557,18.42571,0.06487896,0.01868358,0.02428535,0.02059883,0.03357301,20.79831,19.6916,19.11323,18.74487,18.52374,0.06998226,0.01307819,0.01182806,0.01289789,0.03347962,19.28288,18.16838,17.55518,17.18427,17.07492,0.08676925,0.01507356,0.01366688,0.01556887,0.04848756,19.19037,18.07785,17.49189,17.10219,16.96531,0.04453617,0.008820229,0.00766842,0.008381894,0.02259054,19.18189,18.10112,17.4919,17.09607,17.04454,0.04434504,0.008818103,0.007668418,0.008381787,0.02705661,46.80534,0.4953475,0.7801113,257,24577,24577,24577,24577,24577,0.06929087,0.05399098,0.03735071,0.02775558,0.02064505,19.12108,18.02386,17.45453,17.07443,16.94467,0.312000006437302,0.593999981880188,2
572,53859,0.2362352,3.564006E-5,0,-0.520007617892677,-0.84390726471867,0.1319568334291,1,1,1,0,0,0,0,1237662199362027801,1,0,20.517,20.18423,19.30881,18.9257,18.61346,0.04950648,0.01857515,0.01669556,0.02007382,0.03373691,20.71954,20.22974,19.29553,18.81425,18.48183,0.06631146,0.01880791,0.01318161,0.008981697,0.03546606,20.3217,19.54161,18.50801,18.05827,17.72685,0.1444223,0.03152313,0.02186841,0.02074994,0.0634971,19.93888,19.43868,18.48727,18.00321,17.69446,0.05235297,0.0150776,0.01061453,0.009718845,0.02607271,20.34452,19.57733,18.48727,18.0414,17.65097,0.04996676,0.01503239,0.01061453,0.009716354,0.02677762,5.599619,0.07020514,0.9036632,257,24577,24577,24577,24577,24577,0.1545378,0.1204148,0.08330243,0.06190263,0.04604419,19.78434,19.31827,18.40397,17.94131,17.64841,0.0299999993294477,0.787999987602234,2
573,53228,0.1881873,4.473495E-5,0,-0.471607288768895,-0.868002522001169,0.155429041622414,1,1,1,0,0,0,0,1237668330963665229,1,0,22.06879,19.98313,18.8003,18.27555,17.8982,0.1627563,0.02904687,0.0211163,0.01780482,0.02672291,22.19299,20.04939,18.76654,18.28597,17.91518,0.1892836,0.02228315,0.01850061,0.01198815,0.02380944,20.50483,18.62874,17.47416,16.97039,16.75753,0.238695,0.04563826,0.04104812,0.03563967,0.04653003,20.78038,18.61601,17.35113,16.85598,16.51391,0.1409898,0.01257284,0.006984671,0.007343859,0.01674296,20.50336,18.522,17.35113,16.8652,16.6592,0.1364547,0.01256148,0.006984671,0.007343647,0.01669397,12.36512,0.1028861,0.8607664,257,24577,24577,24577,24577,24577,0.1994211,0.1553876,0.1074964,0.07988135,0.05941705,20.58096,18.46062,17.24364,16.7761,16.45449,0.0860000029206276,0.810000002384186,2
574,53884,0.05916793,3.01491E-5,0,-0.441029059606098,-0.89133987912853,0.104912289356869,1,1,1,0,0,0,0,1237662238565663069,1,0,21.79261,19.89609,19.13234,18.72196,18.48277,0.1574753,0.01967127,0.01614181,0.017154,0.02964957,21.47963,19.65579,18.75932,18.32406,17.96821,0.1406819,0.01392848,0.008630099,0.009496755,0.01886199,18.1965,16.71689,16.05104,15.63104,15.3817,0.1002464,0.01099937,0.01357481,0.01052726,0.03254152,18.36753,16.7694,15.98223,15.56533,15.28401,0.05060649,0.00578219,0.004585386,0.004724009,0.01081326,17.95939,16.66049,15.98223,15.57852,15.29224,0.05387808,0.005757691,0.004585386,0.004756561,0.01111821,256.3368,1.762165,0.8412716,257,24577,24577,24577,24577,24577,0.2373528,0.1849437,0.1279432,0.09507551,0.07071871,18.13017,16.58445,15.85429,15.47025,15.21329,0.939999997615814,0.0599999986588955,1
575,53884,0.1826627,4.111466E-5,0,-0.451924649074257,-0.885348972526969,0.109184744376452,1,1,1,0,0,0,0,1237662264865849805,1,0,22.1672,20.13257,19.00256,18.40255,17.85871,0.1921875,0.02157476,0.01415163,0.01814943,0.02638484,22.30308,20.10521,18.83458,18.27557,17.85918,0.22466,0.01397907,0.01020096,0.01024472,0.01690926,20.75383,18.79899,17.57441,17.09555,16.7768,0.4746073,0.03171757,0.02403921,0.02277287,0.04991221,20.96433,18.78963,17.53621,16.98846,16.59409,0.1947755,0.012936,0.007373567,0.007120138,0.0160811,20.34409,18.72514,17.53616,17.05303,16.71317,0.1826238,0.01292247,0.007373567,0.007116661,0.01606148,8.7528,0.07386959,0.9085641,257,24577,24577,24577,24577,24577,0.2286088,0.1781304,0.1232298,0.09157294,0.06811345,20.73572,18.6115,17.41298,16.89688,16.52598,0.414000004529953,0.483000010251999,0
576,53501,0.4734083,1.219984E-4,0,-0.414950618528371,-0.899246961492444,0.138458970202474,1,1,1,0,0,0,0,1237662637451445129,1,0,24.85332,22.64322,20.82223,19.99419,19.39128,0.699186,0.09848773,0.04529048,0.04415239,0.06035898,25.51554,22.4184,20.5679,19.63086,19.15092,0.7552123,0.1176359,0.05310334,0.05192847,0.07323951,24.79359,21.10083,19.57157,18.65129,17.90934,5.424141,0.1806138,0.1113099,0.1088591,0.143136,24.87398,21.37889,19.52775,18.60465,18.06383,1.828049,0.07864106,0.02531737,0.0167153,0.041829,24.86928,21.13783,19.52775,18.62136,17.8323,1.081708,0.07823873,0.0340991,0.01717888,0.0416077,6.819605,0.2626491,0.978953,257,24577,24577,24577,24577,24577,0.3037797,0.2367031,0.1637501,0.1216839,0.09051044,24.5702,21.14219,19.364,18.48296,17.97331,0.0740000009536743,0.629999995231628,2
577,51633,0.2526672,1.56724E-5,0,-0.865615843838105,0.500688971952576,-0.00444570146525055,1,1,1,0,0,0,0,1237651800697209366,1,0,22.269,21.21244,20.46105,20.15255,19.97391,0.2073709,0.04676168,0.03200605,0.04705316,0.1027886,22.51839,21.29911,20.52851,20.15211,19.8607,0.3158772,0.051125,0.03952505,0.03235025,0.1302199,22.42222,20.83311,20.09344,19.73578,19.11909,0.6585222,0.0692985,0.05491617,0.06130421,0.151548,22.07065,20.90612,20.08874,19.73615,19.57023,0.2225378,0.03849783,0.02800506,0.02799561,0.0980707,22.00707,20.72768,20.08372,19.70935,18.89735,0.21476,0.03832515,0.02944389,0.02797538,0.09423356,4.942034,0.2091718,0.8494083,257,1,1,1,1,1,0.1339576,0.1043789,0.07220881,0.05365889,0.03991235,21.93669,20.80174,20.01653,19.68249,19.53032,0.0810000002384186,0.595000028610229,2
578,51910,0.4660279,2.197966E-4,0,-0.882152026388945,0.470960023709061,-0.00211149374581964,1,1,1,0,0,0,0,1237648721218437596,1,0,23.71151,22.29298,20.53766,19.72384,19.28894,1.513023,0.08746468,0.03122367,0.02464297,0.05260662,23.7032,22.33422,20.54432,19.67653,19.29912,1.147449,0.1132319,0.03455972,0.02474461,0.07038797,22.3403,21.70877,19.63005,19.00062,18.76234,2.171064,0.4842053,0.07047238,0.09695268,0.223469,23.43009,21.45841,19.64093,18.79689,18.39142,0.8037124,0.08274086,0.0252844,0.01840464,0.04890696,21.43962,21.59504,19.64101,18.94215,18.77321,0.3759685,0.08103945,0.02528439,0.01840981,0.05992618,6.523103,0.2614947,0.8679986,257,24577,24577,24577,24577,24577,0.1433373,0.1116875,0.07726487,0.05741608,0.04270701,23.28675,21.34672,19.56367,18.73948,18.34871,0.0710000023245811,0.64300000667572,2
579,51910,0.1632294,8.666279E-6,0,-0.879516701442278,0.475719957679641,-0.011869867285477,1,1,1,0,0,0,0,1237651800161059006,1,0,20.35474,19.32417,18.66072,18.26919,17.84549,0.0596327,0.02517078,0.01802795,0.02406424,0.02634732,20.41835,19.32114,18.61369,18.19567,17.95658,0.05559824,0.01133705,0.008897923,0.008340903,0.02304695,19.41296,18.36188,17.63306,17.22846,17.06767,0.08415375,0.0164399,0.01416555,0.01368026,0.04050647,19.28615,18.18751,17.47416,17.05335,16.80812,0.04385756,0.009204193,0.007323857,0.006918979,0.01829225,19.3114,18.29713,17.53711,17.12104,17.0003,0.04411095,0.009258334,0.007377252,0.006949119,0.02066949,11.84186,0.1026512,0.8236564,257,1,1,1,1,1,0.1571058,0.1224158,0.08468668,0.06293128,0.04680931,19.12904,18.06509,17.38947,16.99042,16.76131,0.24099999666214,0.620999991893768,2
580,53055,0.07962928,7.52186E-6,0,-0.969458307043586,0.140037370599215,0.201345786496369,1,1,1,0,0,0,0,1237661949175136578,1,0,20.75642,20.03719,19.51775,19.10748,19.01788,0.08217598,0.0339299,0.02382618,0.03851004,0.05281873,21.09456,20.01811,19.57251,19.2209,19.0298,0.09160262,0.01679646,0.01581745,0.01739739,0.04912064,18.89687,17.73876,17.41072,17.21928,16.90251,0.1076284,0.01687596,0.01493078,0.02394773,0.06440184,18.76197,17.69475,17.30634,17.01824,16.83203,0.04705361,0.008971198,0.009017536,0.009816247,0.02778668,18.75922,17.65908,17.30634,17.09911,16.82629,0.046973,0.008958695,0.009017536,0.009792783,0.02850113,101.5052,1.415095,0.7980132,257,24577,24577,24577,24577,24577,0.1813179,0.1412817,0.09773801,0.07262982,0.05402324,18.58066,17.55347,17.2086,16.94561,16.778,0.354999989271164,0.467999994754791,0
581,53083,0.1134797,1.232178E-5,0,-0.968479953624144,0.123291065583006,0.216439119790261,1,1,1,0,0,0,0,1237661950249336913,1,0,20.89141,19.70625,19.12919,18.70321,18.29081,0.1006537,0.04710978,0.03417238,0.03388529,0.03357863,21.07903,19.89195,19.11498,18.72078,18.40898,0.09615914,0.01523549,0.01171598,0.01126647,0.03229949,19.62796,18.42607,17.72821,17.37214,17.10055,0.1399819,0.01928316,0.01308603,0.01631151,0.05386244,19.73021,18.38268,17.65554,17.2813,16.96324,0.072964,0.01022754,0.008118111,0.007925962,0.02261946,19.57248,18.33296,17.65553,17.30166,17.00697,0.07511432,0.01020932,0.008118111,0.007922822,0.02260083,40.62072,0.4843801,0.8081979,257,24577,24577,24577,24577,24577,0.1825627,0.1422516,0.09840903,0.07312845,0.05439414,19.54765,18.24043,17.55713,17.20817,16.90884,0.175999999046326,0.735000014305115,2
582,53083,0.04124846,1.255205E-5,0,-0.970426147412625,0.108538438465567,0.215621195139406,1,1,1,0,0,0,0,1237661812806844572,1,0,20.01565,18.17345,17.28872,16.80107,16.48694,0.04305824,0.01757651,0.01975821,0.01833122,0.02452693,20.11829,18.29672,17.34043,16.86244,16.50757,0.04003406,0.00867027,0.007405713,0.004952521,0.008564053,18.22454,16.58835,15.7191,15.3103,14.99458,0.07108579,0.02015597,0.0166016,0.01333552,0.01565962,18.32439,16.46636,15.56963,15.12013,14.76927,0.03058569,0.003858531,0.003112235,0.003046807,0.006360663,18.046,16.41915,15.57954,15.18993,14.88851,0.03090862,0.003878005,0.003118262,0.003044492,0.00634832,21.14457,0.05036036,0.8257158,257,1,8193,24577,24577,24577,0.183643,0.1430934,0.09899133,0.07356117,0.05471599,18.14075,16.32327,15.47064,15.04657,14.71455,0.232999995350838,0.714999973773956,2
583,51633,0.1667602,3.731951E-5,0,-0.8628247755471,0.505204672825467,-0.0173679376268178,1,1,1,0,0,0,0,1237648720143712309,1,0,20.36481,19.9659,19.36533,19.02385,18.80116,0.04690548,0.03219947,0.02028367,0.01851417,0.04309365,20.60722,19.98693,19.36662,18.97525,18.80222,0.04355232,0.01854385,0.01509356,0.01580209,0.04561843,20.20548,19.35281,18.66885,18.25621,18.20266,0.1061088,0.03117903,0.02422896,0.02556252,0.0870081,19.97428,19.33077,18.68423,18.29595,18.15648,0.04449701,0.01384817,0.01120568,0.01167155,0.03430818,20.16018,19.27611,18.60614,18.15188,18.1011,0.05060838,0.01373135,0.01125896,0.01172806,0.03431356,10.84007,0.1634642,0.842676,257,24577,24577,24577,24577,24577,0.1647883,0.1284019,0.08882784,0.06600861,0.04909828,19.80949,19.20237,18.5954,18.22994,18.10739,0.144999995827675,0.635999977588654,2
584,51633,0.03274609,1.05991E-5,0,-0.868039378260248,0.496493059527217,0.00150984464942309,1,1,1,0,0,0,0,1237654670272561322,1,0,20.19336,18.46823,17.83991,17.40073,16.94337,0.04686337,0.01838861,0.01523479,0.01375055,0.01792594,20.17704,18.46387,17.59129,17.12475,16.74959,0.04492865,0.00582833,0.003985718,0.003653864,0.01046259,17.96058,16.40432,15.66866,15.25656,14.9889,0.05574271,0.01223185,0.01097871,0.01378535,0.01897927,18.17087,16.55411,15.76217,15.33325,15.00024,0.02581659,0.003875648,0.003229454,0.003214475,0.00721933,17.88687,16.28878,15.58655,15.15005,14.79627,0.0258437,0.003933904,0.00328855,0.003259047,0.007321109,57.60667,0.1668889,0.837865,257,1,1,8193,8193,1,0.1439455,0.1121613,0.07759269,0.05765969,0.04288821,18.02693,16.44195,15.68458,15.27559,14.95735,0.694000005722046,0.305999994277954,1
585,51630,0.0632066,2.13949E-5,0,-0.830650094015143,0.556793648588095,-0.00111991276028284,1,1,1,0,0,0,0,1237648721215946868,1,0,20.92379,18.87571,17.88361,17.41705,16.99401,0.06202799,0.01707138,0.01519567,0.01618912,0.02540032,20.95657,18.93875,17.90845,17.42519,17.04215,0.06925438,0.008081119,0.004051755,0.003788367,0.0113918,19.94478,18.15783,17.15841,16.68472,16.2759,0.08374351,0.0125826,0.008991796,0.009283995,0.01746643,20.15305,18.09432,17.07353,16.59208,16.1642,0.0558052,0.006943413,0.004738962,0.004649894,0.009387684,19.52447,18.07936,17.07355,16.62161,16.20972,0.05417001,0.00694138,0.004738962,0.004647947,0.009380624,6.904714,0.02498288,0.8617051,257,24577,24577,24577,24577,24577,0.5538431,0.4315508,0.2985449,0.2218508,0.1650163,19.5992,17.66277,16.77499,16.37023,15.99918,0.0540000014007092,0.862999975681305,2
586,51608,0.03546179,6.589108E-6,0,-0.85648358135777,0.516159656443772,0.00388380282912572,1,1,1,0,0,0,0,1237648721753997542,1,0,19.87978,18.86422,18.37053,18.09819,17.86078,0.03259376,0.01418797,0.02299792,0.0192832,0.02635638,19.99752,18.8341,18.28895,17.93877,17.68707,0.03413805,0.006360515,0.00613419,0.01369152,0.02091186,19.06902,17.84065,17.23598,16.88065,16.64608,0.05593582,0.01062857,0.01147715,0.02470708,0.03557321,18.85229,17.63904,17.04734,16.71426,16.4725,0.02759941,0.006078357,0.00531215,0.005523974,0.01468145,19.10325,17.7549,17.11948,16.764,16.52129,0.02719885,0.006094273,0.005348865,0.005558258,0.01478701,13.61819,0.0727955,0.8633233,257,24577,24577,24577,24577,24577,0.1343331,0.1046715,0.07241124,0.05380931,0.04002424,18.71796,17.53437,16.97493,16.66045,16.43247,0.296999990940094,0.561999976634979,2
587,51633,0.0904035,1.118284E-5,0,-0.869895206788455,0.493190723672415,-0.00672601590473404,1,1,1,0,0,0,0,1237654669735756040,1,0,20.43936,19.09495,18.49643,17.98855,17.68428,0.05630906,0.0186473,0.01668577,0.01268946,0.02329561,20.52409,19.1251,18.35848,17.89565,17.63732,0.06117873,0.009517813,0.007085843,0.005652926,0.01988419,19.41429,18.08673,17.33182,16.89679,16.69817,0.09263922,0.01290708,0.01004938,0.01132978,0.03546422,19.35032,17.92598,17.15758,16.69939,16.44613,0.04853179,0.007609659,0.00587153,0.005783928,0.0153703,19.48734,18.02117,17.26017,16.80507,16.60558,0.04862336,0.007652526,0.005915188,0.005821592,0.01547225,13.93093,0.09562551,0.8404275,257,1,1,1,1,1,0.1692165,0.1318523,0.09121484,0.0677824,0.05041765,19.1811,17.79413,17.06637,16.63161,16.39572,0.263000011444092,0.632000029087067,2
588,51633,0.09158873,8.299177E-6,0,-0.869233051332877,0.494342478251118,-0.00770822074660967,1,1,1,0,0,0,0,1237648720680910946,1,0,20.7367,19.72579,19.01585,18.83484,18.52891,0.05726482,0.02366388,0.02010459,0.01809715,0.03574826,20.58043,19.38395,18.77812,18.39346,18.19258,0.05280705,0.01080365,0.008985806,0.008873509,0.0254536,18.98712,17.89194,17.3543,17.02372,16.85007,0.06023134,0.01176946,0.01075692,0.01189924,0.03902139,19.05122,17.90169,17.34407,16.99055,16.78728,0.03708184,0.008386384,0.006373032,0.006542294,0.0181332,18.91602,17.8527,17.33414,16.97675,16.7805,0.03683606,0.008374826,0.006393834,0.006624324,0.02102111,34.47892,0.2785602,0.8397884,257,24577,24577,24577,24577,24577,0.1804946,0.1406402,0.09729423,0.07230004,0.05377795,18.87072,17.76105,17.24678,16.91825,16.7335,0.190999999642372,0.684000015258789,2
589,53858,0.0737039,1.198106E-5,0,-0.465112094092857,-0.878349721789657,0.11032908120976,1,1,1,0,0,0,0,1237662264865456729,1,0,22.24787,20.52817,20.22394,19.87577,19.3546,0.2072795,0.02626557,0.02742518,0.0268336,0.05957254,21.38083,20.15266,19.58166,19.26653,18.99398,0.1248407,0.01875978,0.01665192,0.01958921,0.0498819,18.45635,17.94697,17.58879,17.30116,17.12609,0.08895567,0.02254053,0.0178498,0.03206862,0.1037859,19.13972,18.08833,17.62514,17.34264,17.11651,0.05843072,0.01008217,0.01027945,0.01431875,0.03686274,17.92749,17.7715,17.45816,17.13754,16.94567,0.05823688,0.01044111,0.01075003,0.0148987,0.03829031,60.37315,0.9415783,0.9150934,257,24577,24577,24577,24577,24577,0.2620948,0.2042225,0.1412802,0.1049863,0.07809052,18.87762,17.88411,17.48386,17.23766,17.03842,0.925999999046326,0.0370000004768372,1
590,53498,0.3099051,7.29614E-5,0,-0.452605380646287,-0.881957976853602,0.131523748708479,1,1,1,0,0,0,0,1237662636376785573,1,0,25.18332,21.3717,19.68457,19.13239,18.75228,0.659973,0.04613158,0.02606597,0.02475731,0.03571967,23.75282,21.26677,19.54838,18.96747,18.60145,0.7547056,0.0474578,0.02700001,0.02623308,0.03842155,24.53816,20.31296,18.62557,18.07737,17.71112,4.250888,0.07688642,0.05868177,0.05586412,0.07959531,24.81285,20.32847,18.58134,17.99734,17.62605,1.679848,0.03439254,0.01214844,0.01075898,0.02451925,22.91323,20.12986,18.58132,18.05864,17.7087,0.8865293,0.0343063,0.01214845,0.01074825,0.02449991,6.168756,0.09445272,0.9464092,257,24577,24705,24577,24577,24705,0.2095051,0.1632449,0.1129321,0.08392065,0.06242155,24.60335,20.16523,18.4684,17.91342,17.56363,0.0379999987781048,0.712000012397766,2
591,51630,0.06727324,2.264598E-5,0,-0.829753484428815,0.558003502187897,-0.0118847223056262,1,1,1,0,0,0,0,1237650795146248304,1,0,20.16505,18.61767,17.84301,17.40597,17.05891,0.0418298,0.01605091,0.01863373,0.01831034,0.01684493,20.28458,18.68628,17.84479,17.41952,17.11338,0.04341932,0.006785046,0.004891274,0.004421081,0.01028045,19.0696,17.61762,16.82788,16.43031,16.17207,0.05743637,0.008044379,0.006655389,0.006787111,0.01566223,19.09724,17.53215,16.71395,16.2963,15.99664,0.03281037,0.005524485,0.004359261,0.004137922,0.008353246,18.89338,17.52884,16.77672,16.36456,16.09367,0.03293863,0.005535737,0.004376031,0.004154292,0.008377097,14.88455,0.05745931,0.8356813,257,24577,24577,24577,24577,24577,0.2526505,0.1968635,0.1361893,0.1012032,0.07527661,18.84459,17.33529,16.57776,16.1951,15.92137,0.137999996542931,0.75900000333786,2
592,51608,0.02513117,7.289259E-6,0,-0.845540945684556,0.533698000276078,0.0150649816522304,1,1,1,0,0,0,0,1237651752385577176,1,0,19.5934,18.6881,18.28896,18.21455,17.86231,0.03712418,0.03425014,0.01232604,0.02732172,0.02549819,19.68584,18.63983,18.12156,17.85261,17.59503,0.03171468,0.006795302,0.007361837,0.007530854,0.01737352,18.05028,16.78961,16.1755,15.84863,15.61556,0.05715472,0.01080935,0.01211126,0.01527832,0.02899419,17.97391,16.82672,16.23739,15.94267,15.67652,0.02192985,0.004811733,0.00429004,0.004748762,0.01214149,17.88937,16.70071,16.11582,15.78696,15.57141,0.02184916,0.004892638,0.004375009,0.004886959,0.01248648,73.85187,0.3529957,0.8024924,257,24577,24577,24577,24577,24577,0.2503345,0.195059,0.1349409,0.1002755,0.07458658,17.72358,16.63166,16.10245,15.84239,15.60193,0.737999975681305,0.24600000679493,1
593,51608,0.07421976,6.53471E-6,0,-0.84599399528965,0.533177799323491,0.00394895459777113,1,1,1,0,0,0,0,1237648721753473275,1,0,21.04545,20.231,20.07293,19.81997,19.59435,0.0716088,0.02657089,0.02615839,0.02780867,0.08250076,20.91255,20.02425,19.7284,19.42449,19.34061,0.0687165,0.01521253,0.0157598,0.02212937,0.08057946,19.00305,18.07147,17.77663,17.53141,17.53697,0.09121455,0.02011889,0.02335921,0.03124832,0.1311464,18.9379,18.07063,17.7687,17.47927,17.428,0.03996616,0.009957082,0.01087987,0.01272765,0.05043669,18.88003,18.03305,17.70642,17.40101,17.34865,0.03965527,0.01013361,0.0111198,0.01314201,0.05185474,68.95944,1.164525,0.8653509,257,24577,24577,24577,24577,24577,0.2324783,0.1811455,0.1253157,0.09312296,0.06926637,18.70543,17.88949,17.64338,17.38614,17.35873,0.681999981403351,0.181999996304512,1
594,51608,0.0844093,1.601104E-5,0,-0.847527978023574,0.530719377894296,0.00576787610511321,1,1,1,0,0,0,0,1237648721753538898,1,0,20.63989,18.67952,17.77048,17.39463,16.99742,0.05357071,0.01631823,0.01419622,0.02049591,0.02305339,20.5343,18.62591,17.66264,17.21291,16.85539,0.0440783,0.006488242,0.00379592,0.00424157,0.00859401,18.24056,16.581,15.80104,15.40619,15.13831,0.07013478,0.0104462,0.01088133,0.008649578,0.02285946,18.3126,16.54343,15.65867,15.23051,14.87113,0.03000741,0.004327989,0.00335382,0.003397896,0.007568721,17.85474,16.37032,15.65867,15.2992,15.04601,0.0299395,0.004331627,0.003353821,0.003395148,0.00753861,15.60835,0.04747006,0.864902,257,24577,24577,24577,24577,24577,0.1912828,0.1490463,0.1031095,0.07662141,0.05699226,18.12131,16.39438,15.55556,15.15388,14.81413,0.861999988555908,0.103000000119209,1
595,51630,0.08535129,8.540987E-6,0,-0.832616887061673,0.553613187467715,0.0161727561524134,1,1,1,0,0,0,0,1237650797293862996,1,0,21.61247,19.98461,19.01697,18.49553,18.1151,0.1223793,0.01924759,0.01504139,0.0189411,0.02950273,21.42838,19.86771,19.00397,18.49962,18.18713,0.1104828,0.01442526,0.01021973,0.009713654,0.02395009,20.27486,18.41947,17.6108,17.18388,16.79994,0.2269035,0.01891619,0.01106937,0.01446381,0.03768874,19.97055,18.40453,17.5695,17.08965,16.77393,0.07442231,0.009832777,0.007265721,0.007129953,0.0170679,19.98872,18.38275,17.5695,17.13656,16.77465,0.08407819,0.009829747,0.007265722,0.007122205,0.01725278,39.56186,0.4063239,0.809093,257,24577,24577,24577,24577,24577,0.6515355,0.507672,0.3512051,0.260983,0.1941234,19.31902,17.89686,17.2183,16.82866,16.57981,0.273000001907349,0.591000020503998,2
596,51608,0.1257513,1.633387E-5,0,-0.857154594955158,0.514928435812574,0.0116063059961037,1,1,1,0,0,0,0,1237648722290933876,1,0,21.34392,19.86236,18.76466,18.34452,17.92902,0.08267493,0.0207576,0.01365667,0.01640973,0.02196643,21.10743,19.54215,18.55696,18.05191,17.6826,0.07724192,0.01259139,0.006919214,0.00776684,0.01686925,18.524,17.28374,16.47674,16.05993,15.7923,0.07541063,0.01430173,0.01137256,0.01106415,0.02950387,18.79076,17.34437,16.49598,16.04986,15.73168,0.03835288,0.006480647,0.004665775,0.004861243,0.01090931,18.48097,17.22402,16.36945,15.91491,15.56995,0.03740595,0.006489874,0.004793425,0.004982161,0.0110583,102.6043,0.6197736,0.8388395,257,24577,24577,24577,24577,24577,0.1206824,0.09403489,0.0650529,0.04834127,0.03595703,18.67008,17.25034,16.43092,16.00152,15.69572,0.912999987602234,0.0869999974966049,1
597,51633,0.0876964,1.486108E-5,0,-0.869693025307635,0.493583693122062,-0.00302978798589309,1,1,1,0,0,0,0,1237648721217782065,1,0,22.10842,20.65384,19.95097,19.82357,19.48065,0.1448782,0.03068203,0.02472515,0.02461293,0.06404026,21.58255,20.22139,19.55353,19.15766,18.92027,0.1127186,0.01949576,0.01543451,0.01619111,0.0505049,19.33427,18.24082,17.71863,17.36193,17.08286,0.1047751,0.02092071,0.01834623,0.02156558,0.07016602,19.55542,18.25061,17.66239,17.30381,17.06529,0.05765526,0.01133695,0.009562896,0.01295582,0.04051949,19.28106,18.1581,17.66239,17.32444,17.02731,0.05660291,0.01130037,0.009562897,0.01295246,0.04433309,68.95679,0.9461783,0.8552517,257,24577,24577,24577,24577,24577,0.1555816,0.1212281,0.08386506,0.06232073,0.04635517,19.39984,18.12938,17.57853,17.24149,17.01894,0.5,0.46399998664856,1
598,54266,0.04389695,1.008739E-5,0,-0.569946884007907,-0.804528882958293,0.167014448164096,1,1,1,0,0,0,0,1237662533822185849,1,0,20.98904,19.70163,19.24943,18.96458,18.89396,0.08927113,0.01925301,0.0169068,0.02090283,0.04293015,20.8479,19.61713,19.03597,18.75022,18.52669,0.07663147,0.01263771,0.01082903,0.01156776,0.03438004,18.2667,17.24627,16.85839,16.68161,16.48577,0.0635668,0.01089325,0.008638839,0.01429257,0.04846644,18.40897,17.26632,16.80524,16.5489,16.36757,0.03423475,0.006503525,0.006474597,0.006649364,0.02072174,18.15192,17.16375,16.80524,16.57598,16.4118,0.03354632,0.006474989,0.006474597,0.006647722,0.02076454,99.18648,0.7950577,0.8402615,257,1,24577,24577,24577,24577,0.1623733,0.1265201,0.08752605,0.06504124,0.04837873,18.2466,17.1398,16.71771,16.48386,16.31919,0.400000005960464,0.560000002384186,2
599,54266,0.2570316,5.474001E-5,0,-0.573840827658491,-0.803775661237481,0.157007614192649,1,1,1,0,0,0,0,1237661950812750099,1,0,22.66703,20.65712,19.28816,18.84074,18.30119,0.3327621,0.04421457,0.02801403,0.02572515,0.02975664,22.47546,20.62726,19.171,18.60843,18.24018,0.3238516,0.03983795,0.02449596,0.02369768,0.02388863,22.02997,19.15904,17.68642,17.13463,16.9752,1.667282,0.09557445,0.04601099,0.04872011,0.06460014,21.64687,18.92936,17.4429,16.88601,16.55576,0.5355524,0.01998078,0.008646798,0.007667562,0.01709601,22.18436,19.02881,17.55036,16.97059,16.81544,0.7234321,0.02028979,0.008781737,0.007744361,0.01725505,23.63892,0.2871601,0.8515837,257,24577,24577,24577,24577,24577,0.1330041,0.1036359,0.07169484,0.05327695,0.03962826,21.51386,18.82572,17.37121,16.83274,16.51613,0.137999996542931,0.75900000333786,2
600,53859,0.1011237,1.451908E-5,0,-0.51807862665919,-0.845273157814486,0.130796885579338,1,1,1,0,0,0,0,1237662199362093341,1,0,21.86114,20.37307,19.48304,19.07677,18.54395,0.1401437,0.02012186,0.01655166,0.01960499,0.03197253,21.54234,19.95631,19.02843,18.52926,18.1258,0.109254,0.01542026,0.01093025,0.009876911,0.02647982,20.25348,18.41826,17.5841,17.18877,16.76734,0.2629571,0.02206461,0.01612469,0.01649178,0.0499936,20.27403,18.62317,17.72918,17.27842,16.887,0.09483808,0.01110283,0.008121594,0.007611649,0.01989365,19.99285,18.40796,17.57967,17.1449,16.68804,0.09925745,0.01141891,0.008316522,0.007747417,0.02000299,26.04393,0.2909184,0.9185891,257,24577,24577,24577,24577,24577,0.1559894,0.1215459,0.08408489,0.06248409,0.04647668,20.11804,18.50162,17.6451,17.21594,16.84052,0.442999988794327,0.508000016212463,2
601,53055,0.08314302,1.363567E-5,0,-0.968358212181036,0.139732672334426,0.206778028774403,1,1,1,0,0,0,0,1237661812269187214,1,0,20.45357,19.1196,18.29,18.02871,17.79879,0.05662114,0.02437586,0.01908283,0.02720364,0.02933547,20.60531,19.20286,18.41795,18.02009,17.77164,0.05679404,0.009605507,0.007310372,0.0063787,0.01726264,19.06932,17.72361,17.04031,16.72557,16.49126,0.0917782,0.01208492,0.01052371,0.01226718,0.04035189,19.01197,17.5986,16.86169,16.48807,16.22418,0.04474056,0.006872563,0.00565985,0.005831255,0.0155308,18.8237,17.56633,16.94352,16.64602,16.36972,0.04580367,0.006942303,0.005719123,0.005888757,0.01558274,23.17955,0.1552123,0.7957708,257,1,24577,24577,24577,24577,0.1664827,0.1297222,0.08974122,0.06668734,0.04960313,18.84549,17.46888,16.77195,16.42138,16.17458,0.0419999994337559,0.833000004291534,2
602,53083,0.003255778,8.914194E-6,0,-0.968538451441428,0.0969009139092684,0.229223648350229,1,1,1,0,0,0,0,1237661813880914122,1,0,20.76638,20.13609,20.47881,20.41427,20.62559,0.08349238,0.02580241,0.03430286,0.0506404,0.2207653,20.85234,20.28966,20.23887,20.29265,20.37134,0.08106597,0.02055396,0.02889491,0.04735995,0.1743139,17.94863,17.35279,17.33371,17.53139,17.61586,0.08930898,0.02157448,0.0281844,0.07092918,0.2627506,17.92707,17.25829,17.20548,17.28203,17.41865,0.03454499,0.008174089,0.01381365,0.01985764,0.08083638,17.84094,17.26674,17.20548,17.28772,17.60352,0.03448218,0.008170536,0.01381365,0.01982073,0.09004088,399.0748,7.078383,0.8279015,257,1,24577,24577,24577,24577,0.1342911,0.1046387,0.07238855,0.05379245,0.0400117,17.79278,17.15365,17.13309,17.22824,17.37864,0.902999997138977,0.0649999976158142,1
603,53138,0.1716976,4.511036E-5,0,-0.974557972863875,0.0716919021743837,0.212360610024727,1,1,1,0,0,0,0,1237661949713776668,1,0,22.16887,19.97696,18.6388,18.14551,17.91434,0.3316896,1.119591,0.7067894,0.5099635,0.4066994,22.12395,20.09175,18.85864,18.4064,18.01641,0.282628,1.120419,0.8358556,0.6127736,0.4996015,21.82647,18.97897,17.77267,17.21602,17.15936,1.418341,3.074643,1.888875,1.265244,1.391056,21.45238,19.04216,17.77672,17.26071,16.94511,0.2728619,0.01776683,0.00939061,0.00806565,0.01789174,21.74075,18.98229,17.77675,17.19084,17.03323,0.4849285,0.0213029,0.009390612,0.008060224,0.01813885,12.70586,0.1694883,0.7851635,257,24577,24577,24577,24577,24577,0.1803594,0.1405348,0.09722134,0.07224587,0.05373766,21.27202,18.90162,17.6795,17.18847,16.89137,0.0,0.513999998569489,2
604,51630,0.1608769,5.932151E-5,0,-0.831640594506938,0.554937360175419,0.020455997890217,1,1,1,0,0,0,0,1237651752921792764,1,0,22.5724,20.5847,19.32239,18.80945,18.18662,0.3578326,0.03245468,0.01906845,0.01998799,0.03084434,22.72844,20.63896,19.20873,18.62136,18.16481,0.4263997,0.03065048,0.01445204,0.01232654,0.03120086,20.36228,19.24755,17.79117,17.18743,16.79593,0.3957785,0.06001274,0.03024182,0.02890001,0.06598307,21.242,19.12744,17.69979,17.10715,16.65816,0.3334412,0.02292171,0.01080238,0.009223693,0.0231025,19.53288,19.10372,17.69977,17.14969,16.83341,0.2784247,0.02423806,0.01080238,0.009222095,0.02303911,13.19717,0.209397,0.8248816,257,24577,24577,24577,24577,24577,0.6791977,0.5292262,0.3661163,0.2720636,0.2023654,20.5628,18.59821,17.33367,16.83509,16.4558,0.0540000014007092,0.892000019550323,2
605,51608,0.3699022,1.067885E-4,0,-0.844301127550396,0.535842861978168,0.00529464674698669,1,1,1,0,0,0,0,1237648721753407724,1,0,24.81384,22.0563,20.25248,19.58887,19.32245,0.706905,0.07163063,0.02780143,0.02465213,0.06237122,24.68298,22.07612,20.17862,19.50044,19.13264,0.8943853,0.07321851,0.02680949,0.02344209,0.06740177,21.59056,20.94479,18.89465,18.20395,17.55909,0.7997336,0.2558697,0.05488899,0.04907577,0.1146923,24.82044,20.6797,18.77942,18.10748,17.72542,2.233961,0.06604765,0.01902362,0.01626519,0.04713221,21.57643,20.75493,18.77943,18.11628,17.40785,1.201156,0.06585927,0.01902363,0.01626446,0.04671337,10.86303,0.3403792,0.8677768,257,24577,24577,24577,24577,24577,0.2707034,0.2109302,0.1459206,0.1084346,0.08065543,24.54974,20.46877,18.6335,17.99904,17.64477,0.125,0.625,2
606,51608,0.08834895,6.768083E-6,0,-0.84628410124661,0.532365208804957,0.0197611849663009,1,1,1,0,0,0,0,1237648722827280613,1,0,21.27068,19.89633,19.10746,18.58762,18.24035,0.08963777,0.02280895,0.01586796,0.01660684,0.02838781,21.24462,19.82677,19.02873,18.51049,18.22952,0.09576697,0.01454427,0.01047425,0.01031934,0.02691585,19.87393,18.61835,17.79905,17.33359,17.09995,0.1617266,0.02204277,0.01585496,0.01659136,0.05038304,19.98718,18.57897,17.78783,17.28853,17.01412,0.06739169,0.01047035,0.007727313,0.007755886,0.01976672,19.77009,18.57514,17.74517,17.27635,17.02748,0.06759378,0.0104686,0.007794839,0.007798768,0.02093337,34.14839,0.3461397,0.8252115,257,24577,24577,24577,24577,24577,0.2621393,0.2042572,0.1413042,0.1050041,0.0781038,19.72504,18.37471,17.64653,17.18353,16.93602,0.691999971866608,0.291999995708466,1
607,51910,0.0455955,1.495768E-5,0,-0.87560333307122,0.482881176093264,0.012023846695512,1,1,1,0,0,0,0,1237648722291851295,1,0,19.74389,18.18351,17.63714,17.37612,17.10646,0.02828547,0.01671541,0.01542857,0.01669855,0.01818823,19.77527,18.18488,17.58175,17.28816,17.07298,0.02372674,0.005098147,0.004108333,0.003718383,0.01055559,18.95863,17.38506,16.7515,16.43608,16.23788,0.0377733,0.007071253,0.006489657,0.007344007,0.01530401,18.84721,17.26369,16.64487,16.34792,16.12976,0.02276753,0.004701189,0.004025353,0.004309986,0.008682025,18.86732,17.3088,16.66741,16.34417,16.15101,0.02278619,0.004706907,0.004036522,0.004322208,0.008711759,8.787721,0.0237729,0.8602655,257,24577,24577,24577,24577,24577,0.1271062,0.09904031,0.06851562,0.05091445,0.037871,18.72011,17.16465,16.57636,16.29701,16.09189,0.0939999967813492,0.811999976634979,2
608,51909,0.09595944,3.229364E-5,0,-0.885234008248553,0.465145594563836,-5.714000838578E-4,1,1,1,0,0,0,0,1237648721218568482,1,0,21.91616,20.09669,19.25041,18.72394,18.33493,0.1306803,0.0233368,0.01907618,0.01682408,0.02952443,21.94446,19.96943,19.00276,18.45483,18.037,0.1505254,0.01598741,0.01013466,0.009282654,0.02416076,20.50857,18.68919,17.80941,17.2779,16.94063,0.2148505,0.02351764,0.01700718,0.0174738,0.04373083,20.57902,18.76313,17.82189,17.29017,16.88504,0.09363277,0.0112294,0.007445372,0.007080313,0.01708232,20.66966,18.64285,17.72765,17.19864,16.81691,0.09080047,0.01132792,0.007537025,0.007160849,0.01728516,29.87013,0.2765422,0.8782817,257,24577,24577,24577,24577,24577,0.1214285,0.09461623,0.06545507,0.04864013,0.03617932,20.45759,18.66851,17.75643,17.24153,16.84886,0.732999980449677,0.232999995350838,1
609,51630,0.1254106,4.468287E-5,0,-0.828794310215705,0.559550289829746,0.00186131822146627,1,1,1,0,0,0,0,1237650796219924743,1,0,22.21504,20.26321,19.12494,18.51542,18.12428,0.1939052,0.02434447,0.01614537,0.02788153,0.02818787,22.42132,20.34714,19.16015,18.60396,18.22025,0.2235148,0.02017512,0.009510877,0.01014443,0.02727052,19.91973,18.97679,17.92744,17.51774,17.08641,0.2235833,0.04525061,0.0228658,0.02812566,0.08109264,21.24344,19.17968,18.01884,17.48381,17.05781,0.179526,0.01557785,0.009275754,0.008387228,0.02098771,18.9846,18.91943,18.0188,17.59168,17.11831,0.1534345,0.01549395,0.009275753,0.00837568,0.02097649,9.677469,0.1156597,0.8515002,257,16385,24577,16385,24577,24577,0.5612435,0.4373171,0.302534,0.2248152,0.1672212,20.6822,18.74237,17.71631,17.25899,16.89059,0.237000003457069,0.578999996185303,2
610,51630,0.09773864,2.34127E-5,0,-0.828101338921481,0.560541559868539,-0.00642900743475447,1,1,1,0,0,0,0,1237650795683053709,1,0,20.82871,18.86769,17.90534,17.38952,16.96287,0.06338384,0.01301836,0.01691712,0.01214833,0.02056654,20.95937,18.95427,17.89919,17.39737,17.02788,0.06960756,0.007857015,0.004903505,0.004513695,0.01051495,19.87343,17.94893,16.91112,16.43398,16.05033,0.1095585,0.02027805,0.01939494,0.01751178,0.02025538,19.86437,17.87822,16.82998,16.34087,15.95632,0.05415744,0.00646343,0.004434829,0.004196647,0.008540331,19.79896,17.8379,16.83865,16.35719,15.9631,0.05410936,0.006473152,0.004440542,0.004197957,0.00854073,10.63504,0.03948406,0.8515048,257,16385,24577,24577,24577,24577,0.2532212,0.1973083,0.1364969,0.1014319,0.07544667,19.61115,17.68091,16.69348,16.23944,15.88087,0.217999994754791,0.734000027179718,2
611,51630,0.06265516,6.25958E-6,0,-0.827300257732799,0.561753021458355,-0.00279757710391594,1,1,1,0,0,0,0,1237648721215750366,1,0,20.29168,19.25859,18.93598,18.65741,18.47267,0.03984457,0.02391592,0.01952672,0.02307952,0.03171084,20.21493,19.24181,18.69632,18.33282,18.11697,0.03586203,0.009826642,0.008331018,0.008697701,0.02615581,19.32701,18.17199,17.61464,17.28893,16.93912,0.06358505,0.01226597,0.01076306,0.01229188,0.03667087,19.20431,18.12646,17.59981,17.238,17.00166,0.03139865,0.007563018,0.006537572,0.006901934,0.01968494,19.30028,18.14148,17.59981,17.25304,16.89308,0.03125815,0.007560649,0.006537571,0.006925547,0.02013792,21.35433,0.1684099,0.850709,257,24577,24577,24577,24577,24577,0.3024231,0.235646,0.1630188,0.1211404,0.09010623,18.90189,17.89082,17.43679,17.11686,16.91155,0.185000002384186,0.648000001907349,2
612,51630,0.1429193,1.474591E-5,0,-0.834850056487665,0.550298231983886,0.0140441823525812,1,1,1,0,0,0,0,1237648722289885345,1,0,21.76257,20.62851,19.7028,19.10181,18.82216,0.1191415,0.02953452,0.02245986,0.02291718,0.03963338,21.81337,20.43291,19.44086,18.95865,18.56503,0.1421429,0.0242551,0.01438566,0.01473977,0.03440374,19.58896,18.37447,17.51883,17.18913,16.79152,0.1524846,0.02676066,0.01563939,0.0219041,0.05446906,19.78807,18.42354,17.50527,17.05356,16.71058,0.08020321,0.0131635,0.008710816,0.009308859,0.02289432,19.42386,18.30883,17.43781,17.08377,16.63579,0.08258984,0.01315808,0.008918943,0.009441195,0.02373306,69.31934,0.9103075,0.8470801,257,24577,24577,24577,24577,24577,0.7000949,0.5455092,0.3773807,0.2804343,0.2085916,19.08798,17.87803,17.12789,16.77312,16.50199,0.931999981403351,0.0649999976158142,1
613,51608,0.08964708,1.725842E-5,0,-0.844436400015041,0.535497127663786,0.0130381207799501,1,1,1,0,0,0,0,1237648722290278662,1,0,21.9916,20.08985,19.24957,18.77828,18.38215,0.140445,0.01930947,0.02038213,0.01736589,0.03282119,21.69877,19.98082,19.12632,18.6794,18.29127,0.1286237,0.01433678,0.01163313,0.01191701,0.02753085,20.09041,18.47783,17.8038,17.35355,17.29932,0.2124348,0.0493351,0.03905117,0.0432214,0.08368175,20.18058,18.37704,17.60099,17.1288,16.83554,0.08984856,0.01124442,0.008352219,0.008670111,0.02078445,19.96099,18.21022,17.65258,17.22226,17.0643,0.1003987,0.01128374,0.008406517,0.008746342,0.02064174,29.60653,0.3555899,0.8481629,257,24577,24577,24577,24577,24577,0.2288377,0.1783088,0.1233532,0.09166463,0.06818164,19.95174,18.19873,17.47764,17.03714,16.76736,0.925999999046326,0.0740000009536743,1
614,51630,0.1464075,3.239199E-5,0,-0.823673103793785,0.566873468511082,-0.0147339331113176,1,1,1,0,0,0,0,1237648720141877432,1,0,21.37168,19.61008,18.54351,18.1351,17.75661,0.08829009,0.02155737,0.0145883,0.01724958,0.02108578,21.5592,19.7085,18.67575,18.20796,17.82657,0.08786242,0.01393654,0.008309392,0.008163316,0.01935815,20.98687,18.9289,17.86584,17.43346,17.08699,0.2430473,0.02118097,0.01188251,0.01249073,0.03324588,20.67179,18.7957,17.75796,17.30411,16.94077,0.09461815,0.01133259,0.007079824,0.00694629,0.01548572,20.71955,18.84238,17.78571,17.35468,17.02831,0.09475393,0.01134865,0.007096777,0.006962029,0.01553996,11.12802,0.09031361,0.808482,257,24577,24577,24577,24577,24577,0.2176149,0.1695641,0.1173037,0.08716919,0.06483786,20.45417,18.62614,17.64066,17.21694,16.87594,0.0710000023245811,0.71399998664856,2
615,51633,0.1667408,3.075295E-5,0,-0.864272279247176,0.502898936566162,-0.0112288434629464,1,1,1,0,0,0,0,1237651800160272480,1,0,22.05685,19.89232,18.69358,18.31822,17.8332,0.1897577,0.02394934,0.01928958,0.01587887,0.02287581,22.09112,19.86296,18.68774,18.20846,17.8441,0.2234961,0.0166779,0.00941454,0.006403942,0.02123044,21.6136,18.99697,17.83767,17.36906,17.06557,0.5468722,0.02432962,0.01640567,0.01458755,0.0373517,21.20773,18.94617,17.76388,17.28467,16.91211,0.1772289,0.01331231,0.007892565,0.007086616,0.01647968,21.27118,18.88057,17.76583,17.32069,17.0316,0.1944056,0.01330468,0.0078946,0.00708323,0.01945898,8.066904,0.07321198,0.8304043,257,1,1,1,1,1,0.1477233,0.115105,0.07962909,0.05917295,0.0440138,21.06,18.83107,17.68425,17.2255,16.86809,0.0930000022053719,0.837000012397766,2
616,51633,0.09008988,1.703601E-5,0,-0.868603213821808,0.495502804466034,-0.00232974348864293,1,1,1,0,0,0,0,1237648721217716483,1,0,20.48468,18.48786,17.55248,17.22442,16.7965,0.04536357,0.01467692,0.01734022,0.02009666,0.02337802,20.335,18.341,17.3407,16.8823,16.53278,0.03727102,0.004946549,0.003066213,0.002874518,0.006571951,18.48843,16.49666,15.5437,15.09853,14.76347,0.07329988,0.007908055,0.005466489,0.005901902,0.01325129,18.40213,16.41165,15.42901,14.9765,14.6189,0.02886858,0.003988289,0.002895393,0.002887597,0.005754681,18.29055,16.37242,15.42901,14.98793,14.65813,0.02888894,0.003987271,0.002895393,0.002887494,0.005753066,19.45138,0.04233947,0.8684245,257,24577,24577,24577,24577,24577,0.159595,0.1243553,0.08602845,0.06392836,0.04755095,18.24253,16.2873,15.34298,14.91257,14.57135,0.0399999991059303,0.959999978542328,2
617,51633,0.03289981,1.457737E-5,0,-0.859634939998253,0.510553906754344,-0.0190388611023971,1,1,1,0,0,0,0,1237651799623205033,1,0,20.35705,18.88508,18.14582,17.76435,17.41529,0.05281699,0.02200677,0.0137851,0.01703119,0.02770256,20.30345,18.62912,17.83359,17.45125,17.1824,0.04802529,0.006925115,0.005276756,0.006128024,0.0124707,16.96867,15.87469,15.36189,15.05804,14.8684,0.02833404,0.005918302,0.006621494,0.009682759,0.02151429,17.37427,16.05219,15.43106,15.10201,14.88226,0.0198674,0.003585296,0.003153494,0.003304348,0.00771084,16.9162,15.78924,15.263,14.96254,14.67526,0.01871563,0.00367673,0.003246519,0.003401849,0.007911779,104.4917,0.347708,0.8282724,257,1,1,1,1,1,0.2551288,0.1987946,0.1375252,0.102196,0.07601503,17.11914,15.8534,15.29354,14.99981,14.80624,0.922999978065491,0.0549999997019768,1
618,51910,0.08550608,2.371498E-5,0,-0.875620951087928,0.482635416001693,-0.0187351337530457,1,1,1,0,0,0,0,1237651799623991474,1,0,20.77568,18.85615,18.08281,17.54929,17.20173,0.06784432,0.01984444,0.01215315,0.01849668,0.01593272,20.93895,18.99461,18.01365,17.59285,17.26576,0.07794008,0.009110168,0.005839568,0.005665842,0.01365354,19.94053,18.09078,17.16055,16.74083,16.42132,0.1154394,0.01235961,0.008326129,0.008324016,0.02164161,19.96002,18.00809,17.06343,16.63093,16.31371,0.06124011,0.007568149,0.005247775,0.005131089,0.01105206,19.68185,17.96914,17.06723,16.65699,16.31772,0.06069181,0.007568163,0.005250703,0.005134949,0.01106448,7.211675,0.03344116,0.8599813,257,1,1,1,1,1,0.2439538,0.1900872,0.1315014,0.09771965,0.07268547,19.71607,17.81801,16.93192,16.53321,16.24103,0.153999999165535,0.787999987602234,2
619,53498,0.03345593,6.711164E-6,0,-0.463699394044756,-0.876436282313862,0.129777944992136,1,1,1,0,0,0,0,1237662199900471775,1,0,19.76354,18.69371,18.23122,17.93374,17.81508,0.03101409,0.01805211,0.01464098,0.01388993,0.02215192,19.41829,18.28257,17.8066,17.51599,17.30191,0.02194596,0.005631045,0.004825562,0.005290249,0.01052965,17.05945,15.99482,15.57524,15.32938,15.1706,0.02012919,0.004373997,0.004300665,0.005216588,0.01445093,17.09722,16.02777,15.59702,15.31849,15.13041,0.01149809,0.003255091,0.003058738,0.003339048,0.007062196,17.04345,15.97561,15.55976,15.28032,15.08214,0.01147364,0.003276166,0.003098663,0.003396755,0.007294533,98.00305,0.2792802,0.8853582,257,24577,24577,24577,24577,24577,0.1922782,0.1498218,0.1036461,0.07702013,0.05728883,16.90494,15.87795,15.49337,15.24148,15.07312,0.897000014781952,0.103000000119209,1
620,51630,0.3702054,7.085381E-5,0,-0.839534612429376,0.543294116557399,0.00362456165268483,1,1,1,0,0,0,0,1237651801232835248,1,0,25.40427,24.36516,20.52436,24.64077,22.74982,0.7231652,0.647424,0.03213593,0.7972433,0.8672517,22.86161,22.89963,20.45672,21.00367,21.60883,0.4473214,0.2635525,0.03906422,0.09984212,2.327708,25.3284,24.25355,19.92297,24.74205,23.86115,2.956699,2.375874,0.08668242,3.470401,2.614702,25.56801,24.24328,19.98705,24.6063,22.93532,0.9707103,0.7208536,0.03009698,1.095284,1.197539,25.39374,24.42342,19.98704,24.57957,23.23767,1.10812,0.787397,0.03632892,1.551177,7.348148,4.658724,0.217385,0.0,257,193,1,193,193,193,0.3924119,0.3057647,0.2115266,0.157187,0.1169182,25.1756,23.93752,19.77552,24.44912,22.8184,0.061999998986721,0.785000026226044,2
621,51633,0.1668149,3.237786E-5,0,-0.863322439315337,0.504252478778374,-0.0200948605489362,1,1,1,0,0,0,0,1237651799623336122,1,0,21.76412,19.80868,18.61553,18.12555,17.68849,0.147615,0.02316067,0.01504371,0.01657189,0.02426505,21.74606,19.80595,18.59771,18.09284,17.69856,0.13283,0.01619843,0.007186693,0.006614031,0.01914549,21.76057,18.64205,17.46211,17.0049,16.64275,1.529829,0.06650475,0.06376196,0.05941027,0.0586046,20.67189,18.59895,17.40289,16.90131,16.51862,0.1327246,0.01248578,0.007081236,0.006678107,0.01499955,20.71562,18.54047,17.40287,16.9481,16.55616,0.1298686,0.01248058,0.007081236,0.006672835,0.0153372,10.07976,0.08479044,0.8281288,257,1,1,1,1,1,0.1600429,0.1247044,0.08626989,0.06410778,0.04768441,20.51184,18.47424,17.31662,16.8372,16.47094,0.028999999165535,0.794000029563904,2
622,51633,0.06053571,2.07382E-5,0,-0.862813450441403,0.505269629173069,-0.0159859805051103,1,1,1,0,0,0,0,1237648720143712465,1,0,21.03251,19.45177,18.49034,18.17299,17.79684,0.06842999,0.03015965,0.0167394,0.01403709,0.02477663,21.12042,19.30804,18.43423,18.05425,17.73903,0.06240529,0.01085073,0.006219967,0.006139189,0.01534096,19.85557,17.96796,17.09632,16.75331,16.38104,0.1513592,0.01652294,0.01056474,0.01161602,0.03051409,19.56628,17.77236,16.90207,16.52229,16.21778,0.05528704,0.007669178,0.005449517,0.005651256,0.01308429,19.53538,17.80082,16.9642,16.6044,16.21305,0.05577496,0.007762386,0.005496062,0.005710431,0.01316591,19.16405,0.1269444,0.842676,257,24577,24577,24577,24577,24577,0.1625438,0.1266531,0.087618,0.06510957,0.04842955,19.40374,17.6457,16.81445,16.45718,16.16935,0.181999996304512,0.773000001907349,2
623,51633,0.08993394,1.018282E-5,0,-0.865921651250874,0.500160573729914,-0.0043697117895373,1,1,1,0,0,0,0,1237651800697209048,1,0,20.98316,19.83674,19.33997,19.1274,18.81801,0.07559724,0.02990437,0.01930667,0.02219886,0.04131314,20.67206,19.48051,18.87125,18.49233,18.32567,0.06731231,0.01108722,0.01046428,0.01058356,0.03424974,19.22324,17.85959,17.23279,16.89892,16.81349,0.103042,0.0142484,0.0126064,0.01359698,0.05288548,19.07342,17.83297,17.22733,16.87853,16.69398,0.04938614,0.0080835,0.007035969,0.00735718,0.02308918,19.1632,17.83628,17.20267,16.85439,16.70374,0.05556108,0.008082855,0.007101429,0.007484744,0.02340291,43.4351,0.4113152,0.8494083,257,1,1,1,1,1,0.1349229,0.105131,0.07272914,0.05404554,0.04019996,18.9385,17.72784,17.1546,16.82449,16.65378,0.26800000667572,0.63400000333786,2
624,51909,0.30397,7.889532E-5,0,-0.887523340074325,0.460745691411469,0.00396593861278978,1,1,1,0,0,0,0,1237648721755570343,1,0,23.01689,21.54149,19.97671,19.28688,18.76002,0.3198586,0.04781731,0.02077181,0.02006069,0.04134727,23.07315,21.32167,19.75109,19.07075,18.62955,0.4152644,0.0472928,0.01460615,0.01531973,0.04457242,20.92189,20.00797,18.63217,17.79759,17.38615,0.2938623,0.06521714,0.029093,0.02757828,0.06768247,21.66122,19.9306,18.38339,17.67168,17.20993,0.2974522,0.03375174,0.01381505,0.0113454,0.03014667,20.1501,19.75508,18.51836,17.61516,17.22356,0.3209637,0.03401731,0.01403956,0.0113317,0.03242485,13.57912,0.2762783,0.8905117,257,24577,24577,24577,24577,24577,0.1196646,0.09324184,0.06450427,0.04793359,0.03565378,21.54155,19.83735,18.31889,17.62375,17.17427,0.0419999994337559,0.708000004291534,2
625,53498,0.04014117,1.545601E-5,0,-0.45834959634706,-0.879073154377476,0.130942876023561,1,1,1,0,0,0,0,1237661950816289450,1,0,21.79667,20.84454,20.53127,20.34473,20.02414,0.2096446,0.03167042,0.03174826,0.03852952,0.09886422,21.96665,20.80193,20.32195,19.98306,19.83621,0.2232824,0.03042511,0.02908246,0.0332094,0.09441476,18.71641,18.14183,17.64075,17.58736,18.71067,0.1431403,0.03624476,0.02820664,0.05687254,0.5281975,19.01738,18.07463,17.58185,17.34554,17.17212,0.07631328,0.01451599,0.01511274,0.01998709,0.05015805,18.56003,17.98625,17.52261,17.38373,17.3403,0.07967789,0.01489552,0.01550198,0.02024417,0.04973065,202.948,4.796617,0.8336443,257,24577,24577,24577,24577,24577,0.1823748,0.1421052,0.09830775,0.0730532,0.05433815,18.835,17.93253,17.48354,17.27248,17.11778,0.455000013113022,0.344999998807907,0
626,51630,0.0630479,1.709645E-5,0,-0.828976288928513,0.55927872373224,-0.00237098602854662,1,1,1,0,0,0,0,1237648721215815939,1,0,21.0619,19.1166,18.14127,17.72529,17.26252,0.06727053,0.022316,0.01670859,0.01458464,0.02125479,20.90657,19.07803,18.05797,17.5517,17.16916,0.06674501,0.008804436,0.005410346,0.00509536,0.01249812,19.51682,17.83554,16.89284,16.41639,16.03511,0.09095361,0.01551773,0.01261502,0.0114554,0.02218878,19.50633,17.69065,16.6996,16.21104,15.8069,0.05158017,0.006720214,0.004548632,0.004422002,0.009692146,19.49867,17.65624,16.73771,16.29243,15.86445,0.0500331,0.006758145,0.004573554,0.004443921,0.009707534,14.75056,0.06458765,0.8460586,257,24577,24577,24577,24577,24577,0.3346427,0.2607513,0.1803866,0.1340466,0.09970601,19.17169,17.4299,16.51921,16.07699,15.70719,0.35699999332428,0.570999979972839,2
627,51630,0.3458818,7.780716E-5,0,-0.827250309165728,0.561831128210845,-0.00164601292128328,1,1,1,0,0,0,0,1237648721215750443,1,0,23.633,21.48965,19.84449,19.21317,18.8484,0.5019103,0.05665383,0.02385392,0.02445186,0.03989831,24.26069,21.62924,19.85306,19.191,18.76526,0.8444542,0.06330712,0.01564103,0.01264288,0.04502023,21.73526,20.3767,18.78562,18.17314,17.63474,0.660165,0.1157527,0.04229849,0.03986356,0.08064522,23.05056,20.51118,18.77374,18.0977,17.675,0.7825279,0.04762602,0.01500467,0.01273414,0.03263081,22.45366,20.25437,18.7738,18.14998,17.55698,0.5019017,0.0474254,0.01500467,0.01273053,0.03708979,8.732398,0.1937307,0.850709,257,24577,24577,24577,24577,24577,0.2921235,0.2276207,0.1574669,0.1170148,0.08703751,22.75844,20.28356,18.61628,17.98069,17.58796,0.0799999982118607,0.839999973773956,2
628,51608,0.06268381,1.513191E-5,0,-0.855477532435194,0.517746709148966,0.00982530732385471,1,1,1,0,0,0,0,1237651801770426430,1,0,20.84291,19.03383,18.15492,17.5731,17.08663,0.07010733,0.01966609,0.01351483,0.01741329,0.01628892,20.76036,18.87025,17.85962,17.34182,16.93832,0.06136909,0.007421754,0.00461139,0.005107918,0.01058193,17.96125,16.6257,15.75354,15.32021,15.06423,0.1413073,0.02289451,0.0198998,0.01977786,0.02380202,18.29272,16.50344,15.57236,15.08171,14.71362,0.03747704,0.00508323,0.003751393,0.003739317,0.007157127,17.84235,16.39091,15.64014,15.21047,14.84825,0.03759322,0.005130673,0.003795756,0.003763969,0.007156312,84.38473,0.3859672,0.8443423,257,1,1,1,1,1,0.1207657,0.09409978,0.06509779,0.04837464,0.03598185,18.17195,16.40934,15.50726,15.03334,14.67764,0.949000000953674,0.0509999990463257,1
629,51608,0.08021554,5.945087E-6,0,-0.857673440542975,0.514117900384446,0.00889122553220909,1,1,1,0,0,0,0,1237654670808907915,1,0,20.24759,19.03546,18.49286,18.15367,17.90288,0.04732431,0.01538536,0.01303303,0.0143153,0.03046221,20.32796,19.08078,18.4706,18.11184,17.91219,0.05168168,0.009345411,0.007634006,0.008412392,0.02262701,19.44577,18.22501,17.60945,17.2568,17.07783,0.07883896,0.01291025,0.01128604,0.01292653,0.03765585,19.32903,18.0765,17.4725,17.10862,16.89212,0.04121906,0.007835731,0.006552815,0.007116447,0.01757026,19.35409,18.14721,17.53687,17.17549,16.96136,0.04459362,0.007871507,0.006587348,0.007158116,0.01762594,11.29243,0.08187308,0.8200831,257,1,8193,8193,8193,8193,0.1154492,0.08995727,0.06223203,0.04624506,0.03439783,19.21358,17.98655,17.41027,17.06237,16.85773,0.218999996781349,0.625,2
630,51633,0.04516219,7.812687E-6,0,-0.870468642996491,0.492209729568059,-0.00373144454401269,1,1,1,0,0,0,0,1237651800697471092,1,0,21.42052,20.06849,19.9814,19.7568,19.30958,0.1021914,0.02394952,0.02264948,0.02648488,0.06318913,21.13158,19.89195,19.43859,19.22925,19.05952,0.09354089,0.01652259,0.01601259,0.01888742,0.06346612,18.59613,17.61428,17.25997,17.07923,17.05961,0.09465973,0.01769279,0.01431818,0.02566167,0.1060693,18.82688,17.60828,17.23012,17.02091,16.93076,0.04945302,0.008660506,0.00913316,0.01109016,0.03927707,18.50388,17.53341,17.11913,16.93044,16.87924,0.05065968,0.008683584,0.009499177,0.01149721,0.04036583,100.527,1.42281,0.8774303,257,1,1,1,1,1,0.1636352,0.1275035,0.08820631,0.06554674,0.04875473,18.66324,17.48077,17.14192,16.95537,16.88201,0.64300000667572,0.23199999332428,1
631,53138,0.08117016,3.350643E-5,0,-0.974632878263579,0.0775891998561576,0.209930151891845,1,1,1,0,0,0,0,1237661812270760106,1,0,20.90886,19.07546,18.22919,17.791,17.47284,0.08387138,0.02198485,0.0129734,0.02176077,0.02372988,21.1352,19.2216,18.30781,17.89301,17.55186,0.09251951,0.00955254,0.006681117,0.006622736,0.01718833,19.1799,17.58026,16.68108,16.26594,15.98417,0.1169462,0.01343212,0.01082241,0.01127243,0.02904611,19.18818,17.30179,16.40282,15.98208,15.64861,0.06274594,0.006498784,0.004809438,0.00486379,0.0120409,18.70827,17.40193,16.53395,16.09465,15.8048,0.06247522,0.006601838,0.004880353,0.004936955,0.01220453,40.35909,0.2218866,0.8092831,257,1,24577,24577,24577,24577,0.1515978,0.1181239,0.0817176,0.06072493,0.04516819,19.03658,17.18367,16.3211,15.92136,15.60344,0.174999997019768,0.806999981403351,2
632,51630,0.08926281,2.055173E-5,0,-0.832004797649836,0.554385539482807,-0.0206080154312032,1,1,1,0,0,0,0,1237650794609442930,1,0,20.3295,18.66676,17.98268,17.60565,17.37234,0.0455987,0.01997422,0.01440133,0.01533211,0.01982707,20.50566,18.80888,18.07017,17.73086,17.48721,0.0432648,0.007374041,0.005772083,0.006136406,0.01416162,19.67081,17.96714,17.18483,16.84509,16.6091,0.08183921,0.0110861,0.009536924,0.01090683,0.02368721,19.57475,17.8407,17.09549,16.75382,16.52479,0.04163507,0.006347053,0.004993983,0.005076481,0.01140857,19.7198,17.90413,17.0959,16.77043,16.51526,0.0415035,0.006332382,0.004994259,0.005074427,0.0114066,10.19126,0.0464606,0.8368317,257,24577,24577,24577,24577,24577,0.2011929,0.1567681,0.1084515,0.08059106,0.05994494,19.37356,17.68393,16.98703,16.67323,16.46485,0.14300000667572,0.75,2
633,51630,0.05654794,1.527598E-5,0,-0.837708850505697,0.546069487163111,-0.00721089272142102,1,1,1,0,0,0,0,1237650795683446947,1,0,20.68615,18.92045,17.90598,17.39371,17.00927,0.05574489,0.01701218,0.01089047,0.01398802,0.0183375,20.83066,18.99643,17.99557,17.48738,17.11361,0.06235144,0.006786822,0.005208188,0.004727862,0.01120807,19.87335,18.17405,17.19273,16.7154,16.35269,0.09021821,0.01300007,0.01136495,0.01000769,0.01883608,19.95377,18.11922,17.11747,16.62029,16.21903,0.05072834,0.00688127,0.004860246,0.004623717,0.00935539,19.84538,18.07766,17.11745,16.67705,16.3117,0.05061744,0.00687905,0.004860246,0.004618863,0.009339713,8.292274,0.03321966,0.8432845,257,16385,24577,24577,24577,24577,0.5727902,0.4463143,0.3087581,0.2294404,0.1706615,19.38098,17.67291,16.80871,16.39085,16.04836,0.119999997317791,0.720000028610229,2
634,51630,0.1308193,2.707374E-5,0,-0.836538030964214,0.547892585435159,-0.00422345542102626,1,1,1,0,0,0,0,1237650795683381563,1,0,22.78009,20.67805,19.61788,19.09705,18.72488,0.3060185,0.0273654,0.01706682,0.01711664,0.03481766,22.25303,20.5512,19.46884,18.92915,18.60538,0.2058578,0.02397402,0.01434458,0.01178986,0.03495108,20.41854,18.99125,18.0412,17.58018,17.36473,0.2324162,0.03045322,0.0202225,0.01968382,0.06336869,21.05223,19.10347,18.07089,17.59088,17.24147,0.1720359,0.01591488,0.01007874,0.009454467,0.02520022,20.57346,18.94924,17.94944,17.46923,17.23401,0.1647054,0.01601986,0.01030372,0.009667042,0.02550177,32.74758,0.5084526,0.8453789,257,16385,24577,24577,24577,24577,0.5927175,0.4618414,0.3194998,0.2374226,0.1765988,20.45951,18.64162,17.75139,17.35345,17.06487,0.181999996304512,0.787999987602234,2
635,51630,0.384653,1.139746E-4,0,-0.831457665192455,0.555345443487172,-0.0164191775295708,1,1,1,0,0,0,0,1237648720142205527,1,0,22.68595,22.03758,20.29502,19.63427,19.18645,0.3899659,0.08726742,0.03316544,0.03244213,0.05524612,23.04909,21.98325,20.26204,19.54346,19.1351,0.488649,0.09548195,0.02945274,0.02952006,0.05021134,21.75127,20.77472,19.13003,18.33777,17.99118,0.6481735,0.162774,0.06284826,0.05300457,0.1117931,21.76381,20.62131,18.9196,18.20224,17.78454,0.3399566,0.06448091,0.02075738,0.01705392,0.04291368,22.68586,20.64944,19.01352,18.24136,17.99168,0.3112039,0.0651129,0.02098201,0.01727718,0.04258482,17.74471,0.6480003,0.8346104,257,24577,24577,24577,24577,24577,0.2524895,0.1967381,0.1361025,0.1011387,0.07522865,21.51132,20.42457,18.7835,18.1011,17.70932,0.0879999995231628,0.614000022411346,2
636,51630,0.02660205,1.576805E-5,0,-0.827488722971654,0.561358466561763,0.0117934462379275,1,1,1,0,0,0,0,1237648722289492179,1,0,20.58635,18.59027,17.74154,17.3184,16.95041,0.05145693,0.01795529,0.01347253,0.01670277,0.01672988,20.50329,18.63284,17.68094,17.20601,16.85269,0.04927471,0.005965075,0.004349388,0.004308396,0.009141257,18.86205,17.14063,16.18154,15.74348,15.4367,0.07998102,0.008935913,0.01372599,0.01587112,0.01550569,18.77625,16.9478,16.03059,15.56422,15.21028,0.03238922,0.004883589,0.003595112,0.003647352,0.006675737,18.71982,16.99035,16.09514,15.65142,15.27803,0.03252812,0.004911825,0.00362293,0.003672553,0.006720028,34.81037,0.1244039,0.8321085,257,24577,24577,24577,24577,24577,0.4940613,0.3849692,0.2663199,0.1979042,0.1472044,18.28218,16.56283,15.76427,15.36632,15.06308,0.703999996185303,0.25900000333786,1
637,51630,0.1224862,4.063898E-5,0,-0.82755564319715,0.561382984943207,8.95337258383675E-4,1,1,1,0,0,0,0,1237650796219859174,1,0,22.78552,20.0888,18.99052,18.41876,17.92059,0.3939114,0.02125574,0.01733853,0.0283378,0.0324333,22.2313,20.17023,18.97487,18.4299,18.00253,0.262729,0.01873533,0.01492078,0.02179308,0.03228607,22.31572,19.08797,17.8793,17.4341,17.04384,1.541421,0.03193948,0.02785589,0.04685178,0.06937668,21.66815,18.97918,17.77423,17.26947,16.80927,0.2759902,0.01394979,0.008055587,0.007397878,0.01777136,21.96438,19.01392,17.79524,17.37201,16.98012,0.5052638,0.01401459,0.008078789,0.007401017,0.0177548,12.80438,0.1307564,0.855215,257,16385,24577,16385,24577,24577,0.395658,0.308294,0.2132764,0.1584872,0.1178854,21.27249,18.67089,17.56095,17.11099,16.69138,0.188999995589256,0.623000025749207,2
638,51630,0.06153553,1.03247E-5,0,-0.832721517772773,0.553428768352124,0.0170725568811811,1,1,1,0,0,0,0,1237650797293863180,1,0,21.66957,20.79591,20.00885,19.63628,19.31826,0.128965,0.02987261,0.02429605,0.02838285,0.06570729,21.87861,20.66904,19.99681,19.65978,19.36001,0.1614751,0.02634601,0.02171145,0.0237302,0.06320232,20.18985,18.2429,17.77256,17.46216,17.28361,0.4275289,0.03038198,0.02982568,0.03499952,0.1104923,19.63626,18.25036,17.70407,17.38222,17.17533,0.09354383,0.0139952,0.01206748,0.01341069,0.04018567,19.66274,18.16017,17.68525,17.313,17.23963,0.09361088,0.01395638,0.01216044,0.01379039,0.04030947,155.601,3.116635,0.809093,257,24577,24577,24577,24577,24577,0.6402718,0.4988955,0.3451336,0.2564712,0.1907675,18.99599,17.75146,17.35894,17.12575,16.98456,0.695999979972839,0.129999995231628,1
639,51630,0.1279921,3.081766E-5,0,-0.832514272412476,0.553688713469643,0.0186760489894787,1,1,1,0,0,0,0,1237648722826625191,1,0,21.3557,19.79166,18.4777,17.94143,17.46441,0.105184,0.02046922,0.0119618,0.0116814,0.01940944,21.57141,19.76535,18.50681,17.95189,17.5135,0.1249731,0.0140134,0.007297582,0.006890602,0.01509639,19.79663,18.3793,17.21462,16.66674,16.25117,0.157144,0.02131304,0.01152281,0.01254778,0.02732852,20.08317,18.2877,17.07583,16.52751,16.10555,0.09168501,0.01028402,0.005807311,0.005571676,0.01168648,19.59939,18.1987,17.09541,16.54586,16.18113,0.09042981,0.01035017,0.005825224,0.005579166,0.01167217,16.00584,0.111295,0.8226964,257,24577,24577,24577,24577,24577,0.6597933,0.5141065,0.3556565,0.2642909,0.1965839,19.42338,17.77359,16.72017,16.26322,15.90897,0.0970000028610229,0.83899998664856,2
640,51910,0.184905,4.688794E-5,0,-0.883573066864296,0.468291953288263,0.00113225327746763,1,1,1,0,0,0,0,1237654670273347768,1,0,22.49264,20.08966,18.98294,18.51098,18.15857,0.3684417,0.03062208,0.01542051,0.01695111,0.03216446,21.92019,20.16631,18.8896,18.40736,18.05956,0.2352389,0.01972648,0.008491585,0.01047043,0.02963333,23.03581,18.76051,17.4318,16.99527,16.70146,5.025025,0.03721055,0.03352999,0.02396046,0.0658351,21.08289,18.60772,17.33987,16.87257,16.55167,0.2866583,0.01479187,0.007934132,0.007934062,0.02282059,21.68801,18.57959,17.33987,16.89573,16.54386,0.2990352,0.01479507,0.007934132,0.007933101,0.02276002,14.28894,0.1535387,0.8356084,257,1,1,8193,8193,1,0.1335036,0.1040251,0.07196406,0.05347701,0.03977707,20.94939,18.50369,17.26791,16.8191,16.51189,0.0390000008046627,0.893999993801117,2
641,51909,0.1281628,4.352123E-5,0,-0.885129642757847,0.465277854996096,0.00787611335612184,1,1,1,0,0,0,0,1237654670810349654,1,0,20.30662,19.54888,18.98386,18.58305,18.33583,0.05214288,0.02223418,0.01427619,0.01438367,0.03401577,20.44131,19.54597,18.89343,18.48994,18.25281,0.0492387,0.01272,0.01034545,0.01126981,0.03033744,19.04678,17.83725,17.2034,16.90856,16.65054,0.09275794,0.01403903,0.01231395,0.0157036,0.04569732,18.86133,17.81108,17.15034,16.78568,16.54691,0.03924818,0.007870804,0.006591863,0.007430806,0.01983273,18.87446,17.8019,17.15034,16.83098,16.59798,0.039334,0.007869281,0.006591863,0.00745653,0.01991474,55.64328,0.5212646,0.7996581,257,1,8193,8193,8193,8193,0.1221051,0.09514349,0.06581982,0.04891118,0.03638094,18.73922,17.71594,17.08452,16.73676,16.51052,0.317999988794327,0.591000020503998,2
642,51909,0.09584015,1.866446E-5,0,-0.88524552052067,0.465122858308656,0.00104645920810374,1,1,1,0,0,0,0,1237654670273478782,1,0,20.40477,18.31202,17.44176,16.99307,16.5852,0.05744633,0.01613871,0.01550095,0.01234775,0.01980817,20.41863,18.39391,17.41689,16.96316,16.59624,0.05726016,0.006306775,0.00466678,0.004472223,0.01042123,19.00471,17.03228,16.05269,15.61164,15.325,0.1086728,0.0173516,0.0142053,0.01527668,0.02142423,19.05068,16.96451,15.9664,15.52497,15.17192,0.04575861,0.004739672,0.003521,0.003477174,0.007557619,19.07933,16.94688,15.9664,15.55199,15.29764,0.04588979,0.004740065,0.003521,0.003476848,0.007547468,12.58608,0.03494464,0.8303282,257,1,1,8193,8193,1,0.1166456,0.09088947,0.06287692,0.04672429,0.03475428,18.93404,16.87362,15.90353,15.47825,15.13717,0.090999998152256,0.666999995708466,2
643,53083,0.1419665,2.157743E-5,0,-0.969322280408616,0.108592440394906,0.220503965026751,1,1,1,0,0,0,0,1237661813343715475,1,0,21.85206,20.07028,19.22787,18.73623,18.33183,0.157851,0.02549237,0.0248269,0.01989293,0.03388584,21.80023,20.07131,19.10976,18.6493,18.25965,0.1540398,0.01622171,0.01154411,0.01218024,0.02774148,19.41128,18.35087,17.54917,17.07879,16.80025,0.1152389,0.01992397,0.01535715,0.01700604,0.04653266,20.05308,18.40992,17.53498,17.07296,16.70992,0.09189942,0.01096038,0.007803306,0.008296937,0.01915663,17.80047,18.28646,17.48871,17.02407,16.69623,0.07537498,0.01097541,0.00790957,0.008432562,0.01949846,42.69479,0.4735894,0.8277656,257,1,24577,24577,24577,24577,0.1610532,0.1254916,0.08681449,0.06451246,0.04798542,19.89202,18.28443,17.44817,17.00845,16.66194,0.477999985218048,0.522000014781952,2
644,53083,0.07844632,1.817237E-5,0,-0.967021645522589,0.102618851427726,0.233106217039441,1,1,1,0,0,0,0,1237661068184780991,1,0,20.17141,18.25467,17.53658,17.05341,16.58504,0.03908233,0.02679538,0.01393948,0.01501491,0.0183399,20.21862,18.21638,17.2634,16.84459,16.51283,0.034599,0.005177531,0.00292723,0.002830477,0.007685947,18.15126,16.4629,15.55524,15.13914,14.82128,0.05032231,0.01153833,0.01099103,0.01068874,0.01648355,18.34492,16.41196,15.48471,15.05446,14.71955,0.02478233,0.003806073,0.002948621,0.003026744,0.005808785,17.97957,16.38833,15.48475,15.09067,14.80181,0.02451119,0.003805626,0.002948621,0.003025675,0.005803898,11.90892,0.02354835,0.9325543,257,24577,24577,24577,24577,24577,0.14681,0.1143934,0.07913679,0.05880712,0.04374169,18.19811,16.29757,15.40557,14.99566,14.67581,0.0419999994337559,0.944999992847443,2
645,53498,0.3567565,1.026294E-4,0,-0.450138733895369,-0.883587681316721,0.129026856399801,1,1,1,0,0,0,0,1237661950816486575,1,0,24.05002,21.69327,20.1014,19.51531,19.01733,0.8830886,0.06352078,0.02255386,0.02364315,0.04612064,24.83166,21.86697,20.12808,19.49922,19.0974,1.031677,0.07260497,0.02438894,0.02145775,0.04521276,24.88828,20.46072,18.80369,18.25011,18.01883,7.326659,0.1364705,0.04751177,0.04344563,0.1350731,25.80643,20.46293,18.72935,18.1099,17.69534,1.699079,0.05480504,0.01812053,0.01602808,0.03731255,24.43924,20.35168,18.72939,18.19199,17.72723,1.020846,0.05667243,0.01812052,0.01598723,0.03734163,12.56643,0.3612418,0.8481899,257,24577,24577,24577,24577,24577,0.2302923,0.1794422,0.1241373,0.0922473,0.06861504,25.57614,20.28349,18.60521,18.01766,17.62672,0.0810000002384186,0.823000013828278,2
646,53498,0.3147758,7.305724E-5,0,-0.454795193564775,-0.881989377955333,0.123515460912163,1,1,1,0,0,0,0,1237662635839914676,1,0,23.78745,21.18655,19.56809,18.93185,18.52316,0.5354037,0.03990845,0.01694222,0.01900062,0.03281432,23.33342,21.14606,19.4225,18.78483,18.41631,0.5109207,0.04145441,0.01148057,0.01232109,0.0290716,21.96248,20.2542,18.4608,17.83038,17.54395,0.7104939,0.07671723,0.02882009,0.02372629,0.05438239,22.61961,20.13003,18.39879,17.76395,17.40649,0.501854,0.03082612,0.01083042,0.009333728,0.02192919,19.94128,20.19005,18.39874,17.75177,17.50933,0.2716664,0.03103272,0.01128508,0.009331066,0.02203592,6.695746,0.08878713,0.9507182,257,24577,24705,24577,24577,24705,0.2235266,0.1741704,0.1204903,0.0895372,0.06659923,22.39608,19.95586,18.2783,17.67441,17.3399,0.046000000089407,0.824999988079071,2
647,53884,0.1416705,4.408369E-5,0,-0.444274111101918,-0.888990424454355,0.110979905537294,1,1,1,0,0,0,0,1237662198827385467,1,0,22.46098,21.21211,20.00478,19.36675,18.64795,0.2091352,0.03736007,0.02149373,0.02035871,0.0308412,22.11135,20.53037,19.20426,18.53777,17.98286,0.2009801,0.02368518,0.01244881,0.008677049,0.02178645,20.27134,18.00049,16.87796,16.36601,15.997,0.5211755,0.03127363,0.01789246,0.01549619,0.04288656,20.05116,18.14,16.97333,16.42106,15.93532,0.1331703,0.01455868,0.007761268,0.007495512,0.01468577,19.36571,18.00108,16.88101,16.39347,15.90031,0.1356853,0.01444275,0.008014466,0.007702718,0.01510418,114.3336,1.267089,0.9297773,257,24577,24577,24577,24577,24577,0.2296298,0.178926,0.1237802,0.09198195,0.06841767,19.82153,17.96107,16.84955,16.32908,15.86691,0.779999971389771,0.180000007152557,1
648,53501,0.1066173,1.617712E-5,0,-0.418100292334083,-0.897044452485917,0.14319006883997,1,1,1,0,0,0,0,1237668348686041181,1,0,20.38275,18.92534,17.81436,17.49803,17.21854,0.05827366,0.0145011,0.01617889,0.02194058,0.025642,20.56665,19.04183,18.09801,17.58784,17.22452,0.05698305,0.008967399,0.009893769,0.01415311,0.01834862,19.66784,17.88202,16.92053,16.49844,16.25721,0.1238896,0.01501977,0.01810504,0.03644191,0.05439476,19.45925,17.7612,16.7737,16.30985,15.99735,0.0524977,0.006764851,0.00478423,0.004452066,0.008574094,19.71856,17.79345,16.82501,16.39056,16.13365,0.06319539,0.006805234,0.004805841,0.004472717,0.008577907,22.87998,0.1085754,0.7926495,257,24577,24577,24577,24577,24577,0.2662287,0.2074436,0.1435085,0.1066422,0.07932222,19.19302,17.55376,16.63019,16.20321,15.91803,0.0370000004768372,0.777999997138977,2
649,51910,0.1772463,3.809416E-5,0,-0.879677917574021,0.475452189951858,0.0105818903139219,1,1,1,0,0,0,0,1237651801771671760,1,0,21.34725,19.81936,18.83072,18.33752,17.91005,0.09869149,0.02307899,0.01405654,0.02755771,0.0264738,21.38958,19.7562,18.6893,18.19467,17.90719,0.1152422,0.01521634,0.009240318,0.009026608,0.02187156,20.43595,18.83028,17.78409,17.30691,17.00747,0.1783839,0.02104625,0.01288178,0.01302954,0.03397556,20.58342,18.91759,17.85298,17.36263,17.04943,0.09188756,0.01211787,0.007627603,0.007481356,0.01725645,20.09797,18.74683,17.731,17.24959,16.9197,0.08800954,0.01224334,0.007702473,0.007549769,0.01740957,12.23257,0.1112941,0.8328832,257,1,1,1,1,1,0.1597472,0.1244739,0.08611047,0.0639893,0.04759629,20.42367,18.79311,17.76686,17.29864,17.00183,0.0419999994337559,0.708000004291534,2
650,51910,0.1786855,5.163173E-5,0,-0.878631791138075,0.477398125252606,0.00985929037987876,1,1,1,0,0,0,0,1237651801771606278,1,0,22.11331,19.91274,18.70657,18.2159,17.74159,0.1874105,0.02451568,0.01422484,0.01674257,0.02720786,22.16199,19.99853,18.70701,18.20064,17.85801,0.1641812,0.01537535,0.01005628,0.009938908,0.02190321,20.64273,19.17207,17.87774,17.40778,17.08104,0.1928997,0.02834189,0.01853964,0.01768086,0.0350853,21.25628,19.07173,17.77589,17.27344,16.90556,0.1717829,0.01468026,0.007846673,0.007626681,0.01673017,18.89495,19.0702,17.77589,17.3384,17.02698,0.1475939,0.01467621,0.007846672,0.007620415,0.01670422,7.758575,0.07032936,0.8327456,257,1,1,1,1,1,0.1655207,0.1289726,0.08922268,0.06630201,0.04931651,21.09075,18.94276,17.68667,17.20714,16.85624,0.0299999993294477,0.697000026702881,2
651,53035,0.08515848,2.443537E-5,0,-0.315136270976695,0.669519701936132,0.67263102770706,1,1,1,0,0,0,0,1237673706652041592,1,0,21.16094,19.14544,18.31046,17.84218,17.36679,0.1050194,0.01975261,0.01349243,0.01640865,0.01973448,21.24405,19.1835,18.22459,17.7648,17.3883,0.1185259,0.02071095,0.0103998,0.00602013,0.01249058,19.74486,18.34783,17.40206,16.95178,16.59107,0.1053688,0.03441702,0.01764375,0.0139955,0.02548114,20.31704,18.29819,17.33139,16.86832,16.49999,0.08848555,0.007570246,0.005705137,0.005822009,0.01193587,17.59524,18.25098,17.33139,16.90223,16.53768,0.06850633,0.007570495,0.005705137,0.005820554,0.01193666,5.683347,0.02735707,0.9095678,257,24577,24577,24577,24577,24577,0.2183633,0.1701472,0.1177071,0.08746897,0.06506085,20.09868,18.12804,17.21369,16.78085,16.43493,0.123000003397465,0.736999988555908,2
652,53035,0.08603805,1.466374E-5,0,-0.312240895931579,0.67559234455357,0.667892661202723,1,1,1,0,0,0,0,1237673310965793149,1,0,21.86918,20.38397,20.1584,19.89985,19.25878,0.1432752,0.04334649,0.03116312,0.0307517,0.0596251,21.86368,20.44973,19.72098,19.3297,19.15356,0.1526777,0.03408233,0.02528358,0.02103061,0.05090558,19.74226,18.25098,17.68787,17.37014,17.24414,0.2042693,0.04125554,0.03567233,0.03780802,0.09274255,19.71155,18.28677,17.67736,17.33162,17.13569,0.07919933,0.0111087,0.01235368,0.01286339,0.03483558,19.53459,18.19162,17.66312,17.28852,17.21595,0.07733276,0.01106754,0.0124288,0.01326757,0.04279863,93.48522,1.681072,0.8665344,257,16385,24577,24577,24577,24577,0.1963177,0.1529694,0.1058235,0.07863823,0.0584924,19.51523,18.1338,17.57154,17.25298,17.0772,0.60699999332428,0.294999986886978,1
653,53052,0.08320619,8.55609E-6,0,-0.316533629454929,0.646619925136356,0.694038279809365,1,1,1,0,0,0,0,1237663530254598629,1,0,20.0146,18.95291,18.57632,18.14557,17.89504,0.04295347,0.01397899,0.01462709,0.0146239,0.03235602,20.13633,19.04067,18.50425,18.06906,17.90568,0.04012143,0.007232223,0.008055012,0.008022623,0.01900757,19.3226,18.20974,17.60741,17.21401,17.05668,0.06636352,0.01111718,0.01148482,0.01245407,0.0437423,19.14557,18.0451,17.48906,17.04774,16.87349,0.03397193,0.007177304,0.006764754,0.006743312,0.01886147,19.34393,18.15581,17.55552,17.16323,16.99013,0.03381585,0.007194829,0.006803964,0.006768078,0.01886361,9.989664,0.07689107,0.8262621,257,24577,24577,24577,24577,24577,0.1723056,0.1342594,0.09288001,0.0690198,0.05133805,18.97327,17.91084,17.39618,16.97872,16.82215,0.282000005245209,0.640999972820282,2
654,53055,0.1849426,3.45229E-5,0,-0.309669316158547,0.631364097915288,0.710974184125916,1,1,1,0,0,0,0,1237663547971928254,1,0,22.52987,20.03547,18.88069,18.4692,18.04616,0.2521989,0.02092067,0.01854728,0.01719388,0.02699619,22.23086,20.08232,18.8665,18.38523,18.0561,0.1800375,0.01383637,0.01026109,0.007491827,0.02753686,20.59097,18.93245,17.70986,17.25246,16.94022,0.2915636,0.02707058,0.01920681,0.01968976,0.05028171,21.25422,18.87045,17.66082,17.1955,16.83647,0.2164806,0.01259773,0.008089282,0.007679945,0.0202177,20.26597,18.79496,17.66081,17.22976,16.91289,0.2027075,0.01258894,0.008089282,0.007678021,0.02020034,8.284623,0.0841255,0.8489061,257,24577,24577,24577,24577,24577,0.2081162,0.1621627,0.1121834,0.0833643,0.06200773,21.0461,18.70829,17.54864,17.11213,16.77447,0.0500000007450581,0.649999976158142,2
655,54266,0.1288461,8.151571E-6,0,-0.571876974969049,-0.803875032528354,0.163528766820359,1,1,1,0,0,0,0,1237662636373115159,1,0,21.43223,20.60208,20.17883,19.86339,19.66465,0.09437133,0.02877591,0.02369015,0.02339628,0.05994286,21.17664,20.20488,19.6581,19.28755,19.12113,0.09136668,0.019327,0.0169757,0.01454026,0.04365762,19.06238,18.213,17.75674,17.37809,17.07489,0.1115371,0.0229699,0.02334131,0.02750246,0.06831951,19.34587,18.32895,17.83959,17.51378,17.32237,0.05551214,0.01110783,0.01054564,0.01175341,0.03567448,18.60077,18.08859,17.62246,17.13678,16.60335,0.05762142,0.01141604,0.01094465,0.01202761,0.03536514,53.33854,0.8419293,0.9481896,257,24577,24577,24577,24577,24577,0.160475,0.125041,0.0865028,0.06428085,0.04781314,19.1854,18.20391,17.75309,17.4495,17.27456,0.922999978065491,0.0,1
656,54266,0.09853979,2.287879E-5,0,-0.577385748687798,-0.799809850093189,0.164103323872926,1,1,1,0,0,0,0,1237662636372918541,1,0,21.22203,19.09158,18.1865,17.74681,17.30252,0.07766043,0.0152845,0.01678689,0.01658791,0.01835578,20.99472,18.97652,17.94946,17.47536,17.10131,0.06245673,0.007015748,0.005317161,0.003951234,0.01048547,18.72539,17.1135,16.20513,15.77847,15.47575,0.1019059,0.01059952,0.008168482,0.008023782,0.02057542,19.16548,17.12862,16.15577,15.69297,15.31868,0.05589435,0.005675071,0.004071879,0.003975408,0.00783471,18.21925,16.99273,16.15578,15.74395,15.50005,0.05404781,0.005675563,0.004071879,0.0039735,0.007805099,7.032391,0.02431952,0.9651853,257,24577,24577,24577,24577,24577,0.1612622,0.1256544,0.08692712,0.06459616,0.04804768,19.00422,17.00297,16.06884,15.62837,15.27063,0.811999976634979,0.187999993562698,1
657,53137,0.3076494,9.274267E-5,0,-0.534636019112464,-0.826897005426409,0.174372215345263,1,1,1,0,0,0,0,1237662637984711185,1,0,22.46941,21.28108,19.70459,19.15195,18.68874,0.1734937,0.03484489,0.01974839,0.01825671,0.03229243,22.75707,21.13309,19.53794,18.92882,18.56182,0.3151262,0.03821081,0.0150332,0.01382502,0.03153287,21.42537,20.07804,18.25727,17.78178,17.64309,0.9232216,0.09454449,0.1052103,0.08120072,0.1044319,21.47439,19.96437,18.31652,17.71766,17.38419,0.2145935,0.02848609,0.01121401,0.01038474,0.02359489,22.27863,20.09694,18.31649,17.82113,17.72744,0.2005935,0.0284291,0.01121401,0.01037003,0.02329015,6.940622,0.09967209,0.9494318,257,24577,24577,24577,24577,24577,0.2642844,0.2059286,0.1424605,0.1058634,0.07874291,21.21011,19.75845,18.17406,17.61179,17.30544,0.0790000036358833,0.707000017166138,2
658,53137,0.2352379,5.280497E-5,0,-0.539195523180107,-0.827337932385009,0.157417068386593,1,1,1,0,0,0,0,1237662533823169077,1,0,23.30215,20.53958,19.08917,18.68076,18.16633,0.6686507,0.03226701,0.02125352,0.02674087,0.02589713,22.33576,20.5415,19.05381,18.51468,18.13968,0.3212171,0.02887692,0.01408926,0.01501406,0.02533587,26.87381,19.49479,17.88643,17.37186,16.94309,2.002328,0.05974336,0.03387865,0.04000931,0.04456456,22.5547,19.31945,17.76759,17.23618,16.85954,0.7672617,0.0204724,0.008687207,0.007730544,0.01878514,23.43563,19.4408,17.78805,17.30492,16.8645,1.214282,0.02061283,0.008714634,0.007771551,0.01880425,13.05904,0.1449902,0.8571368,257,1,24577,24577,24577,24577,0.1670131,0.1301355,0.09002712,0.06689979,0.04976116,22.38769,19.18931,17.67756,17.16928,16.80977,0.028999999165535,0.852999985218048,2
659,53137,0.1047009,1.720955E-5,0,-0.536303068218558,-0.82943312611514,0.156268065586757,1,1,1,0,0,0,0,1237662533823299883,1,0,20.10524,18.30121,17.53718,17.19703,16.88192,0.04593248,0.01622585,0.01298764,0.01811968,0.01894497,20.32295,18.47248,17.6264,17.25214,16.96055,0.05107338,0.006262158,0.004396776,0.004219072,0.01022865,19.54424,17.81063,16.94673,16.57187,16.26948,0.0700205,0.009116161,0.00805341,0.008628197,0.01443097,19.59919,17.75659,16.90315,16.52831,16.23282,0.04196083,0.005714966,0.0044136,0.004380066,0.008626443,19.43903,17.75875,16.90314,16.53703,16.2334,0.04151199,0.005716216,0.0044136,0.004379649,0.008628147,6.838352,0.01853272,0.8761345,257,1,24577,24577,24577,24577,0.1861052,0.1450119,0.1003186,0.07454743,0.05544959,19.41309,17.61158,16.80283,16.45377,16.17737,0.200000002980232,0.699999988079071,2
660,53859,0.1288218,3.868072E-5,0,-0.520176615420633,-0.8437188632012,0.132494409874562,1,1,1,0,0,0,0,1237662199361962348,1,0,22.17415,20.13009,19.08144,18.63816,18.17277,0.1653159,0.02026224,0.01884448,0.01755392,0.02819828,21.97364,19.93289,18.84981,18.32908,17.87,0.1845105,0.01626489,0.0116696,0.01171997,0.01696786,20.53823,18.92639,17.87128,17.35532,16.96409,0.2377983,0.06360913,0.05761464,0.05661129,0.0522054,20.83712,18.7818,17.68206,17.1608,16.71238,0.1343856,0.01181871,0.007655274,0.006894807,0.01623559,19.87703,18.77953,17.73371,17.24507,16.79358,0.1270627,0.01188808,0.007703545,0.006941162,0.0163322,12.1289,0.1060572,0.9097686,257,24577,24577,24577,24577,24577,0.1622012,0.1263861,0.08743332,0.06497233,0.04832748,20.67492,18.65541,17.59462,17.09583,16.66405,0.787999987602234,0.120999999344349,1
661,51633,0.09237399,8.862514E-6,0,-0.868978130357904,0.494726534178566,-0.0110754385622394,1,1,1,0,0,0,0,1237651800160534607,1,0,20.16095,18.85071,18.42369,18.04877,17.61329,0.04649989,0.01982602,0.01685916,0.01519689,0.01894417,20.04382,18.78053,18.03358,17.63757,17.35165,0.03857967,0.007975228,0.006044383,0.004833624,0.01438638,18.27523,16.95961,16.28497,15.91181,15.6227,0.05435426,0.008032505,0.006401908,0.006750535,0.02006137,18.28149,16.99061,16.33272,15.93964,15.6637,0.02608736,0.005044509,0.004244311,0.004100627,0.009743128,18.2191,16.90068,16.17052,15.79969,15.45887,0.02838428,0.005126853,0.00434454,0.004186081,0.009978283,43.74866,0.2046716,0.857844,257,1,1,1,1,1,0.205916,0.1604484,0.1109974,0.08248299,0.06135219,18.07558,16.83016,16.22173,15.85716,15.60235,0.898999989032745,0.0869999974966049,1
662,53859,0.2612883,3.912373E-5,0,-0.521266869285425,-0.842391059584295,0.13659485245726,1,1,1,0,0,0,0,1237661950277582881,1,0,21.39069,20.05889,18.71309,18.23894,17.92348,0.1352389,0.02092944,0.02417131,0.03001248,0.02775988,21.74931,20.08421,18.821,18.34004,17.91926,0.1452187,0.01401112,0.00788961,0.008155168,0.02086787,28.86607,19.18828,17.58842,17.08361,16.71848,5.82302,0.05404519,0.01731597,0.01493402,0.04614514,20.6481,18.93178,17.58469,17.08476,16.70456,0.1576091,0.01390729,0.007514428,0.006568412,0.01617583,21.31577,19.15897,17.58469,17.03371,16.7435,0.1642798,0.01388883,0.007514428,0.00656586,0.01617257,11.84438,0.1077164,0.8318918,257,24705,24577,24705,24769,24577,0.1771244,0.1380141,0.09547752,0.07095003,0.05277379,20.47097,18.79377,17.48921,17.01381,16.65178,0.0710000023245811,0.85699999332428,2
663,53228,0.1018093,1.865889E-5,0,-0.477812536323378,-0.865708398696253,0.149144723537206,1,1,1,0,0,0,0,1237662534361874857,1,0,20.67768,18.74385,17.93985,17.49212,17.07995,0.06997325,0.01601187,0.01362842,0.02100262,0.02454606,20.74423,18.75091,17.75494,17.3543,16.96325,0.07476294,0.006558616,0.004226093,0.004485292,0.01073724,19.13239,17.24964,16.30054,15.9149,15.49537,0.108634,0.008644721,0.006116597,0.005743876,0.01513821,19.05774,17.10022,16.12613,15.72071,15.34103,0.05175557,0.005271936,0.003812537,0.003610685,0.00787021,19.06489,17.11549,16.18113,15.79982,15.35774,0.05216682,0.005328974,0.003846191,0.003643209,0.007951091,17.30883,0.05538258,0.4010409,257,4,24578,24578,24578,24580,0.2374011,0.1849813,0.1279692,0.09509485,0.0707331,18.82034,16.91524,15.99816,15.62562,15.2703,0.0219999998807907,0.944999992847443,2
664,53228,0.1584962,3.154418E-5,0,-0.480078772192271,-0.862717332070803,0.158881016597317,1,1,1,0,0,0,0,1237668330963337642,1,0,21.49828,19.75187,18.73945,18.24761,17.77064,0.1706459,0.02561349,0.0132918,0.01494428,0.02378048,21.61934,19.84259,18.68935,18.23745,17.87346,0.162081,0.01482781,0.006816333,0.009173868,0.01879976,21.09193,18.86809,17.71111,17.29489,16.86968,0.3071641,0.02366154,0.01499608,0.01671433,0.04210646,20.71276,18.80608,17.65473,17.19377,16.81879,0.1051742,0.01167317,0.007028847,0.00747117,0.01805016,20.99959,18.80454,17.65474,17.22807,16.85435,0.1046086,0.01173196,0.007028847,0.007469572,0.0180345,7.463082,0.05478854,0.8955783,257,24577,24577,24577,24577,24577,0.2069215,0.1612318,0.1115394,0.08288576,0.06165177,20.50584,18.64485,17.54319,17.11089,16.75714,0.140000000596046,0.767000019550323,2
665,53498,0.3283369,7.110326E-5,0,-0.455720728133941,-0.882040923087697,0.119676346650767,1,1,1,0,0,0,0,1237662199363928092,1,0,23.0407,21.33267,19.65258,19.09575,18.68104,0.398257,0.04050432,0.01916015,0.0210351,0.03300624,22.86209,21.25809,19.56648,18.94748,18.60832,0.4662921,0.04722897,0.01663313,0.0137192,0.03921396,23.50844,20.32082,18.64734,17.98244,17.86065,3.431616,0.08314177,0.03057036,0.02789384,0.08163087,22.54499,20.32485,18.60935,17.98808,17.66816,0.5075033,0.03355395,0.01277694,0.01055616,0.02833749,23.09026,20.3137,18.60935,18.02441,17.88239,0.6029022,0.05504307,0.01277694,0.01055118,0.03063689,6.507528,0.1099219,0.9084907,257,24577,24577,24577,24577,24577,0.2473385,0.1927245,0.1333259,0.09907545,0.07369393,22.29765,20.13213,18.47602,17.88901,17.59446,0.115000002086163,0.731000006198883,2
666,53498,0.3694971,1.049078E-4,0,-0.460276113377171,-0.879997510672907,0.117261590744333,1,1,1,0,0,0,0,1237661949742547804,1,0,24.45469,21.87185,20.18686,19.5759,19.10094,1.075513,0.06445546,0.02608429,0.02328994,0.04654348,23.74081,21.99518,20.25726,19.54925,19.10645,0.818618,0.07903742,0.02807915,0.01677829,0.05529937,20.76233,20.88111,19.15555,18.53195,18.09067,0.3917351,0.2096745,0.06004227,0.04941014,0.138934,22.6924,20.80082,19.08191,18.37486,17.92266,0.8160514,0.06104699,0.02161742,0.01628711,0.04065025,19.60099,20.62163,19.10084,18.4392,18.04516,0.2955983,0.06676628,0.02167224,0.01633885,0.04054169,12.72626,0.4384899,0.824235,257,24577,24577,24577,24577,24577,0.2676406,0.2085437,0.1442696,0.1072078,0.07974288,22.42476,20.59228,18.93764,18.26766,17.84292,0.0,0.620999991893768,2
667,53884,0.1573051,3.023489E-5,0,-0.447021481075286,-0.887338624335137,0.11314575210888,1,1,1,0,0,0,0,1237662239102272076,1,0,21.82774,19.94605,18.8358,18.31277,17.90849,0.2045672,0.01934189,0.01365503,0.01444426,0.0250307,21.92899,19.97455,18.82533,18.34535,18.00968,0.2274219,0.01692911,0.009771876,0.009365963,0.02295621,20.42708,19.05733,17.90862,17.42305,17.02468,0.2486377,0.02684693,0.0159439,0.01620364,0.03793372,21.00652,19.03308,17.87191,17.38581,17.03358,0.1861192,0.01341052,0.008019033,0.00772203,0.01773332,20.31481,19.02207,17.8719,17.4098,17.00139,0.1797866,0.01341058,0.008019033,0.007722776,0.01772769,7.026667,0.06448046,0.8636152,257,24577,24577,24577,24577,24577,0.2163099,0.1685472,0.1166002,0.08664643,0.06444903,20.79021,18.86454,17.75531,17.29916,16.96913,0.0790000036358833,0.921000003814697,2
668,53501,0.1495439,3.288271E-5,0,-0.420359394240119,-0.895827337131487,0.144192100067894,1,1,1,0,0,0,0,1237668348685976011,1,0,21.63872,19.82881,18.62534,18.15479,17.87473,0.15611,0.02047386,0.01871254,0.01576732,0.0203046,22.02018,19.97919,18.89392,18.40501,18.01872,0.1841784,0.01586185,0.008605492,0.008563897,0.01822591,20.85564,18.70497,17.65135,17.14805,16.85872,0.4224161,0.02658234,0.01745675,0.01801041,0.03620434,20.66375,18.68369,17.56782,17.06629,16.71231,0.1414225,0.01200238,0.007502267,0.006787401,0.01387387,20.00047,18.57132,17.56782,17.05215,16.73798,0.1280491,0.01198579,0.007502267,0.006785882,0.01386173,18.54272,0.1742607,0.8068805,257,24577,24577,24577,24577,24577,0.2533842,0.1974353,0.1365848,0.1014972,0.07549524,20.41036,18.48626,17.43123,16.96479,16.63681,0.393999993801117,0.514999985694885,2
669,51608,0.0971866,2.220478E-5,0,-0.850957798543224,0.524975225561409,0.0164874996654012,1,1,1,0,0,0,0,1237651752385839180,1,0,20.49749,19.12506,18.32336,18.00677,17.53144,0.06783033,0.02189847,0.01618566,0.0168107,0.02596393,20.5973,19.30137,18.32873,17.91135,17.58787,0.06473278,0.009843396,0.006076748,0.00777696,0.01586978,17.67393,17.29056,16.45918,16.66285,16.54148,0.104759,0.03449783,0.04564693,0.06445924,0.1983256,19.03719,17.9963,17.05519,16.6587,16.33837,0.04015362,0.008846336,0.006094387,0.006284886,0.01524565,16.87659,17.76498,17.05519,16.79512,16.51031,0.0296059,0.008800496,0.006094386,0.00626746,0.01520415,9.101692,0.06184575,0.8126194,257,24577,24577,24577,24577,24577,0.1717501,0.1338265,0.09258056,0.06879728,0.05117253,18.86544,17.86247,16.9626,16.5899,16.2872,0.0359999984502792,0.85699999332428,2
670,51608,0.4187579,1.705027E-4,0,-0.854456372493284,0.519322772555102,0.0144279385672425,1,1,1,0,0,0,0,1237648722290802699,1,0,23.23847,21.96505,20.15862,19.4128,19.04763,0.3984715,0.07816925,0.02618803,0.02446695,0.04529016,23.15557,21.97042,20.15615,19.41737,19.09098,0.4521648,0.09338965,0.02607077,0.02182698,0.05381108,22.18645,21.26494,19.24173,18.56363,18.26558,1.101582,0.2210459,0.05104449,0.04854574,0.1128726,22.62032,20.99019,19.1626,18.40627,18.071,0.5117834,0.06497765,0.02011486,0.01686482,0.04060698,22.30346,21.2208,19.20194,18.48949,18.2217,0.6929967,0.0857007,0.0221249,0.0170535,0.04448974,10.3256,0.3216843,0.8396599,257,24577,24577,24577,24577,24577,0.1145591,0.08926365,0.06175218,0.04588849,0.0341326,22.50576,20.90093,19.10085,18.36039,18.03686,0.0579999983310699,0.709999978542328,2
671,51608,0.08655048,1.486582E-5,0,-0.858189358902384,0.513305550678369,0.00533253312139723,1,1,1,0,0,0,0,1237648721754062946,1,0,20.99849,19.50958,18.61042,18.04557,17.74054,0.06628493,0.01621944,0.01434906,0.01562334,0.02453209,21.13458,19.56598,18.65852,18.06872,17.75699,0.08061784,0.00955075,0.008178012,0.005632304,0.02049399,20.36834,18.52353,17.65723,17.08165,16.80068,0.1926792,0.01891688,0.01189893,0.01196709,0.04014998,20.11273,18.52711,17.61176,17.03841,16.72888,0.06301078,0.009531884,0.006796706,0.0062571,0.01566177,20.30428,18.49419,17.61183,17.11009,16.94467,0.06831958,0.009523835,0.006796706,0.006250261,0.01558586,6.886069,0.05071839,0.8592151,257,24577,24577,24577,24577,24577,0.1374541,0.1071033,0.07409355,0.05505945,0.04095411,19.97528,18.42001,17.53767,16.98335,16.68793,0.0689999982714653,0.75900000333786,2
672,51633,0.1045381,8.024222E-6,0,-0.864127184952361,0.50304993284867,-0.0149991095488013,1,1,1,0,0,0,0,1237648720143777968,1,0,19.92813,19.24791,18.73741,18.31056,18.07866,0.03196797,0.0252365,0.01757682,0.01639702,0.02458525,20.16098,19.268,18.674,18.27579,18.00494,0.03053809,0.01007884,0.008280511,0.008658195,0.02195879,19.25079,18.24223,17.53496,17.18274,16.95275,0.06852862,0.0157658,0.01210711,0.01404842,0.04124665,18.99221,18.03735,17.41614,17.01984,16.76277,0.03064797,0.008085384,0.00657619,0.006784076,0.01650253,19.29737,18.18005,17.47341,17.11989,16.82574,0.03005314,0.008078679,0.006619784,0.006818178,0.01660693,14.5619,0.1210321,0.8584099,257,24577,24577,24577,24577,24577,0.155993,0.1215487,0.08408681,0.06248551,0.04647774,18.83622,17.9158,17.33205,16.95736,16.71629,0.264999985694885,0.528999984264374,2
673,51608,0.07641787,1.684191E-5,0,-0.847999702057084,0.529937387005493,0.00792913393044289,1,1,1,0,0,0,0,1237650796757713015,1,0,20.57094,18.76561,17.9077,17.5334,17.14121,0.04771172,0.01493014,0.01436441,0.01988824,0.01497489,20.63456,18.89573,17.99605,17.59288,17.27432,0.04479103,0.006550511,0.005360399,0.00474528,0.01204958,19.74023,18.07329,17.21063,16.81354,16.53117,0.08149095,0.01695545,0.01380302,0.01302417,0.02095886,19.79645,18.04897,17.16474,16.76401,16.45636,0.04314347,0.006536102,0.004873523,0.004980699,0.009767464,19.52158,18.00282,17.16474,16.75293,16.48431,0.04276591,0.006531618,0.004873523,0.004981263,0.009765977,8.691564,0.03540432,0.8395501,257,24577,24577,24577,24577,24577,0.1649392,0.1285195,0.08890919,0.06606905,0.04914324,19.63151,17.92046,17.07583,16.69794,16.40721,0.393999993801117,0.527999997138977,2
674,51633,0.0387163,6.870092E-6,0,-0.861106116988096,0.508327285280347,0.00998129877301058,1,1,1,0,0,0,0,1237651801770754182,1,0,20.17829,19.34491,19.05714,18.8651,18.83027,0.04248193,0.02367568,0.01800328,0.01980354,0.04010727,19.90043,19.0153,18.69448,18.46445,18.35252,0.0363722,0.00910951,0.009311617,0.01103892,0.03187635,18.56039,17.58441,17.26139,17.04558,16.9697,0.05189428,0.01058569,0.01219574,0.01558843,0.05126766,18.46333,17.53361,17.21628,16.99463,16.91978,0.02463208,0.00671451,0.007031427,0.008405979,0.02642167,18.50703,17.53331,17.21628,17.00516,16.92704,0.02457088,0.006712656,0.007031426,0.00840563,0.02637682,46.97658,0.4227487,0.825674,257,1,1,1,1,1,0.107227,0.08355056,0.05779989,0.04295152,0.03194804,18.3561,17.45005,17.15848,16.95167,16.88783,0.34400001168251,0.453000009059906,0
675,51633,0.08190168,1.120873E-5,0,-0.862079410217319,0.50667860769348,0.00979178151082576,1,1,1,0,0,0,0,1237651801770754287,1,0,20.9639,19.44329,18.58099,18.11854,17.8303,0.07054356,0.0240719,0.01647201,0.01712979,0.02347078,20.92211,19.37646,18.51591,18.0536,17.77814,0.07878219,0.0116277,0.006763364,0.008174903,0.01996346,19.83378,18.40781,17.56161,17.13754,16.92782,0.1183541,0.01637124,0.01190951,0.01263877,0.03656827,19.82922,18.26822,17.39721,16.95063,16.66655,0.06054117,0.009341659,0.006784534,0.006844589,0.01542672,19.61938,18.33242,17.45942,17.06705,16.80191,0.06031785,0.009408996,0.006827657,0.006857577,0.01542769,11.20014,0.08855052,0.825674,257,1,1,1,1,1,0.1082556,0.08435205,0.05835436,0.04336355,0.03225451,19.72097,18.18387,17.33886,16.90727,16.63429,0.164000004529953,0.800000011920929,2
676,51630,0.1800086,1.697089E-5,0,-0.835751544314429,0.549099541554526,0.00300826206566384,1,1,1,0,0,0,0,1237650796220252345,1,0,22.00721,20.88094,19.75608,19.13729,18.96113,0.1534384,0.03065943,0.02091155,0.02053447,0.04769446,22.13655,20.81217,19.68681,19.1251,18.87397,0.1853725,0.02589964,0.01715126,0.01503519,0.04695801,20.31206,18.8979,17.91635,17.51414,17.20477,0.3036517,0.04127649,0.02601913,0.02636153,0.08603785,20.14756,18.76524,17.69044,17.17648,16.92385,0.1247498,0.01848397,0.01146227,0.01057275,0.03260304,20.37746,18.73985,17.84439,17.30047,16.99034,0.1143376,0.01859124,0.01160754,0.0107786,0.0330749,43.3011,0.7802607,0.8436033,257,16385,24577,16385,24577,24577,0.6456532,0.5030887,0.3480344,0.2586268,0.1923709,19.50191,18.26216,17.34241,16.91785,16.73147,0.0439999997615814,0.880999982357025,2
677,51608,0.07774719,1.489596E-5,0,-0.856664044115579,0.515783446001555,0.00970321340080073,1,1,1,0,0,0,0,1237651801770492055,1,0,21.11404,19.32979,18.43725,17.99934,17.52363,0.09491076,0.05087931,0.04518846,0.04508941,0.04601789,20.93691,19.234,18.291,17.84217,17.48812,0.07985097,0.04511911,0.04011995,0.05133988,0.0524305,20.25861,18.42909,17.49048,17.05288,16.7331,0.1890989,0.1054877,0.1001235,0.09645914,0.1006424,20.11825,18.32223,17.3707,16.92246,16.56294,0.07157257,0.009243079,0.006450295,0.006486985,0.01335699,20.16614,18.3248,17.38344,16.95177,16.66667,0.06990591,0.009280629,0.006461443,0.006499304,0.01336617,8.134995,0.05546053,0.8429205,257,1,1,1,1,1,0.1120629,0.08731867,0.06040665,0.04488861,0.03338888,20.00619,18.23491,17.3103,16.87757,16.52955,0.171000003814697,0.462999999523163,0
678,51633,0.06874236,6.895014E-6,0,-0.866508544583956,0.498872443088284,-0.0170066954497731,1,1,1,0,0,0,0,1237648720143908977,1,0,20.06211,19.36303,19.26731,18.89281,18.96311,0.03480532,0.02398627,0.01621625,0.01761771,0.04665638,20.1548,19.37231,19.18163,18.84873,18.86677,0.03628323,0.01078969,0.011823,0.01296591,0.04502811,19.39149,18.57207,18.28402,17.98975,17.99972,0.05650708,0.01553714,0.01733401,0.02031581,0.07630973,19.43219,18.59241,18.38963,18.06225,18.08699,0.03030974,0.008999887,0.009621001,0.01047141,0.03480687,19.4049,18.53579,18.24417,17.90816,17.93925,0.03271826,0.009012202,0.009710445,0.01054637,0.03514968,12.1201,0.1514638,0.8573599,257,24577,24577,24577,24577,24577,0.1626827,0.1267613,0.08769287,0.06516521,0.04847094,19.2695,18.46565,18.30194,17.99709,18.03852,0.144999995827675,0.694000005722046,2
679,53884,0.07439807,1.072985E-5,0,-0.440811749745585,-0.891655416674203,0.103129138471089,1,1,1,0,0,0,0,1237662238565663134,1,0,20.98236,19.76933,19.2654,18.94893,18.76872,0.08426885,0.01904114,0.01719425,0.01858123,0.03530774,20.6979,19.50009,18.88893,18.55439,18.33856,0.0709626,0.01214602,0.01075008,0.01150764,0.02883964,18.45648,17.25579,16.70208,16.45191,16.43136,0.08617719,0.01324191,0.0120259,0.01443317,0.04743334,18.46301,17.26347,16.70536,16.3839,16.21028,0.03983451,0.007115777,0.00594795,0.006495792,0.01678887,18.40112,17.21987,16.66275,16.38776,16.27227,0.03964397,0.007111263,0.006050428,0.006591111,0.01704179,84.66468,0.6774783,0.8412716,257,24577,24577,24577,24577,24577,0.2310985,0.1800704,0.1245719,0.09257026,0.06885526,18.23191,17.0834,16.58078,16.29133,16.14143,0.992999970912933,0.00700000021606684,1
680,53884,0.2834086,5.408363E-5,0,-0.446594468930027,-0.887878210790015,0.110569720653662,1,1,1,0,0,0,0,1237662198827320045,1,0,22.80003,20.87565,19.41,18.88431,18.4581,0.2751406,0.03082292,0.01830057,0.01743042,0.0311503,22.81853,20.70956,19.13364,18.5545,18.15986,0.3646809,0.02526199,0.01139876,0.01499748,0.02775629,21.31526,19.44017,17.79738,17.21474,16.90426,0.6545461,0.06229963,0.0352524,0.04133401,0.0595629,21.39954,19.30069,17.70788,17.13977,16.74756,0.2674661,0.02188753,0.008906269,0.00779484,0.01854786,21.00271,19.31777,17.70788,17.17496,16.86924,0.2296706,0.02188487,0.008906269,0.00779054,0.01851694,10.09172,0.1177196,0.9193282,257,24577,24577,24577,24577,24577,0.2290388,0.1784655,0.1234616,0.09174521,0.06824158,21.1705,19.12222,17.58442,17.04803,16.67932,0.0430000014603138,0.870000004768372,2
681,53047,0.07849421,8.120655E-6,0,-0.290109333642285,0.724702138220818,0.62501470814038,1,1,1,0,0,0,0,1237663530788782571,1,0,21.19405,19.85473,19.67904,19.27823,18.86189,0.09214827,0.02175181,0.02039055,0.02093384,0.04970514,20.80986,19.68716,19.09673,18.73897,18.48705,0.07614528,0.0128351,0.01275328,0.0117168,0.04283348,19.22728,18.11842,17.59857,17.31787,17.03571,0.09114141,0.01343881,0.01567907,0.01857731,0.06171806,19.22482,18.06539,17.53216,17.20089,16.9373,0.05235152,0.008564392,0.00935107,0.01139372,0.02906567,19.08054,18.02316,17.53218,17.25089,16.96467,0.05136788,0.00855549,0.009351071,0.01137906,0.02905808,41.10355,0.5011109,0.8500562,257,24577,24577,24577,24577,24577,0.2888718,0.2250869,0.1557141,0.1157123,0.08606867,18.93595,17.8403,17.37645,17.08518,16.85123,0.444000005722046,0.407000005245209,0
682,51630,0.02492348,4.850147E-6,0,-0.826823799813414,0.562433257760511,0.00558879477223638,1,1,1,0,0,0,0,1237648721752621240,1,0,20.19687,19.1664,19.63574,20.00172,19.95874,0.03829774,0.02106748,0.05521582,0.1500786,0.1991987,20.2709,19.2812,19.45449,19.53561,19.41932,0.0421358,0.01321035,0.05680478,0.1324074,0.1646197,18.83853,17.8061,17.78769,17.92023,18.21868,0.08180432,0.03313119,0.1101473,0.2713264,0.4921494,18.38335,17.32703,17.39917,17.56194,17.59595,0.03279675,0.007650205,0.01042785,0.01734205,0.07419297,18.85444,17.64525,17.59945,17.71952,17.9172,0.03202206,0.007571352,0.0106274,0.01759507,0.07321357,73.05218,1.17848,0.8566216,257,24577,24577,24577,24577,24577,0.4832039,0.3765092,0.2604673,0.1935551,0.1439695,17.90015,16.95052,17.1387,17.36838,17.45198,0.419999986886978,0.202999994158745,0
683,51630,0.1436299,1.978826E-5,0,-0.831332571387003,0.555540790164698,0.016142682994345,1,1,1,0,0,0,0,1237650797293797524,1,0,21.7647,20.16936,19.02539,18.3927,17.96635,0.1387679,0.02393436,0.01780465,0.0251667,0.0282219,21.67804,20.10097,19.00036,18.46457,18.08635,0.1362852,0.01697918,0.01016233,0.009440334,0.02201257,19.5651,18.31417,17.39682,16.96366,16.67285,0.1358492,0.01977809,0.0145741,0.01377805,0.0379204,19.93324,18.42003,17.42147,16.92629,16.55457,0.08067985,0.01046035,0.006928782,0.006723661,0.01556109,19.39774,18.28885,17.34412,16.91574,16.57767,0.07595882,0.01039976,0.007053503,0.006805169,0.01574253,48.31029,0.4783967,0.8145884,257,24577,24577,24577,24577,24577,0.5719244,0.4456397,0.3082915,0.2290936,0.1704036,19.36132,17.97439,17.11318,16.6972,16.38416,0.407000005245209,0.575999975204468,2
684,51608,0.06303807,6.898933E-6,0,-0.844738090048299,0.534762983654136,0.0211213289089067,1,1,1,0,0,0,0,1237651752922447989,1,0,20.5457,19.64798,19.46244,19.40265,19.27086,0.06792567,0.02162109,0.02483777,0.02368796,0.0658526,20.59117,19.5878,19.18691,18.90124,18.855,0.06840266,0.01256871,0.014013,0.01541222,0.05639008,18.7295,17.66214,17.21741,16.95459,16.87269,0.09400642,0.01532974,0.01463491,0.01998851,0.07661451,18.65694,17.5944,17.1874,16.89973,16.85708,0.04169337,0.007905487,0.008317323,0.009525106,0.03383077,18.72836,17.6165,17.17941,16.91072,16.79638,0.04238773,0.00790112,0.008348609,0.009524572,0.03479533,69.91927,0.8664171,0.8115287,257,24577,24577,24577,24577,24577,0.213418,0.1662939,0.1150413,0.08548803,0.06358739,18.44352,17.4281,17.07236,16.81424,16.79349,0.0939999967813492,0.561999976634979,2
685,51630,0.4482199,1.066882E-4,0,-0.836330598223363,0.548042945868236,-0.0141442553503535,1,1,1,0,0,0,0,1237650795146510903,1,0,24.22017,21.98278,20.26409,19.47981,18.9457,0.8810178,0.07212251,0.02708849,0.02346613,0.04057482,24.11655,22.20228,20.42813,19.61519,19.11775,0.8482465,0.09675507,0.0317781,0.02185674,0.05021288,25.79026,21.34879,19.29993,18.621,18.06832,5.215773,0.4266613,0.09123418,0.07033348,0.164289,25.33996,21.41559,19.63294,18.82156,18.31593,1.267481,0.07450638,0.02501483,0.01731835,0.03784546,24.77814,21.76055,19.63294,18.90146,18.61472,0.9466695,0.07405305,0.02501483,0.017345,0.03742433,7.324138,0.2856644,0.8297696,257,24577,24577,24577,24577,24577,0.2578563,0.2009199,0.1389954,0.1032885,0.07682768,25.0821,21.21467,19.49395,18.71828,18.2391,0.0379999987781048,0.653999984264374,2
686,54266,0.1343476,1.259733E-5,0,-0.566778420574817,-0.806625755973033,0.167681578510131,1,1,1,0,0,0,0,1237662636910051682,1,0,20.59608,19.27944,18.72727,18.31243,17.9278,0.0525158,0.02467444,0.01792208,0.01612789,0.0214514,20.36617,19.06251,18.26238,17.82114,17.51066,0.0485359,0.01286931,0.006216849,0.006368076,0.01209839,18.87894,17.58083,16.79736,16.40063,16.06614,0.09804119,0.04055135,0.03111278,0.01928343,0.03849791,18.79088,17.45461,16.65252,16.22391,15.89661,0.0364407,0.006342893,0.004923284,0.004768741,0.0112058,18.83521,17.48307,16.71068,16.32971,15.95443,0.03630978,0.006366731,0.004971825,0.004798524,0.01119997,13.4955,0.06368266,0.9752517,257,24577,24577,24577,24577,24577,0.1559659,0.1215276,0.08407222,0.06247466,0.04646967,18.63492,17.33309,16.56845,16.16143,15.85014,0.958000004291534,0.0419999994337559,1
687,54266,0.1735045,3.378072E-5,0,-0.572899615866726,-0.805195010644356,0.15312421419617,1,1,1,0,0,0,0,1237662635836244152,1,0,21.61644,19.69339,18.54367,18.109,17.6728,0.1040937,0.02187702,0.01931378,0.01803301,0.02148711,21.72234,19.63511,18.4287,17.95631,17.59288,0.1327998,0.01313997,0.006946053,0.006543289,0.01184262,20.73825,18.68431,17.46113,16.9928,16.64767,0.222044,0.02104416,0.01533099,0.01487506,0.02683565,20.65299,18.58907,17.37095,16.90135,16.53264,0.09869973,0.01021294,0.005919817,0.005679274,0.0119842,20.65113,18.61234,17.37095,16.91874,16.58314,0.09851346,0.01021238,0.005919817,0.005678948,0.01197779,6.400568,0.03374289,0.9526744,257,24577,24577,24577,24577,24577,0.1646464,0.1282914,0.08875138,0.06595179,0.04905602,20.48834,18.46078,17.2822,16.83539,16.48358,0.0359999984502792,0.85699999332428,2
688,53137,0.3946302,1.061092E-4,0,-0.534733818670072,-0.82706029782278,0.173294566954122,1,1,1,0,0,0,0,1237668330961699176,1,0,23.22013,21.32745,19.8076,19.27364,18.6865,0.4072368,0.0474598,0.02105169,0.02247374,0.04548908,23.11848,21.45678,19.73496,19.10336,18.72787,0.4130399,0.05103555,0.01519947,0.01454747,0.04988914,21.49876,19.88876,18.38311,17.77147,17.36984,0.6986256,0.0877161,0.03594322,0.03582783,0.1002376,21.78879,19.97407,18.27867,17.64744,17.25875,0.354618,0.03740343,0.01385398,0.01366487,0.03649027,19.93242,19.81832,18.27867,17.6169,17.33885,0.3078413,0.03727074,0.01385398,0.01371587,0.03647047,12.43412,0.2612834,0.8657,257,24577,24577,24577,24577,24577,0.2587091,0.2015844,0.1394552,0.1036301,0.07708178,21.53008,19.77249,18.13921,17.54381,17.18167,0.0359999984502792,0.78600001335144,2
689,53137,0.05111079,8.086665E-6,0,-0.534338903504978,-0.827895441175256,0.170502418406094,1,1,1,0,0,0,0,1237668348145697081,1,0,20.28222,19.24126,18.88533,18.56992,18.33037,0.04697448,0.0183799,0.01529674,0.01805642,0.02893545,20.34273,19.17321,18.61969,18.30239,18.10722,0.0434828,0.009371828,0.007696884,0.006945815,0.01914601,18.87875,17.7051,17.18658,16.8735,16.73771,0.04959786,0.009116901,0.008056172,0.008536327,0.0253873,18.84401,17.68263,17.16094,16.84024,16.65866,0.02778321,0.006314812,0.005480236,0.005595804,0.0131089,18.78675,17.66518,17.16094,16.84519,16.67583,0.02762814,0.006313296,0.005480236,0.005595351,0.01310767,37.27836,0.2243478,0.8924893,257,24577,24577,24577,24577,24577,0.189997,0.1480444,0.1024164,0.07610638,0.05660917,18.65402,17.53459,17.05852,16.76413,16.60205,0.202999994158745,0.649999976158142,2
690,53137,0.06896964,4.591937E-5,0,-0.530724916016825,-0.831284546520584,0.165218238203296,1,1,1,0,0,0,0,1237662637448036846,1,0,23.93168,20.95147,20.18866,19.59011,19.04825,0.5514245,0.03049663,0.02171904,0.02662196,0.04127909,23.00494,20.46252,19.41399,18.79873,18.39032,0.4443819,0.02151366,0.01382948,0.009659318,0.03214715,20.51546,18.60781,17.7898,17.24428,16.95091,0.3730763,0.03116547,0.01895871,0.01851425,0.06906687,21.0923,18.73922,17.77342,17.20848,16.78102,0.2242782,0.01418005,0.01087044,0.009013595,0.02327907,20.08567,18.5356,17.72676,17.18718,16.78382,0.1863061,0.01433064,0.0110382,0.009216113,0.02376866,61.8285,0.9148703,1.0,257,24577,24577,24577,24577,24577,0.2177384,0.1696603,0.1173702,0.08721866,0.06487466,20.87456,18.56956,17.65605,17.12126,16.71614,0.86599999666214,0.119000002741814,1
691,53052,0.06703077,1.187579E-5,0,-0.315271623412342,0.658725292274621,0.683143317897981,1,1,1,0,0,0,0,1237663546897269075,1,0,21.01287,19.91029,19.2656,18.86984,18.56264,0.08322503,0.01977976,0.02050835,0.01803872,0.03608624,21.13437,19.78904,19.09052,18.68903,18.35627,0.09528641,0.01349098,0.01164736,0.01296672,0.03147373,19.02323,17.64956,17.06922,16.80062,16.52278,0.09602708,0.01250763,0.01267573,0.01632409,0.0444807,18.91832,17.60161,16.98932,16.63001,16.35038,0.04457616,0.007330291,0.006941049,0.007420713,0.01874434,18.81401,17.55108,16.98932,16.67346,16.4294,0.04436626,0.007323639,0.006941048,0.007412072,0.01872976,83.26422,0.8380883,0.7977234,257,16385,24577,24577,24577,24577,0.2257851,0.1759302,0.1217077,0.09044186,0.06727213,18.69253,17.42568,16.86761,16.53956,16.28311,0.483999997377396,0.354999989271164,0
692,53052,0.08362258,1.625315E-5,0,-0.312919774532945,0.649342598502467,0.693134477916309,1,1,1,0,0,0,0,1237663547434467660,1,0,21.7882,20.02329,19.13885,18.82821,18.54631,0.1653123,0.01991966,0.01532435,0.02164218,0.03984653,21.65962,19.8497,19.03806,18.60854,18.28643,0.1322023,0.01505534,0.01260972,0.01532086,0.03548318,18.84655,17.52347,16.81439,16.44061,16.20143,0.1082413,0.01515179,0.01509698,0.02095501,0.05355725,19.21449,17.53447,16.78202,16.37583,16.12028,0.06736079,0.007340733,0.006633615,0.0068136,0.01938056,18.7265,17.44411,16.67874,16.29038,15.96698,0.06771184,0.007357677,0.006824914,0.00701801,0.01983579,126.819,1.262745,0.8044723,257,24577,24577,24577,24577,24577,0.1554068,0.121092,0.08377086,0.06225073,0.0463031,19.05908,17.41338,16.69825,16.31358,16.07397,0.621999979019165,0.324000000953674,1
693,53052,0.2784865,5.626541E-5,0,-0.312451765852914,0.643668566953078,0.698616253698672,1,1,1,0,0,0,0,1237663547434664306,1,0,22.92445,20.80656,19.29424,18.82693,18.34234,0.3568112,0.02954603,0.01851539,0.0206177,0.03141471,23.13767,20.82055,19.26229,18.65265,18.30131,0.4693997,0.02945113,0.01384771,0.009195599,0.03148359,20.50896,19.47295,17.84305,17.26517,16.92907,0.3947594,0.06259143,0.03131858,0.03464081,0.06496873,21.63664,19.39479,17.79617,17.21241,16.84762,0.3504474,0.02228015,0.01042951,0.00909268,0.02308379,19.4369,19.43818,17.79617,17.33423,16.98771,0.2591058,0.02224757,0.01042952,0.009078478,0.02345928,12.92925,0.1970993,0.8219765,257,24577,24577,24577,24577,24577,0.1644958,0.128174,0.0886702,0.06589147,0.04901114,21.47214,19.26661,17.7075,17.14651,16.79861,0.0640000030398369,0.850000023841858,2
694,53052,0.1336611,2.762346E-5,0,-0.311215352666347,0.650203242378589,0.693095049661395,1,1,1,0,0,0,0,1237663547434467598,1,0,21.63542,19.53938,18.4257,18.00048,17.67815,0.1235754,0.0207861,0.01501196,0.01990478,0.02662361,21.66822,19.55313,18.46136,17.98762,17.59944,0.138376,0.01953265,0.01424024,0.01527229,0.01682425,20.31225,18.38919,17.26627,16.78027,16.44274,0.2188734,0.03677927,0.02745948,0.02928376,0.0404185,20.41065,18.31737,17.18807,16.70853,16.32974,0.1050602,0.009200634,0.006285626,0.005992192,0.01366817,19.99796,18.32605,17.18807,16.72697,16.34974,0.1027177,0.0092018,0.006285626,0.005991328,0.01366281,12.07061,0.09035355,0.8044723,257,24577,24577,24577,24577,24577,0.1567087,0.1221064,0.08447262,0.06277221,0.04669099,20.25394,18.19526,17.1036,16.64576,16.28304,0.0,0.75,2
695,51608,0.03094283,1.058473E-5,0,-0.843448226650073,0.537063881647297,0.0125489438115717,1,1,1,0,0,0,0,1237648722290278413,1,0,19.37758,17.68142,16.9199,16.53484,16.24722,0.02387593,0.01138866,0.01721498,0.0135856,0.02215848,19.48056,17.75395,16.96278,16.58529,16.28399,0.02389005,0.003756649,0.002902902,0.003010072,0.005102279,18.5369,16.8302,16.04654,15.67201,15.3756,0.03251376,0.01337668,0.01408991,0.01371865,0.01541677,18.48396,16.76043,15.98171,15.6036,15.30425,0.01893007,0.003831985,0.003208802,0.003329935,0.005599673,18.4645,16.74785,15.98169,15.6106,15.35495,0.01892383,0.003830516,0.003208802,0.003330232,0.005592666,7.317354,0.01124878,0.8481629,257,24577,24577,24577,24577,24577,0.251277,0.1957933,0.1354489,0.1006531,0.07486738,18.23268,16.56463,15.84626,15.50295,15.22938,0.114000000059605,0.704999983310699,2
696,51608,0.006316895,4.608366E-6,0,-0.843113684905397,0.537627770775374,0.0107561338939575,1,1,1,0,0,0,0,1237651801769836703,1,0,17.65798,17.59494,17.76254,18.10423,17.97806,0.01730267,0.02068751,0.02479559,0.03503802,0.04103385,17.50715,17.24128,17.3329,17.63313,17.59967,0.009259525,0.01100503,0.01426503,0.02168837,0.02841968,15.68896,15.41014,15.30332,15.51004,22.58603,0.0477877,0.08642153,0.09566957,0.1368132,71.62125,15.85991,15.83053,15.77734,16.05501,16.06842,0.006411128,0.003412418,0.003821842,0.005917879,0.01689606,16.01222,15.91656,15.77734,16.17694,16.40856,0.006420981,0.003404268,0.003821841,0.005911881,0.01674048,14.98078,0.05655224,0.8235754,257,193,1,193,193,1,0.260648,0.2030951,0.1405003,0.1044068,0.07765944,15.59926,15.62743,15.63684,15.95061,15.99076,0.0570000000298023,0.0570000000298023,0
697,53052,0.01701961,4.955747E-6,0,-0.312678257091547,0.647426214184088,0.695033527773626,1,1,1,0,0,0,0,1237663547434533155,1,0,20.35974,19.29899,18.90894,18.86688,18.69052,0.04628849,0.01584504,0.01684695,0.01973959,0.04058347,20.38361,19.35321,18.92171,18.74905,18.5581,0.04952616,0.01027254,0.008937975,0.01029773,0.03082568,19.40556,18.33587,17.84375,17.56928,17.49898,0.08762734,0.01878768,0.02027608,0.02529802,0.07388406,19.24704,18.19756,17.71791,17.53229,17.34951,0.0390184,0.008265648,0.008454804,0.009832452,0.02848971,19.41348,18.26555,17.71793,17.41169,17.37721,0.03891225,0.008267528,0.008454803,0.009821428,0.02862274,12.38103,0.1407012,0.814261,257,24577,24577,24577,24577,24577,0.150566,0.11732,0.08116144,0.06031165,0.04486078,19.09647,18.08024,17.63674,17.47198,17.30465,0.28600001335144,0.666999995708466,2
698,53052,0.04916245,1.585354E-5,0,-0.310362418573431,0.64533362410756,0.698011233959349,1,1,1,0,0,0,0,1237663530791535005,1,0,20.81873,18.81886,18.10436,17.66662,17.21218,0.06938229,0.01616328,0.01877202,0.01962628,0.02287021,20.7375,18.73096,17.84399,17.38994,17.06769,0.06984739,0.006138414,0.00458307,0.00520048,0.01347237,18.23826,16.67715,15.91309,15.49312,15.30412,0.07887536,0.00798256,0.00714592,0.008543381,0.02872955,18.49164,16.56071,15.71062,15.26881,14.96398,0.04236146,0.004445795,0.003791635,0.003760923,0.009309716,17.96279,16.46145,15.73844,15.3176,15.1273,0.04182705,0.004447562,0.00381296,0.003759828,0.009286414,28.32641,0.1207296,0.8442334,257,24577,24577,24577,24577,24577,0.1581175,0.1232041,0.085232,0.06333651,0.04711073,18.33352,16.43751,15.62539,15.20547,14.91687,0.532999992370605,0.382999986410141,1
699,51630,0.02165231,1.053692E-5,0,-0.825510438260688,0.564226099599017,-0.0134694043642133,1,1,1,0,0,0,0,1237650795146051733,1,0,20.43276,19.29242,18.96758,18.77239,18.51157,0.04962897,0.01643902,0.01856198,0.01950976,0.03458293,20.47253,19.16524,18.67586,18.42471,18.25403,0.05040197,0.008652969,0.007961047,0.01036611,0.02647725,17.56316,16.44465,16.00191,15.79329,15.81197,0.04773056,0.008388436,0.009302304,0.01280385,0.04156893,17.82641,16.61493,16.12896,15.89721,15.77105,0.02266522,0.00459762,0.004466267,0.004813785,0.01356204,17.67578,16.41956,15.9832,15.7808,15.74263,0.02315197,0.004763292,0.004655984,0.005016841,0.01409536,161.4207,0.8825071,0.8427622,257,24577,24577,24577,24577,24577,0.2307994,0.1798373,0.1244106,0.09245043,0.06876613,17.59561,16.43509,16.00455,15.80476,15.70228,0.773999989032745,0.144999995827675,1
700,51630,0.08645536,9.032167E-6,0,-0.835909155500481,0.548572730757391,0.0179956333550947,1,1,1,0,0,0,0,1237650797293994224,1,0,21.50072,20.3628,19.59533,19.0528,18.9484,0.1121619,0.02319793,0.0192514,0.02120469,0.04775532,21.5244,20.2798,19.57276,19.14794,18.99506,0.1204582,0.01771251,0.01553602,0.01502007,0.04349221,19.80746,18.35763,17.78911,17.42589,17.22358,0.2024106,0.02388992,0.01994334,0.02425303,0.07400881,19.88334,18.51727,17.87238,17.48676,17.30951,0.08331909,0.01212737,0.01037787,0.01088156,0.03207386,19.5204,18.27545,17.70483,17.35824,17.18859,0.08658698,0.01253461,0.01072131,0.01118528,0.03304968,49.94603,0.8007544,0.8175764,257,24577,24577,24577,24577,24577,0.6374438,0.4966919,0.3436092,0.2553384,0.1899249,19.24589,18.02058,17.52877,17.23142,17.11959,0.214000001549721,0.679000020027161,2
701,51910,0.02166339,5.845171E-6,0,-0.881381867802164,0.472403485314476,9.74767821122155E-4,1,1,1,0,0,0,0,1237654670273282147,1,0,20.50021,19.61342,19.59167,19.4361,19.06381,0.06018414,0.02311436,0.0188108,0.02249929,0.05950618,20.45024,19.52181,19.21495,19.06136,18.8729,0.05807681,0.01140712,0.01318374,0.01689072,0.05918751,18.68042,17.7756,17.4958,17.37659,17.22586,0.06896072,0.01285279,0.01610106,0.0225182,0.08809983,18.6356,17.72289,17.46015,17.3097,17.16851,0.03399978,0.007452283,0.008669529,0.01234478,0.03801942,18.61255,17.71135,17.46015,17.31301,17.06456,0.03398704,0.007451571,0.008669529,0.01234494,0.03981743,58.66333,0.7082437,0.8370854,257,1,1,8193,8193,1,0.1297474,0.1010983,0.06993932,0.05197241,0.03865792,18.50585,17.62179,17.39021,17.25772,17.12985,0.326999992132187,0.570999979972839,2
702,51910,0.08477004,2.484911E-5,0,-0.874891665801666,0.483989499716956,-0.0178532146829764,1,1,1,0,0,0,0,1237648720144302260,1,0,21.18002,19.41296,18.4842,17.94519,17.56529,0.07714801,0.01727028,0.01957488,0.01630079,0.02183226,21.27958,19.42724,18.46289,17.98205,17.63055,0.0869661,0.01115765,0.007115578,0.006847841,0.01636325,19.94239,18.15422,17.18398,16.74172,16.38611,0.1640425,0.01915462,0.01423538,0.01332545,0.03185121,19.97998,18.08373,17.1307,16.66089,16.29786,0.06789716,0.008606347,0.005766193,0.005697584,0.01264028,19.92901,18.09351,17.1307,16.70198,16.32976,0.08077802,0.008602209,0.005766194,0.005696994,0.01264146,8.662924,0.05439142,0.8653445,257,24577,24577,24577,24577,24577,0.2703853,0.2106824,0.1457491,0.1083072,0.08056065,19.7096,17.87305,16.98495,16.55258,16.2173,0.266999989748001,0.699999988079071,2
703,51608,0.3628585,8.326822E-5,0,-0.846921058918412,0.531540186913765,0.0137749648346461,1,1,1,0,0,0,0,1237648722290409748,1,0,23.63444,21.48829,19.68644,19.1147,18.65353,0.5178008,0.05178215,0.0196709,0.02508448,0.03736244,23.73612,21.51523,19.688,19.05975,18.66073,0.650219,0.05732353,0.01824558,0.01999787,0.04066028,26.42779,20.28621,18.69231,18.03757,17.63548,1.71774,0.09494656,0.03648844,0.0414302,0.07988787,23.22248,20.42214,18.60977,17.97826,17.58029,0.9115175,0.04353387,0.01376363,0.01260486,0.0286239,22.67105,20.19048,18.60977,17.988,17.63358,0.5182478,0.04339559,0.01376364,0.0126047,0.02860801,10.51348,0.2103053,0.839865,257,24577,24577,24577,24577,24577,0.2717505,0.2117462,0.146485,0.1088541,0.08096743,22.95073,20.2104,18.46328,17.8694,17.49932,0.10700000077486,0.64300000667572,2
704,51608,0.1432962,4.575159E-5,0,-0.846248663116385,0.532583518382084,0.014764691716788,1,1,1,0,0,0,0,1237651752385642693,1,0,22.0959,20.20751,19.10347,18.55509,18.06749,0.2165517,0.03131117,0.02536554,0.02315284,0.03070739,22.33868,20.27392,19.06554,18.51547,18.0863,0.2089267,0.02384444,0.01109624,0.01022891,0.03007744,19.96324,18.91998,17.7628,17.19915,16.98839,0.2092474,0.04261387,0.0268772,0.02695568,0.06709209,20.709,18.82477,17.63535,17.08802,16.68987,0.1779981,0.01725633,0.009558301,0.008988564,0.02218731,19.13906,18.75219,17.63536,17.13828,16.95484,0.1591288,0.0184255,0.009558301,0.008986877,0.02282219,13.95108,0.1885396,0.8156096,257,24577,24577,24577,24577,24577,0.3216712,0.2506441,0.1733944,0.1288506,0.09584119,20.38733,18.57412,17.46196,16.95917,16.59403,0.162000000476837,0.783999979496002,2
705,51608,0.09335276,2.761218E-5,0,-0.84417410550023,0.535914996799325,0.0128528521529539,1,1,1,0,0,0,0,1237648722290278439,1,0,22.7521,20.78238,19.70357,19.09512,18.61586,0.2250459,0.02895626,0.02258878,0.01942137,0.03765622,22.23678,20.54009,19.42698,18.81465,18.33683,0.1485283,0.02545349,0.01249467,0.01337737,0.02641217,20.69765,18.66201,17.52893,17.07879,16.59514,0.5585793,0.07054379,0.02239155,0.0385501,0.06575452,20.64814,18.59089,17.53076,16.96227,16.49495,0.1564424,0.01502096,0.008753295,0.008633875,0.01824574,19.6118,18.51426,17.4629,16.95855,16.504,0.1448245,0.01499639,0.008906453,0.008767752,0.01855492,123.1534,1.877473,0.8481629,257,24577,24577,24577,24577,24577,0.2318499,0.1806559,0.1249769,0.09287123,0.06907913,20.41629,18.41023,17.40579,16.8694,16.42587,0.879000008106232,0.090999998152256,1
706,51608,0.08517714,1.496345E-5,0,-0.848583362799854,0.529045668380804,0.00411790563270761,1,1,1,0,0,0,0,1237648721753604358,1,0,20.33457,18.4856,17.50525,17.1011,16.71017,0.04802408,0.01605778,0.01241538,0.01799767,0.02277711,20.42241,18.40383,17.4133,16.95248,16.6115,0.04135917,0.005698625,0.003757453,0.003580524,0.008858743,18.78671,16.94028,16.02628,15.58285,15.24844,0.072138,0.009621421,0.005988901,0.006347477,0.01781663,18.90142,16.91346,15.93626,15.49382,15.12776,0.03402145,0.004449685,0.003335565,0.003327622,0.006848766,18.67181,16.82688,15.93626,15.51821,15.16441,0.0340023,0.00444361,0.003335565,0.003325624,0.006843677,11.37966,0.02732277,0.8635777,257,24577,24577,24577,24577,24577,0.1674755,0.1304958,0.09027638,0.06708503,0.04989893,18.73395,16.78297,15.84599,15.42674,15.07786,0.39300000667572,0.60699999332428,2
707,51910,0.1841305,3.241497E-5,0,-0.880201531983218,0.474452269213227,-0.0118451396283815,1,1,1,0,0,0,0,1237651800161059106,1,0,22.31912,20.19997,19.15678,18.64642,18.05034,0.2657963,0.03064153,0.02001994,0.03025107,0.03427377,22.5155,20.17316,19.03535,18.48085,18.09445,0.3210488,0.0212967,0.01248477,0.02205615,0.03383651,20.18105,18.92563,17.82523,17.29574,17.08223,0.221778,0.03337943,0.02434615,0.04194004,0.07599993,21.12012,18.98381,17.86919,17.32971,16.93788,0.1923145,0.01510737,0.008943743,0.007805384,0.01902829,19.93753,18.83554,17.73562,17.16687,16.88599,0.1796389,0.01529225,0.009057211,0.007869934,0.01916192,28.02397,0.3801678,0.8236564,257,1,1,1,1,1,0.1452154,0.1131508,0.07827722,0.05816836,0.04326658,20.9749,18.87066,17.79091,17.27154,16.89461,0.523999989032745,0.428999990224838,1
708,51910,0.06263834,1.606341E-5,0,-0.877223167455164,0.479964618901988,0.0106526561100228,1,1,1,0,0,0,0,1237651801771540649,1,0,19.74406,17.74046,16.978,16.46187,16.11246,0.03542666,0.01537842,0.01733137,0.0149906,0.02131421,19.75845,17.74905,16.77225,16.32687,16.00802,0.0279732,0.003908233,0.002842335,0.002421056,0.004895262,17.40279,15.61343,14.65665,14.20577,13.92526,0.05384707,0.01084222,0.01015652,0.01041302,0.01404036,17.56445,15.58079,14.62696,14.17766,13.8582,0.02153975,0.003081162,0.002418865,0.002425496,0.004158847,17.40318,15.5702,14.62696,14.18529,13.96114,0.02150306,0.003081095,0.002418865,0.002425455,0.004154222,15.13857,0.02329549,0.8504173,257,1,1,1,1,1,0.1755097,0.136756,0.09460715,0.07030325,0.0522927,17.38894,15.44404,14.53235,14.10735,13.80591,0.0,1.0,2
709,51608,0.3152958,1.146922E-4,0,-0.843376200108634,0.537286998634032,0.00626627394512217,1,1,1,0,0,0,0,1237648721753407772,1,0,24.00266,21.47966,19.76268,19.02178,18.56811,0.6546478,0.0473676,0.02179325,0.01910406,0.03643667,23.67355,21.45671,19.74149,19.02536,18.52338,0.6432558,0.05335257,0.01816974,0.01497269,0.03895324,23.48748,20.36908,18.64281,18.00353,17.58649,3.102331,0.1014074,0.03209395,0.02881954,0.08409066,22.96247,20.30617,18.57843,17.87154,17.37774,0.7746678,0.03951954,0.01365093,0.01151403,0.02863768,22.92294,20.16375,18.57843,18.01071,17.54763,0.5991097,0.0394411,0.01365094,0.01149182,0.02843084,8.962251,0.1795487,0.8677768,257,24577,24577,24577,24577,24577,0.3112911,0.2425559,0.1677991,0.1246927,0.09274846,22.65118,20.06361,18.41063,17.74685,17.28499,0.175999999046326,0.685999989509583,2
710,51608,0.06144949,1.422441E-5,0,-0.845177598078297,0.534109790465275,0.0200389479699088,1,1,1,0,0,0,0,1237648722827215020,1,0,20.33859,18.33993,17.38214,16.8999,16.5428,0.04332175,0.0157185,0.01150788,0.01442501,0.01951715,20.27057,18.31694,17.34575,16.89247,16.55884,0.03814433,0.00489694,0.003587849,0.00359487,0.00775628,18.29969,16.58787,15.64646,15.26675,14.91308,0.05893946,0.008413319,0.007189815,0.00588679,0.01204716,18.30998,16.39885,15.44522,15.02465,14.67003,0.02896912,0.003918323,0.002937604,0.00301856,0.005637354,18.08663,16.42596,15.49775,15.13642,14.73657,0.02926721,0.003956483,0.002964864,0.003053063,0.005700993,26.00109,0.05869413,0.8260773,257,24577,24577,24577,24577,24577,0.2221784,0.1731199,0.1197635,0.08899714,0.06619752,18.0878,16.22573,15.32545,14.93566,14.60383,0.0740000009536743,0.912000000476837,2
711,51608,0.0754328,2.718975E-5,0,-0.847566955685738,0.530664298268918,0.00506538965597464,1,1,1,0,0,0,0,1237648721753604388,1,0,22.43616,20.72557,19.68614,19.23127,18.66561,0.2205252,0.0286361,0.01916369,0.02270242,0.04026486,22.33977,20.42327,19.38118,18.79814,18.3677,0.2232283,0.01980304,0.01406264,0.01302558,0.03451862,21.48011,18.76341,17.8325,17.28819,17.03532,0.7475701,0.04294246,0.02244175,0.02478379,0.07124622,20.84861,18.8435,17.82355,17.25382,16.84701,0.1560203,0.01544003,0.009435492,0.00880407,0.02368462,20.96795,18.69408,17.78607,17.24886,16.8871,0.1528511,0.01563167,0.009529732,0.008901931,0.02393543,59.63272,0.8215849,0.8635777,257,24577,24577,24577,24577,24577,0.1929741,0.1503641,0.1040212,0.07729889,0.05749618,20.65563,18.69314,17.71953,17.17652,16.78951,0.773999989032745,0.0970000028610229,1
712,51633,0.0814579,6.637493E-6,0,-0.860370098552598,0.509584854983474,0.00930425107484809,1,1,1,0,0,0,0,1237651801770688747,1,0,21.03946,19.5142,18.70553,18.24657,17.96701,0.08332637,0.01724719,0.0160084,0.01647944,0.02591417,20.63915,19.13524,18.33299,17.86964,17.58448,0.06474361,0.009373152,0.006594417,0.006469691,0.01720845,18.11729,16.80399,16.09472,15.7213,15.52668,0.06062461,0.009500874,0.007862441,0.008543422,0.02453778,18.20929,16.7904,16.07181,15.66053,15.41902,0.04138285,0.005153052,0.004183058,0.004318372,0.009952258,18.07282,16.75121,16.0618,15.65932,15.40587,0.04106743,0.00514912,0.004200813,0.004369906,0.0102266,137.1812,0.7901874,0.8330721,257,1,1,1,1,1,0.1149654,0.08958026,0.06197121,0.04605125,0.03425367,18.09432,16.70082,16.00983,15.61448,15.38476,0.943000018596649,0.0570000000298023,1
713,51630,0.02170876,5.207488E-6,0,-0.83217821840675,0.554508015125687,-5.23422141830895E-4,1,1,1,0,0,0,0,1237648721216012449,1,0,20.40653,19.65674,19.61366,19.8701,19.82456,0.04373145,0.01538862,0.01916427,0.03097264,0.07628812,20.41419,19.54494,19.33369,19.34762,19.18849,0.03963639,0.01046215,0.01305976,0.01711096,0.05626846,18.74076,17.7361,17.20423,16.86535,16.72671,0.09957261,0.02132566,0.0182,0.02187058,0.08041626,18.069,17.11625,16.7355,16.60067,16.48258,0.03436279,0.008277793,0.008097914,0.01256223,0.06089035,18.61888,17.59912,17.05261,16.77553,16.68916,0.03340477,0.008318256,0.008408768,0.01280447,0.07186608,63.10657,0.7775488,0.8572186,257,24577,24577,24577,24577,24577,0.7174299,0.5590165,0.3867251,0.2873782,0.2137566,17.35157,16.55724,16.34878,16.3133,16.26883,0.206000000238419,0.528999984264374,2
714,51608,0.08549848,2.2272E-5,0,-0.855188833600408,0.51829396146556,0.00484028857715876,1,1,1,0,0,0,0,1237648721753931984,1,0,21.51165,19.61299,18.53424,17.98765,17.55447,0.09285269,0.06207063,0.09265573,0.1471852,0.02414357,21.36613,19.52077,18.43444,17.90856,17.44836,0.07935207,0.06846958,0.1119679,0.1837205,0.0234021,19.96101,18.20314,17.27137,16.74959,16.45095,0.1657505,0.2293821,0.267373,0.4101228,0.1213963,20.07644,18.1922,17.14326,16.62183,16.20358,0.06996935,0.008618448,0.005753612,0.005486213,0.01256454,19.58817,17.99336,17.14326,16.65859,16.38976,0.06879045,0.00857111,0.005753612,0.005482844,0.0125002,13.70732,0.08370443,0.8700953,257,24577,24577,24577,24577,24577,0.1287173,0.1002957,0.06938408,0.05155981,0.03835102,19.94772,18.0919,17.07388,16.57027,16.16522,0.879000008106232,0.120999999344349,1
715,51633,0.09199978,6.617392E-6,0,-0.868585630547263,0.495535572920998,-0.00187039479044151,1,1,1,0,0,0,0,1237648721217716475,1,0,19.8174,18.81241,18.58652,18.45465,18.30967,0.03281799,0.01514379,0.01825977,0.0212033,0.03197373,19.65427,18.66458,18.34846,18.07174,18.01912,0.02205289,0.006706377,0.006496801,0.007182609,0.02380038,18.75671,17.67595,17.30618,17.05324,16.94393,0.0359268,0.007864426,0.008264247,0.009691861,0.03482718,18.72972,17.72304,17.39474,17.12132,17.04659,0.02054534,0.00558105,0.005450373,0.005986731,0.01810887,18.74187,17.65571,17.262,16.99838,16.88091,0.02060839,0.005631668,0.00551877,0.006083122,0.01843544,14.92066,0.08363108,0.8684245,257,24577,24577,24577,24577,24577,0.1580024,0.1231144,0.08516995,0.0632904,0.04707643,18.57172,17.59993,17.30956,17.05803,16.99952,0.090999998152256,0.635999977588654,2
716,51633,0.06139873,1.595736E-5,0,-0.862882822932146,0.505143615817851,-0.0162222466729754,1,1,1,0,0,0,0,1237648720143712324,1,0,19.75197,17.90421,16.85908,16.43411,15.9691,0.03396464,0.03061788,0.01652528,0.01318531,0.01947912,19.74899,17.69494,16.73568,16.25616,15.85523,0.02627028,0.01062148,0.005791184,0.004509848,0.00438697,17.729,15.78901,14.84838,14.39502,14.09109,0.0430544,0.02794397,0.01630873,0.0140505,0.009716366,17.67831,15.62343,14.68135,14.21932,13.86801,0.01790342,0.002903483,0.002307158,0.002283274,0.003716884,17.54119,15.62464,14.70619,14.24195,13.94732,0.01808454,0.002925444,0.002320085,0.002287506,0.003713087,26.97761,0.0346663,0.842676,257,24577,24577,24577,24577,24577,0.1629882,0.1269993,0.08785754,0.06528757,0.04856195,17.51532,15.49643,14.5935,14.15404,13.81944,0.0240000002086163,0.957000017166138,2
717,51633,0.08794625,1.676148E-5,0,-0.867994079439937,0.496544961116054,-0.00542029957402037,1,1,1,0,0,0,0,1237651800697340062,1,0,20.57414,18.59885,17.87345,17.48342,17.08971,0.05807504,0.01668268,0.01595576,0.0140683,0.02672251,20.48879,18.58454,17.60861,17.18847,16.86284,0.05831213,0.007579758,0.006412722,0.006365935,0.01201266,19.2855,17.30562,16.36707,15.96558,15.69291,0.1002562,0.014144,0.01181616,0.01246979,0.02049161,19.15013,17.1638,16.21948,15.80673,15.4866,0.04487099,0.005387517,0.00393921,0.00391254,0.008576769,19.18431,17.16067,16.25286,15.85242,15.57414,0.05200161,0.005425452,0.003961191,0.003925309,0.008592836,11.75421,0.03918959,0.8713663,257,1,1,1,1,1,0.141796,0.1104865,0.07643405,0.05679869,0.04224779,19.00833,17.05331,16.14305,15.74994,15.44435,0.0,0.344999998807907,0
718,53115,0.06872421,9.321147E-6,0,-0.970662171367253,-0.0642875399051043,0.23169389566745,1,1,1,0,0,0,0,1237661813884977247,1,0,20.94994,19.51701,18.43577,18.05211,17.56011,0.09214325,0.03080932,0.01819904,0.01783681,0.02254914,21.12671,19.55033,18.6321,18.09431,17.71265,0.09806378,0.01160053,0.00736405,0.007676291,0.0176248,19.48594,18.09584,17.32727,16.88967,16.63841,0.1365255,0.01700656,0.0141717,0.01265052,0.03606549,19.65654,18.03772,17.12319,16.63683,16.27247,0.07544003,0.008301636,0.00624811,0.006125256,0.01378045,19.01779,17.96261,17.18746,16.78344,16.55028,0.07316569,0.008382468,0.006292841,0.006141562,0.01366681,25.5732,0.1936581,0.8000117,257,1,24577,24577,24577,24577,0.127455,0.09931207,0.06870363,0.05105416,0.03797492,19.52908,17.93841,17.05449,16.58578,16.2345,0.462000012397766,0.5,2
719,53120,0.02547135,2.160335E-5,0,-0.967913098954739,-0.103635540452591,0.228918997959832,1,1,1,0,0,0,0,1237661950791909467,1,0,20.85956,19.39055,18.62761,18.3129,18.1119,0.08674538,0.0242945,0.0146353,0.01870807,0.02722633,20.8465,19.29134,18.52575,18.14729,17.84688,0.07684697,0.009778053,0.006929904,0.006775224,0.01442352,16.31509,15.20112,14.63698,14.2544,14.09976,0.03469013,0.00585379,0.004541276,0.005083122,0.01393904,16.55026,15.24837,14.57745,14.22038,14.00615,0.01944888,0.003414406,0.002894227,0.002916331,0.006084885,16.22525,15.12421,14.535,14.16326,13.94902,0.01899232,0.003413264,0.002938113,0.002966898,0.006258703,1065.316,3.792702,0.8236969,257,24577,24577,24577,24577,24577,0.1980021,0.1542819,0.1067315,0.07931294,0.05899426,16.35226,15.09409,14.47072,14.14107,13.94715,0.941999971866608,0.0379999987781048,1
720,53120,0.08375401,1.022182E-5,0,-0.96556981830176,-0.107558480879535,0.236867260666377,1,1,1,0,0,0,0,1237661951328911501,1,0,21.30005,20.29874,19.66436,19.38363,19.13833,0.1152413,0.03384774,0.01957397,0.02962695,0.04865161,21.19232,20.13198,19.57884,19.21224,18.98947,0.1084222,0.01861923,0.01626142,0.01597167,0.04216269,19.16074,18.31684,17.83501,17.56322,17.42521,0.1177028,0.02204344,0.02094957,0.02242431,0.06937061,19.36031,18.29695,17.79963,17.47945,17.28743,0.06674881,0.01145751,0.01028538,0.01046143,0.02843921,19.06076,18.23693,17.77751,17.5172,17.31848,0.06818848,0.01143824,0.01036824,0.01050021,0.0299694,56.0401,0.8819712,0.8191218,257,24577,24577,24577,24577,24577,0.1709112,0.1331729,0.09212837,0.06846125,0.05092259,19.1894,18.16378,17.7075,17.41099,17.23651,0.522000014781952,0.391000002622604,1
721,51910,0.155248,3.508711E-5,0,-0.878959720556451,0.476497936062823,-0.0194814416097505,1,1,1,0,0,0,0,1237651799624188001,1,0,21.33023,19.58015,18.51642,18.10923,17.64547,0.09610067,0.02048105,0.02433666,0.01585089,0.02590723,21.51654,19.69898,18.54947,18.08256,17.74423,0.09867609,0.01575219,0.008573693,0.006614928,0.01984045,20.56787,18.85165,17.68479,17.22347,16.91642,0.2025932,0.02583582,0.01552874,0.01517914,0.03370872,20.74073,18.8917,17.72422,17.26505,16.91948,0.1011068,0.01198349,0.006954261,0.006639861,0.01550278,20.48805,18.78601,17.61481,17.15878,16.81952,0.1249818,0.01198654,0.006978306,0.006657525,0.01552783,14.10574,0.1259226,0.8133897,257,1,1,1,1,1,0.2103578,0.1639094,0.1133917,0.08426221,0.0626756,20.53037,18.72779,17.61083,17.18079,16.85681,0.275999993085861,0.723999977111816,2
722,51910,0.09955513,3.15271E-5,0,-0.873061596277464,0.487280533132986,0.0179201321166704,1,1,1,0,0,0,0,1237651802308214980,1,0,21.28756,19.51106,18.57625,18.11889,17.72831,0.1042063,0.02189886,0.01547428,0.0148692,0.02323471,21.37051,19.56669,18.55562,18.10931,17.82027,0.1248991,0.01306085,0.008343294,0.008306187,0.02109033,20.81524,18.73369,17.7987,17.35304,17.01662,0.2572569,0.01750517,0.01171139,0.01198643,0.03253401,20.50488,18.66425,17.66983,17.23151,16.93364,0.09947192,0.01068653,0.007143533,0.007132043,0.01693231,20.65489,18.64331,17.71112,17.25819,16.93258,0.1011774,0.01071346,0.007166348,0.007154438,0.01696069,8.590086,0.06729867,0.8359674,257,1,1,1,1,1,0.1021901,0.07962583,0.05508478,0.0409339,0.0304473,20.40269,18.58462,17.61474,17.19058,16.90319,0.100000001490116,0.768999993801117,2
723,51910,0.07577504,5.92903E-6,0,-0.874107185947104,0.485674917320657,0.00751679194920684,1,1,1,0,0,0,0,1237654670809759900,1,0,20.04658,19.09827,18.86021,18.54693,18.48081,0.04628342,0.01959152,0.01933426,0.01554404,0.03475052,20.10613,19.08666,18.75734,18.45433,18.37901,0.04351208,0.009344907,0.008218829,0.01089462,0.03378383,18.89034,17.94121,17.56556,17.26222,17.17872,0.06270026,0.01199827,0.0132043,0.01659855,0.05581633,18.95592,17.95145,17.6164,17.31777,17.2354,0.03285022,0.007178662,0.007206597,0.008423859,0.02518632,18.79484,17.8967,17.49006,17.19496,17.11894,0.03388295,0.007246532,0.007325413,0.008564741,0.02557584,21.56797,0.2035818,0.8115114,257,1,8193,8193,8193,8193,0.1251344,0.09750388,0.06745274,0.05012461,0.0372835,18.83079,17.85394,17.54895,17.26764,17.19811,0.24099999666214,0.620999991893768,2
724,51909,0.06895422,2.826873E-5,0,-0.884272605287012,0.466898028790568,-0.0082577388190355,1,1,1,0,0,0,0,1237648720681697470,1,0,21.36898,19.54841,18.72108,18.3534,18.04066,0.09014802,0.03342035,0.02403923,0.02264594,0.02327088,21.44994,19.61002,18.74979,18.34295,18.0724,0.1047394,0.01256202,0.00878479,0.008531266,0.02314909,19.67706,18.43707,17.65856,17.27642,17.07723,0.1304106,0.02171994,0.01618814,0.0170947,0.05624147,20.32931,18.51933,17.67244,17.26592,16.97697,0.0759997,0.009877937,0.007231356,0.007014265,0.01726603,18.74595,18.40223,17.67244,17.2892,17.09088,0.06889255,0.009860919,0.007231356,0.007013211,0.0172381,6.50165,0.05167979,0.8647897,257,24577,24577,24577,24577,24577,0.1468749,0.1144439,0.07917176,0.0588331,0.04376102,20.18244,18.40489,17.59326,17.20708,16.93321,0.323000013828278,0.612999975681305,2
725,53115,0.008217026,9.758916E-6,0,-0.97189847298382,-0.0589894385215981,0.227889456435845,1,1,1,0,0,0,0,1237661950790795288,1,0,18.06647,16.9985,16.33467,15.8846,15.53086,0.03309189,0.02385202,0.02327105,0.02244164,0.01573792,18.31201,17.07506,16.2997,15.92928,15.59267,0.01467636,0.002969494,0.00207537,0.002028761,0.003690903,14.64519,13.05049,12.24717,11.85641,11.64435,0.01252698,0.002278908,0.005342796,0.004509329,0.002604217,14.70171,13.01072,12.24625,11.83432,11.59292,0.005291035,0.001795518,0.001671969,0.001659899,0.001997306,14.60811,13.05554,12.31575,11.90718,11.6269,0.005340285,0.001819104,0.001689521,0.001677457,0.002009833,1678.87,1.082308,0.8112685,257,24577,24577,24577,24577,24577,0.1279677,0.09971156,0.06897999,0.05125953,0.03812767,14.57375,12.91101,12.17727,11.78306,11.5548,0.984000027179718,0.0160000007599592,1
726,53115,0.05710501,8.174571E-6,0,-0.971863385878233,-0.0698007710382591,0.224965356336839,1,1,1,0,0,0,0,1237661813348237406,1,0,20.34177,18.95729,18.27827,17.90943,17.62436,0.05088541,0.02617933,0.02075557,0.01838675,0.02639924,20.43584,18.98171,18.22566,17.7663,17.4416,0.04827399,0.00837277,0.006261922,0.00635124,0.01379219,18.43006,17.30466,16.68223,16.29672,16.03593,0.05439237,0.008664823,0.008111951,0.009311795,0.02268899,18.71899,17.35193,16.67589,16.25994,15.96731,0.02918018,0.005379744,0.004482085,0.004670599,0.009557505,18.40804,17.2595,16.65178,16.24101,15.9241,0.0284141,0.005354107,0.004509764,0.004726251,0.009714411,56.40226,0.2571219,0.8277715,257,1,24577,24577,24577,24577,0.1303176,0.1015426,0.0702467,0.05220082,0.03882782,18.58867,17.25039,16.60564,16.20774,15.92848,0.885999977588654,0.114000000059605,1
727,53884,0.1527654,2.770803E-5,0,-0.443072776353057,-0.890405839873219,0.104230298735357,1,1,1,0,0,0,0,1237661949206266236,1,0,21.4221,19.24615,18.10345,17.63573,17.47199,0.1275534,0.01656695,0.01217688,0.0117692,0.01824737,21.58295,19.37236,18.25747,17.77771,17.40975,0.1427091,0.009487399,0.005849527,0.006088464,0.01325962,20.01854,18.02252,16.92807,16.47804,16.03877,0.26087,0.01796176,0.01106738,0.01045391,0.02597838,20.14678,18.02257,16.90064,16.40925,16.04856,0.1044264,0.008360296,0.005301143,0.004996922,0.01002143,19.92717,18.02308,16.9006,16.45347,16.08435,0.1083022,0.008358038,0.005301144,0.004994534,0.01002071,14.58168,0.0824222,0.8092903,257,24577,24577,24577,24577,24577,0.2237843,0.1743712,0.1206292,0.08964044,0.06667601,19.92299,17.84819,16.78001,16.31961,15.98188,0.0,0.985000014305115,2
728,53884,0.31806,6.000459E-5,0,-0.448220299656086,-0.887548997567593,0.10656143717579,1,1,1,0,0,0,0,1237662238565401217,1,0,23.33422,21.44869,19.68397,19.08112,18.59545,1.068573,0.05916592,0.02422571,0.02237654,0.03530205,23.26835,21.34277,19.63647,19.03662,18.66148,0.7203256,0.05127155,0.0186046,0.01837695,0.04164627,26.18191,20.71931,18.92093,18.29955,17.97498,2.014348,0.1124025,0.0459539,0.04421976,0.07392033,22.89779,20.7076,18.89897,18.2818,17.89964,0.7263404,0.04330184,0.01441681,0.0128438,0.02905863,22.80502,20.72631,18.89897,18.25596,17.97351,0.5878536,0.04395041,0.01497307,0.01283601,0.02903538,6.105367,0.1201347,0.8669533,257,24577,24577,24577,24577,24577,0.2095602,0.1632879,0.1129618,0.08394275,0.06243798,22.68823,20.54431,18.78601,18.19785,17.8372,0.103000000119209,0.620999991893768,2
729,53501,0.229445,3.964742E-5,0,-0.418191209494463,-0.898586287363709,0.132886404359002,1,1,1,0,0,0,0,1237662534363644492,1,0,22.24075,20.2362,19.04768,18.54085,17.94827,0.2648257,0.0265773,0.01532481,0.01342584,0.02632314,22.30147,20.37189,18.96801,18.40959,18.03078,0.2791584,0.01880226,0.008285273,0.008615629,0.02290055,20.57231,19.16183,17.76826,17.20535,16.82547,0.3706372,0.04064685,0.01926023,0.01711281,0.04452443,20.88496,19.15242,17.76429,17.19583,16.81451,0.1817313,0.01731962,0.008239963,0.006936738,0.01767083,19.67496,19.07269,17.7643,17.18391,16.84241,0.1631647,0.01730901,0.008239962,0.006935895,0.01766883,8.125917,0.07846756,0.4046423,257,2,24578,24578,24578,24578,0.3205958,0.2498061,0.1728147,0.1284198,0.09552076,20.56436,18.90262,17.59148,17.06741,16.71899,0.111000001430511,0.85699999332428,2
730,51630,0.4507085,1.167909E-4,0,-0.83524037893598,0.549824533310775,0.00815426051020988,1,1,1,0,0,0,0,1237650796757123236,1,0,23.87319,23.018,20.94871,19.94875,19.34242,0.6582693,0.2362601,0.1629729,0.1392732,0.1169644,24.07735,22.87716,20.81296,19.88031,19.34325,0.7925276,0.2175853,0.1436279,0.14662,0.1301993,20.98782,21.37946,19.35771,18.42458,18.56922,1.133754,0.5325728,0.3409241,0.3122483,0.5300096,22.7469,21.26484,19.06,18.10274,17.66312,1.198692,0.1548633,0.03372054,0.02252387,0.05056584,21.15377,21.45331,19.24088,18.31785,18.25586,0.9693764,0.1907066,0.03448067,0.02295531,0.04940984,29.82154,1.783087,0.8285076,257,24577,24577,24577,24577,24577,0.8431818,0.6570016,0.4545107,0.3377501,0.251224,21.90372,20.60784,18.60549,17.76499,17.4119,0.0379999987781048,0.615000009536743,2
731,51608,0.08680082,2.44138E-5,0,-0.858817254229857,0.512264648430966,0.00422537631326095,1,1,1,0,0,0,0,1237648721754128491,1,0,20.78991,19.06393,18.20658,17.80805,17.52936,0.05769302,0.01491546,0.01277756,0.0147738,0.02551423,20.86132,19.09205,18.18092,17.79345,17.48167,0.06525549,0.007192432,0.005944765,0.005990691,0.01649847,19.9787,18.25693,17.36048,16.955,16.65755,0.09943523,0.01301194,0.009524878,0.01011927,0.02572717,19.96493,18.18508,17.27958,16.87634,16.57329,0.05093945,0.007265987,0.005344986,0.005377812,0.01278395,19.84075,18.18758,17.30001,16.89566,16.59897,0.05079928,0.007283364,0.005357126,0.005387559,0.01279272,8.322702,0.04039271,0.877529,257,24577,24577,24577,24577,24577,0.1304245,0.1016259,0.0703043,0.05224364,0.03885967,19.8345,18.08346,17.20928,16.8241,16.53443,0.160999998450279,0.676999986171722,2
732,51633,0.1693277,3.161763E-5,0,-0.867635181636916,0.497085588572634,-0.0107288964611465,1,1,1,0,0,0,0,1237648720680779989,1,0,21.25547,19.5357,18.34009,17.855,17.52916,0.08054771,0.0176018,0.01971537,0.01724991,0.01717582,21.46075,19.49006,18.27235,17.78383,17.40563,0.1064631,0.01165859,0.005424631,0.004823024,0.01364932,20.66164,18.00704,16.81152,16.30739,16.03675,0.4066114,0.02167936,0.01305095,0.01181225,0.02730328,19.96745,17.96871,16.74139,16.24553,15.88201,0.08079015,0.008730037,0.00506443,0.004693204,0.01025597,20.43884,17.94029,16.74139,16.249,15.95101,0.07930031,0.008728967,0.00506443,0.004692975,0.01025131,13.47981,0.07297718,0.8524734,257,24577,24577,24577,24577,24577,0.1956893,0.1524798,0.1054848,0.07838653,0.05830518,19.77176,17.81623,16.63591,16.16714,15.8237,0.111000001430511,0.851999998092651,2
733,53035,0.2738443,4.88752E-5,0,-0.311599510340061,0.670966893911342,0.672836661033568,1,1,1,0,0,0,0,1237673311502729886,1,0,22.66569,20.53821,19.29666,18.68182,18.18319,0.3756608,0.03313841,0.01999011,0.02235072,0.03076074,23.11735,20.8323,19.21095,18.63253,18.29629,0.4100587,0.02752414,0.009583593,0.01159517,0.02849869,22.60384,19.83785,18.24444,17.67827,17.37988,1.417571,0.04595431,0.02474197,0.02296546,0.04935589,22.1918,19.77911,18.1948,17.60876,17.25385,0.4664504,0.02251661,0.009780507,0.009176069,0.02185868,22.66059,19.76895,18.1948,17.60638,17.31354,0.404314,0.02250619,0.01098594,0.009175679,0.0218484,7.341729,0.08918341,0.8889841,257,1,1,24577,1,16385,0.2108042,0.1642572,0.1136324,0.08444102,0.0628086,21.981,19.61485,18.08116,17.52432,17.19105,0.0640000030398369,0.834999978542328,2
734,53052,0.1346199,3.021662E-5,0,-0.310071044186581,0.649026220977706,0.694709228411744,1,1,1,0,0,0,0,1237663530791469344,1,0,21.78796,19.7265,18.77317,18.32316,17.83019,0.1473316,0.02002693,0.01746656,0.01601099,0.02880774,21.65892,19.65905,18.50417,18.05312,17.64669,0.1501185,0.01096264,0.007284069,0.007850067,0.0209845,19.18011,17.65994,16.54369,16.0981,15.70782,0.2057355,0.02040863,0.01398678,0.01534348,0.04515812,19.53641,17.52981,16.40099,15.93958,15.54657,0.1003169,0.008176329,0.005669354,0.005554079,0.01449231,18.74176,17.4591,16.40098,15.92908,15.6054,0.1092284,0.00818757,0.005669355,0.005553619,0.01448785,22.43282,0.1700269,0.8486882,257,24577,24577,24577,24577,24577,0.1665113,0.1297444,0.0897566,0.06669877,0.04961164,19.3699,17.40007,16.31123,15.87288,15.49696,0.0280000008642673,0.940999984741211,2
735,53052,0.09903669,2.059975E-5,0,-0.30778964340538,0.648453786338489,0.696256577990949,1,1,1,0,0,0,0,1237663530791469188,1,0,21.98981,20.38846,19.71838,19.3162,18.94377,0.1929234,0.02837408,0.02384753,0.02689839,0.05575322,21.83456,20.13814,19.269,18.86635,18.54928,0.1931084,0.01956244,0.01646451,0.02084604,0.0474814,24.64046,18.36069,17.78588,17.57181,17.2079,8.223242,0.02429075,0.02555254,0.0410376,0.08892507,20.41803,18.49795,17.73168,17.3865,17.07604,0.1353838,0.0112602,0.009971934,0.0109086,0.0342166,20.58283,18.33753,17.71604,17.47392,17.07394,0.1290304,0.01116102,0.01002507,0.01088655,0.03500083,41.28374,0.6094693,0.8486882,257,24577,24577,24577,24577,24577,0.17703,0.1379406,0.09542666,0.07091223,0.05274568,20.241,18.36,17.63625,17.31559,17.02329,0.42399999499321,0.389999985694885,0
736,51633,0.09508175,2.548972E-5,0,-0.868657360629269,0.495410922116218,-0.00155179655589605,1,1,1,0,0,0,0,1237648721217716499,1,0,21.23909,19.55848,18.61723,18.23715,17.79233,0.07451531,0.01735947,0.01844289,0.02104906,0.02723913,21.22191,19.38678,18.40353,17.91976,17.55379,0.08405285,0.009569848,0.006157916,0.007257358,0.01689507,18.63023,17.21644,16.47808,16.0936,16.06182,0.08864425,0.01519092,0.01100951,0.01312449,0.05643624,18.88476,17.13399,16.238,15.78741,15.45085,0.0466022,0.006510923,0.004628538,0.004660262,0.01144419,18.13676,16.90349,16.30337,15.89785,15.78404,0.0451564,0.00651039,0.004685047,0.004687627,0.01146563,39.62088,0.2510282,0.8684245,257,24577,24577,24577,24577,24577,0.1557427,0.1213537,0.08395191,0.06238526,0.04640317,18.72902,17.01264,16.15405,15.72502,15.40445,0.867999970912933,0.0529999993741512,1
737,51633,0.03266715,1.071654E-5,0,-0.869140349629772,0.494563425523181,0.00143902057437308,1,1,1,0,0,0,0,1237654670272626852,1,0,20.95005,19.70222,19.12106,18.70744,18.28522,0.08528987,0.02465765,0.01732295,0.01720092,0.0344755,20.92008,19.6023,18.84365,18.41427,18.08608,0.08590233,0.01280827,0.00887392,0.01007327,0.03005465,19.52838,17.85922,17.17523,16.82184,16.43186,0.1767575,0.01892524,0.0153055,0.01669869,0.05044398,19.30362,17.86611,17.16763,16.75053,16.40685,0.05585765,0.007829344,0.006611555,0.006737836,0.01886627,19.38463,17.78758,17.16356,16.77353,16.42058,0.0555151,0.007811032,0.006620481,0.006757075,0.01896223,76.94893,0.6715438,0.8380491,257,1,1,8193,8193,1,0.1315006,0.1024644,0.07088439,0.0526747,0.0391803,19.17212,17.76365,17.09674,16.69785,16.36767,0.939000010490417,0.0610000006854534,1
738,51633,0.09239345,1.100459E-5,0,-0.868247204092321,0.496130579437057,-0.00111388209297336,1,1,1,0,0,0,0,1237648721217716426,1,0,20.20288,18.83571,18.16942,17.84418,17.54413,0.03880082,0.01517499,0.01774178,0.02046862,0.02564219,20.21369,18.78537,18.0451,17.62422,17.38276,0.03847738,0.007223026,0.005340744,0.004591165,0.01449629,18.92757,17.57346,16.87637,16.46371,16.22124,0.05201278,0.01140955,0.009629812,0.009986485,0.02391583,18.87419,17.43731,16.71679,16.30246,16.0468,0.02880314,0.005688389,0.004522709,0.004593586,0.01105336,18.83149,17.39931,16.73558,16.32169,16.08836,0.02878052,0.005686481,0.004536707,0.004596528,0.01104807,11.95116,0.04980843,0.8684245,257,24577,24577,24577,24577,24577,0.1540012,0.1199967,0.08301314,0.06168766,0.04588429,18.72019,17.31732,16.63377,16.24077,16.00092,0.289000004529953,0.538999974727631,2
739,51608,0.1430468,3.345988E-5,0,-0.842841069583305,0.537963920825094,0.014620236460544,1,1,1,0,0,0,0,1237648722290213007,1,0,21.59458,19.37658,18.17119,17.69679,17.26746,0.105531,0.0189619,0.01749288,0.01581531,0.01868289,21.66531,19.46905,18.22387,17.72985,17.2923,0.125295,0.01136581,0.006056485,0.006017433,0.01007505,20.16987,18.46822,17.2508,16.78149,16.33223,0.1436924,0.01754325,0.01152113,0.01146941,0.02202889,20.61875,18.43497,17.21425,16.71713,16.28459,0.09425769,0.009237464,0.005372883,0.005373337,0.01026216,20.17596,18.39399,17.21428,16.75039,16.32168,0.09132116,0.009458732,0.005372883,0.005372391,0.01026101,8.44243,0.04316713,0.8499736,257,24577,24577,24577,24577,24577,0.2811334,0.2190572,0.1515428,0.1126125,0.08376303,20.33762,18.21591,17.06271,16.60452,16.20082,0.0769999995827675,0.827000021934509,2
740,51608,0.1164241,9.447929E-6,0,-0.846597829701349,0.53198447155952,0.0162676600807762,1,1,1,0,0,0,0,1237651752385642628,1,0,20.34418,19.09581,18.49018,18.05119,17.67089,0.05289054,0.0246084,0.02353067,0.02166093,0.02480609,20.37417,19.15571,18.36659,17.93676,17.62628,0.04816916,0.010128,0.006343016,0.007588518,0.01612017,19.40492,18.26165,17.46527,17.04556,16.76118,0.07533571,0.01309052,0.0100538,0.01074623,0.03239964,19.53612,18.27281,17.49453,17.05974,16.76248,0.04397668,0.008265795,0.006301842,0.006321599,0.01563974,19.42376,18.22109,17.40806,16.9784,16.69522,0.04375533,0.008296008,0.006364908,0.006382164,0.01573511,13.62059,0.0963074,0.8156096,257,24577,24577,24577,24577,24577,0.3166855,0.2467592,0.1707069,0.1268535,0.0943557,19.21943,18.02605,17.32382,16.93288,16.66812,0.133000001311302,0.732999980449677,2
741,51608,0.02054176,8.133986E-6,0,-0.846923969539859,0.53135968510878,0.0194081132505752,1,1,1,0,0,0,0,1237648722827280442,1,0,18.96763,17.06193,16.1749,15.75458,15.37273,0.02277408,0.01793819,0.01224057,0.01327365,0.01348256,18.97178,17.07109,16.18895,15.75422,15.41783,0.01628886,0.002496498,0.001751459,0.00173109,0.003509187,17.20416,15.41804,14.59588,14.18155,13.92725,0.04055079,0.01901936,0.01824846,0.01874493,0.01601328,17.17308,15.295,14.46127,14.04805,13.74491,0.01220723,0.002454861,0.002131785,0.002165936,0.003335312,17.04153,15.27117,14.46129,14.05511,13.86168,0.01217463,0.00245395,0.002131785,0.002166048,0.003323877,17.25015,0.01372266,0.8252115,257,24577,24577,24577,24577,24577,0.284838,0.2219438,0.1535397,0.1140965,0.08486681,16.88824,15.07306,14.30773,13.93396,13.66004,0.0280000008642673,0.952000021934509,2
742,51608,0.06324172,2.029928E-5,0,-0.847624088081985,0.530248776620918,0.0192260291064889,1,1,1,0,0,0,0,1237648722827346141,1,0,21.01736,19.23716,18.14321,17.63018,17.16135,0.07548431,0.0177349,0.01242003,0.01180505,0.01776697,20.99638,19.0901,18.08169,17.5542,17.16,0.0777752,0.008743079,0.005537391,0.005298592,0.01168746,19.27699,17.66233,16.73125,16.24925,15.93146,0.09792858,0.01839175,0.01242795,0.01443085,0.01992566,19.6962,17.79824,16.81899,16.32304,15.92651,0.05421191,0.00640977,0.004453121,0.004428598,0.008836946,19.15056,17.57927,16.68283,16.19933,15.84165,0.05454683,0.006499357,0.004506739,0.004471141,0.008918874,31.47409,0.159328,0.8237107,257,24577,24577,24577,24577,24577,0.2605269,0.2030008,0.140435,0.1043583,0.07762338,19.43568,17.59524,16.67856,16.21868,15.84889,0.717000007629395,0.282999992370605,1
743,51608,0.09361862,2.776618E-5,0,-0.847038954671479,0.531399892776439,0.0117967464259509,1,1,1,0,0,0,0,1237648722290409664,1,0,21.58359,19.38448,18.36499,17.91,17.52174,0.1045874,0.01924305,0.01298854,0.01947827,0.02062626,21.64369,19.49972,18.43168,17.93793,17.57905,0.1223726,0.01252945,0.007321401,0.007151661,0.01575972,20.94437,18.7848,17.71238,17.22287,16.88574,0.217178,0.01888493,0.01075919,0.01107014,0.025204,20.97597,18.72736,17.6577,17.14647,16.80375,0.1038745,0.009821559,0.006226155,0.006176723,0.01244258,21.03227,18.72673,17.65881,17.15336,16.82379,0.1045611,0.009818839,0.006226965,0.006176722,0.01244491,7.238359,0.04349893,0.839865,257,24577,24577,24577,24577,24577,0.2332316,0.1817325,0.1257217,0.09342469,0.06949081,20.74274,18.54563,17.53198,17.05305,16.73426,0.135000005364418,0.703000009059906,2
744,51630,0.2719066,5.818523E-5,0,-0.831299551852651,0.555779434127504,-0.00709053527550152,1,1,1,0,0,0,0,1237650795683184814,1,0,22.72838,21.06274,19.51341,18.91966,18.48003,0.2995006,0.03558915,0.01908234,0.01798205,0.03062029,22.91691,21.15915,19.55847,18.98587,18.53714,0.3566745,0.03919778,0.01543089,0.010551,0.03336445,20.98378,20.07017,18.46252,17.82528,17.48559,1.315861,0.2254445,0.2694972,0.2945122,0.3186952,22.20433,20.14373,18.51468,17.93858,17.4954,0.3857163,0.03090029,0.01219471,0.01061554,0.02565861,19.64618,20.04821,18.51471,17.89454,17.52176,0.2796612,0.03234475,0.01219472,0.01061034,0.02565452,8.177392,0.1376853,0.8501576,257,16385,24577,24577,24577,24577,0.3764513,0.2933283,0.2029232,0.1507937,0.1121628,21.82788,19.8504,18.31175,17.78778,17.38324,0.0509999990463257,0.846000015735626,2
745,51630,0.2031962,2.074801E-5,0,-0.827945926045209,0.560748694514231,-0.00815138918995551,1,1,1,0,0,0,0,1237648720678944999,1,0,22.00393,20.54934,19.56298,19.19726,18.76261,0.189802,0.02918729,0.01900705,0.01950991,0.04104748,21.76191,20.40678,19.41782,18.96701,18.63411,0.167484,0.02343769,0.01248073,0.01395942,0.03740159,19.16971,18.2931,17.53357,17.1576,17.15101,0.1216486,0.02820525,0.01628343,0.02229779,0.08703659,19.65634,18.45234,17.59472,17.19203,16.93004,0.07177936,0.01338764,0.009221471,0.009371554,0.02691434,19.0926,18.16971,17.36151,16.99655,16.87331,0.0736958,0.01371526,0.009518346,0.00959347,0.02661664,53.28274,0.7559193,0.833058,257,24577,24577,24577,24577,24577,0.260133,0.2026939,0.1402227,0.1042005,0.07750603,19.39621,18.24965,17.45449,17.08783,16.85254,0.839999973773956,0.159999996423721,1
746,51630,0.1258195,3.392655E-5,0,-0.828550471255741,0.559912972299998,0.00125699326628033,1,1,1,0,0,0,0,1237650796219924629,1,0,21.77505,19.65921,18.56646,18.03891,17.6107,0.1283632,0.02035439,0.01451145,0.02723049,0.0226963,21.77712,19.78025,18.62676,18.12301,17.71552,0.1375152,0.01331289,0.007941391,0.007187666,0.01826474,20.78265,18.87518,17.76703,17.28031,16.86683,0.2103303,0.01951438,0.01236495,0.01129451,0.02902647,20.89035,18.85066,17.69959,17.20279,16.77764,0.1123269,0.01099245,0.00681717,0.00629227,0.01470206,20.66676,18.79252,17.69959,17.22647,16.79153,0.1100684,0.01098767,0.00681717,0.006290888,0.01470004,8.188981,0.0591563,0.8515002,257,16385,24577,16385,24577,24577,0.4987337,0.3886099,0.2688386,0.1997759,0.1485965,20.39162,18.46205,17.43075,17.00302,16.62905,0.0740000009536743,0.814999997615814,2
747,51630,0.1554309,1.550419E-5,0,-0.82751431049331,0.561444368662481,5.35561358862361E-4,1,1,1,0,0,0,0,1237650796219859165,1,0,21.69282,20.04807,19.22866,18.70481,18.30638,0.1399716,0.02546613,0.02581969,0.03160277,0.03752362,21.28111,19.93699,19.00196,18.50885,18.13224,0.1045314,0.02004812,0.02014266,0.02320422,0.03209119,19.49327,18.24864,17.55133,17.16338,16.98909,0.1207566,0.02635863,0.03737133,0.04179842,0.06660329,19.68977,18.32206,17.52791,17.07866,16.79991,0.05864225,0.00949652,0.007423283,0.007037314,0.02044606,19.37526,18.16644,17.46145,17.06003,16.80727,0.05698614,0.009413998,0.007542548,0.007140196,0.02066282,42.99958,0.4393222,0.855215,257,16385,24577,16385,24577,24577,0.3684663,0.2871064,0.1986189,0.1475951,0.1097837,19.32131,18.03496,17.32929,16.93106,16.69013,0.386999994516373,0.257999986410141,0
748,51630,0.4181032,1.674173E-4,0,-0.832321690868995,0.554067402519504,0.015808743601762,1,1,1,0,0,0,0,1237650797293863232,1,0,23.93405,22.61896,20.74755,19.92149,19.39797,0.748604,0.1247989,0.03853766,0.03318858,0.06861851,24.31124,22.68363,20.86336,20.07695,19.62972,0.94046,0.1446805,0.0373396,0.03365384,0.08021635,21.01018,20.75076,19.44797,18.93756,17.96578,0.5208902,0.1828984,0.05696261,0.08292371,0.1267127,22.43799,20.96275,19.2173,18.51052,17.98558,0.8358837,0.09910612,0.03325636,0.02711114,0.06014441,21.46349,20.17472,19.2173,18.9048,17.91337,0.7747925,0.1024602,0.03325637,0.03045416,0.05960746,21.60783,1.271584,0.809093,257,24577,24577,24577,24577,24577,0.645462,0.5029396,0.3479313,0.2585502,0.1923139,21.79252,20.45981,18.86937,18.25197,17.79327,0.100000001490116,0.449999988079071,0
749,51630,0.0200758,1.182616E-5,0,-0.836772822191839,0.547426966115395,0.0116172634815522,1,1,1,0,0,0,0,1237648722289950774,1,0,20.21572,18.35645,17.23195,16.74505,16.21359,0.03703237,0.01314153,0.01633289,0.01811,0.01892184,19.94315,18.08267,16.98333,16.40867,15.9071,0.03035257,0.006186754,0.007309669,0.009955244,0.009971238,17.18249,15.53798,14.58136,14.08327,13.70708,0.03248546,0.01485791,0.01988302,0.02802429,0.0203754,17.34683,15.63673,14.6184,14.12285,13.67896,0.01452569,0.00297422,0.002357252,0.002356491,0.003414639,17.16311,15.52402,14.56077,14.09874,13.61323,0.01435315,0.003016622,0.002379926,0.002374274,0.003448201,179.9098,0.2461834,0.8312327,257,24577,24577,24577,24577,24577,0.6310382,0.4917007,0.3401563,0.2527726,0.1880164,16.71579,15.14503,14.27825,13.87008,13.49094,0.375,0.156000003218651,0
750,51608,0.1253889,2.78988E-5,0,-0.855313697373687,0.517978432716566,0.0116971075673831,1,1,1,0,0,0,0,1237648722290802861,1,0,21.50401,19.53021,18.44617,18.03287,17.63136,0.1199019,0.02264571,0.01681524,0.01905553,0.02051936,21.45962,19.48843,18.42589,17.98807,17.59918,0.1111471,0.01773049,0.0138004,0.01362533,0.01912797,20.11851,18.46846,17.37541,16.92339,16.60946,0.1484751,0.03388695,0.02760431,0.0272987,0.03643046,20.4535,18.37678,17.3056,16.85363,16.4786,0.08700494,0.009336099,0.005897705,0.006051265,0.01243929,20.30286,18.3878,17.3056,16.84334,16.55065,0.08561783,0.009337172,0.005897705,0.006051148,0.01243304,9.607962,0.0598046,0.8396599,257,24577,24577,24577,24577,24577,0.1168931,0.0910823,0.06301032,0.04682342,0.03482802,20.3366,18.2857,17.24259,16.80681,16.44377,0.103000000119209,0.689999997615814,2
751,53498,0.08624235,1.752414E-5,0,-0.461155926153567,-0.876900968182154,0.135572503755914,1,1,1,0,0,0,0,1237662636376523024,1,0,21.98673,20.3132,19.43797,18.98203,18.37633,0.1608402,0.02493428,0.01819109,0.01997898,0.02747469,21.39025,19.65353,18.75599,18.26791,17.89315,0.1209798,0.01497958,0.009396885,0.009733425,0.01919222,20.3116,18.0463,17.19011,16.77003,16.45076,0.2740617,0.01912295,0.01551643,0.01402228,0.028743,19.93278,18.10905,17.18391,16.73136,16.3827,0.07734984,0.01379946,0.006696432,0.006222623,0.01280831,19.9926,18.09381,17.1839,16.76491,16.37129,0.07709575,0.01378857,0.006696433,0.00622129,0.01306311,45.75029,0.3526103,0.9580602,257,24577,24577,24577,24577,24577,0.1950853,0.1520091,0.1051592,0.07814456,0.05812519,19.7377,17.95704,17.07875,16.65321,16.32457,0.375,0.375,0
752,51630,0.06249849,1.69468E-5,0,-0.826620291204944,0.562447412077415,-0.0187564073231631,1,1,1,0,0,0,0,1237650794609246396,1,0,20.87617,19.57374,18.99652,18.53411,18.30287,0.0657407,0.02070508,0.01635968,0.0206747,0.02791443,21.05235,19.61238,18.83874,18.45881,18.19463,0.06664251,0.01132374,0.009345812,0.009596076,0.02380452,17.84564,16.63327,15.99123,15.65606,15.53103,0.0547208,0.00966313,0.00637671,0.009278669,0.02879449,17.89664,16.55894,15.91087,15.5635,15.3284,0.02722963,0.005055188,0.004269687,0.004440484,0.01162212,17.70741,16.52221,15.88112,15.51711,15.3001,0.02700577,0.005049515,0.004328288,0.004555232,0.01210151,279.632,1.61383,0.8475422,257,24577,24577,24577,24577,24577,0.2117195,0.1649704,0.1141258,0.08480766,0.06308132,17.68492,16.39397,15.79675,15.47869,15.26532,0.975000023841858,0.0219999998807907,1
753,51630,0.07030654,5.706028E-6,0,-0.838445000578135,0.544943922769407,0.00678984846819623,1,1,1,0,0,0,0,1237648721753145447,1,0,21.41344,20.07174,19.3245,19.1056,18.86088,0.1195247,0.0232043,0.01840398,0.02689045,0.057129,21.3037,19.84429,19.21706,18.75256,18.57938,0.09958573,0.01818642,0.01592863,0.02110504,0.05630221,20.90006,18.69579,18.03477,17.46727,17.78708,0.6970664,0.03506794,0.03527267,0.04284676,0.2014573,20.33783,18.60011,17.97433,17.48784,17.43337,0.08391792,0.01080331,0.009028353,0.00891744,0.0311274,20.44491,18.586,17.9662,17.44173,17.45261,0.09175438,0.01083932,0.00904326,0.008910837,0.0329165,45.84406,0.6171385,0.8283232,257,24577,24577,24577,24577,24577,0.4412335,0.3438062,0.2378435,0.1767432,0.1314645,19.8966,18.25631,17.73648,17.3111,17.30191,0.720000028610229,0.0,1
754,51630,0.06987419,5.193497E-6,0,-0.838247915359115,0.54524608013957,0.00686618442307783,1,1,1,0,0,0,0,1237648721753145550,1,0,20.75118,19.48418,18.56478,18.38089,17.98614,0.05719029,0.0176255,0.01217083,0.01795963,0.02445595,20.45818,19.10513,18.40829,17.92657,17.6312,0.04859468,0.008640473,0.006911841,0.00720557,0.01901678,18.54376,17.11304,16.61878,16.26032,16.14859,0.06720498,0.008921156,0.007076979,0.01111668,0.03844084,18.62672,17.24185,16.66062,16.28336,16.01912,0.03012385,0.005523606,0.004648862,0.004835306,0.01368361,18.44888,17.06413,16.54322,16.16776,15.97901,0.02982171,0.005574016,0.004771078,0.004967937,0.01396262,53.0424,0.2979649,0.8283232,257,24577,24577,24577,24577,24577,0.4766018,0.3713649,0.2569085,0.1909106,0.1420024,18.15012,16.87049,16.40371,16.09245,15.87712,0.662999987602234,0.305999994277954,1
755,51633,0.4044442,1.035537E-4,0,-0.862227235694511,0.506422564284378,-0.0100190024571873,1,1,1,0,0,0,0,1237648720680517822,1,0,23.65018,21.70804,19.87403,19.2145,18.73081,0.6088396,0.06557757,0.249922,0.196476,0.06343226,23.67958,21.61191,19.85269,19.12478,18.70333,0.6833679,0.06037335,0.2429243,0.2475549,0.07701091,27.29567,21.79668,18.52329,17.85738,17.52039,2.091008,1.568218,0.8626479,0.9384773,0.3096581,23.29732,20.40732,18.60232,17.88901,17.45628,1.190112,0.04783968,0.01602542,0.01243504,0.02957562,23.63729,20.53511,18.60234,17.97542,17.55655,1.124564,0.04771859,0.01602542,0.01241525,0.02954254,9.950053,0.2454919,0.8454915,257,24577,24577,24577,24577,24577,0.1403817,0.1093845,0.07567166,0.05623215,0.04182639,23.15693,20.29794,18.52665,17.83278,17.41446,0.0740000009536743,0.481000006198883,0
756,51910,0.2999851,7.019388E-5,0,-0.875349214463405,0.483197598115714,-0.0168473711155634,1,1,1,0,0,0,0,1237648720144367900,1,0,24.56954,21.16172,19.45074,18.86278,18.46473,0.8170509,0.04469043,0.02502647,0.02469723,0.03630633,23.64997,21.15237,19.45737,18.88915,18.48035,0.642548,0.04790999,0.02097246,0.01903203,0.03745085,24.4248,20.52244,18.75139,18.12047,17.79821,2.992518,0.09168243,0.04103544,0.04163361,0.06606262,24.67006,20.44718,18.69546,18.10908,17.74246,1.299163,0.0353165,0.01214234,0.01098999,0.02651083,24.15599,20.5221,18.69546,18.05433,17.72639,3.14528,0.03530047,0.01214234,0.01098953,0.032922,6.428935,0.1019093,0.8590246,257,24577,24577,24577,24577,24577,0.2383047,0.1856854,0.1284563,0.09545681,0.07100233,24.43176,20.2615,18.56701,18.01362,17.67146,0.0419999994337559,0.583000004291534,2
757,51608,0.1423475,2.725173E-5,0,-0.848082649199862,0.529645764466248,0.0152047462691028,1,1,1,0,0,0,0,1237651752385708153,1,0,21.25026,19.22925,18.23858,17.80084,17.26501,0.09960967,0.02886346,0.01677082,0.01804787,0.02177705,21.38768,19.34679,18.20788,17.72942,17.30476,0.09785548,0.01323472,0.01126195,0.008729474,0.01437889,19.88438,18.16019,17.06568,16.59003,16.16599,0.15893,0.02187162,0.02181115,0.01708201,0.0309865,20.04066,18.07631,16.94797,16.46,16.05084,0.08866373,0.009148261,0.005632939,0.005488046,0.01211044,19.46287,18.03381,16.94795,16.48133,16.12565,0.08466788,0.009144423,0.005632939,0.005487958,0.01210394,11.34705,0.06964719,0.8132695,257,24577,24577,24577,24577,24577,0.2151062,0.1676093,0.1159513,0.08616427,0.06409039,19.82556,17.9087,16.83201,16.37383,15.98675,0.0740000009536743,0.833000004291534,2
758,51633,0.09232026,5.376575E-6,0,-0.86154464494883,0.507513492470874,0.0130720970012703,1,1,1,0,0,0,0,1237648722291130535,1,0,20.46258,19.6076,18.80414,18.31861,18.0607,0.04915087,0.02250803,0.01739755,0.02320177,0.0258741,20.45895,19.36399,18.65937,18.1581,17.90091,0.04692398,0.01052072,0.008063324,0.0080059,0.01966392,19.49929,18.30388,17.57875,17.12223,16.89841,0.07956035,0.01534034,0.01391325,0.01350584,0.03339392,19.54759,18.41264,17.68268,17.19128,16.93256,0.03781505,0.008572843,0.006563408,0.006593608,0.01531026,19.40021,18.25968,17.5175,17.07465,16.86153,0.0370416,0.008685719,0.006650119,0.006662835,0.01552191,17.09683,0.1377503,0.8452831,257,24577,24577,24577,24577,24577,0.1213494,0.09455461,0.06541245,0.04860846,0.03615576,19.42624,18.31809,17.61727,17.14267,16.8964,0.0379999987781048,0.884999990463257,2
759,51633,0.1686911,1.021913E-5,0,-0.861802730484679,0.507234469538265,0.00304082906241247,1,1,1,0,0,0,0,1237651801233883218,1,0,18.89149,18.49515,18.32202,17.98175,18.12921,0.02392746,0.01362873,0.01388857,0.0154306,0.02861141,19.04621,18.58418,18.31869,17.96889,18.05066,0.02145133,0.005681555,0.007550811,0.007764712,0.02946477,18.44113,17.93956,17.63548,17.28244,17.38169,0.02799957,0.008775719,0.01082638,0.01127723,0.04714063,18.37912,17.86625,17.58315,17.22817,17.33869,0.01834267,0.006188767,0.006356008,0.006468537,0.0215864,18.50221,17.90807,17.59349,17.22905,17.2977,0.01815717,0.006185579,0.006362761,0.006472411,0.02162042,6.371823,0.03925873,0.8603984,257,1,1,1,1,1,0.1178368,0.09181762,0.063519,0.04720143,0.03510919,18.26129,17.77443,17.51963,17.18097,17.30358,0.730000019073486,0.135000005364418,1
760,51633,0.168829,8.345795E-6,0,-0.865308980379996,0.501200017668736,0.006237849195814,1,1,1,0,0,0,0,1237648721754456238,1,0,21.19985,19.96419,19.14211,18.71397,18.52387,0.07471047,0.01691584,0.02330748,0.02428526,0.03327105,20.9542,19.66949,18.84465,18.39237,18.08843,0.06973856,0.01280878,0.009139164,0.009495053,0.02706935,19.5353,18.30777,17.58679,17.24574,17.06825,0.106754,0.01812182,0.0114238,0.01781809,0.06190118,19.73385,18.45275,17.66379,17.22802,16.9317,0.04971986,0.009438039,0.007115403,0.007166011,0.0206728,19.5437,18.23701,17.48108,17.15095,16.89153,0.04997579,0.009638616,0.007261022,0.007287274,0.02100451,19.70806,0.1765621,0.8770173,257,24577,24577,24577,24577,24577,0.1053372,0.08207801,0.05678119,0.04219451,0.03138496,19.62852,18.37067,17.60701,17.18583,16.90032,0.153999999165535,0.731000006198883,2
761,51633,0.3042496,6.983527E-5,0,-0.86723629240969,0.497896789606869,-5.16399135351894E-6,1,1,1,0,0,0,0,1237648721217651010,1,0,23.40645,21.20674,19.63136,19.04373,18.70176,0.4058499,0.04220465,0.01880486,0.01951002,0.03593603,23.06253,21.15949,19.52892,18.9268,18.50969,0.3957846,0.03607454,0.01682963,0.01204696,0.03735236,20.70739,19.87698,18.22819,17.62219,17.29116,0.3595841,0.09252583,0.03359728,0.0313825,0.08513899,21.80722,19.74427,18.13136,17.51536,17.10637,0.332609,0.03006199,0.01137126,0.01017946,0.02565525,19.68171,19.72543,18.1314,17.52643,17.16558,0.237887,0.03078044,0.01137126,0.01017945,0.02559649,11.50779,0.1889837,0.8650932,257,24577,24577,24577,24577,24577,0.1520114,0.1184463,0.08194058,0.06089064,0.04529145,21.65521,19.62583,18.04942,17.45447,17.06108,0.0260000005364418,0.894999980926514,2
762,51910,0.0874864,9.064559E-6,0,-0.88038165840067,0.474148475408086,-0.0105526688507383,1,1,1,0,0,0,0,1237648720681500838,1,0,20.897,19.85791,19.31323,18.89874,18.64576,0.06094044,0.02226103,0.01917623,0.0188717,0.03189205,20.78672,19.57079,18.9588,18.60654,18.33368,0.06086398,0.01222901,0.01020621,0.01041489,0.02825458,19.67372,18.30873,17.71943,17.35811,17.17473,0.09749918,0.01549477,0.01400463,0.01464647,0.04625393,19.5492,18.30464,17.71035,17.34562,17.11942,0.04507833,0.009437608,0.007860595,0.007952662,0.02090163,19.56474,18.29357,17.71034,17.36161,17.18995,0.04495575,0.009436008,0.007860595,0.007951362,0.02082758,30.70253,0.3290252,0.8624245,257,24577,24577,24577,24577,24577,0.147436,0.1148812,0.07947426,0.05905789,0.04392822,19.40176,18.18976,17.63088,17.28657,17.07549,0.270999997854233,0.524999976158142,2
763,53501,0.1521453,1.105739E-5,0,-0.415917748579444,-0.899719341919176,0.132353814426071,1,1,1,0,0,0,0,1237668348149301894,1,0,21.07647,19.99975,19.01215,18.74227,18.50439,0.08322741,0.02193501,0.01721618,0.01828043,0.03571685,21.34545,20.08734,19.26375,18.81806,18.49931,0.09486219,0.01759621,0.01212811,0.01125955,0.02636956,19.98564,18.54757,17.78216,17.39297,17.12876,0.1538194,0.02151987,0.01542732,0.01527194,0.0412683,19.85055,18.57186,17.75083,17.33768,17.05936,0.06424544,0.01162313,0.008359778,0.007906582,0.01866065,19.78018,18.52476,17.75083,17.32907,17.01151,0.06439809,0.01161278,0.008359776,0.007969802,0.01898325,43.25595,0.5065453,0.8030593,257,24577,24577,24577,24577,24577,0.3784321,0.2948717,0.2039909,0.1515871,0.1127529,19.47212,18.27699,17.54683,17.1861,16.94661,0.135000005364418,0.783999979496002,2
764,53115,0.1493831,3.075862E-5,0,-0.972562557616084,-0.0545630145599672,0.22615249051335,1,1,1,0,0,0,0,1237661813347844348,1,0,21.1503,19.4105,18.2586,17.80944,17.49958,0.1032057,0.01997601,0.02609897,0.01821787,0.0205016,21.33189,19.59379,18.46411,18.02284,17.6166,0.09834611,0.01661234,0.008820431,0.008430845,0.01630607,20.37006,18.72593,17.57843,17.1019,16.77647,0.1808417,0.03083615,0.01583122,0.0174015,0.02998465,20.5006,18.68112,17.52159,17.04861,16.70502,0.09558392,0.01029959,0.006249157,0.006372701,0.01266471,20.39889,18.66126,17.52937,17.01645,16.72564,0.09390555,0.01029901,0.006254206,0.006370514,0.01265841,13.55797,0.09037212,0.8090266,257,1,24577,24577,24577,24577,0.1329219,0.1035718,0.07165051,0.053244,0.03960376,20.36768,18.57755,17.44994,16.99537,16.66542,0.358000010251999,0.623000025749207,2
765,53115,9.530399E-4,7.693697E-5,4,-0.970466868061949,-0.0632675547264275,0.232790194194192,1,1,1,0,0,0,0,1237661813884911735,1,0,21.74548,20.74688,20.16404,20.11504,19.99271,0.2808978,0.0443454,0.03387236,0.0572812,0.1518757,22.04584,20.75592,20.26301,20.03102,19.78615,0.3292953,0.03064677,0.03309384,0.04746231,0.1226152,29.73334,15.37219,14.88224,15.05006,15.44969,0.9921018,0.009267484,0.006409951,0.02098247,0.09077803,17.01795,15.11607,14.67706,14.54245,14.54895,0.05157831,0.007498352,0.008001421,0.007464369,0.02040962,17.9541,15.0572,14.67805,14.68889,14.89996,0.06682251,0.007478598,0.008005956,0.007493638,0.02033734,3226.737,22.79919,0.7967936,257,1,24577,24577,24577,24577,0.1229039,0.09576587,0.06625038,0.04923114,0.03661892,16.89504,15.02031,14.61081,14.49322,14.51233,0.606000006198883,0.211999997496605,1
766,53115,0.1172876,7.662657E-6,0,-0.969961208089473,-0.064070403776657,0.234670488475877,1,1,1,0,0,0,0,1237661951327797339,1,0,20.162,19.25062,18.85088,18.6358,18.44126,0.1110277,0.02646592,0.03052728,0.02957044,0.0328897,20.41394,19.40753,19.00858,18.66998,18.51227,0.05734656,0.01103793,0.01063896,0.01051439,0.02846694,18.61658,17.76908,17.4296,17.138,17.18423,0.07024267,0.01366257,0.01476524,0.01532254,0.05494275,18.8115,17.90398,17.51257,17.21578,17.08411,0.03720063,0.007581395,0.007520017,0.007599724,0.02100986,18.3554,17.63016,17.32829,16.98009,17.01112,0.0379483,0.007732612,0.00766721,0.007681008,0.02118497,37.00486,0.3882238,0.7871983,257,24577,24577,24577,24577,24577,0.1296822,0.1010475,0.0699042,0.05194631,0.03863851,18.68182,17.80293,17.44267,17.16384,17.04548,0.303999990224838,0.564999997615814,2
767,53115,-5.278394E-4,7.237122E-6,0,-0.969575716715538,-0.0688331519439879,0.234914722290891,1,1,1,0,0,0,0,1237661951327928423,1,0,20.36462,19.88482,19.7619,19.66098,19.55276,0.05998182,0.02310411,0.02781037,0.06017933,0.07315511,20.60898,19.93561,19.71079,19.60435,19.53687,0.06230145,0.01531097,0.01716877,0.02175094,0.06839669,19.37806,17.12261,16.62,16.37908,16.53264,0.5780277,0.02263666,0.0168985,0.02212653,0.0944037,18.15731,17.03856,16.65381,16.43147,16.38083,0.04834265,0.007680872,0.007859038,0.008878438,0.03146413,18.54406,16.97956,16.5535,16.28097,16.35949,0.04439144,0.007974398,0.008184594,0.009047782,0.03144106,293.052,3.975918,0.8042372,257,24577,24577,24577,24577,24577,0.1326883,0.1033898,0.07152461,0.05315045,0.03953417,18.02462,16.93517,16.58229,16.37832,16.3413,0.42399999499321,0.393999993801117,0
768,53115,0.1468316,9.88377E-6,0,-0.969252846145507,-0.0668860511295119,0.236801977194309,1,1,1,0,0,0,0,1237661951327862972,1,0,21.09254,20.02332,19.24299,18.93389,18.61165,0.1046948,0.02322698,0.02258417,0.02659882,0.03689411,21.32915,20.14746,19.44924,19.03494,18.77622,0.1226124,0.01884337,0.01474342,0.01384742,0.03529825,19.28375,18.50726,17.86514,17.4932,17.35724,0.1283649,0.02530635,0.01440896,0.02025729,0.06333144,19.61271,18.49208,17.82359,17.45469,17.22425,0.07453055,0.01197715,0.009785278,0.009501737,0.02486649,19.02998,18.4382,17.76381,17.37242,17.12371,0.07698795,0.01196054,0.009924222,0.009682568,0.02535651,49.71997,0.7557286,0.7854007,257,24577,24577,24577,24577,24577,0.1367988,0.1065927,0.07374031,0.05479696,0.04075887,19.47591,18.38548,17.74985,17.39989,17.18349,0.414000004529953,0.448000013828278,0
769,51630,0.14551,3.291969E-5,0,-0.825475805544019,0.564258022470188,-0.0142330087994753,1,1,1,0,0,0,0,1237650795146051731,1,0,21.65036,19.72808,18.6897,18.22196,17.79563,0.1225013,0.01840748,0.01770265,0.01703312,0.02428969,21.77751,19.83639,18.73247,18.23811,17.88617,0.1150579,0.01428533,0.00729322,0.007609323,0.01823619,20.63185,18.64306,17.52859,17.05537,16.75519,0.3068132,0.02659793,0.02540542,0.01896873,0.03565593,20.59114,18.61152,17.50094,17.01414,16.65757,0.1186989,0.01137685,0.00704528,0.006316358,0.01446127,20.62532,18.60402,17.50096,17.03401,16.72644,0.1160399,0.01137399,0.007045279,0.006315861,0.01445528,10.55805,0.08714271,0.8427622,257,24577,24577,24577,24577,24577,0.2378737,0.1853495,0.128224,0.09528414,0.07087389,20.35326,18.42617,17.37272,16.91886,16.58669,0.0780000016093254,0.830999970436096,2
770,51630,0.07156569,1.946267E-5,0,-0.826115869003034,0.563349174759532,-0.0130490719638283,1,1,1,0,0,0,0,1237650795146051795,1,0,20.74608,18.79866,17.99439,17.62328,17.26404,0.0626456,0.01510777,0.01668117,0.01625308,0.02119788,20.89407,18.9356,18.06572,17.6677,17.35727,0.0697296,0.007867077,0.005595938,0.004332519,0.01224059,19.81966,18.00433,17.12483,16.73625,16.41467,0.1173875,0.02453784,0.02943844,0.02591754,0.03736483,19.81733,17.91451,17.03766,16.65512,16.33071,0.05234433,0.006529615,0.004933397,0.004688443,0.009767998,19.37751,17.90771,17.03769,16.65539,16.32317,0.05117891,0.006529544,0.004933398,0.004686486,0.009765228,11.4188,0.05339921,0.8427622,257,24577,24577,24577,24577,24577,0.2155514,0.1679562,0.1161913,0.08634261,0.06422304,19.60177,17.74655,16.92147,16.56878,16.26649,0.541000008583069,0.442999988794327,1
771,51630,0.1458226,2.335707E-5,0,-0.825125330496223,0.564949721998395,-2.42370731608069E-5,1,1,1,0,0,0,0,1237648721215684769,1,0,21.11199,19.73983,18.9206,18.40368,18.18679,0.07418465,0.02123423,0.02046203,0.01756888,0.02894954,20.99673,19.55921,18.73679,18.12753,17.86491,0.07273436,0.01143916,0.008438895,0.006487067,0.02132752,19.27516,17.77477,17.07512,16.6226,16.47898,0.1037916,0.02806796,0.0206328,0.02221603,0.04060671,19.45165,17.92208,17.16754,16.6702,16.40862,0.04778342,0.01602218,0.005992674,0.005836797,0.01520794,19.34474,17.74486,17.05306,16.5726,16.34351,0.04898514,0.01612778,0.006128917,0.005904587,0.0153184,48.34266,0.3721283,0.8339178,257,24577,24577,24577,24577,24577,0.2664634,0.2076265,0.143635,0.1067362,0.07939214,19.18519,17.71446,17.02391,16.56346,16.32923,0.773999989032745,0.194000005722046,1
772,51630,0.1468171,3.056524E-5,0,-0.823063087036769,0.567829234848635,-0.0117096032689804,1,1,1,0,0,0,0,1237650795145920759,1,0,21.74258,19.65029,18.63632,18.22658,17.83661,0.1405815,0.01784041,0.01916304,0.01815431,0.02334435,21.74207,19.74613,18.62679,18.18749,17.82123,0.1420428,0.01209593,0.0069406,0.007614451,0.01757104,20.47636,18.71262,17.58278,17.16792,16.76712,0.2138957,0.02139495,0.01336729,0.01277287,0.033083,20.63142,18.55927,17.43383,16.98697,16.6536,0.1188995,0.01070762,0.006530349,0.006052261,0.01352113,20.35958,18.57198,17.47323,17.03521,16.62882,0.1473377,0.01073653,0.006561531,0.006087058,0.01355464,13.19451,0.0971023,0.8390129,257,24577,24577,24577,24577,24577,0.2333605,0.1818329,0.1257912,0.09347632,0.06952921,20.39806,18.37744,17.30804,16.89349,16.58407,0.0750000029802322,0.810999989509583,2
773,51630,0.1542999,3.99513E-5,0,-0.837957040283958,0.545549028061629,0.0142918375152007,1,1,1,0,0,0,0,1237648722290016425,1,0,22.24902,20.12686,18.80083,18.3503,17.92203,0.1784284,0.01909464,0.01117972,0.01604522,0.02301993,22.50701,20.16972,18.91437,18.36512,17.96855,0.2553447,0.01898927,0.009673662,0.009304248,0.01722919,21.83633,19.22712,18.00165,17.49624,17.06113,0.6017399,0.03190573,0.01936824,0.01781343,0.03728639,21.69459,19.17213,17.92229,17.37928,16.97496,0.2279047,0.01484978,0.008084425,0.00771771,0.01647785,21.75877,19.12079,17.93469,17.4355,16.98837,0.2104458,0.01638095,0.008095737,0.007722476,0.01717699,12.29691,0.1243657,0.8161027,257,24577,24577,24577,24577,24577,0.5501278,0.4286558,0.2965421,0.2203626,0.1639093,21.14446,18.74348,17.62575,17.15891,16.81105,0.179000005125999,0.679000020027161,2
774,51630,0.3351803,8.46419E-5,0,-0.8380533784209,0.545306482651663,0.017532110408844,1,1,1,0,0,0,0,1237650797294125296,1,0,23.42503,22.00633,19.92237,19.17385,18.72723,0.5466437,0.1161467,0.04026219,0.03007062,0.04385849,23.0836,21.69541,19.91341,19.2126,18.77748,0.4598736,0.09927416,0.03859271,0.02935805,0.03861358,21.01984,21.21087,19.18048,18.41028,18.06557,0.7060218,0.4731894,0.127518,0.1019623,0.1699006,22.62876,21.10172,19.10188,18.37774,17.96485,0.5659988,0.06743766,0.01913184,0.01532158,0.03571038,21.009,21.18492,19.15626,18.38568,18.08207,0.3419347,0.08320852,0.01972816,0.01533223,0.03776057,13.34118,0.3947806,0.8100755,257,24577,24577,24577,24577,24577,0.5197989,0.4050238,0.2801936,0.2082139,0.1548729,22.10896,20.6967,18.82169,18.16953,17.80998,0.0780000016093254,0.561999976634979,2
775,53228,0.2012736,1.647445E-5,0,-0.483603522215123,-0.861126413239675,0.156808589439803,1,1,1,0,0,0,0,1237668330963272002,1,0,20.23028,19.32191,18.79714,18.37973,18.02664,0.04509294,0.01971595,0.01607115,0.0146341,0.02880602,20.51519,19.48947,18.73575,18.32348,18.07202,0.05009132,0.01150558,0.00876403,0.009663799,0.02774738,19.5238,18.35896,17.52609,17.08712,16.69707,0.1127318,0.02094545,0.01688324,0.02149035,0.05389328,19.47181,18.31791,17.53973,17.11131,16.83821,0.04521687,0.00940832,0.007077439,0.00771228,0.02064834,20.08477,18.41867,17.53973,17.10436,16.6881,0.04329486,0.009391753,0.007077437,0.007710614,0.02060742,7.553891,0.05840766,0.8979911,257,24577,24577,24577,24577,24577,0.1758554,0.1370253,0.09479348,0.07044172,0.0523957,19.29596,18.18089,17.44494,17.04086,16.78581,0.166999995708466,0.800000011920929,2
776,53884,0.0381828,1.636525E-5,0,-0.448925540908681,-0.887238465776047,0.10617798061375,1,1,1,0,0,0,0,1237662238565400712,1,0,20.68007,19.11257,18.39192,18.03056,17.57362,0.06847765,0.019613,0.01749222,0.01891363,0.02616648,20.47871,18.74805,17.88338,17.45978,17.13656,0.06209777,0.01006234,0.00813092,0.01040089,0.01597088,17.53633,16.55729,15.99222,15.80787,15.69376,0.04053103,0.01463314,0.01678742,0.02847892,0.05102103,17.99342,16.64561,15.97502,15.73143,15.50096,0.03010662,0.004476749,0.003797917,0.004251094,0.009386783,17.44473,16.49048,15.90281,15.66484,15.46487,0.02770197,0.004441225,0.003865939,0.004328767,0.00945218,125.5953,0.5485884,0.8669533,257,24577,24577,24577,24577,24577,0.2114703,0.1647762,0.1139914,0.08470785,0.06300708,17.78195,16.48084,15.86103,15.64672,15.43795,1.0,0.0,1
777,53138,0.1156581,6.020909E-5,0,-0.975281978342943,0.0615611970132922,0.21221517792506,1,1,1,0,0,0,0,1237661949714038917,1,0,21.50936,19.6664,18.76563,18.34242,18.02264,0.1398439,0.02552201,0.01983435,0.02609597,0.03134088,21.64349,19.90727,18.90236,18.46682,18.13794,0.1509868,0.01598947,0.01004851,0.007631062,0.02335171,21.68226,18.72491,17.72645,17.28454,16.9586,0.9796702,0.0287861,0.01859675,0.02010639,0.04632432,20.57729,18.71892,17.73282,17.28341,16.93875,0.1308582,0.01284351,0.008160003,0.007415364,0.01778207,20.65313,18.6613,17.73282,17.29481,16.96097,0.1228264,0.01283661,0.008160003,0.007415231,0.01805317,11.91104,0.1251189,0.8095297,257,24577,24577,24577,24577,24577,0.1211228,0.09437804,0.06529029,0.04851769,0.03608824,20.45617,18.62455,17.66753,17.2349,16.90266,0.061999998986721,0.906000018119812,2
778,53142,0.1830098,2.943961E-5,0,-0.972802800934846,0.0231440058613101,0.230475737304407,1,1,1,0,0,0,0,1237661813882749041,1,0,21.67629,19.69631,18.96155,18.30809,17.73047,0.2025818,0.02411776,0.01823747,0.01893068,0.02528325,21.79603,19.89077,18.64782,18.11076,17.74217,0.202902,0.01691638,0.01031231,0.01083331,0.02038962,20.50898,18.19986,17.11018,16.59671,16.24497,0.4116898,0.02255985,0.01809968,0.01680598,0.03173617,20.54554,18.29226,17.13509,16.60297,16.2308,0.1557756,0.009449063,0.005792031,0.005683104,0.01290049,20.06877,18.17708,17.05798,16.53342,16.15285,0.1719305,0.009500468,0.00590015,0.005788398,0.01319313,42.53352,0.2910985,0.8786725,257,1,24577,24577,24577,24577,0.1266747,0.09870403,0.06828299,0.05074158,0.03774241,20.41886,18.19356,17.0668,16.55223,16.19306,0.061999998986721,0.781000018119812,2
779,53142,0.0843592,2.154351E-5,0,-0.974397334770257,0.0278428676586454,0.223102238252249,1,1,1,0,0,0,0,1237661813345747246,1,0,20.76249,19.14223,18.44294,18.1528,17.71519,0.06612952,0.02192448,0.01757676,0.02578058,0.03028462,20.97639,19.33117,18.45289,18.06434,17.80896,0.07724438,0.01038967,0.00725249,0.007822812,0.01890686,19.76281,18.344,17.4775,17.09751,16.79612,0.1040901,0.01440834,0.01088601,0.01271263,0.0305734,19.90219,18.24294,17.38544,17.01159,16.71991,0.06092395,0.008444333,0.006110103,0.006550001,0.01480041,19.64572,18.20849,17.38544,17.0325,16.6837,0.06068185,0.008442561,0.006110103,0.006549089,0.01726545,9.455225,0.05947874,0.8570008,257,1,24577,24577,24577,24577,0.1418323,0.1105147,0.07645358,0.0568132,0.04225859,19.76035,18.13243,17.30899,16.95478,16.67765,0.128999993205071,0.741999983787537,2
780,53144,0.05805839,1.55128E-5,0,-0.979617549807912,0.00967410919172034,0.200638649615893,1,1,1,0,0,0,0,1237661948641542302,1,0,20.07899,18.16457,17.37174,16.8754,16.62181,0.04777602,0.02485374,0.01937578,0.01363758,0.02056406,20.34633,18.34416,17.42013,17.0486,16.68714,0.04572048,0.006032543,0.004076,0.003515404,0.007704752,18.14301,16.51446,15.71661,15.32763,15.01788,0.05910373,0.008522593,0.007056792,0.007536901,0.0131618,18.30322,16.39059,15.52913,15.11654,14.77016,0.03054448,0.004079633,0.003118246,0.002997055,0.005319853,17.77834,16.34811,15.59208,15.20027,14.8136,0.03038983,0.004109167,0.003145435,0.003022231,0.005370889,29.00778,0.07316033,0.8212622,257,24577,24577,24577,24577,24577,0.09565439,0.07453325,0.05156176,0.03831591,0.0285,18.20756,16.31606,15.47757,15.07822,14.74166,0.666999995708466,0.333000004291534,1
781,51633,0.03264355,9.332803E-6,0,-0.868640155924833,0.495443504588224,-1.15222483078093E-4,1,1,1,0,0,0,0,1237648721217716496,1,0,21.16613,19.66621,19.11779,19.02242,18.66639,0.07139356,0.01775259,0.01951897,0.02269779,0.03767127,20.81649,19.38216,18.77982,18.47004,18.22256,0.06084269,0.009457896,0.008674311,0.00956711,0.02811506,19.34952,17.98282,17.41664,17.12191,16.85091,0.0846739,0.01479993,0.01188379,0.01416288,0.04496232,19.38931,17.99117,17.408,17.10687,16.81655,0.04249047,0.007440027,0.006329148,0.007139837,0.019165,19.2727,17.96152,17.40109,17.09922,16.80586,0.04222321,0.007437168,0.006341972,0.0071565,0.02202802,38.67599,0.2955259,0.8684245,257,24577,24577,24577,24577,24577,0.1475245,0.1149501,0.07952192,0.05909331,0.04395457,19.24179,17.87622,17.32848,17.04778,16.77259,0.600000023841858,0.333000004291534,1
782,51630,0.1270235,2.471649E-5,0,-0.827830302310368,0.56097856797259,-1.9196912976692E-4,1,1,1,0,0,0,0,1237648721215815722,1,0,21.24125,19.21976,18.08707,17.68735,17.2495,0.8880823,1.128268,0.534014,0.4266202,0.2784433,21.03585,19.1286,17.95443,17.4569,17.06825,0.819495,1.01396,0.4896667,0.3832666,0.3195986,20.13613,17.88035,16.69258,16.18119,15.8375,2.430666,2.595638,1.321216,1.045735,0.7060939,19.86773,17.77314,16.56558,16.07451,15.6529,0.07366682,0.009165681,0.004847349,0.004530665,0.00947711,20.01125,17.76607,16.56558,16.0662,15.71442,0.09345698,0.009165163,0.00484735,0.004530349,0.00949518,13.14429,0.0713462,0.8460586,257,24577,24577,24577,24577,24577,0.3405231,0.2653333,0.1835563,0.136402,0.1014581,19.5272,17.50781,16.38202,15.93811,15.55144,0.125,0.531000018119812,2
783,51608,0.03461061,6.272726E-6,0,-0.856195725770298,0.516506995280189,0.0122230519635074,1,1,1,0,0,0,0,1237648722290868309,1,0,19.94757,19.36566,19.35664,19.34734,19.25853,0.03231499,0.01597163,0.01673056,0.02110509,0.05493588,19.84166,19.1831,19.1481,19.03605,18.98812,0.03010754,0.008193994,0.01149014,0.01561907,0.04149594,18.21641,17.57747,17.39772,17.28725,17.53354,0.04996017,0.01304413,0.02345255,0.02591675,0.1475844,18.19183,17.53572,17.44424,17.31724,17.25023,0.01890099,0.006256865,0.007397742,0.009880058,0.02974482,18.18545,17.54671,17.35995,17.24356,17.25556,0.0191548,0.006302821,0.007552862,0.01009426,0.02976832,62.23938,0.6272693,0.8383038,257,24577,24577,24577,24577,24577,0.1133256,0.0883025,0.06108726,0.04539438,0.03376508,18.0785,17.44742,17.38316,17.27184,17.21647,0.46399998664856,0.14300000667572,0
784,51608,0.1261049,2.01146E-5,0,-0.856066882309835,0.516827956701067,0.00619323699845172,1,1,1,0,0,0,0,1237648721753997510,1,0,20.90112,18.91698,17.81995,17.43727,17.05433,0.06081862,0.01427401,0.02239559,0.01607166,0.02107922,20.83681,18.8132,17.72171,17.25643,16.87189,0.06373014,0.006209689,0.003832527,0.004273328,0.01049957,19.00584,17.19049,16.15196,15.68885,15.33869,0.09599888,0.009899509,0.00620207,0.00621136,0.01836682,19.09695,17.10244,16.01278,15.56219,15.18301,0.04388599,0.005310364,0.003626564,0.00356135,0.007772181,18.76578,17.06245,16.01278,15.57441,15.24076,0.04417444,0.005308942,0.003626564,0.003561115,0.007769418,14.27966,0.04562765,0.8633233,257,24577,24577,24577,24577,24577,0.1158214,0.09024726,0.06243264,0.04639414,0.03450872,18.98113,17.01219,15.95034,15.5158,15.1485,0.0529999993741512,0.912000000476837,2
785,51608,0.04713756,8.108467E-6,0,-0.85494523963999,0.518549769426278,0.0132202059315805,1,1,1,0,0,0,0,1237648722290802828,1,0,20.81649,19.90305,19.41392,19.22151,19.00912,0.05778729,0.02236863,0.01784313,0.02196199,0.04244292,20.66205,19.6055,19.18181,18.91294,18.74117,0.05558864,0.01337031,0.01209618,0.01265907,0.03944112,18.18028,17.06975,16.65277,16.44926,16.40487,0.06458334,0.01377573,0.01158996,0.01709433,0.05788019,18.09283,17.03771,16.64438,16.38438,16.2272,0.02622748,0.006202036,0.006070826,0.007583295,0.02118008,18.09017,16.99883,16.5416,16.32012,16.2187,0.0263966,0.006288755,0.006285987,0.007837622,0.0219233,158.0656,1.44695,0.8396599,257,24577,24577,24577,24577,24577,0.1136136,0.08852693,0.06124252,0.04550976,0.0338509,17.97922,16.94918,16.58314,16.33887,16.19335,0.959999978542328,0.0399999991059303,1
786,51608,0.0,0.0,134,-0.857451695827838,0.514456230586796,0.0105534891098078,1,1,1,0,0,0,0,1237651801770557587,1,0,21.19803,19.5804,18.65768,18.05518,17.62638,0.1018519,0.01827105,0.01623115,0.02065513,0.02680053,21.18214,19.42934,18.4458,17.88914,17.50302,0.09380927,0.0121511,0.0079169,0.006258036,0.01606842,19.41126,18.0506,17.15241,16.68172,16.38546,0.1138996,0.02510418,0.02188345,0.02124954,0.02935313,19.50046,17.81177,16.85814,16.3215,15.9663,0.06546294,0.008625164,0.005987053,0.005823403,0.01224597,18.95316,17.87538,16.99737,16.5524,16.25,0.06466324,0.008744758,0.006074996,0.005885411,0.01229967,24.15232,0.1941118,0.839502,257,1,1,1,1,1,0.1205053,0.09389692,0.06495745,0.04827035,0.03590427,19.37996,17.71788,16.79318,16.27322,15.9304,0.40599998831749,0.531000018119812,2
787,51608,0.07153107,6.918793E-6,0,-0.855381544853358,0.517928317168956,0.00852472866523362,1,1,1,0,0,0,0,1237654670808776907,1,0,20.09348,19.51216,19.30241,19.08897,19.08946,0.04154363,0.0274009,0.01773036,0.01984399,0.05180997,20.02457,19.30452,19.10769,18.79034,18.79693,0.04106869,0.01083874,0.01208045,0.01410127,0.0477917,18.81198,17.85182,17.61782,17.37554,17.41072,0.07192092,0.01348904,0.01663453,0.02207702,0.0844169,18.6545,17.85412,17.62757,17.33124,17.34776,0.03137401,0.007754978,0.008559994,0.0102376,0.03538842,18.74613,17.85229,17.58577,17.37699,17.40317,0.03135383,0.007813673,0.008668871,0.01023096,0.03559041,34.62977,0.4226796,0.8083149,257,1,8193,8193,8193,8193,0.1186563,0.0924562,0.06396077,0.04752971,0.03535337,18.53584,17.76166,17.56361,17.28371,17.3124,0.167999997735024,0.639999985694885,2
788,53119,0.08656485,3.332289E-5,0,-0.946874670187682,0.237658933323269,0.216671618742773,1,1,1,0,0,0,0,1237661950783258754,1,0,21.32589,19.33056,18.57703,18.17328,17.6497,0.1210469,0.0257008,0.02923389,0.02234439,0.02307026,21.49296,19.63122,18.67236,18.23878,17.89315,0.1008092,0.01411827,0.01209636,0.01200757,0.02185072,20.02892,18.33108,17.38675,16.94629,16.80007,0.222784,0.02809797,0.02484617,0.02476071,0.05315908,20.19004,18.24356,17.30735,16.8802,16.53393,0.09855596,0.01022325,0.006807368,0.006971314,0.01593199,19.86879,18.19132,17.30734,16.92574,16.71953,0.1087291,0.01021904,0.006807367,0.006965387,0.01587299,12.8942,0.1077843,0.8149987,257,24577,24577,24577,24577,24577,0.0667354,0.05199978,0.0359732,0.02673195,0.01988366,20.12331,18.19156,17.27138,16.85347,16.51405,0.218999996781349,0.561999976634979,2
789,53062,0.1707717,3.089776E-5,0,-0.96759043117303,0.151717518140978,0.201867660093272,1,1,1,0,0,0,0,1237661949174874204,1,0,21.33297,19.58229,18.58739,18.15919,17.75451,0.1354568,0.02317918,0.0188363,0.01580357,0.02792212,21.64531,19.80413,18.71215,18.28612,17.96735,0.1445928,0.01482546,0.008877876,0.008506946,0.02003419,20.19247,18.59211,17.50167,17.11048,16.66874,0.2069458,0.0220178,0.01504445,0.01470316,0.03235105,20.27715,18.40973,17.34171,16.92651,16.56804,0.1193426,0.01152732,0.007048482,0.00686836,0.01552473,19.76224,18.45229,17.38229,17.02115,16.55345,0.1410045,0.01162243,0.007088254,0.006905605,0.01551814,17.30831,0.1515171,0.8010547,257,24577,24577,24577,24577,24577,0.1588395,0.1237667,0.08562122,0.06362574,0.04732586,20.11831,18.28596,17.25609,16.86288,16.52071,0.0509999990463257,0.859000027179718,2
790,53062,0.1360207,3.571265E-5,0,-0.966452582804409,0.161257949324966,0.199913178580587,1,1,1,0,0,0,0,1237661949174612083,1,0,21.9113,19.86262,18.77861,18.30513,17.74935,0.1734044,0.02375383,0.01942756,0.01960474,0.03247935,22.0133,20.00636,18.87116,18.35857,17.8953,0.1607763,0.01596766,0.008816941,0.008944569,0.01897905,20.15162,18.65817,17.53747,17.07623,16.55111,0.297953,0.03546333,0.03908249,0.02848682,0.0668683,20.57556,18.4644,17.33649,16.81248,16.33176,0.1657299,0.01273124,0.007489213,0.006805412,0.01382756,19.89935,18.40912,17.39717,16.89157,16.39327,0.188157,0.01278622,0.007546395,0.006859146,0.01390744,27.83044,0.2741233,0.800759,257,24577,24577,24577,24577,24577,0.1198234,0.09336556,0.06458987,0.04799719,0.03570109,20.45573,18.37104,17.2719,16.76449,16.29605,0.892000019550323,0.108000002801418,1
791,53055,0.1617352,9.273544E-6,0,-0.969091010403765,0.13445266473422,0.206845581293093,1,1,1,0,0,0,0,1237661812269318336,1,0,20.61482,19.65766,19.08592,18.86406,18.73016,0.06434768,0.0239606,0.02045382,0.0184003,0.04342468,20.76649,19.68501,19.05049,18.7614,18.60991,0.06973246,0.01309258,0.01122834,0.0126045,0.04134532,19.03008,18.19917,17.61758,17.31387,17.11992,0.08032713,0.01616094,0.01193001,0.01856858,0.06477141,19.18234,18.18043,17.58393,17.29725,17.14034,0.04359183,0.008742155,0.007870981,0.008907956,0.02887437,18.99731,18.15592,17.55136,17.25669,17.00275,0.04836224,0.008736238,0.00794363,0.009050227,0.03266228,36.64725,0.3991962,0.8099989,257,1,24577,24577,24577,24577,0.1388405,0.1081836,0.0748409,0.05561481,0.0413672,19.0435,18.07225,17.50909,17.24164,17.09897,0.194000005722046,0.527999997138977,2
792,53055,0.1640552,2.763039E-5,0,-0.972060279102349,0.13612458563236,0.19122999497433,1,1,1,0,0,0,0,1237661811195576501,1,0,21.61135,20.52822,19.64846,19.27129,19.07425,0.1642527,0.03120574,0.02286785,0.02683796,0.05411902,21.98765,20.59258,19.62065,19.18516,18.93688,0.1738832,0.02937913,0.01843191,0.01916982,0.04440122,19.4219,18.3001,17.52557,17.20628,17.07664,0.1396224,0.02656845,0.01963987,0.02356613,0.07522161,19.56305,18.24588,17.4254,17.04253,16.83701,0.08204754,0.01715471,0.009520199,0.01028177,0.03033809,19.22805,18.19523,17.4254,17.11419,16.94139,0.08220515,0.01711162,0.009520199,0.01026519,0.03020672,89.55046,1.285069,0.8070337,257,1,24577,24577,24577,24577,0.167531,0.1305391,0.09030632,0.06710728,0.04991548,19.39552,18.11534,17.3351,16.97543,16.78709,0.407000005245209,0.592999994754791,2
793,53119,0.1081723,1.824879E-5,0,-0.948913457682462,0.236165562396058,0.209258397602745,1,1,1,0,0,0,0,1237661950246453333,1,0,20.55077,18.58057,17.78319,17.41512,16.89713,0.07006323,0.02159099,0.02582316,0.01859786,0.0170653,20.80813,18.85735,17.85461,17.41942,17.08863,0.07545274,0.007578322,0.005371133,0.005980605,0.01103287,19.348,17.50799,16.50648,16.10662,15.77048,0.1195016,0.01383651,0.01530456,0.01527623,0.02219201,19.30186,17.31726,16.31805,15.90287,15.5542,0.05701717,0.00569671,0.004132345,0.003988484,0.009274499,19.15642,17.39166,16.36764,15.99406,15.63074,0.05705423,0.00573236,0.004159401,0.004014965,0.009332331,22.14346,0.09154721,0.8203102,257,24577,24577,24577,24577,24577,0.05956778,0.04641481,0.03210955,0.02386084,0.01774808,19.24229,17.27084,16.28594,15.87901,15.53645,0.296999990940094,0.675999999046326,2
794,53119,0.04655071,1.032738E-5,0,-0.947998591046759,0.232711142561218,0.217127141327868,1,1,1,0,0,0,0,1237661950783389847,1,0,19.59175,17.83014,17.26036,16.88533,16.53546,0.03599897,0.009998424,0.01826847,0.01688255,0.01815251,19.94509,18.15482,17.40387,17.07662,16.8048,0.03542805,0.005172983,0.003840049,0.004049042,0.008744933,18.94186,17.33652,16.59068,16.24365,15.96546,0.04255299,0.007009656,0.006007024,0.006332545,0.01248719,18.94916,17.24745,16.50387,16.15137,15.87187,0.0287399,0.004720706,0.003887488,0.004039506,0.007546509,18.66337,17.2608,16.50387,16.17805,15.89315,0.02850766,0.004720187,0.003887488,0.004038149,0.007546517,7.972047,0.01965042,0.82454,257,24577,24577,24577,24577,24577,0.07083407,0.05519342,0.03818256,0.02837373,0.02110484,18.87832,17.19226,16.46569,16.12299,15.85076,0.090999998152256,0.635999977588654,2
795,53119,0.09800934,1.099962E-5,0,-0.949786251831086,0.229909610720903,0.212244309065804,1,1,1,0,0,0,0,1237661950246584434,1,0,20.90971,19.33114,18.60403,17.97497,17.64404,0.1075467,0.02071167,0.01954205,0.02829236,0.0268161,21.32244,19.63877,18.64323,18.15965,17.83957,0.09096514,0.01280572,0.009399175,0.008281815,0.02214913,18.9679,17.68788,16.95186,16.5874,16.39616,0.12552,0.01747453,0.01647294,0.01768476,0.06244028,19.20062,17.59135,16.74227,16.27883,15.96532,0.06900612,0.007862685,0.005957159,0.00573066,0.01560315,18.67994,17.39838,16.79163,16.41412,16.15148,0.06710527,0.007863773,0.00600125,0.005747054,0.01561643,36.41186,0.2883048,0.8283125,257,24577,24577,24577,24577,24577,0.07073051,0.05511273,0.03812673,0.02833225,0.02107399,19.12989,17.53623,16.70414,16.2505,15.94425,0.915000021457672,0.0850000008940697,1
796,53119,0.1428175,1.956205E-5,0,-0.949477276462308,0.225632531425281,0.218134963369784,1,1,1,0,0,0,0,1237661950783586542,1,0,20.67674,18.75291,17.76259,17.35421,17.05175,0.06994299,0.0157613,0.02207307,0.01714172,0.01431411,20.98655,19.04047,18.0173,17.61131,17.28191,0.07781389,0.008110469,0.005525901,0.004980127,0.01066172,19.6782,17.99357,16.9961,16.59992,16.29052,0.1041133,0.01206662,0.00840782,0.008971852,0.01980748,19.88099,17.93907,16.93257,16.49519,16.19953,0.06351098,0.007176958,0.004873359,0.005010459,0.01009972,19.45478,17.89639,16.93258,16.50776,16.24401,0.06299295,0.007174251,0.004873359,0.005009963,0.01010818,13.50599,0.06407572,0.7801113,257,24577,24577,24577,24577,24577,0.06626966,0.05163687,0.03572215,0.02654538,0.01974489,19.81473,17.88744,16.89685,16.46865,16.17979,0.0379999987781048,0.922999978065491,2
797,53062,0.3838491,8.6057E-5,0,-0.965363389523093,0.168343122119152,0.199334190252603,1,1,1,0,0,0,0,1237661949174415565,1,0,25.66411,21.60361,19.72266,19.17075,18.75947,0.7980267,0.06915443,0.02771186,0.02304574,0.04113958,25.51484,21.83967,19.99062,19.36898,18.9594,0.7834237,0.07579958,0.02338412,0.01537977,0.04579144,24.62354,21.13248,19.1037,18.61883,18.2671,5.133429,0.1842072,0.04449591,0.04785614,0.115428,26.26857,20.92584,19.06519,18.45081,18.03745,0.8314827,0.06226361,0.01912257,0.01547028,0.03563453,25.95814,20.88056,19.06519,18.57398,18.13881,0.6506416,0.08197995,0.01916976,0.01543246,0.03553294,11.83798,0.3517557,0.7822964,257,24577,24577,24577,24577,24577,0.1018984,0.07939852,0.05492753,0.04081704,0.03036038,26.16668,20.84644,19.01026,18.40999,18.00709,0.0610000006854534,0.697000026702881,2
798,53062,0.03993211,9.929037E-6,0,-0.965113012952697,0.158580581515502,0.208348437468515,1,1,1,0,0,0,0,1237661949711548493,1,0,18.53867,16.93856,16.51569,16.21024,15.8957,0.02714356,0.02028907,0.02029138,0.01916482,0.02753952,18.79105,17.29688,16.58134,16.25154,15.97212,0.01720459,0.00319054,0.002255387,0.002281535,0.005452613,16.38457,15.17308,14.59807,14.26603,14.04115,0.01773319,0.006023161,0.005187486,0.005285891,0.008134554,16.39745,15.04882,14.43591,14.09564,13.82382,0.009380929,0.002393465,0.002199291,0.002196399,0.003855124,16.16883,15.00525,14.45799,14.12079,13.86147,0.009522631,0.002408961,0.002211127,0.002202514,0.003859383,27.8899,0.03298774,0.8082168,257,24577,24577,24577,24577,24577,0.1462883,0.1139868,0.07885556,0.05859813,0.04358625,16.25116,14.93483,14.35705,14.03704,13.78023,0.828000009059906,0.172000005841255,1
799,51910,0.0950892,2.193326E-5,0,-0.875892474535859,0.482297464708348,-0.0141960764772962,1,1,1,0,0,0,0,1237654669199212762,1,0,20.96368,19.69916,19.26781,18.81946,18.40086,0.09602531,0.02239223,0.01872049,0.0169575,0.03172131,20.97148,19.69514,18.99036,18.57954,18.25257,0.07070505,0.01508045,0.01210202,0.0124236,0.02569033,19.40622,18.02371,17.44104,17.12646,16.93754,0.1445242,0.01925018,0.01912748,0.02079641,0.06267928,19.35387,18.04509,17.4128,17.02958,16.7849,0.05843097,0.009139761,0.007874995,0.008269313,0.02233304,19.28814,17.95529,17.39029,17.04645,16.846,0.05834508,0.009110049,0.007926798,0.008352004,0.02256318,55.75943,0.6293194,0.8290613,257,1,1,1,1,1,0.2256898,0.175856,0.1216564,0.09040371,0.06724375,19.12818,17.86924,17.29114,16.93917,16.71766,0.875,0.125,1
800,51910,0.08924252,1.090668E-5,0,-0.87992626239908,0.475073972632794,0.00587309690715804,1,1,1,0,0,0,0,1237648721755177075,1,0,20.37464,18.64538,17.80514,17.38466,17.07266,0.04104484,0.01436944,0.01566379,0.01443949,0.01884602,20.30285,18.57402,17.70325,17.26941,16.94344,0.04181556,0.00629004,0.003947929,0.004414256,0.01098701,19.04512,17.23455,16.39954,16.00775,15.70822,0.08092285,0.009476342,0.008372128,0.008109602,0.02131835,18.9539,17.22803,16.37891,15.94198,15.62841,0.03067775,0.004977516,0.003918087,0.003925366,0.00863836,18.86533,17.16749,16.37891,15.99181,15.74686,0.03066483,0.004974023,0.003918087,0.003922886,0.008622794,10.15954,0.03172337,0.884517,257,24577,24577,24577,24577,24577,0.13889,0.1082221,0.07486755,0.05563462,0.04138193,18.81501,17.11981,16.30404,15.88635,15.58703,0.145999997854233,0.828999996185303,2
801,51909,0.0971982,2.812459E-5,0,-0.887755393528911,0.4603151453469,-5.72908885842603E-4,1,1,1,0,0,0,0,1237648721218764906,1,0,21.24245,19.6051,18.66242,18.20694,17.84765,0.07358422,0.01978951,0.01498398,0.01441773,0.02380678,21.24194,19.49544,18.50088,18.03731,17.70918,0.08379223,0.01138208,0.007148774,0.006781783,0.01863259,19.95628,18.35736,17.42506,16.97618,16.62139,0.120499,0.01666015,0.01085346,0.01104513,0.03036324,20.01172,18.27224,17.29871,16.82747,16.48715,0.06352641,0.008820212,0.005916662,0.005846448,0.01414225,19.73178,18.223,17.33238,16.86069,16.5216,0.07144473,0.008855119,0.005944754,0.005861176,0.01415179,10.93381,0.06867397,0.8808066,257,24577,24577,24577,24577,24577,0.1118806,0.08717663,0.06030839,0.0448156,0.03333457,19.89984,18.18506,17.2384,16.78265,16.45382,0.386999994516373,0.515999972820282,2
802,51630,0.06510994,8.322726E-6,0,-0.837351011015899,0.546605600541901,-0.00809949423599498,1,1,1,0,0,0,0,1237648720679338241,1,0,20.63899,19.4415,18.71215,18.28296,18.0301,0.05473585,0.01852877,0.01480713,0.02000787,0.02380102,20.57808,19.2408,18.5271,18.05252,17.78306,0.05364068,0.009121627,0.006828683,0.007039259,0.01845738,19.17364,17.91145,17.22006,16.77917,16.59532,0.06720858,0.0113151,0.008894377,0.008990869,0.02880357,19.17866,17.87613,17.18678,16.72502,16.46977,0.03565739,0.007059598,0.005617155,0.005346266,0.01336142,19.06821,17.83414,17.18679,16.72445,16.49292,0.03544811,0.007051771,0.005617154,0.005376311,0.01348746,31.54108,0.2082103,0.8387815,257,24577,24577,24577,24577,24577,0.5819777,0.4534731,0.3137106,0.2331206,0.1733989,18.59669,17.42266,16.87307,16.4919,16.29637,0.181999996304512,0.635999977588654,2
803,51630,0.0627807,1.067665E-5,0,-0.827187041525786,0.561861999751107,0.00852593499297148,1,1,1,0,0,0,0,1237650796756730101,1,0,21.11574,19.78181,19.2817,18.82625,18.48409,0.07817324,0.01839848,0.01404805,0.01788073,0.0323425,21.10559,19.79976,19.11558,18.72999,18.49679,0.0805693,0.01351377,0.01102652,0.01130696,0.03019797,18.59836,17.45569,17.03737,16.74163,16.74502,0.08732115,0.01621416,0.01553103,0.02138713,0.06625179,18.95072,17.70836,17.12574,16.78466,16.58923,0.04347059,0.007733585,0.006831169,0.007542129,0.02000418,18.33995,17.26437,16.8835,16.58285,16.51426,0.04607807,0.007981522,0.007048666,0.007762097,0.02028921,62.86195,0.6238108,0.8367013,257,24577,24577,24577,24577,24577,0.479499,0.3736224,0.2584702,0.1920711,0.1428656,18.47122,17.33474,16.86727,16.59259,16.44637,0.782999992370605,0.166999995708466,1
804,51608,0.3265534,1.026672E-4,0,-0.846087301557138,0.532873749562705,0.0134849979883119,1,1,1,0,0,0,0,1237648722290344751,1,0,23.88626,21.82715,20.10082,19.4857,18.98148,0.5975022,0.06869669,0.02536288,0.02367053,0.04678825,23.87589,21.83642,20.05227,19.38686,18.97924,0.7112111,0.07499918,0.02321367,0.02083685,0.04913112,22.24478,20.51111,18.78456,18.14101,17.64641,1.307776,0.1472804,0.04940486,0.04433866,0.09640246,23.23502,20.40033,18.6263,17.94526,17.54908,1.226158,0.05608096,0.01734244,0.01541634,0.03586515,21.33929,20.18295,18.62633,17.98978,17.49444,0.6304827,0.05578833,0.01734244,0.01553214,0.03866399,14.72963,0.4059609,0.8416849,257,24577,24577,24577,24577,24577,0.2729117,0.212651,0.147111,0.1093192,0.08131341,22.96211,20.18768,18.47919,17.83594,17.46776,0.0710000023245811,0.820999979972839,2
805,53119,0.1268896,2.139406E-5,0,-0.94899792999361,0.22759776845454,0.218179248927016,1,1,1,0,0,0,0,1237661950783521028,1,0,21.06415,18.99953,18.08424,17.56418,17.2047,0.09678366,0.01576706,0.01585509,0.01506674,0.01947795,21.37886,19.30905,18.23322,17.82634,17.42344,0.108082,0.01037897,0.006331807,0.006515723,0.01356388,19.76229,17.9339,16.88078,16.47958,16.18154,0.1766217,0.01580567,0.009579869,0.01047951,0.02759177,19.9346,17.86699,16.81208,16.36731,16.00976,0.08485631,0.008059577,0.005129456,0.005313368,0.01068897,19.33169,17.82695,16.81208,16.39018,16.11526,0.08281481,0.008056438,0.005129457,0.005312836,0.01067613,15.29969,0.08519901,0.8099579,257,24577,24577,24577,24577,24577,0.06891508,0.05369816,0.03714814,0.02760505,0.02053308,19.86569,17.8133,16.77493,16.3397,15.98922,0.148000001907349,0.802999973297119,2
806,53062,0.0841803,1.908554E-5,0,-0.967600938362529,0.164510138120434,0.191532865418833,1,1,1,0,0,0,0,1237661811194855512,1,0,20.39985,18.70666,17.71435,17.25902,17.01506,0.06218636,0.03194036,0.01409011,0.01443463,0.0187596,20.82516,18.91716,17.95014,17.51288,17.18475,0.0689192,0.007808341,0.005029776,0.005227155,0.01072021,19.63936,17.8551,16.92019,16.47671,16.16113,0.1052512,0.01071868,0.007320747,0.007834171,0.02033883,19.66745,17.78139,16.81256,16.34811,16.03761,0.057247,0.006702366,0.004725707,0.004660386,0.009992628,19.50425,17.75834,16.85258,16.38572,16.08337,0.05697188,0.00671981,0.004741428,0.004676081,0.0100461,18.71582,0.08868705,0.7855521,257,1,24577,24577,24577,24577,0.1197657,0.09332059,0.06455875,0.04797407,0.0356839,19.54768,17.68807,16.748,16.30013,16.00192,0.185000002384186,0.666999995708466,2
807,53062,0.04976758,2.452786E-5,0,-0.965062564571456,0.167423703046589,0.201552846968066,1,1,1,0,0,0,0,1237661949174481017,1,0,20.63546,19.01096,18.29008,17.98544,17.71861,0.07170205,0.02226911,0.02230668,0.02058641,0.02310461,20.94015,19.26932,18.50063,18.11662,17.84434,0.08107264,0.01019944,0.006916779,0.007564818,0.01824965,19.54082,18.01133,17.28342,16.91302,16.66978,0.12789,0.01537322,0.0124982,0.01338658,0.034633,19.60424,17.93736,17.17006,16.79781,16.52909,0.06307446,0.008071396,0.006239447,0.006176261,0.01413499,19.44138,17.88626,17.17005,16.82264,16.61956,0.07378021,0.008068305,0.006239447,0.006175424,0.01661931,15.80089,0.1162878,0.7927628,257,24577,24577,24577,24577,24577,0.101466,0.07906159,0.05469444,0.04064383,0.03023154,19.50278,17.8583,17.11537,16.75716,16.49886,0.118000000715256,0.764999985694885,2
808,53055,0.452351,1.070681E-4,0,-0.968179036489856,0.134933477847094,0.210766007358071,1,1,1,0,0,0,0,1237661949712138363,1,0,24.96784,21.83868,19.95392,19.2658,18.98004,1.514235,0.09856261,0.1107714,0.1125992,0.05267369,23.35682,22.00705,20.16953,19.40526,18.97474,0.7893887,0.1022697,0.1111579,0.1129242,0.05385399,23.53314,21.58201,19.01077,18.15726,18.11406,20.88766,0.6284092,0.3196847,0.3231313,0.1637071,25.09639,21.02236,19.04225,18.27074,17.91888,2.395762,0.08330062,0.02261436,0.01588536,0.04174767,22.11659,21.48403,19.04224,18.24925,18.18526,3.791267,0.08173822,0.02261436,0.01588036,0.04496455,14.4467,0.5373638,0.7736113,257,24577,24577,24577,24577,24577,0.1512344,0.1178408,0.08152173,0.06057939,0.04505993,24.94516,20.90452,18.96073,18.21016,17.87382,0.0570000000298023,0.623000025749207,2
809,53055,0.2881223,5.455497E-5,0,-0.971213256327745,0.138006388031224,0.19416242580848,1,1,1,0,0,0,0,1237661948638331014,1,0,22.62675,20.89541,19.21623,18.71318,18.45958,0.3826171,0.04492461,0.02786566,0.02623868,0.03366002,22.88984,21.06863,19.51128,18.92326,18.58899,0.39254,0.04169241,0.01400694,0.01344251,0.02690989,21.2192,19.86266,18.28648,17.72277,17.45775,0.597234,0.08171698,0.03164767,0.03153478,0.07736908,21.98374,19.81271,18.21049,17.65297,17.34725,0.4689766,0.03247244,0.01252398,0.01068673,0.02613443,21.60667,19.75666,18.21049,17.68876,17.46277,0.4635976,0.03946891,0.01252398,0.01067994,0.02609163,17.40949,0.328629,0.7791876,257,24577,24577,24577,24577,24577,0.1936865,0.1509192,0.1044052,0.07758428,0.05770845,21.79005,19.66179,18.10609,17.57538,17.28954,0.0610000006854534,0.787999987602234,2
810,53083,0.1105619,2.414348E-5,0,-0.968586059848869,0.118917632937464,0.218402475359126,1,1,1,0,0,0,0,1237661950249467908,1,0,20.58512,18.83443,17.85941,17.40021,17.01864,0.1040066,0.01908758,0.02017709,0.01753997,0.03375492,20.86721,19.05933,18.04076,17.64109,17.2879,0.1064863,0.009019341,0.005513105,0.005217046,0.01211703,20.41115,18.13713,17.14289,16.72562,16.40168,0.2888214,0.01365809,0.01024709,0.009793874,0.02242036,20.04642,18.11725,17.10934,16.6815,16.30716,0.07885963,0.007340529,0.005114722,0.00482902,0.01112941,20.32849,18.07542,17.10935,16.67331,16.33562,0.1012299,0.00733656,0.005114722,0.004828559,0.01112908,9.887614,0.04577749,0.8156144,257,24577,24577,24577,24577,24577,0.1899173,0.1479822,0.1023734,0.07607442,0.05658539,19.85651,17.96927,17.00696,16.60542,16.25057,0.104999996721745,0.772000014781952,2
811,53047,0.1227926,1.436651E-5,0,-0.29585120438311,0.715549662836423,0.632819678012421,1,1,1,0,0,0,0,1237663547432174154,1,0,20.99314,19.76562,19.26192,18.91479,18.51476,0.0765631,0.0188611,0.02034992,0.02004986,0.03866582,20.89488,19.64351,18.92857,18.5269,18.26237,0.07221624,0.01258805,0.01093397,0.009192606,0.03109945,19.44918,18.35181,17.62478,17.25738,16.98345,0.09712703,0.01599395,0.01332557,0.01627068,0.0498815,19.61909,18.33987,17.6237,17.22803,16.93031,0.05433115,0.008946501,0.007922295,0.008071381,0.02177332,19.3273,18.30497,17.53504,17.16108,16.87309,0.05437383,0.00900021,0.008076088,0.008232611,0.02209675,26.5459,0.2882846,0.8481839,257,24577,24577,24577,24577,24577,0.2742702,0.2137095,0.1478433,0.1098634,0.08171817,19.34482,18.12616,17.47586,17.11816,16.84859,0.166999995708466,0.649999976158142,2
812,53035,0.09872393,2.933926E-5,0,-0.318820042566005,0.67163976621886,0.668770367833149,1,1,1,0,0,0,0,1237673310965989894,1,0,22.11868,20.31957,20.16154,19.57526,19.13294,0.1918014,0.03035819,0.02450478,0.02923825,0.05558192,22.3293,20.6579,19.76715,19.38968,19.13036,0.2267623,0.02464564,0.0188818,0.02140687,0.05554385,19.40974,18.09407,17.51607,17.15701,16.93637,0.175529,0.0227787,0.02024923,0.02889669,0.08267221,19.62006,18.13478,17.45739,17.08486,16.80118,0.08614425,0.01120439,0.01016665,0.01184643,0.02999555,19.2803,17.97355,17.42772,17.1042,16.8028,0.08324834,0.01111035,0.01030972,0.01200494,0.02999056,129.3042,2.061817,0.8634005,257,16385,24577,24577,24577,24577,0.2192656,0.1708503,0.1181934,0.08783039,0.06532967,19.40079,17.96392,17.3392,16.99703,16.73585,0.726999998092651,0.273000001907349,1
813,53035,0.1792281,3.712319E-5,0,-0.315172120580227,0.675349251168682,0.666760769208015,1,1,1,0,0,0,0,1237673706115105102,1,0,21.94273,19.77939,18.63843,18.18122,17.67844,0.1553501,0.01843479,0.01449248,0.01506597,0.02014791,21.80437,19.69482,18.43943,17.90928,17.50607,0.168656,0.013593,0.006842351,0.008730181,0.01641473,19.87342,18.36351,17.06805,16.59484,16.28897,0.2364996,0.02527527,0.01833564,0.02108246,0.0399398,20.49858,18.37123,17.0986,16.5652,16.17351,0.134407,0.009922427,0.005929607,0.005960913,0.01199883,18.39477,18.3463,17.0986,16.63709,16.28395,0.1195619,0.009923886,0.005929607,0.005956333,0.01197742,8.478885,0.05240967,0.8990395,257,24577,24577,24577,24577,24577,0.189972,0.1480249,0.1024029,0.07609633,0.0566017,20.30861,18.22321,16.99619,16.48911,16.1169,0.0509999990463257,0.880999982357025,2
814,53035,0.08555795,1.078995E-5,0,-0.314785681077191,0.676715555734303,0.665556933414401,1,1,1,0,0,0,0,1237673706115039672,1,0,21.49812,19.85605,19.07294,18.66287,18.06286,0.1054892,0.01898145,0.0172328,0.01950288,0.02297166,21.15371,19.54405,18.60183,18.09073,17.70078,0.09619962,0.01171398,0.008143763,0.008194177,0.01827664,19.66302,18.0781,17.2257,16.74265,16.44027,0.1643622,0.01730689,0.03095514,0.01247749,0.03807755,19.77895,18.08955,17.18698,16.69251,16.32133,0.06731807,0.007783622,0.005936237,0.005992726,0.01260809,19.71624,18.02665,17.187,16.71223,16.32494,0.07650881,0.007761067,0.005936237,0.006003594,0.01277373,48.20664,0.3138671,0.899193,257,24577,24577,24577,24577,24577,0.1955654,0.1523832,0.105418,0.07833687,0.05826824,19.58338,17.93716,17.08157,16.61417,16.26307,0.776000022888184,0.207000002264977,1
815,53052,0.1175066,1.501823E-5,0,-0.314388904836072,0.641989785388975,0.699291592951176,1,1,1,0,0,0,0,1237663547434729684,1,0,21.46078,20.06915,19.39979,19.08673,18.58881,0.1026696,0.02377944,0.02087083,0.0219977,0.03724205,21.21896,19.95088,19.13954,18.72378,18.38743,0.09502417,0.01573222,0.01279966,0.01282418,0.03404771,18.55964,17.67019,17.14329,16.82067,16.95236,0.09200954,0.01791681,0.06406273,0.02102855,0.1084533,18.51971,17.32327,16.63537,16.26365,16.02385,0.05482956,0.008443982,0.007898661,0.008270589,0.02380959,18.17968,17.57764,16.95108,16.63088,16.57951,0.05684358,0.008519991,0.008177261,0.008552751,0.02379253,58.68313,0.6985016,0.8386116,257,24577,24577,24577,24577,24577,0.1817804,0.141642,0.09798729,0.07281506,0.05416103,18.33793,17.18163,16.53739,16.19083,15.96969,0.944999992847443,0.0359999984502792,1
816,53052,0.1139882,1.082699E-5,0,-0.315687393762725,0.656060715218922,0.685511347364677,1,1,1,0,0,0,0,1237663530254336046,1,0,20.91473,19.59383,18.71994,18.24179,17.83721,0.07196911,0.01760652,0.01758912,0.01933369,0.03307317,20.84062,19.46173,18.55653,18.07645,17.72367,0.07201994,0.01184093,0.008460857,0.008419709,0.02191511,18.83239,17.576,16.77718,16.36154,16.16111,0.07875826,0.01252293,0.01300392,0.01441122,0.03696947,18.8878,17.60775,16.79609,16.3344,16.03044,0.0391104,0.006492861,0.005536189,0.005516306,0.01460378,18.76765,17.52139,16.65712,16.21284,15.93462,0.03890283,0.006472048,0.005670675,0.005641527,0.01474325,54.169,0.4046429,0.8235453,257,24577,24577,24577,24577,24577,0.2402309,0.1871863,0.1294946,0.09622837,0.07157623,18.64757,17.42056,16.66659,16.23817,15.95886,0.592999994754791,0.25900000333786,1
817,51910,0.06925703,1.752885E-5,0,-0.882657101603775,0.469993527541352,-0.00474605706443029,1,1,1,0,0,0,0,1237651800698061041,1,0,20.37284,18.661,17.94243,17.45259,17.09419,0.05446837,0.01712671,0.01683624,0.01368215,0.0276023,20.35965,18.59088,17.68035,17.22748,16.90953,0.04957777,0.006359304,0.004046743,0.004467881,0.01124285,18.58087,17.09707,16.29863,15.91214,15.5855,0.05664593,0.010804,0.009558336,0.009218242,0.01892581,18.63474,16.93967,16.07956,15.65145,15.31272,0.03542989,0.005101854,0.003896023,0.003837743,0.008456426,18.15254,16.95482,16.17213,15.80914,15.41723,0.03606421,0.005161373,0.00394549,0.00387344,0.008531815,18.03183,0.06371221,0.8569102,257,1,1,1,1,1,0.1176525,0.09167404,0.06341968,0.04712762,0.03505429,18.51709,16.84799,16.01614,15.60432,15.27766,0.605000019073486,0.368000000715256,1
818,51910,0.06830182,2.316745E-5,0,-0.883554125655274,0.468310161126703,-0.00420713953000538,1,1,1,0,0,0,0,1237651800698126540,1,0,20.63876,18.97016,18.22129,17.82404,17.51076,0.06959599,0.02020713,0.01699004,0.01942801,0.02482593,20.81619,19.08991,18.24463,17.87068,17.54758,0.07519003,0.00952057,0.006713211,0.006726082,0.01470339,19.89416,18.29241,17.42491,17.06668,16.77189,0.1138537,0.01359138,0.00978011,0.01027909,0.03072977,19.98984,18.29209,17.43135,17.04644,16.72537,0.0593629,0.008166539,0.006020668,0.006034791,0.01423939,19.84886,18.27637,17.43134,17.07395,16.77558,0.05900847,0.008167494,0.006020667,0.006033583,0.01423237,5.513579,0.03032536,0.8492723,257,1,1,1,1,1,0.121814,0.09491668,0.06566292,0.04879459,0.03629421,19.86803,18.19717,17.36568,16.99765,16.68908,0.128999993205071,0.644999980926514,2
819,51910,0.09571221,1.671694E-5,0,-0.877255004631965,0.479540075554142,-0.0215632276271383,1,1,1,0,0,0,0,1237654668662407446,1,0,21.37241,19.88832,19.34338,18.9845,18.51641,0.1170878,0.02598201,0.01668628,0.02182283,0.03941434,21.38986,19.92208,19.16835,18.77313,18.45493,0.1191168,0.0170866,0.0127921,0.01358421,0.03691071,19.70997,18.22152,17.58902,17.20911,17.02275,0.1764082,0.02134502,0.01844911,0.02071686,0.06859987,19.82074,18.35544,17.6468,17.27971,16.99341,0.07889828,0.01118811,0.008820257,0.00954947,0.02678267,19.548,18.14489,17.529,17.16238,16.96553,0.08320551,0.01140689,0.009055982,0.009796892,0.02729735,38.76176,0.503926,0.814961,257,1,1,8193,24577,24577,0.2483489,0.1935118,0.1338706,0.09948018,0.07399498,19.57239,18.16193,17.51293,17.18023,16.91942,0.166999995708466,0.600000023841858,2
820,51910,0.137608,4.002083E-5,0,-0.881131626545831,0.472698043041028,-0.0127912785084375,1,1,1,0,0,0,0,1237651800161124518,1,0,21.75266,19.8129,18.87869,18.46558,17.98434,0.1629296,0.02479388,0.0205017,0.02165482,0.02812239,21.95729,19.89144,18.81653,18.36877,17.99871,0.1774373,0.01480892,0.01028972,0.009468992,0.02394151,20.10429,18.52328,17.46135,17.02139,16.57481,0.278286,0.03204193,0.01881266,0.01829025,0.04715254,20.4665,18.47251,17.38198,16.93854,16.55061,0.1461921,0.01308595,0.007920986,0.007400242,0.01778254,19.39588,18.49146,17.38198,17.00496,16.53705,0.1382805,0.01307722,0.007920987,0.007396598,0.01778062,11.31351,0.1164103,0.8313055,257,1,1,1,1,1,0.1493696,0.1163878,0.08051654,0.05983242,0.04450433,20.31713,18.35612,17.30146,16.87871,16.5061,0.112999998033047,0.829999983310699,2
821,51909,0.1763657,9.478746E-6,0,-0.883593544056413,0.46818824191287,0.00788790443426454,1,1,1,0,0,0,0,1237654670810218860,1,0,20.50238,19.18601,18.42305,17.94815,17.64819,0.05902534,0.01984789,0.01804635,0.01486718,0.02143533,20.64002,19.31234,18.45721,18.01808,17.74667,0.0649318,0.01084773,0.007577075,0.007888665,0.01985845,19.45614,18.1701,17.35401,16.98868,16.75278,0.1125374,0.01586307,0.01181001,0.01400411,0.0415137,19.45567,18.10449,17.28505,16.84739,16.57576,0.05049663,0.008569595,0.00625691,0.006598468,0.01563772,19.33406,18.03929,17.2878,16.93785,16.70525,0.05023172,0.008576502,0.006259514,0.006595401,0.01562166,11.91703,0.08451913,0.8081452,257,1,8193,8193,8193,8193,0.1427399,0.1112219,0.07694282,0.05717676,0.042529,19.31293,17.99327,17.20811,16.79022,16.53323,0.444000005722046,0.467000007629395,0
822,53115,0.1471391,1.064716E-5,0,-0.974223274348399,-0.0543379082683636,0.218943836275204,1,1,1,0,0,0,0,1237661812810973252,1,0,20.71982,19.94679,19.21118,18.86309,18.73548,0.08330677,0.02320135,0.02169765,0.02089968,0.04756947,20.93174,19.87363,19.25867,18.90877,18.64123,0.08677904,0.01631236,0.01388224,0.01315142,0.04292776,19.39828,18.19846,17.74406,17.43957,17.48239,0.1338213,0.01950406,0.06158584,0.02216117,0.1297857,19.47204,18.27695,17.7075,17.38622,17.19822,0.06129236,0.009746091,0.008797608,0.009478849,0.03157133,19.38338,18.17155,17.70751,17.40381,17.32533,0.06225676,0.009700867,0.008797608,0.009558552,0.03162565,43.04118,0.5555911,0.8101847,257,1,8193,24577,24577,24577,0.1311566,0.1021963,0.07069894,0.05253689,0.03907779,19.34089,18.17475,17.6368,17.33369,17.15914,0.771000027656555,0.0209999997168779,1
823,51608,0.06204342,1.382113E-5,0,-0.847755021907391,0.530033464091123,0.0193894242917213,1,1,1,0,0,0,0,1237648722827346152,1,0,20.09118,18.09498,17.06949,16.60365,16.19611,0.03821506,0.01598751,0.01152442,0.01098264,0.01508944,20.14819,18.11427,17.13828,16.65221,16.30351,0.04013248,0.00485017,0.002855771,0.003096065,0.005675919,19.09525,17.0831,16.11891,15.65271,15.32279,0.05827069,0.01616073,0.01612645,0.01607931,0.01664454,18.95387,16.9544,15.98638,15.52592,15.15781,0.03155341,0.004290606,0.003222156,0.003229551,0.005722722,19.0054,16.96319,15.98631,15.53733,15.24343,0.03180287,0.004287737,0.003222156,0.003229545,0.005713056,10.63137,0.02051162,0.8237107,257,24577,24577,24577,24577,24577,0.2512599,0.19578,0.1354397,0.1006462,0.0748623,18.70261,16.75862,15.85094,15.42527,15.08295,0.159999996423721,0.839999973773956,2
824,51608,0.03107532,1.213444E-5,0,-0.847550270756742,0.530609993345838,0.0105628358741419,1,1,1,0,0,0,0,1237651801770098844,1,0,21.82175,20.60129,20.07956,19.66128,19.23639,0.1576106,0.06187436,0.1151781,0.1795425,0.1591414,21.67176,20.37288,19.62793,19.26026,18.98472,0.1277549,0.05884479,0.1083195,0.1699449,0.1663554,19.68234,18.65343,17.89634,17.61104,17.63061,0.2542879,0.110869,0.1745027,0.3468862,0.442226,19.99369,18.63211,17.92761,17.56993,17.31706,0.09884666,0.0155844,0.01307022,0.01534946,0.03550025,19.24504,18.46424,17.81456,17.52517,17.2654,0.1006394,0.01579255,0.01343722,0.01564313,0.03638391,94.0106,1.982151,0.843704,257,1,1,193,1,1,0.2032604,0.1583791,0.1095659,0.08141922,0.06056095,19.79043,18.47373,17.81805,17.48851,17.2565,0.907000005245209,0.0280000008642673,1
825,51633,0.1939484,4.16931E-5,0,-0.870278582121683,0.492538749767183,-0.00455735428216063,1,1,1,0,0,0,0,1237651800697471073,1,0,21.92037,19.98788,18.81278,18.31127,17.80301,0.1438298,0.02348676,0.0157874,0.01767329,0.0245177,21.9425,20.056,18.7047,18.19812,17.79804,0.1908088,0.01584052,0.00704943,0.006562878,0.01739007,21.10204,19.24125,17.90599,17.41424,17.06488,0.2947972,0.0297678,0.02369062,0.01785776,0.03488162,21.13479,19.16791,17.82692,17.30761,16.90466,0.1443104,0.01491873,0.007656523,0.007131136,0.01689487,20.98943,19.10879,17.82691,17.32111,16.98159,0.1541552,0.01490619,0.007656523,0.007143429,0.01694278,6.259882,0.05366922,0.8774303,257,1,1,1,1,1,0.1616373,0.1259467,0.08712933,0.06474643,0.04815945,20.97315,19.04197,17.73979,17.24287,16.8565,0.158000007271767,0.718999981880188,2
826,51910,0.09573063,1.281458E-5,0,-0.883759268368522,0.467937900174155,0.00191759050315551,1,1,1,0,0,0,0,1237651801234997476,1,0,21.21967,20.03262,19.39711,18.83878,18.48447,0.09904207,0.0212776,0.01765212,0.01920747,0.03671352,21.2301,19.85672,19.04232,18.56681,18.20974,0.1037956,0.01595745,0.01038121,0.01133522,0.032854,19.77389,18.55116,17.74226,17.30177,16.98444,0.1524135,0.02368899,0.01669179,0.01915045,0.05988721,19.88933,18.52253,17.7262,17.24844,16.91187,0.07061344,0.01129469,0.008574801,0.008334481,0.02344836,19.75153,18.49199,17.71949,17.28232,16.94091,0.07017125,0.0112923,0.008592479,0.008327616,0.02366112,36.17856,0.484786,0.8503437,257,1,1,1,1,1,0.1288331,0.1003859,0.06944647,0.05160617,0.03838551,19.7605,18.42214,17.65675,17.19683,16.87348,0.550000011920929,0.400999993085861,1
827,51910,0.1630619,1.818815E-5,0,-0.883874240155278,0.467724266635145,-5.81369542515466E-4,1,1,1,0,0,0,0,1237648721218502873,1,0,21.50456,20.12092,19.16336,18.79352,18.37067,0.1032295,0.02686231,0.01869258,0.02993091,0.0443649,21.24602,19.79724,18.88761,18.36284,17.99824,0.08682896,0.01495812,0.01241899,0.02118592,0.03720494,19.32341,18.06772,17.28126,16.84145,16.61049,0.0964222,0.01773006,0.01791395,0.04413093,0.0865761,19.41986,18.11188,17.27835,16.84462,16.53673,0.0477728,0.008813966,0.0063482,0.00643978,0.01763658,19.22003,18.0415,17.19129,16.70318,16.37045,0.04655895,0.008795018,0.00647799,0.006597882,0.01778072,47.18235,0.4191019,0.8643582,257,24577,24577,24577,24577,24577,0.1263988,0.09848905,0.06813427,0.05063107,0.03766021,19.29346,18.01339,17.21021,16.79399,16.49907,0.229000002145767,0.319999992847443,0
828,51910,8.311631E-5,9.843526E-6,0,-0.87431584154491,0.485339813596893,0.00413213762447402,1,1,1,0,0,0,0,1237648721754914965,1,0,21.61997,18.90553,17.63442,17.08904,16.74479,0.1067814,0.0208478,0.01105306,0.01535021,0.02119703,21.725,19.08,17.74289,17.18118,16.8574,0.1087387,0.008804994,0.004602112,0.004099061,0.01037977,21.18682,18.70774,17.37708,16.80422,16.46627,0.1480805,0.009983463,0.005583485,0.004992752,0.01231587,21.38095,18.66405,17.33795,16.76271,16.42414,0.1011301,0.007826242,0.005036044,0.004719241,0.008881294,21.26984,18.66943,17.33795,16.7578,16.42001,0.1108306,0.007825078,0.005036044,0.004718546,0.008889127,4.509431,0.01190637,0.8899828,257,24577,24577,24577,24577,24577,0.1250205,0.09741516,0.06739136,0.050079,0.03724958,21.25593,18.56663,17.27056,16.71263,16.38689,0.0560000017285347,0.592999994754791,2
829,53062,0.1138417,1.031108E-5,0,-0.967676661141207,0.15115260634566,0.201878104502492,1,1,1,0,0,0,0,1237661949174874224,1,0,20.83886,19.81469,19.28725,18.96638,18.59782,0.09112669,0.02464381,0.02132087,0.01952232,0.04053218,21.18014,19.9803,19.34101,19.00358,18.73265,0.09780587,0.01684452,0.01249093,0.01455524,0.0375391,19.37649,18.26712,17.74223,17.45964,17.17917,0.1380872,0.02263247,0.02011016,0.02440501,0.06832898,19.17698,17.99195,17.42188,17.09775,16.82426,0.06700897,0.01133448,0.009859341,0.01042963,0.02730586,18.98697,18.16397,17.63919,17.35718,17.01399,0.06823477,0.01145104,0.01006882,0.01065734,0.03169391,33.89809,0.4982786,0.8010547,257,24577,24577,24577,24577,24577,0.1722826,0.1342414,0.09286759,0.06901057,0.05133118,19.00469,17.85771,17.32901,17.02874,16.77293,0.600000023841858,0.367000013589859,1
830,54266,0.2104716,3.578664E-5,0,-0.572584260121711,-0.802570851212076,0.167413541404503,1,1,1,0,0,0,0,1237662533822120199,1,0,22.14338,19.97882,18.66846,18.18107,17.87237,0.2419578,0.02265413,0.0128967,0.02310486,0.02733236,22.221,20.11727,18.75968,18.27088,17.90042,0.2404747,0.01869111,0.008082919,0.007226904,0.02094179,20.41675,18.89574,17.54782,17.06191,16.69461,0.2814843,0.03171076,0.01799003,0.01529933,0.03672731,20.90766,18.86328,17.49728,16.9996,16.65118,0.1828953,0.01432721,0.007155724,0.006595679,0.01603694,19.40346,18.81965,17.49728,17.02737,16.68575,0.184371,0.01432174,0.007155723,0.006595595,0.01602198,11.10179,0.09328822,0.842826,257,1,24577,24577,24577,24577,0.1557529,0.1213616,0.08395738,0.06238933,0.0464062,20.75191,18.74192,17.41332,16.93721,16.60478,0.101999998092651,0.754999995231628,2
831,53137,0.07171652,9.867177E-6,0,-0.537751757045044,-0.829542332402326,0.150607325676666,1,1,1,0,0,0,0,1237662200435114216,1,0,21.53588,20.28889,19.6245,19.15603,18.84409,0.1103966,0.02154721,0.01926747,0.01984832,0.03754096,21.1954,19.90684,19.23502,18.80867,18.51126,0.09679832,0.01472602,0.01231089,0.01258786,0.03197765,19.54697,18.28379,17.60697,17.25308,17.00448,0.1422376,0.01939872,0.01615854,0.01829107,0.05365213,19.55149,18.21033,17.57624,17.16426,16.88975,0.06283182,0.01047392,0.008331699,0.008693365,0.02194772,19.33308,18.20656,17.57623,17.19525,16.92241,0.06199557,0.01046825,0.008331699,0.008688842,0.02199635,56.01943,0.7057769,0.87077,257,24577,24577,24577,24577,24577,0.1612645,0.1256562,0.08692838,0.0645971,0.04804837,19.39023,18.08467,17.48931,17.09966,16.8417,0.527999997138977,0.416999995708466,1
832,53137,0.1044311,2.98443E-5,0,-0.5395444468754,-0.828253754101781,0.151286181332685,1,1,1,0,0,0,0,1237662200435048738,1,0,21.4037,19.39292,18.38931,17.95056,17.58494,0.09947279,0.01907563,0.01221688,0.01388556,0.02071643,21.3489,19.372,18.38092,17.93586,17.60399,0.1088405,0.008502473,0.005677699,0.006825092,0.01281502,19.68858,18.25535,17.28908,16.86995,16.61026,0.1211618,0.01475307,0.01057857,0.01078796,0.02819865,20.15838,18.20449,17.2274,16.78856,16.46539,0.07872102,0.00811077,0.005744044,0.005726353,0.01232376,19.1464,18.14975,17.2274,16.79625,16.52447,0.0730429,0.00810549,0.005744043,0.005726523,0.01231776,8.422089,0.04778319,0.8690026,257,24577,24577,24577,24577,24577,0.2048311,0.159603,0.1104126,0.0820484,0.06102894,19.95355,18.04488,17.11699,16.70651,16.40437,0.0590000003576279,0.890999972820282,2
833,53137,0.04008262,1.694395E-5,0,-0.535230100917978,-0.827245741819741,0.170860240291408,1,1,1,0,0,0,0,1237668348145697148,1,0,21.30344,20.14042,19.6955,19.34979,19.00129,0.1056673,0.02320178,0.01944324,0.02162461,0.03938681,21.40913,20.04616,19.39578,19.0515,18.76093,0.1026718,0.01558681,0.01329,0.01228752,0.0321195,18.33477,17.20582,16.71324,16.44897,16.19494,0.07295442,0.01378193,0.01080384,0.01411755,0.03761775,18.4547,17.168,16.6351,16.33788,16.1032,0.03748778,0.006886467,0.006078809,0.006353913,0.015976,18.25772,17.11773,16.6351,16.3568,16.06084,0.03709859,0.006874537,0.006078811,0.006401354,0.01664111,202.1863,1.734197,0.8924893,257,24577,24577,24577,24577,24577,0.1969994,0.1535006,0.106191,0.0789113,0.05869551,18.2577,17.0145,16.5289,16.25896,16.04451,0.671999990940094,0.310000002384186,1
834,53137,0.184187,3.784403E-5,0,-0.535991331875159,-0.828051178614914,0.164452235464117,1,1,1,0,0,0,0,1237662534360105162,1,0,22.30801,19.93666,18.7779,18.35641,17.87867,0.2595435,0.02105949,0.01597327,0.01700627,0.02526107,22.21536,20.03752,18.77862,18.28518,17.91879,0.2518568,0.01680581,0.009061415,0.008133435,0.02211351,20.25071,18.98756,17.71561,17.18633,16.86706,0.2325166,0.0288973,0.01438435,0.01376763,0.04293417,21.0577,18.90729,17.63999,17.14434,16.78921,0.1899745,0.01336956,0.007373049,0.006669251,0.01725363,19.6581,18.89894,17.63999,17.14583,16.80936,0.1870243,0.01337036,0.007373049,0.006669571,0.01723857,9.730201,0.08035859,0.8817241,257,1,24577,24577,24577,24577,0.1814693,0.1413997,0.09781965,0.07269048,0.05406836,20.87624,18.76589,17.54217,17.07165,16.73515,0.0829999968409538,0.75,2
835,53144,0.285919,6.190835E-5,0,-0.980853184020054,0.00756149281445874,0.194601786281986,1,1,1,0,0,0,0,1237661811198787725,1,0,23.15932,20.68506,19.09381,18.52309,18.16187,0.4706884,0.04085575,0.02029218,0.0207979,0.03253788,22.89726,20.91485,19.26904,18.71407,18.31905,0.3638324,0.03554991,0.01653648,0.01309595,0.03063226,20.4311,19.56222,17.92608,17.36548,17.12426,0.3612352,0.08177921,0.03991986,0.03574612,0.08016357,21.86586,19.54484,17.94657,17.37608,16.99476,0.4049297,0.02645654,0.01027141,0.009543911,0.02260898,19.65535,19.25412,17.94657,17.34664,17.09716,0.294439,0.02621075,0.01027141,0.00954145,0.02257814,12.99645,0.1869735,0.8163546,257,1,24577,24577,24577,24577,0.1124827,0.08764576,0.06063293,0.04505676,0.03351396,21.75338,19.4572,17.88593,17.33102,16.96124,0.0329999998211861,0.899999976158142,2
836,53144,0.3093787,7.484583E-5,0,-0.977124396037374,-0.00660871099822217,0.212565847697927,1,1,1,0,0,0,0,1237661949715742866,1,0,23.27365,20.8492,19.33111,18.86628,18.46436,0.6575776,0.04564841,0.02162208,0.02768815,0.034171,23.04887,21.11996,19.48945,18.93891,18.5679,0.5292515,0.04460983,0.01785139,0.01323423,0.03348248,21.58691,19.98194,18.17348,17.61563,17.29641,1.115574,0.1131786,0.03997815,0.03802774,0.07251469,22.60816,19.71743,18.11556,17.55501,17.16992,0.9639435,0.03271593,0.01209178,0.009653225,0.0233512,20.30649,19.77471,18.11556,17.5348,17.17027,1.086557,0.03270109,0.01259915,0.009652514,0.02558988,14.74693,0.2653219,0.8014531,257,24577,24577,24577,24577,24577,0.1169259,0.09110783,0.06302798,0.04683654,0.03483778,22.49124,19.62632,18.05253,17.50817,17.13508,0.0489999987185001,0.73199999332428,2
837,53147,0.3691776,1.115207E-4,0,-0.977477810102879,-0.0367877283394633,0.207807107193431,1,1,1,0,0,0,0,1237661949179592838,1,0,19.33584,18.82887,18.25705,17.88563,17.62366,0.03453066,0.02130631,0.01753229,0.01909111,0.02933711,19.74026,19.1704,18.56749,18.17608,17.88319,0.03346843,0.009812137,0.008255506,0.00772926,0.01568407,19.28176,18.72834,18.03929,17.61052,17.28625,0.05038469,0.01397408,0.0116463,0.01097233,0.02484531,19.24003,18.68624,18.0677,17.658,17.3668,0.03092869,0.009050775,0.007465892,0.006900074,0.01382876,19.33952,18.76922,18.06771,17.63901,17.29603,0.03063275,0.00900845,0.007465893,0.006898058,0.01379929,6.036506,0.04460247,0.7988065,257,24577,24577,24577,24577,24577,0.1070208,0.08338987,0.05768872,0.0428689,0.03188659,19.13301,18.60285,18.01001,17.61513,17.33492,0.0689999982714653,0.861999988555908,2
838,51910,0.02049355,1.425802E-5,0,-0.877790064110554,0.478926787064132,0.010664707272964,1,1,1,0,0,0,0,1237651801771606193,1,0,19.83257,18.11155,17.41148,17.02412,16.54067,0.03699394,0.01967993,0.01184491,0.0150314,0.02169564,19.61322,18.00903,17.16685,16.74958,16.42475,0.02808253,0.004549118,0.003525481,0.003090061,0.006409154,17.59151,16.21804,15.4352,15.04489,14.7693,0.03194478,0.01018528,0.009393808,0.01040872,0.0104437,17.51339,15.98634,15.18759,14.78625,14.43862,0.01908154,0.003520706,0.002895928,0.002946343,0.005223315,17.61065,16.12543,15.34378,14.94431,14.60215,0.01902658,0.003547846,0.00293315,0.00298988,0.005325714,41.39886,0.08565033,0.8327456,257,1,1,1,1,1,0.1699574,0.1324296,0.09161422,0.06807918,0.0506384,17.34344,15.85391,15.09598,14.71817,14.38798,0.514999985694885,0.485000014305115,1
839,51910,0.09716827,2.898565E-5,0,-0.8778041447409,0.478946000733017,0.0084030861917679,1,1,1,0,0,0,0,1237654670809956545,1,0,21.32178,19.43415,18.50842,18.13117,17.78408,0.1074519,0.02102406,0.01503266,0.01230069,0.02261564,21.38829,19.52276,18.58348,18.15383,17.83039,0.102184,0.01153821,0.008842022,0.009090243,0.02141558,20.20032,18.45621,17.58523,17.20866,16.9674,0.9778962,0.5975723,0.6073964,0.5909586,0.571979,20.2138,18.362,17.43685,17.02301,16.69714,0.09279308,0.009919025,0.006863083,0.007268401,0.01677554,19.68221,18.27759,17.46305,17.12793,16.87625,0.1076036,0.009920819,0.006886323,0.007288354,0.01685704,12.94668,0.1085127,0.7983069,257,1,8193,8193,8193,8193,0.1740455,0.135615,0.09381786,0.06971672,0.05185643,20.03975,18.22639,17.34303,16.95329,16.64528,0.160999998450279,0.709999978542328,2
840,51910,0.09704121,3.519755E-5,0,-0.879929057233098,0.475012013634105,0.00940431497472292,1,1,1,0,0,0,0,1237651801771671778,1,0,21.40591,19.5482,18.63439,18.22526,17.82051,0.1052184,0.02158365,0.01333175,0.02733886,0.02536413,21.43332,19.61029,18.65199,18.23463,17.94292,0.1192292,0.01365316,0.008985523,0.00929123,0.02249922,20.57778,18.76964,17.80835,17.3951,17.07356,0.2046314,0.0200836,0.01327769,0.01408251,0.03654186,20.541,18.69436,17.73239,17.31325,16.99899,0.09349597,0.01105689,0.007524837,0.007712077,0.01749346,20.06947,18.64676,17.73239,17.32697,17.0379,0.09207252,0.0110526,0.007524836,0.007710734,0.01749476,6.932335,0.05838462,0.8328832,257,1,1,1,1,1,0.1531923,0.1193664,0.08257713,0.06136366,0.04564329,20.3878,18.57499,17.64981,17.25189,16.95335,0.0419999994337559,0.833000004291534,2
841,51910,0.06805302,4.377995E-5,0,-0.880195790951253,0.474556437866874,-0.00718031133040232,1,1,1,0,0,0,0,1237654669736345611,1,0,22.56381,19.62833,18.94434,18.53467,18.14024,0.3292331,0.02803105,0.01830524,0.01742961,0.0373709,21.53222,19.6688,18.84709,18.4418,18.08468,0.1384845,0.02183926,0.01469634,0.01293219,0.03782331,23.57169,19.34537,18.39836,17.97177,17.79242,2.046473,0.041271,0.02468199,0.02103888,0.0762931,22.70857,19.21948,18.35611,17.93699,17.6549,0.5197447,0.01305271,0.008986253,0.009075142,0.0258299,22.73468,19.26973,18.34688,17.92512,17.70564,0.7029855,0.01302694,0.008997425,0.009072804,0.03186695,7.968694,0.08452867,0.8370537,257,1,1,1,1,1,0.1489703,0.1160766,0.08030128,0.05967246,0.04438534,22.5596,19.1034,18.27581,17.87732,17.61051,0.122000001370907,0.853999972343445,2
842,51910,0.1227516,2.114273E-5,0,-0.87848403424227,0.477756220330767,0.00384649407706042,1,1,1,0,0,0,0,1237648721755111572,1,0,20.93955,19.2512,18.37398,18.01144,17.75274,0.063372,0.02303846,0.02703595,0.02636952,0.0326452,21.04746,19.2403,18.37253,17.96158,17.70684,0.07480815,0.02458403,0.02344522,0.03000153,0.03728094,20.32195,18.43261,17.58607,17.17422,16.91764,0.1199589,0.04116493,0.05384983,0.05148418,0.06175251,20.21741,18.39176,17.51961,17.10784,16.8425,0.06019456,0.008008367,0.006043703,0.006018293,0.01499863,20.33805,18.36462,17.51961,17.11421,16.84517,0.06006501,0.008006026,0.006043702,0.006017961,0.01499857,6.27879,0.03465163,0.884885,257,24577,24577,24577,24577,24577,0.1653997,0.1288783,0.08915742,0.06625352,0.04928045,20.05201,18.26288,17.43045,17.04159,16.79322,0.140000000596046,0.351000010967255,0
843,53035,0.08416332,8.146768E-6,0,-0.320588499698507,0.672465424265063,0.667093147190908,1,1,1,0,0,0,0,1237673706115236194,1,0,21.11282,19.80054,19.01044,18.5685,18.08916,0.08022898,0.01626012,0.01598557,0.01631122,0.02221862,20.94742,19.5808,18.71721,18.21169,17.84686,0.08224976,0.01042269,0.009017202,0.009111282,0.02069562,19.28007,18.21318,17.54585,17.10265,16.86498,0.1052745,0.02100027,0.01439989,0.01660721,0.04258015,19.46633,18.14145,17.32542,16.82965,16.49181,0.05513214,0.008556733,0.006781448,0.006968725,0.01532553,18.50892,18.06311,17.42371,16.97894,16.70769,0.05223587,0.00858066,0.006854301,0.007029664,0.01539564,17.21117,0.1326505,0.9042035,257,24577,24577,24577,24577,24577,0.2117253,0.1649749,0.1141289,0.08480998,0.06308305,19.25461,17.97647,17.21129,16.74484,16.42873,0.759999990463257,0.180000007152557,1
844,53035,0.3508148,1.327735E-4,0,-0.308355467548099,0.679820101023471,0.665403288147594,1,1,1,0,0,0,0,1237673706114908845,1,0,24.80706,21.8714,20.35123,19.8236,19.41083,0.8046778,0.05723844,0.0280492,0.02663857,0.05822172,24.96686,21.76178,20.1041,19.46076,19.10224,1.010868,0.06365334,0.02557728,0.02420138,0.04644926,21.07808,20.87415,18.80718,18.25025,17.69659,0.611353,0.1920386,0.0588313,0.0507827,0.1320084,24.34827,20.48576,18.73193,18.08035,17.74109,2.548665,0.05039539,0.01882514,0.01761677,0.04297706,20.23924,20.89535,18.73359,18.12004,17.55095,0.4527146,0.0515985,0.01883096,0.01773715,0.05136988,10.93545,0.318765,0.8955041,257,24577,24577,24577,24577,24577,0.2122616,0.1653928,0.114418,0.08502481,0.06324284,24.13601,20.32036,18.61751,17.99533,17.67785,0.0,0.75,2
845,53052,0.1441973,3.310899E-5,0,-0.31760877320963,0.643932697420816,0.696042634019372,1,1,1,0,0,0,0,1237663530254729502,1,0,21.94195,19.91132,18.91562,18.53882,18.11733,0.1508872,0.01783598,0.01402954,0.0133259,0.02799425,22.0022,19.99119,18.93806,18.47622,18.12524,0.1336683,0.01348785,0.01103269,0.008372121,0.02961474,20.56999,18.88759,17.86074,17.41142,17.07605,0.2734628,0.03324462,0.0254708,0.02428208,0.0587804,21.07431,18.94881,17.87914,17.42353,17.05897,0.1600346,0.01273801,0.008854634,0.008676898,0.02220745,20.95008,18.88306,17.87914,17.45933,17.08012,0.148109,0.01272913,0.008854633,0.008671396,0.02917326,8.503103,0.096984,0.8177297,257,24577,24577,24577,24577,24577,0.1826221,0.1422979,0.09844104,0.07315224,0.05441183,20.89169,18.80651,17.7807,17.35038,17.00455,0.0520000010728836,0.792999982833862,2
846,53052,0.1345912,3.078424E-5,0,-0.318051405352798,0.645558993656145,0.694331973383608,1,1,1,0,0,0,0,1237663546897727504,1,0,21.63524,19.79406,18.6277,18.2388,17.79848,0.2133279,0.01943723,0.02247887,0.01835735,0.02128524,21.95451,19.89518,18.74373,18.25133,17.82263,0.1752401,0.01514328,0.009664977,0.009035488,0.01977014,20.84707,18.96095,17.81981,17.34289,16.93448,0.2824645,0.02402314,0.01808458,0.01731012,0.03504833,20.92284,18.94923,17.77013,17.28351,16.85322,0.1345465,0.01232278,0.008047563,0.007519684,0.01522315,20.63006,18.93028,17.77016,17.32876,16.92504,0.1320046,0.01235451,0.008047562,0.0075164,0.01521096,9.207659,0.09057763,0.7972628,257,16385,24577,24577,24577,24577,0.1829734,0.1425716,0.09863038,0.07329294,0.05451648,20.73987,18.80666,17.6715,17.21022,16.79871,0.172000005841255,0.671999990940094,2
847,51910,0.0898695,8.570971E-6,0,-0.883602827193484,0.468215677819443,-0.00448584660478744,1,1,1,0,0,0,0,1237651800698126548,1,0,20.86652,19.71193,19.23134,18.82753,18.50156,0.08256453,0.02279561,0.01952367,0.02166757,0.03707219,20.74172,19.46509,18.7667,18.3959,18.087,0.06558114,0.01228747,0.009638509,0.008482136,0.02803355,19.23727,18.00795,17.42684,17.06942,16.86804,0.08394073,0.01344759,0.01200484,0.01278846,0.04477737,19.28651,18.04969,17.40231,17.03032,16.77518,0.04722924,0.008521856,0.008313852,0.007687248,0.02070415,19.13726,17.96482,17.40229,17.04306,16.8256,0.04768002,0.008492893,0.008313852,0.007683759,0.02059072,33.96662,0.3191957,0.8492723,257,1,1,1,1,1,0.1232536,0.0960384,0.06643892,0.04937124,0.03672313,19.16326,17.95365,17.33587,16.98095,16.73845,0.384999990463257,0.474000006914139,0
848,51910,0.04717308,1.457575E-5,0,-0.875349710577026,0.483400411227957,0.00932344450074908,1,1,1,0,0,0,0,1237651801771475037,1,0,19.83106,17.83462,17.13828,16.64121,16.27555,0.0363188,0.01894858,0.01850146,0.01372977,0.01331667,19.8563,17.95673,17.05812,16.65097,16.34176,0.03531543,0.004365877,0.002974808,0.003771264,0.007146285,18.80545,16.94774,16.0869,15.66584,15.37739,0.05004079,0.008480355,0.007450253,0.007358834,0.01087125,18.81688,16.90524,16.0396,15.61514,15.30494,0.02751922,0.004312082,0.003522604,0.003501644,0.006070092,18.6573,16.86795,16.0396,15.62162,15.35504,0.02743546,0.004309941,0.003522604,0.003501607,0.006068102,5.791595,0.01082281,0.8641079,257,1,1,1,1,1,0.1319227,0.1027933,0.0711119,0.05284376,0.03930605,18.68496,16.80244,15.96849,15.5623,15.26564,0.125,0.828000009059906,2
849,51910,0.04508871,1.026643E-5,0,-0.874808228279466,0.484345826510266,0.0109400217837384,1,1,1,0,0,0,0,1237651801771409640,1,0,20.87671,19.71328,19.3246,18.91385,18.52225,0.07105736,0.01817103,0.01865194,0.0250267,0.03858186,20.91005,19.61503,18.94916,18.60718,18.33217,0.07078157,0.01375571,0.009433016,0.01228642,0.03126696,19.79157,18.29208,17.62803,17.29939,17.02257,0.157108,0.02213766,0.02087171,0.01994306,0.04827764,19.7275,18.33092,17.66575,17.32688,17.04733,0.05942152,0.009836199,0.008353162,0.00901302,0.02202041,19.39309,18.19346,17.54835,17.24296,16.95062,0.05776099,0.009990111,0.008525391,0.009168367,0.02318407,31.58881,0.373936,0.8555285,257,1,1,1,1,1,0.1222611,0.09526503,0.0659039,0.04897366,0.03642741,19.60523,18.23566,17.59985,17.27791,17.0109,0.321000009775162,0.570999979972839,2
850,53115,0.06387066,2.380957E-5,0,-0.972443105368909,-0.0523073276043424,0.227196721585867,1,1,1,0,0,0,0,1237661950790598818,1,0,20.85126,19.10577,18.37304,17.95852,17.53546,0.08739755,0.0262941,0.03806775,0.02426087,0.01882103,21.15101,19.31445,18.40875,17.98761,17.69948,0.09544054,0.01075767,0.006273717,0.006810972,0.01299754,18.73922,17.24014,16.48126,16.09872,15.86528,0.1039219,0.01240641,0.006376331,0.00891705,0.02306127,18.59015,16.87616,16.08769,15.67605,15.40519,0.05204115,0.006450279,0.004655705,0.004573481,0.009608905,18.65931,17.00451,16.25072,15.85733,15.58758,0.05015611,0.00657121,0.00474811,0.004645089,0.009723809,52.8054,0.3065269,0.8148975,257,24577,24577,24577,24577,24577,0.158845,0.1237709,0.08562416,0.06362793,0.04732749,18.4313,16.75239,16.00207,15.61242,15.35787,0.317999988794327,0.635999977588654,2
851,53115,0.1493663,2.1976E-5,0,-0.969860475214273,-0.0620065588362271,0.235639226951782,1,1,1,0,0,0,0,1237661951327731873,1,0,21.11316,19.98339,18.919,18.26636,17.78968,0.1232499,0.02945913,0.02728436,0.02923495,0.0249402,21.55331,20.15087,18.99501,18.40076,17.89136,0.1476217,0.01888826,0.009557661,0.008717667,0.01762876,20.07804,18.60698,17.57074,17.06536,16.60822,0.2418333,0.02546642,0.01495952,0.01268268,0.02971096,20.10338,18.68517,17.60451,17.03692,16.58253,0.1046346,0.01293126,0.0076421,0.00653659,0.01329305,19.62025,18.57579,17.46216,16.96409,16.46913,0.1070175,0.01287348,0.007785664,0.006614422,0.01329887,30.93373,0.3242369,0.8050513,257,24577,24577,24577,24577,24577,0.1316817,0.1026055,0.07098199,0.05274722,0.03923424,19.9717,18.58257,17.53352,16.98417,16.5433,0.0860000029206276,0.533999979496002,2
852,53115,0.124218,3.006777E-5,0,-0.971822763786261,-0.0647022364625185,0.226658634037139,1,1,1,0,0,0,0,1237661813348106332,1,0,22.04994,20.33146,19.22122,18.81848,18.33649,0.3099062,0.1009132,0.09048067,0.08493414,0.08375643,21.94012,20.08505,19.11621,18.60125,18.19822,0.2716188,0.07894758,0.0791776,0.08066332,0.06938319,24.77525,18.79645,17.74828,17.25942,17.31438,14.89036,0.3071987,0.2477432,0.2582955,0.4006942,20.70171,18.72491,17.7363,17.20609,16.81925,0.1890132,0.01633972,0.01076229,0.0104341,0.02328471,22.02755,18.74684,17.73629,17.30097,17.13563,0.2033767,0.01644031,0.01076229,0.01042492,0.02306961,22.9539,0.3797458,0.8029185,257,1,24577,24577,24577,24577,0.1320842,0.1029191,0.07119896,0.05290846,0.03935418,20.56962,18.62199,17.6651,17.15318,16.77989,0.0,0.418999999761581,0
853,51608,0.1247545,7.341286E-6,0,-0.853693531598334,0.520429459249614,0.0189876815940908,1,1,1,0,0,0,0,1237648722827608227,1,0,20.88214,19.93532,19.34755,19.01361,18.88364,0.06338284,0.02379754,0.02276557,0.01861189,0.04352326,20.65895,19.72993,19.27263,18.9095,18.81117,0.05929193,0.01386075,0.01267764,0.01402451,0.04318089,18.90585,17.91719,17.55947,17.26752,17.27807,0.07527322,0.01529749,0.01588533,0.01963517,0.07288615,18.8655,17.90229,17.48503,17.15401,17.09062,0.03625569,0.008174571,0.007893832,0.00902619,0.02876056,18.88487,17.85961,17.48506,17.18614,17.15756,0.03620348,0.008168356,0.007893831,0.009021488,0.02886131,59.63873,0.6860141,0.8134303,257,24577,24577,24577,24577,24577,0.1088207,0.08479236,0.05865896,0.04358989,0.03242287,18.75668,17.8175,17.42637,17.11042,17.0582,0.796000003814697,0.148000001907349,1
854,51608,0.06420189,1.360297E-5,0,-0.855433595484124,0.517688092326934,0.0152447623793778,1,1,1,0,0,0,0,1237651752386035931,1,0,19.63975,17.90499,17.1702,16.77589,16.35866,0.04492586,0.02443888,0.01731279,0.01972009,0.02165482,19.85898,18.07073,17.25563,16.88501,16.55387,0.0366164,0.005189964,0.003731188,0.003736299,0.008855834,19.19756,17.40184,16.57644,16.20657,15.89326,0.05768634,0.01685365,0.01556734,0.01646667,0.01809213,19.11924,17.3401,16.51226,16.12913,15.79761,0.03125983,0.004917892,0.003985283,0.004039646,0.007679706,19.03361,17.33959,16.51226,16.13498,15.83808,0.03116621,0.004917419,0.003985283,0.004039405,0.007679293,6.967647,0.01744162,0.8221763,257,24577,24577,24577,24577,24577,0.1037512,0.08084221,0.05592627,0.04155921,0.03091242,19.01549,17.25925,16.45634,16.08757,15.7667,0.409999996423721,0.524999976158142,2
855,51910,0.3600331,1.124483E-4,0,-0.873151209976684,0.487215033404882,0.0151154140046865,1,1,1,0,0,0,0,1237651752386953683,1,0,23.61567,21.89091,20.25175,19.62097,18.98466,0.8438444,0.08195867,0.03430897,0.03015175,0.05490539,23.40713,21.95152,20.24921,19.56532,19.02121,0.4673181,0.09332951,0.03375412,0.02285915,0.06639502,22.61148,21.21833,19.45859,18.73966,18.1071,1.244449,0.1760793,0.05711901,0.05283895,0.1096378,23.11067,21.08614,19.31731,18.6426,18.10376,0.9527153,0.07492764,0.02429533,0.02091398,0.0492219,20.39207,21.1595,19.35216,18.60475,17.9718,0.5281721,0.07526714,0.0282264,0.02305656,0.06081024,9.062684,0.3524599,0.8235596,257,24577,24577,24577,24577,24577,0.1013399,0.07896334,0.05462647,0.04059332,0.03019398,23.00933,21.00718,19.26269,18.60201,18.07357,0.0520000010728836,0.671999990940094,2
856,54266,0.2545017,4.790473E-5,0,-0.570288499238363,-0.805004549183684,0.1635197340691,1,1,1,0,0,0,0,1237661951349686670,1,0,23.09408,20.42495,19.20874,18.66045,18.3008,0.5235101,0.02590713,0.01935467,0.01586364,0.03008097,23.3451,20.63583,19.27909,18.7522,18.41208,0.6810439,0.02402671,0.01378895,0.0120425,0.02762599,20.92999,19.71564,18.37998,17.9084,17.5808,0.354266,0.04752067,0.02335283,0.02023944,0.050736,22.31589,19.69664,18.35195,17.82824,17.50647,0.5052838,0.02157217,0.0102721,0.009301504,0.02179186,20.03117,19.6415,18.35192,17.85884,17.54624,0.2774622,0.02189799,0.0102721,0.009293165,0.02182928,8.377697,0.1105835,0.8621596,257,24577,24577,24577,24577,24577,0.1579597,0.1230812,0.08514698,0.06327333,0.04706373,22.15793,19.57356,18.2668,17.76496,17.45941,0.061999998986721,0.603999972343445,2
857,54266,0.09991514,2.046636E-5,0,-0.574470591222113,-0.803889678172188,0.154093884204184,1,1,1,0,0,0,0,1237662635836244191,1,0,21.46647,19.98713,19.18726,18.76246,18.33958,0.0903607,0.02417834,0.02532765,0.02624656,0.02943399,21.12689,19.58297,18.743,18.31598,18.01131,0.071531,0.01446497,0.01704759,0.02026217,0.02346714,19.70631,18.2775,17.55898,17.11063,16.83446,0.09774786,0.01836082,0.02735014,0.0327669,0.03588754,20.00862,18.43505,17.62737,17.2059,16.90162,0.06090467,0.008990752,0.006638326,0.006544645,0.01591339,19.52906,18.20414,17.50752,16.9929,16.72729,0.0634779,0.009183828,0.00676819,0.006674308,0.01624117,18.60601,0.1383889,0.9526744,257,24577,24577,24577,24577,24577,0.1476782,0.1150698,0.07960477,0.05915488,0.04400036,19.86094,18.31998,17.54776,17.14675,16.85762,0.194000005722046,0.773999989032745,2
858,53137,0.3202559,8.889624E-5,0,-0.539058484397862,-0.829118605617954,0.148250761268937,1,1,1,0,0,0,0,1237661950813864354,1,0,24.23727,21.47837,19.81229,19.16186,18.64802,0.9015083,0.0563588,0.02361209,0.01860517,0.03255963,23.66717,21.63746,19.91951,19.26889,18.80801,12.78365,0.06221604,0.02074576,0.0171716,0.03603519,21.69754,20.95807,18.99323,18.36299,17.94274,0.6654344,0.1444041,0.0423345,0.042609,0.0793144,23.1033,20.72669,18.94968,18.28954,17.85467,0.8880356,0.05211807,0.01621927,0.01337914,0.02815896,20.33931,20.93604,18.95089,18.35444,17.93132,0.3651389,0.05148321,0.01638363,0.0149616,0.02806944,10.05002,0.248035,0.8347288,257,24577,24705,24577,24577,24577,0.167961,0.1308741,0.09053808,0.0672795,0.05004359,22.93534,20.59582,18.85914,18.22226,17.80463,0.238000005483627,0.570999979972839,2
859,53055,0.1626936,2.772448E-5,0,-0.970765473041542,0.14271399878917,0.192995105896588,1,1,1,0,0,0,0,1237661948638199933,1,0,21.55664,19.56327,18.38164,17.92228,17.59156,0.1587035,0.04197376,0.02508403,0.01635661,0.02255647,21.98613,19.75224,18.61986,18.18375,17.79071,0.1841552,0.01465055,0.008157375,0.008396049,0.01764446,20.85109,18.61426,17.46312,17.00449,16.68575,0.3670116,0.02535406,0.01609388,0.01528249,0.03203487,20.717,18.53278,17.39217,16.93823,16.57222,0.1481027,0.0117323,0.006752611,0.006432691,0.01417349,20.8303,18.5258,17.39217,16.93709,16.64792,0.1469853,0.01173179,0.00675261,0.00643186,0.01415275,14.6076,0.1194692,0.7903277,257,24577,24577,24577,24577,24577,0.1769442,0.1378737,0.09538042,0.07087787,0.05272011,20.54005,18.39491,17.29679,16.86736,16.5195,0.0579999983310699,0.884999990463257,2
860,51630,0.0983509,2.789623E-5,0,-0.824837804958836,0.565154702769057,-0.015580675489483,1,1,1,0,0,0,0,1237648720141943039,1,0,21.38127,19.43961,18.43977,18.03306,17.66785,0.09573645,0.01957429,0.01341375,0.01502836,0.02502502,21.42027,19.52513,18.54547,18.09266,17.71458,0.09097026,0.01214787,0.007556127,0.007425636,0.01765328,19.79275,18.18712,17.2985,16.89335,16.59133,0.1516765,0.02313524,0.01536684,0.01652942,0.03587215,20.02221,18.13514,17.17969,16.74761,16.38009,0.07477523,0.009087979,0.006025292,0.006045896,0.01350421,19.38858,18.03709,17.17969,16.81409,16.51345,0.07334045,0.009075749,0.006025292,0.006042519,0.01348107,15.20783,0.1131992,0.815595,257,24577,24577,24577,24577,24577,0.2507268,0.1953647,0.1351524,0.1004327,0.07470347,19.77148,17.93978,17.04454,16.64717,16.30539,0.24600000679493,0.704999983310699,2
861,51633,0.03270648,5.96962E-6,0,-0.868797197817028,0.495167791546482,-5.35985316730114E-4,1,1,1,0,0,0,0,1237648721217716525,1,0,20.94363,19.84775,19.47141,19.41809,19.12408,0.09833036,0.03818484,0.02466708,0.02558273,0.05046562,20.20117,19.25738,18.89033,18.65833,18.47896,0.06211855,0.02672713,0.0138296,0.011046,0.03577442,18.9752,17.87518,17.42319,17.18681,17.13043,0.116565,0.04553784,0.02031318,0.01733519,0.06004565,18.88212,17.80796,17.38452,17.13389,17.00496,0.04579036,0.008472823,0.007414556,0.009110847,0.03067371,18.91167,17.80658,17.38453,17.13698,17.03135,0.04573112,0.008466998,0.007414555,0.009108205,0.03065689,46.56684,0.4198579,0.8684245,257,24577,24577,24577,24577,24577,0.148208,0.1154826,0.07989036,0.0593671,0.04415821,18.73391,17.69248,17.30462,17.07453,16.9608,0.340999990701675,0.5,2
862,51633,0.1043969,2.023795E-5,0,-0.862344386191521,0.506111689410818,-0.0145985425880914,1,1,1,0,0,0,0,1237654669198557304,1,0,20.66429,18.58566,17.8189,17.44877,16.97398,0.0694361,0.01737986,0.01844269,0.01382566,0.01789949,20.77192,18.7637,17.81094,17.41173,17.06915,0.06478158,0.007485326,0.004980507,0.006626058,0.01232474,19.78165,17.80972,16.82965,16.43861,16.13656,0.140426,0.01474284,0.01255736,0.01359245,0.02325372,19.8474,17.77923,16.82022,16.42153,16.08418,0.0656612,0.006676289,0.004737859,0.004787231,0.009644695,19.68277,17.76755,16.82023,16.43386,16.1925,0.07267252,0.006673916,0.004737858,0.004786758,0.009632862,7.040586,0.0273337,0.8447763,257,1,1,1,1,1,0.1651374,0.1286739,0.08901604,0.06614845,0.0492023,19.68226,17.65055,16.7312,16.35538,16.03498,0.0379999987781048,0.691999971866608,2
863,51633,0.08543276,1.602336E-5,0,-0.863094368255678,0.504846636334884,-0.014070723744205,1,1,1,0,0,0,0,1237654669198557396,1,0,20.31049,18.38147,17.6211,17.23483,16.76913,0.05500021,0.01683537,0.01813475,0.01326959,0.01683687,20.46903,18.51395,17.54948,17.10971,16.79005,0.06005966,0.006002132,0.004381097,0.003448276,0.008037214,18.76791,16.96189,16.06254,15.61413,15.36263,0.106787,0.01358996,0.008855221,0.009607132,0.01940056,18.9171,17.01009,16.06672,15.62462,15.30685,0.04400281,0.005115298,0.003754585,0.003721333,0.007411742,18.57949,16.92533,16.06675,15.62706,15.37381,0.04368133,0.005108392,0.003754584,0.003720457,0.00740719,9.759238,0.03025915,0.8447763,257,1,1,1,1,1,0.1573002,0.1225673,0.08479147,0.06300915,0.04686723,18.7598,16.88752,15.98193,15.56161,15.25998,0.0270000007003546,0.940999984741211,2
864,51910,0.09460266,2.183607E-5,0,-0.881563316991325,0.472035195977494,-0.00537511802121574,1,1,1,0,0,0,0,1237651800698060980,1,0,21.13028,19.89363,19.37849,18.96454,18.61822,0.0953002,0.02180903,0.02027991,0.01780493,0.04381908,21.158,19.69207,18.91953,18.53461,18.31187,0.09851137,0.01329203,0.01078622,0.01088739,0.03367088,19.00667,17.92382,17.24688,16.96145,16.82554,0.09489252,0.01729923,0.01398289,0.01611799,0.0613762,19.306,17.98886,17.27856,16.91927,16.68336,0.06439733,0.009008847,0.007250227,0.007498304,0.02270919,18.91744,17.89051,17.18812,16.92685,16.73084,0.06945714,0.008975247,0.00743976,0.007612849,0.02291237,44.81642,0.4614492,0.8569102,257,1,1,1,1,1,0.129753,0.1011027,0.06994237,0.05197468,0.03865961,19.17624,17.88776,17.20862,16.8673,16.6447,0.560000002384186,0.400000005960464,1
865,51633,0.03312969,1.597328E-5,0,-0.869853625396154,0.493296154548237,-0.00368433075193071,1,1,1,0,0,0,0,1237651800697405518,1,0,20.47031,18.61665,18.11994,17.70469,17.38954,0.05131358,0.7233494,0.09723467,0.2621345,0.02572153,20.35197,18.60298,17.80399,17.44148,17.18845,0.0522427,0.7024828,0.08615898,0.2349228,0.01431231,18.75169,17.00211,16.11935,15.69984,15.85332,0.1073292,2.091621,0.2683387,0.6867799,0.03817924,18.60244,16.84075,16.05128,15.67231,15.47229,0.03732537,0.005659612,0.004068489,0.004134765,0.01041452,18.59903,16.88508,16.05121,15.65278,15.69249,0.04569906,0.005683141,0.004068489,0.004134531,0.01043321,12.78522,0.05120648,0.8794468,257,1,1,1,1,1,0.1570475,0.1223703,0.08465523,0.06290791,0.04679193,18.4454,16.71838,15.96663,15.6094,15.4255,0.0689999982714653,0.723999977111816,2
866,51910,0.0452119,1.346873E-5,0,-0.878153279547697,0.478188598451816,-0.0135085872804311,1,1,1,0,0,0,0,1237654669199343944,1,0,21.85826,20.29302,19.92226,19.82108,19.33155,0.1999248,0.0285278,0.02432574,0.0305275,0.0711138,21.94213,20.25123,19.66243,19.37378,19.15667,0.2108159,0.02189736,0.01807371,0.02402454,0.06842734,21.00286,17.94751,17.584,17.41013,18.32607,1.047804,0.02846433,0.03118201,0.04948339,0.4251633,19.77548,18.14152,17.63537,17.38323,17.35398,0.1085721,0.01197777,0.01166547,0.01436915,0.05011546,19.82156,17.99936,17.57261,17.39474,17.61972,0.1073568,0.01199628,0.01191341,0.01444501,0.04885452,106.8884,2.283682,0.8155462,257,1,1,1,1,1,0.1780906,0.138767,0.09599836,0.07133707,0.05306168,19.59739,18.00275,17.53937,17.31189,17.30092,0.639999985694885,0.280000001192093,1
867,51630,0.09768173,6.975738E-6,0,-0.825993910731881,0.56367900465696,-1.9784537399408E-4,1,1,1,0,0,0,0,1237648721215684828,1,0,21.29118,20.0245,19.31933,18.96424,18.79167,0.08409032,0.02323845,0.02168805,0.01958122,0.03920113,21.28795,19.87739,19.13888,18.66038,18.35836,0.0918545,0.01535787,0.01128602,0.009624528,0.03188359,19.81664,18.51745,17.88824,17.43468,17.11675,0.1307748,0.01984011,0.01703408,0.01794321,0.05291825,19.92547,18.55706,17.85362,17.39488,17.12894,0.05900535,0.01258078,0.008295598,0.008662547,0.02516746,19.76354,18.49901,17.85365,17.40906,17.12276,0.05885476,0.01255777,0.008295598,0.008657331,0.02724998,35.39241,0.4548954,0.8339178,257,24577,24577,24577,24577,24577,0.273307,0.212959,0.147324,0.1094775,0.08143118,19.65217,18.3441,17.70629,17.28541,17.04751,0.5,0.43299999833107,1
868,51630,0.06084378,1.747393E-5,0,-0.823918407955187,0.566533425145307,-0.014083153969097,1,1,1,0,0,0,0,1237650795145986089,1,0,20.63577,18.72189,17.79091,17.36624,16.9284,0.05957299,0.01382684,0.01404716,0.01787646,0.02429644,20.72583,18.76456,17.79505,17.32472,16.98454,0.05890945,0.007038301,0.005325895,0.005077249,0.009204119,18.80502,17.348,16.34968,15.93744,15.60252,0.0928864,0.01488084,0.02218584,0.02233687,0.02557934,19.04427,17.20748,16.23163,15.78432,15.45478,0.04107452,0.005406386,0.003915696,0.003687222,0.007328367,18.44709,17.20858,16.23164,15.83102,15.53712,0.04020026,0.005427557,0.003915696,0.003685937,0.007321505,17.51969,0.06445739,0.8419848,257,24577,24577,24577,24577,24577,0.2313548,0.1802701,0.12471,0.09267292,0.06893162,18.81292,17.02721,16.10692,15.69165,15.38585,0.870999991893768,0.090999998152256,1
869,51633,0.08966059,1.379847E-5,0,-0.868233329342768,0.496146170102099,-0.00314065461199657,1,1,1,0,0,0,0,1237648721217716415,1,0,21.743,20.22423,19.50122,19.21676,18.81548,0.1065889,0.02190495,0.02209578,0.0238132,0.04167351,21.23732,19.88765,19.12061,18.71211,18.40364,0.08553418,0.01522043,0.01133877,0.0100859,0.03279426,18.6818,17.63115,17.02738,16.67334,16.52235,0.07614929,0.01622394,0.01407241,0.01588098,0.0553928,18.98666,17.66356,16.99842,16.6274,16.36504,0.04669673,0.008238568,0.006422478,0.006947849,0.02023486,18.58097,17.57406,16.95444,16.5815,16.3709,0.04786302,0.008208759,0.006524638,0.007124243,0.02088041,102.252,1.058826,0.8684245,257,24577,24577,24577,24577,24577,0.1605735,0.1251177,0.08655588,0.0643203,0.04784248,18.82608,17.53845,16.91187,16.56308,16.3172,0.753000020980835,0.204999998211861,1
870,51910,0.1225655,2.975159E-5,0,-0.879610160855301,0.475693717215461,0.00120512316741915,1,1,1,0,0,0,0,1237654670273151165,1,0,21.29635,19.50256,18.57499,18.19501,17.84239,0.1096035,0.01937287,0.01295597,0.01350791,0.02449044,21.35184,19.57595,18.58141,18.15719,17.85983,0.1211934,0.0125504,0.008320432,0.008377477,0.0249214,19.82012,18.48513,17.53773,17.12858,16.84379,0.1451395,0.01828071,0.01252937,0.01357896,0.04639151,20.16127,18.39491,17.40757,16.9906,16.68788,0.09143218,0.009881237,0.006792591,0.006860746,0.01903238,19.60928,18.33076,17.41814,17.02946,16.69682,0.08937978,0.009912273,0.006802806,0.006859956,0.01911064,10.6008,0.08417752,0.8302359,257,1,1,8193,8193,1,0.148377,0.1156144,0.0799815,0.05943482,0.04420859,20.01289,18.27929,17.32759,16.93117,16.64367,0.174999997019768,0.824999988079071,2
871,51910,0.02122282,1.081476E-5,0,-0.880048603528077,0.474755256944031,0.0110408981649301,1,1,1,0,0,0,0,1237648722292048086,1,0,20.19884,18.7275,17.98766,17.64044,17.27685,0.03998349,0.02101947,0.01881008,0.01512213,0.01953943,19.8481,18.37144,17.62167,17.24354,16.86764,0.03009753,0.005225223,0.004351242,0.004745129,0.00949379,17.57498,16.12893,15.43765,15.07276,14.82447,0.0329104,0.00779313,0.007439931,0.008882981,0.01340189,17.70245,16.22431,15.51102,15.15194,14.83453,0.01792268,0.003480389,0.00293043,0.003081598,0.005681577,17.54318,16.07554,15.4009,15.03015,14.70686,0.01850387,0.003557389,0.002992436,0.003155817,0.00588478,98.32822,0.2439158,0.8583778,257,24577,24577,24577,24577,24577,0.159087,0.1239595,0.08575463,0.06372488,0.0473996,17.54336,16.10036,15.42526,15.08821,14.78714,0.375,0.625,2
872,51909,0.0922997,2.350599E-5,0,-0.894039303198539,0.44798807707644,-6.38070235364147E-4,1,1,1,0,0,0,0,1237648721219092700,1,0,20.95127,19.16687,18.32201,17.9928,17.65614,0.06137108,0.01718712,0.01889862,0.014534,0.0267112,20.88143,19.15164,18.24289,17.8426,17.4955,0.05190967,0.009078003,0.0061175,0.005101951,0.01249825,19.81801,18.18779,17.29062,16.89928,16.59029,0.1093955,0.02960076,0.0284276,0.02872453,0.03263285,19.87819,18.06503,17.16278,16.76928,16.42291,0.050103,0.007310365,0.005227697,0.005351321,0.01224901,19.87799,18.09172,17.17336,16.79306,16.47851,0.05010945,0.007328746,0.005235506,0.005360797,0.01227865,10.77772,0.05607576,0.8634394,257,24577,24577,24577,24577,24577,0.1443911,0.1125086,0.07783292,0.0578382,0.043021,19.7338,17.95252,17.08494,16.71144,16.37989,0.679000020027161,0.321000009775162,1
873,53035,0.07070027,1.283316E-5,0,-0.315238434062781,0.672785611913221,0.669316255661103,1,1,1,0,0,0,0,1237673310965858763,1,0,21.08036,19.33121,18.83154,18.27271,17.73485,0.09204345,0.02453403,0.01609703,0.01771733,0.02300452,21.34613,19.51661,18.55394,18.05198,17.7102,0.09669457,0.01127789,0.007806038,0.007746934,0.0170412,19.29126,17.76572,16.87205,16.42789,16.18437,0.122394,0.01365841,0.01311663,0.01195329,0.03201159,19.19861,17.44419,16.56544,16.07343,15.74033,0.06030454,0.007076393,0.005413454,0.005524459,0.01182309,18.62781,17.64307,16.75242,16.30829,16.02959,0.0593501,0.007131002,0.005501685,0.005617397,0.01193417,50.97513,0.3842505,0.8778688,257,16385,24577,24577,24577,24577,0.1994885,0.1554401,0.1075327,0.07990834,0.05943713,18.99912,17.28876,16.4579,15.99352,15.68089,0.75,0.25,1
874,53035,0.1681828,5.613951E-5,0,-0.306608207882362,0.680728104612358,0.665282386998207,1,1,1,0,0,0,0,1237673310965596783,1,0,22.78568,20.39203,19.38,19.19634,18.65987,0.2905338,0.02485022,0.02278748,0.02443335,0.03459397,22.55151,20.48858,19.30188,18.81216,18.4499,0.2903168,0.02154014,0.01320437,0.01349473,0.03088302,21.23924,18.92435,17.79764,17.37153,17.01323,0.6406162,0.04007842,0.03089633,0.0267269,0.06447726,21.09547,18.77907,17.632,17.16428,16.79243,0.2346509,0.01550267,0.009773278,0.009983494,0.02243095,21.23297,18.72433,17.65352,17.23967,16.91817,0.2120229,0.01550107,0.01155982,0.01000252,0.02401867,18.86549,0.2659522,0.8458273,257,16385,24577,24577,24577,24577,0.2128106,0.1658206,0.1147139,0.08524473,0.06340642,20.88266,18.61325,17.51729,17.07904,16.72903,0.216999992728233,0.782999992370605,2
875,53035,1.327776E-5,1.865307E-5,0,-0.314231668864277,0.675880804540534,0.666666030585339,1,1,1,0,0,0,0,1237673706115039450,1,0,22.64955,20.30799,18.967,18.73725,18.25043,5.671874,2.655696,0.1196357,1.089421,0.7332324,21.37444,19.49673,18.50076,17.95495,17.67982,2.290765,1.577013,0.1002023,0.8892039,0.5667168,20.41145,18.88225,16.7744,16.98712,16.68308,10.59461,10.70405,0.2744313,4.086166,2.91366,20.74966,18.34078,16.52081,16.67076,16.24439,0.338433,0.02153281,0.006020293,0.01092261,0.02290495,22.02713,19.07658,16.57964,17.50512,17.15713,0.4142913,0.02028189,0.006086342,0.009915191,0.02085342,23.94251,0.19257,0.899193,257,24577,24577,24577,24577,24577,0.1976636,0.1540181,0.106549,0.07917733,0.05889339,20.552,18.18676,16.41426,16.59159,16.18549,0.0,0.300000011920929,0
876,53052,0.1066934,1.077231E-5,0,-0.310968580983235,0.649532510170826,0.693834317306703,1,1,1,0,0,0,0,1237663547434467409,1,0,19.97521,18.72484,17.96049,17.65426,17.38146,0.03874927,0.01427835,0.0106306,0.01637759,0.02352608,19.87002,18.55722,17.85978,17.45539,17.14312,0.03171345,0.006286894,0.005259301,0.004475855,0.01275494,18.54655,17.33268,16.62269,16.22022,15.97719,0.04212295,0.006503938,0.006313619,0.006408469,0.01945489,18.6792,17.39571,16.67792,16.2602,15.97971,0.0246937,0.004859828,0.00427824,0.004219429,0.009672829,18.42257,17.29716,16.57169,16.16426,15.8577,0.02531578,0.004922227,0.004333281,0.004278068,0.009832493,22.4102,0.09437188,0.8044723,257,24577,24577,24577,24577,24577,0.1626318,0.1267216,0.08766539,0.06514478,0.04845575,18.51657,17.26899,16.59025,16.19505,15.93125,0.229000002145767,0.728999972343445,2
877,53055,0.08113426,2.243155E-5,0,-0.969018923209193,0.129644699672014,0.210225065844799,1,1,1,0,0,0,0,1237661949712269387,1,0,20.90182,18.9365,18.0175,17.66249,17.36451,0.4245693,0.6866142,0.3829008,0.2702683,0.1272099,20.9798,19.12176,18.18929,17.79993,17.50499,0.4341346,0.7465398,0.4372194,0.3178413,0.1444905,19.7102,17.66466,16.76473,16.35416,16.12599,1.004214,1.455472,0.8807292,0.6325035,0.3057715,19.3751,17.46515,16.53674,16.12401,15.83754,0.06967504,0.008038051,0.005257708,0.004911299,0.0113628,19.58722,17.50982,16.61796,16.19401,15.96068,0.09447119,0.008128895,0.005310671,0.004956946,0.01146743,26.64956,0.1774916,0.7850282,257,24577,24577,24577,24577,24577,0.1499194,0.1168162,0.08081289,0.06005264,0.04466813,19.22518,17.34834,16.45593,16.06396,15.79287,0.0509999990463257,0.717999994754791,2
878,53055,0.3632883,1.101861E-4,0,-0.96844285178959,0.137339763440486,0.207981326555435,1,1,1,0,0,0,0,1237661949712073447,1,0,22.57543,21.66955,19.78066,19.21247,18.87216,0.382806,0.07190394,0.02966073,0.02455487,0.04916867,23.33891,21.83469,20.04667,19.42639,19.00686,0.6056073,0.07500376,0.02232729,0.02009127,0.05178988,25.68335,20.882,18.76767,18.29035,18.13915,6.412008,0.2103042,0.05309947,0.04582718,0.170375,22.86601,20.47127,18.57652,17.99508,17.55124,1.28514,0.06276118,0.01924207,0.01576913,0.03856473,22.73855,20.89946,18.5765,18.30015,18.00587,0.4509547,0.06412487,0.01924208,0.01562301,0.03755831,20.35897,0.6436789,0.7814702,257,24577,24577,24577,24577,24577,0.1576169,0.1228141,0.08496219,0.06313601,0.04696159,22.7084,20.34846,18.49156,17.93194,17.50428,0.0710000023245811,0.75,2
879,53228,0.03424395,8.602444E-6,0,-0.488206324820125,-0.858229436613495,0.158419754247094,1,1,1,0,0,0,0,1237668330963141033,1,0,20.66322,19.29226,18.73692,18.44579,17.9442,0.05461337,0.01937258,0.01889781,0.01733305,0.02679731,20.68196,19.28049,18.55512,18.1265,17.8061,0.05084371,0.009215953,0.007800316,0.00685124,0.02178266,19.43067,17.91527,17.22433,16.84094,16.61085,0.09185429,0.02363912,0.01806135,0.02052665,0.04184199,19.42709,17.97441,17.26549,16.85144,16.55937,0.03991204,0.007159949,0.005859302,0.006309181,0.01608872,19.2406,17.8284,17.14322,16.76528,16.5115,0.04033189,0.007242543,0.005938157,0.00640175,0.01616962,32.00354,0.220162,0.8702235,257,24577,24577,24577,24577,24577,0.1562536,0.1217517,0.08422727,0.06258989,0.04655538,19.27084,17.85266,17.18126,16.78885,16.51281,0.820999979972839,0.14300000667572,1
880,53228,0.2024978,3.462571E-5,0,-0.473211798371557,-0.867341760327308,0.154236392185122,1,1,1,0,0,0,0,1237668330963599962,1,0,21.84085,20.07216,18.98137,18.37469,18.01504,0.1282293,0.02584076,0.01759551,0.01749348,0.02602547,21.87959,20.09225,18.89693,18.3621,18.00372,0.1240752,0.01745109,0.009852652,0.01009099,0.02367395,19.87609,18.65297,17.51307,16.98579,16.74929,0.1669904,0.02824554,0.01549492,0.01822387,0.05145304,20.23081,18.53121,17.36293,16.81918,16.48442,0.09959108,0.01259434,0.007449511,0.007668372,0.01766364,19.3215,18.42849,17.37525,16.84172,16.62675,0.0958499,0.01265626,0.007465679,0.007667918,0.01762149,15.34374,0.1441572,0.8703704,257,24577,24577,24577,24577,24577,0.203029,0.1581988,0.1094412,0.08132657,0.06049202,20.02778,18.37301,17.25349,16.73785,16.42393,0.129999995231628,0.782999992370605,2
881,53498,0.2634411,7.849481E-5,0,-0.462699719829285,-0.876673685281795,0.131727820920024,1,1,1,0,0,0,0,1237661950816157743,1,0,25.83113,21.13832,19.62287,18.89635,18.36064,0.8699231,0.04039682,0.02080012,0.01880555,0.02952478,25.63312,21.24677,19.61129,18.96358,18.48314,0.7879248,0.0436297,0.01629726,0.011417,0.02323304,26.527,20.1073,18.60131,17.9191,17.61585,1.675671,0.07248771,0.03021933,0.02824978,0.05953864,26.33534,20.15383,18.52238,17.85898,17.41999,0.8631011,0.0334525,0.01265386,0.0110715,0.02335642,25.83462,20.02039,18.52672,17.86089,17.60174,1.633274,0.03335706,0.01266167,0.01106958,0.02336227,9.944554,0.179011,0.8612674,257,24577,24577,24577,24577,24577,0.1919761,0.1495865,0.1034832,0.07689912,0.05719882,26.14336,20.00424,18.4189,17.78208,17.36279,0.100000001490116,0.732999980449677,2
882,53884,0.2550856,3.756469E-5,0,-0.457884801628403,-0.88228885744709,0.109123235208764,1,1,1,0,0,0,0,1237662264865653431,1,0,22.7742,20.93396,19.86033,19.25172,18.72332,0.3280082,0.0298955,0.02002991,0.02256044,0.0358149,22.31371,20.77366,19.54034,18.99478,18.62831,0.2722607,0.02910008,0.015863,0.01557543,0.03036572,19.57257,18.86841,17.84945,17.45448,17.60367,0.1988158,0.04056625,0.02157797,0.03009911,0.1325239,20.10185,18.67538,17.54152,17.02779,16.7212,0.1519023,0.01816965,0.01067315,0.01092259,0.02879186,19.55658,18.61709,17.60231,17.20488,17.17569,0.1203062,0.01852484,0.01079416,0.0108932,0.02830069,22.34689,0.3752701,0.9136708,257,24577,24577,24577,24577,24577,0.2145671,0.1671892,0.1156607,0.08594831,0.06392975,19.88728,18.50819,17.42586,16.94184,16.65727,0.688000023365021,0.125,1
883,51910,0.0627381,2.27034E-5,0,-0.876383779857662,0.481459091567853,0.0121907156908485,1,1,1,0,0,0,0,1237648722291851379,1,0,21.04445,19.51286,18.68283,18.30361,17.95045,0.07276756,0.3565631,0.06638329,0.07597121,0.3997509,21.01884,19.41948,18.57484,18.15542,17.85335,0.08244298,0.3422976,0.06258013,0.07062143,0.3866515,19.94852,17.87157,16.86809,16.36343,16.42765,0.2899201,1.087646,0.1732613,0.1797079,1.384167,19.28819,17.57117,16.68612,16.25317,16.02441,0.05734041,0.008327371,0.005619286,0.005828189,0.01416509,19.77935,17.67238,16.68625,16.17797,16.27075,0.0686193,0.008331414,0.005619286,0.005824436,0.01408874,15.66024,0.113136,0.8602655,257,24577,24577,24577,24577,24577,0.14767,0.1150635,0.07960039,0.05915162,0.04399794,19.14052,17.45611,16.60652,16.19402,15.98042,0.386999994516373,0.323000013828278,0
884,51909,0.09469897,2.607703E-5,0,-0.886255445536578,0.463089979414538,0.00994767423094292,1,1,1,0,0,0,0,1237651801771999457,1,0,21.0515,19.26197,18.37873,18.04115,17.72909,0.07766553,0.03047683,0.03309308,0.03280967,0.03386577,21.0379,19.31586,18.42902,18.04655,17.78573,0.08667468,0.01917189,0.0298494,0.02879469,0.03576978,19.92804,18.42108,17.49971,17.12124,16.89234,0.125297,0.03494432,0.05600411,0.07461578,0.0671501,20.08573,18.33997,17.44048,17.05401,16.79664,0.06727861,0.009180368,0.006556727,0.006829855,0.01572368,19.5401,18.35048,17.44048,17.06957,16.87209,0.06584566,0.009187833,0.006556727,0.006829516,0.01574798,8.822847,0.06324356,0.8200337,257,1,1,1,1,1,0.1199671,0.09347756,0.06466734,0.04805477,0.03574392,19.96576,18.24649,17.37582,17.00595,16.76089,0.128999993205071,0.612999975681305,2
885,51909,0.1619481,2.867624E-5,0,-0.886449016297199,0.46261399954847,0.0140153104673379,1,1,1,0,0,0,0,1237648722292441267,1,0,21.77782,20.20088,19.15572,18.71484,18.29391,0.111975,0.02552982,0.02004791,0.01622556,0.0292642,21.58319,20.00008,18.98525,18.54058,18.20778,0.1127556,0.01420909,0.01011615,0.01052242,0.02520194,19.85326,18.44759,17.5323,17.17167,16.84838,0.1503718,0.02210147,0.01459939,0.01705604,0.04559947,19.67475,18.17278,17.2111,16.78976,16.43912,0.07164333,0.01112837,0.007331431,0.007788441,0.01798943,19.72619,18.34504,17.39025,16.98566,16.62218,0.06587273,0.01112426,0.007463959,0.007909842,0.01815703,25.67501,0.2554144,0.8653753,257,24577,24577,24577,24577,24577,0.1400021,0.1090887,0.07546702,0.05608008,0.04171328,19.53475,18.06369,17.13563,16.73368,16.39741,0.560000002384186,0.319999992847443,1
886,51883,0.1096946,2.458221E-5,0,-0.910639037317882,0.413160463254047,0.00591399327552355,1,1,1,0,0,0,0,1237648721756946608,1,0,21.03773,19.19778,18.1221,17.73979,17.40908,0.07842798,0.01424521,0.01909726,0.01167817,0.02019647,21.00737,19.03156,18.00013,17.54949,17.1761,0.06992274,0.008128465,0.004398192,0.005122107,0.01298719,19.37884,17.32853,16.34432,15.9036,15.5387,0.1652222,0.01844877,0.01506073,0.01492752,0.03080115,19.3946,17.40663,16.3835,15.93602,15.55753,0.05143258,0.006028727,0.004255515,0.004224537,0.009699802,19.40684,17.33511,16.3835,15.96712,15.64584,0.05106509,0.006025404,0.004255514,0.0042239,0.009688993,11.25879,0.04547896,0.8801971,257,24577,24577,24577,24577,24577,0.1941362,0.1512696,0.1046476,0.07776441,0.05784244,19.20046,17.25536,16.27885,15.85826,15.49969,0.0370000004768372,0.962999999523163,2
887,51941,0.1078203,3.399748E-5,0,-0.923413113016319,0.38374156334547,-0.00711584644894497,1,1,1,0,0,0,0,1237654669738836071,1,0,21.30956,19.42444,18.54386,18.11611,17.73636,0.1072697,0.01859467,0.01207141,0.01519913,0.02249927,21.41329,19.54018,18.54226,18.11062,17.74606,0.1228044,0.01249519,0.008025543,0.006402442,0.02196492,20.33639,18.62894,17.60066,17.18053,16.78183,0.1876054,0.0199654,0.01458966,0.01437512,0.03572262,20.44184,18.55606,17.54266,17.10976,16.73969,0.09832064,0.01032877,0.006771419,0.006811542,0.01678473,20.02781,18.55959,17.54266,17.12737,16.7517,0.09818204,0.01032669,0.006771419,0.006810982,0.0167717,8.103373,0.06060779,0.8319786,257,1,1,1,1,1,0.2647557,0.2062958,0.1427145,0.1060522,0.07888333,20.17708,18.34976,17.39994,17.0037,16.66081,0.159999996423721,0.759999990463257,2
888,51630,-1.260783E-4,1.106514E-5,4,-0.832909734448135,0.553408840133464,-1.72984597378706E-4,1,1,1,0,0,0,0,1237648721216013037,1,0,24.81166,23.79955,22.27279,22.03081,21.32677,0.787867,0.3288713,0.1258213,0.1491653,0.2937833,24.5021,23.99938,22.24775,21.95293,21.67836,0.8892934,0.472854,0.155082,0.1870775,0.5452877,16.19651,18.08614,18.39651,17.80732,29.73299,0.05434373,0.1643315,0.2036615,0.2951173,0.2174723,22.77478,21.6875,20.04008,19.85975,19.10768,1.650713,0.3240768,0.1057972,0.141108,0.2911349,17.50563,19.09214,19.78762,18.63832,18.22805,0.1655917,0.1882901,0.1321712,0.1396785,0.2651042,11.70266,2.527419,0.8572186,257,24577,24577,24577,24577,24577,0.6926077,0.5396752,0.3733448,0.2774352,0.2063608,22.08217,21.14783,19.66674,19.58231,18.90131,0.0,0.160999998450279,0
889,53120,0.05003242,2.326549E-4,68,-0.966220199383958,-0.114959777951273,0.230657269028787,1,1,1,0,0,0,0,1237661813886222851,1,0,22.05814,20.68417,20.42208,20.10839,19.78399,0.2159975,0.0405724,0.03632705,0.03953687,0.1035474,22.19744,21.126,20.54536,20.22029,19.96016,0.2340275,0.03593928,0.03339022,0.04042486,0.1031714,17.95392,17.20426,16.51973,16.44059,16.09973,0.1395693,0.02880874,0.01490771,0.03630462,0.09218006,18.34214,16.91982,16.3398,16.03933,15.78646,0.1029011,0.01117262,0.01032661,0.01238517,0.03598725,17.72376,16.92035,16.32587,16.08194,15.81734,0.09560327,0.01121163,0.01039528,0.01256558,0.03622443,1098.973,19.72765,0.8160755,257,1,24705,24577,24577,24705,0.1090191,0.08494696,0.05876591,0.04366937,0.03248199,18.23312,16.83488,16.28103,15.99566,15.75398,0.0480000004172325,0.762000024318695,2
890,53120,-0.001534722,2.514309E-5,0,-0.965404945175123,-0.113890244705555,0.23456833544263,1,1,1,0,0,0,0,1237661951329042501,1,0,20.73732,19.37803,19.04893,19.00645,18.68096,0.07400751,0.01714011,0.02236599,0.02613574,0.03076398,20.65355,19.39149,18.87216,18.63014,18.45154,0.06357914,0.01094292,0.009692954,0.009364333,0.02552291,17.18917,16.09723,15.51921,15.23944,15.1778,0.05941321,0.009091905,0.006244773,0.008932014,0.02947321,17.36535,16.0579,15.49303,15.21301,15.05711,0.02875829,0.004308105,0.003856719,0.004005402,0.01033712,17.08444,15.98707,15.43469,15.15347,15.04688,0.03020138,0.004449748,0.00395817,0.00409698,0.01055911,398.3347,2.243296,0.8308299,257,24577,24577,24577,24577,24577,0.1302416,0.1014834,0.07020574,0.05217039,0.03880519,17.23511,15.95641,15.42283,15.16084,15.0183,0.14300000667572,0.771000027656555,2
891,53166,0.1771572,3.985553E-5,0,-0.962783558517013,-0.141710348094734,0.23014342635015,1,1,1,0,0,0,0,1237661950792892555,1,0,22.01489,19.98391,18.75166,18.28237,17.77851,0.1815538,0.02848842,0.0179395,0.02050419,0.0339688,22.11623,19.982,18.69687,18.18325,17.83602,0.2152302,0.01412752,0.00852963,0.007736908,0.01275139,20.32767,18.63864,17.35762,16.85261,16.59808,0.3173529,0.03172034,0.01539928,0.01704795,0.03264029,20.81538,18.64209,17.34514,16.8388,16.49097,0.1682298,0.0131409,0.006735861,0.006256396,0.01246678,20.86891,18.5711,17.34515,16.87424,16.60799,0.167796,0.01313586,0.006735862,0.006255188,0.0124471,9.773277,0.07633667,0.8668425,257,24577,24577,24577,24577,24577,0.1194847,0.09310167,0.0644073,0.04786153,0.03560019,20.6959,18.54898,17.28074,16.79094,16.45537,0.0,0.958000004291534,2
892,53047,0.202018,3.638765E-5,0,-0.303682938876624,0.718916453386638,0.625248595108565,1,1,1,0,0,0,0,1237651274027041016,1,0,21.9686,20.33017,18.95565,18.36361,17.986,0.1955846,0.02692289,0.01993924,0.02067202,0.02771416,22.39248,20.31457,18.88407,18.37872,17.97444,0.2646976,0.01954702,0.01618796,0.01290143,0.01872879,21.30467,19.29257,17.94174,17.4335,16.91454,0.491546,0.04594561,0.03315989,0.03223397,0.04179316,21.27487,19.33769,17.89064,17.35975,16.94573,0.2104241,0.01839072,0.008707874,0.008056183,0.01738168,21.47869,19.18193,17.89068,17.3751,16.81307,0.2016264,0.01835296,0.008707874,0.008056133,0.01735413,8.848191,0.09833169,0.8313657,257,24577,24577,24577,24577,24577,0.2566207,0.1999571,0.1383294,0.1027936,0.07645953,21.01825,19.13773,17.75231,17.25696,16.86927,0.0329999998211861,0.633000016212463,2
893,53035,0.4698561,1.155606E-4,0,-0.310107717873685,0.673741131713714,0.670750393777223,1,1,1,0,0,0,0,1237673706651910952,1,0,25.15811,22.43273,20.70211,19.8549,19.17013,0.941312,0.09093061,0.03227145,0.02760424,0.05194005,25.56441,22.36564,20.52088,19.65675,19.12446,0.8539249,0.1032868,0.0360258,0.02762288,0.04710911,24.58118,21.11324,19.19317,18.5935,18.58699,15.69397,0.3387214,0.3319329,0.1108876,0.5258227,26.22052,21.2032,19.29283,18.44592,17.92801,1.159833,0.07853664,0.02551399,0.02019914,0.0470729,26.08083,20.94427,19.29279,18.63349,18.18076,1.209214,0.07782564,0.02680572,0.02296155,0.0502751,7.321317,0.3024738,0.9089304,257,24577,24577,24577,24577,24577,0.1939573,0.1511302,0.1045512,0.07769271,0.05778911,26.02657,21.05207,19.18828,18.36822,17.87022,0.0390000008046627,0.705999970436096,2
894,53052,0.03828691,1.298175E-5,0,-0.31647267110336,0.644031099810691,0.696468944692681,1,1,1,0,0,0,0,1237663530254729473,1,0,20.30533,18.57472,17.75381,17.43024,16.94948,0.04907386,0.01404152,0.01242175,0.0113953,0.0172019,20.24173,18.44151,17.54311,17.07985,16.72995,0.04356768,0.007453211,0.006157121,0.004857558,0.008679283,16.46268,15.208,14.64933,14.29615,14.06419,0.02382831,0.007112999,0.008923819,0.007535058,0.01351552,16.84953,15.37245,14.68164,14.30597,14.01717,0.01418787,0.002746196,0.002554849,0.002629107,0.005655956,16.38757,15.13844,14.55867,14.1595,13.75517,0.01349953,0.002770841,0.002608259,0.002662133,0.005657471,322.8961,0.7865152,0.8177297,257,24577,24577,24577,24577,24577,0.1883548,0.1467648,0.1015312,0.07544854,0.05611986,16.66118,15.22568,14.58011,14.23052,13.96105,0.957000017166138,0.0430000014603138,1
895,51910,0.06195069,2.925734E-5,0,-0.876668471846633,0.480977893883941,0.0106139561454948,1,1,1,0,0,0,0,1237651801771540505,1,0,21.28358,19.42254,18.57549,18.04039,17.66414,0.1122242,0.02157567,0.1088461,0.0237517,0.02686589,21.3064,19.43553,18.44716,17.98024,17.65147,0.1046977,0.01487747,0.1049601,0.01773121,0.02029453,20.32519,18.61144,17.4705,17.03033,16.8398,0.2054218,0.03539873,0.2790778,0.04781051,0.04269378,20.24454,18.40313,17.3562,16.888,16.58318,0.08433074,0.01025247,0.006572741,0.006500555,0.01418511,20.40022,18.56517,17.38903,16.97169,16.75714,0.09182517,0.0102743,0.006599036,0.006525575,0.01417861,10.60284,0.08135752,0.8504173,257,1,1,1,1,1,0.1655278,0.1289782,0.0892265,0.06630486,0.04931863,20.07901,18.27415,17.26697,16.8217,16.53386,0.323000013828278,0.580999970436096,2
896,51630,0.1645139,4.590164E-5,0,-0.827015891472013,0.562063896541454,0.0113530373640211,1,1,1,0,0,0,0,1237648722289492224,1,0,22.97099,20.30619,19.00256,18.44445,17.9542,0.331724,0.02592456,0.01570625,0.01826698,0.02218619,22.97081,20.38599,19.00336,18.42553,17.94553,0.3786279,0.02266966,0.01035522,0.009811361,0.0206505,21.89251,19.32204,17.98451,17.43993,17.02563,0.7095113,0.03651962,0.01749115,0.01677084,0.0390038,22.01834,19.25128,17.89572,17.31338,16.84277,0.3412772,0.01766184,0.008366629,0.007978748,0.01600475,21.67256,19.17776,17.89572,17.383,16.97883,0.2864126,0.01981463,0.008366629,0.007971805,0.01819133,10.03341,0.1059907,0.8321085,257,24577,24577,24577,24577,24577,0.5080453,0.3958654,0.2738579,0.2035058,0.1513709,21.5103,18.85542,17.62186,17.10987,16.6914,0.14300000667572,0.75,2
897,51630,0.1561039,2.420002E-5,0,-0.825530618442578,0.564287245364654,0.00889397169919954,1,1,1,0,0,0,0,1237650796756664712,1,0,22.43346,21.13848,20.31797,19.83574,19.45324,0.2294512,0.04178204,0.02633412,0.02599421,0.06129007,22.24987,21.15664,20.21141,19.72532,19.496,0.1921451,0.03856739,0.02580322,0.02240168,0.0594519,19.07764,18.91542,18.08008,17.81531,17.95632,0.1576724,0.05991178,0.04097228,0.05573278,0.2073039,20.06557,18.94086,18.13939,17.72007,17.53766,0.1141437,0.0207873,0.01547929,0.01639773,0.04702177,18.45696,18.74509,17.93152,17.66225,17.6542,0.09926841,0.0209046,0.01610591,0.01691777,0.04987204,73.4486,1.9316,0.8319471,257,24577,24577,24577,24577,24577,0.566341,0.4412891,0.3052817,0.226857,0.16874,19.49923,18.49957,17.83411,17.49322,17.36892,0.472000002861023,0.437000006437302,0
898,51630,0.1224014,1.362679E-5,0,-0.82559725123984,0.564200453198712,0.00818702360991441,1,1,1,0,0,0,0,1237650796756664459,1,0,21.63942,20.06367,19.1877,18.6465,18.1909,0.1151885,0.01934431,0.01330813,0.01363918,0.02407194,21.67098,20.07098,19.09991,18.59166,18.24974,0.1265002,0.0166756,0.01085482,0.01048161,0.02405128,20.15366,18.73372,17.89919,17.44858,17.10872,0.1527979,0.0206619,0.01480941,0.0152006,0.03843311,20.48472,18.8387,17.90513,17.41927,17.0672,0.093747,0.0119897,0.008142048,0.008067596,0.01822351,18.73594,18.66756,17.83336,17.38068,17.05854,0.08613598,0.01214719,0.008251934,0.008170929,0.01835588,25.33325,0.2898591,0.8319471,257,24577,24577,24577,24577,24577,0.5869976,0.4573846,0.3164165,0.2351314,0.1748946,19.89772,18.38131,17.58872,17.18414,16.89231,0.0869999974966049,0.796999990940094,2
899,51630,0.1232023,2.772975E-5,0,-0.830878832729522,0.556092394728567,0.020040305563389,1,1,1,0,0,0,0,1237651752921792685,1,0,21.22589,19.12466,18.08461,17.60678,17.09476,0.1188673,0.02012926,0.01484337,0.01727715,0.0189537,21.41103,19.21601,18.02144,17.50758,17.06951,0.1281039,0.01062548,0.0061772,0.004346123,0.01278926,19.83592,17.97602,16.7783,16.27355,15.86201,0.2047927,0.0305732,0.02320083,0.0230889,0.03179434,20.19852,17.9651,16.77356,16.25899,15.81169,0.1100779,0.00843396,0.005215329,0.00478459,0.009981608,19.96137,17.93547,16.77356,16.30949,15.86065,0.109539,0.008433142,0.005215329,0.004782482,0.009981873,9.199368,0.04823932,0.8248816,257,24577,24577,24577,24577,24577,0.5933914,0.4623666,0.319863,0.2376925,0.1767996,19.60513,17.50273,16.4537,16.0213,15.63489,0.101999998092651,0.830999970436096,2
900,51608,0.02049324,6.638129E-6,0,-0.846417955747443,0.532287569129782,0.0157031187420659,1,1,1,0,0,0,0,1237651752385642761,1,0,21.20634,20.41497,20.15739,20.0379,19.82217,0.09830923,0.03324506,0.03354428,0.03907629,0.1084779,21.28869,20.33071,19.84646,19.65244,19.57122,0.09281044,0.02207021,0.02337782,0.02638554,0.1060152,19.46888,18.20845,17.80994,17.44282,17.52325,0.1881322,0.03328016,0.03166688,0.03608905,0.1524721,19.33435,18.2101,17.76985,17.51087,17.36803,0.07191652,0.01352984,0.01376181,0.01911313,0.05482505,19.15052,18.14248,17.74518,17.44749,17.32529,0.07346911,0.01364735,0.01390465,0.01907702,0.05453178,92.60077,2.176927,0.8156096,257,24577,24577,24577,24577,24577,0.3265621,0.2544549,0.1760308,0.1308097,0.0972984,19.00779,17.95564,17.59382,17.38006,17.27073,0.617999970912933,0.254999995231628,1
901,53062,0.429581,1.179854E-4,0,-0.965034484187423,0.16897537283705,0.200389040877227,1,1,1,0,0,0,0,1237661949174415823,1,0,25.92771,22.12903,20.33713,19.62575,19.0846,0.6486757,0.1063536,0.03793857,0.02847506,0.05207786,25.58791,22.35385,20.55575,19.766,19.27084,0.7443269,0.1186483,0.03735485,0.02710751,0.06014764,22.00237,21.15354,19.42498,18.69027,18.10834,1.027881,0.2091865,0.06366844,0.05307464,0.1189767,25.66181,21.01785,19.24959,18.46615,17.95918,1.832244,0.09272376,0.02932633,0.02068937,0.04577106,25.93808,21.00647,19.3287,18.59412,18.07942,0.6412563,0.1023831,0.03103341,0.02060694,0.04561736,19.4739,0.9647207,0.7822964,257,24577,24577,24577,24577,24577,0.09626066,0.07500565,0.05188856,0.03855876,0.02868064,25.56555,20.94285,19.1977,18.4276,17.9305,0.0890000015497208,0.680000007152557,2
902,54266,0.1571161,2.441003E-5,0,-0.565494621082477,-0.8078350590243,0.166187697914109,1,1,1,0,0,0,0,1237662636910117206,1,0,22.20188,20.4285,19.56285,19.05802,18.55661,0.1595993,0.02242275,0.0180817,0.0187403,0.0297749,21.88828,20.21092,19.1489,18.59793,18.18306,0.161677,0.0182441,0.01131811,0.008028355,0.02538803,20.07354,18.75714,17.76694,17.23585,16.83296,0.2753621,0.03241209,0.02441335,0.03496757,0.0558564,20.14275,18.50525,17.47644,16.9487,16.51031,0.09979191,0.01216383,0.007970182,0.007464284,0.0172061,19.26755,18.59858,17.61766,17.13655,16.68826,0.0947469,0.0122662,0.008079951,0.007543003,0.01743837,35.56594,0.3852291,0.9719242,257,24577,24577,24577,24577,24577,0.1573793,0.1226289,0.08483411,0.06304084,0.0468908,19.98537,18.38262,17.3916,16.88565,16.46342,0.754000008106232,0.231000006198883,1
903,53137,0.6840148,1.601962E-4,0,-0.539144331286554,-0.826151581721095,0.163697752157158,1,1,1,0,0,0,0,1237662534359975088,1,0,22.51299,22.18956,20.9029,19.97157,19.79274,0.2919138,0.08709624,0.04184594,0.02881112,0.09476488,23.1364,22.5447,21.22434,20.20152,20.04643,0.5501336,0.1309712,0.06233631,0.03640887,0.1344011,23.32687,22.15049,20.74449,19.77833,19.34021,1.768455,0.2589544,0.1083395,0.06941126,0.2192256,22.55371,22.17014,20.87423,19.91135,19.75074,0.3195625,0.0901057,0.04264868,0.02560783,0.09553548,22.55851,22.18481,20.87423,19.78113,19.41765,0.3693897,0.134268,0.04489877,0.02624683,0.09272852,3.377816,0.2238739,0.8673186,257,1,24577,24577,24577,24577,0.1788311,0.139344,0.09639754,0.0716337,0.05328232,22.37488,22.03079,20.77784,19.83972,19.69746,0.0,0.732999980449677,2
904,53498,0.1457661,3.59163E-5,0,-0.454669984769048,-0.881872381676772,0.124805077564379,1,1,1,0,0,0,0,1237662635839848903,1,0,21.977,19.81755,18.80184,18.27567,17.87468,0.1314992,0.02413572,0.01348197,0.01745922,0.02130419,21.99024,19.81819,18.67267,18.17385,17.80948,0.1654703,0.01448691,0.006389854,0.00633862,0.01777437,21.08088,18.92545,17.8573,17.35427,17.04307,0.2585427,0.02091428,0.01151747,0.01224222,0.02800874,21.16305,18.91523,17.78871,17.28459,16.93999,0.1271895,0.01163982,0.006914222,0.006494255,0.01394411,20.89857,18.82642,17.78863,17.27662,16.97048,0.1272019,0.01162432,0.006914222,0.006494749,0.01398725,5.732186,0.03657685,0.9637479,257,24577,24705,24577,24577,24577,0.2217747,0.1728054,0.119546,0.08883546,0.06607725,20.94128,18.74243,17.66916,17.19576,16.87392,0.218999996781349,0.718999981880188,2
905,53498,0.09007319,2.522015E-5,0,-0.461360097509992,-0.877888669205212,0.128290081092313,1,1,1,0,0,0,0,1237662635839652245,1,0,21.62304,19.88818,19.02152,18.59309,18.06736,0.1012677,0.02194374,0.01831307,0.01412617,0.02115574,21.42605,19.66202,18.72387,18.27272,17.90662,0.09090942,0.01076764,0.008409163,0.008038735,0.01512823,20.03181,18.49863,17.62131,17.25316,16.85896,0.1342225,0.01657905,0.0110542,0.01170101,0.03086723,20.16231,18.32532,17.39907,16.97495,16.59186,0.0888317,0.009722242,0.006626619,0.00652666,0.014361,19.86958,18.34272,17.4932,17.13799,16.68223,0.08998194,0.009825513,0.006696025,0.006580477,0.0144277,11.86151,0.08741447,0.9488299,257,24577,24577,24577,24577,24577,0.1986564,0.1547918,0.1070842,0.07957505,0.05918922,19.96366,18.17053,17.29198,16.89537,16.53267,0.207000002264977,0.689999997615814,2
906,53498,0.3629403,9.509242E-5,0,-0.461365283999513,-0.878548937315671,0.123668263760567,1,1,1,0,0,0,0,1237661950279352925,1,0,23.14097,21.76809,19.92353,19.2131,18.69113,0.526094,0.06209478,0.02227513,0.01966199,0.03908288,23.47946,21.87545,20.01857,19.30912,18.78693,0.7141588,0.07153881,0.02300653,0.0175882,0.04449717,22.23387,21.01175,19.07765,18.40001,18.02248,1.155879,0.1413491,0.04224108,0.03132997,0.09468179,22.51746,20.97479,19.07615,18.36448,17.86168,0.5776613,0.05519794,0.01748243,0.01349394,0.03317783,21.37405,20.83785,19.07621,18.41729,18.01433,0.6251456,0.07104579,0.01805919,0.01347237,0.03446872,7.433095,0.1916073,0.8651481,257,24577,24577,24577,24577,24577,0.2228266,0.173625,0.120113,0.08925682,0.06639067,22.29463,20.80116,18.95604,18.27523,17.79529,0.0649999976158142,0.709999978542328,2
907,51909,0.09017465,1.112811E-5,0,-0.887150865346752,0.461438021209089,0.00618827093376413,1,1,1,0,0,0,0,1237648721755570433,1,0,21.80237,20.703,19.79888,19.11749,18.56696,0.1854178,0.1316597,0.1197962,0.09394301,0.0958558,21.02414,19.64157,18.71012,18.11067,17.67255,0.1153193,0.06110404,0.05519016,0.05421384,0.05933166,20.68883,18.274,17.58829,16.93391,16.64694,0.7804439,0.173507,0.2050672,0.1687852,0.2086871,19.90516,18.59708,17.8007,17.14443,16.69737,0.07513661,0.01429716,0.01009556,0.008655959,0.0217353,19.86877,18.18735,17.54953,16.84608,16.54896,0.08209835,0.01497363,0.01050564,0.008908901,0.02211987,36.15977,0.5568711,0.8905117,257,24577,24577,24577,24577,24577,0.1327269,0.1034199,0.0715454,0.0531659,0.03954566,19.77244,18.49366,17.72916,17.09126,16.65782,0.820999979972839,0.0359999984502792,1
908,51909,0.09453683,1.244643E-5,0,-0.889218884053327,0.457396927523943,0.00882195752729844,1,1,1,0,0,0,0,1237654670810546223,1,0,18.9508,18.25801,18.0549,17.73872,17.60838,0.02870148,0.01692108,0.0177038,0.01111846,0.02256532,19.21334,18.4529,18.14391,17.84645,17.71007,0.02315976,0.006339085,0.006145597,0.007000306,0.01933659,18.64331,17.7755,17.33868,17.02958,16.82462,0.03790039,0.008144831,0.008259807,0.01006338,0.03021087,18.41465,17.63661,17.26879,16.95808,16.81935,0.02050755,0.005889182,0.005547367,0.006160694,0.01533054,18.67696,17.77668,17.28318,16.97611,16.76698,0.02014305,0.005863221,0.005555856,0.006173755,0.01624638,9.146858,0.04924835,0.814823,257,1,8193,8193,8193,8193,0.1475803,0.1149936,0.07955205,0.0591157,0.04397122,18.26707,17.52161,17.18924,16.89896,16.77538,0.14300000667572,0.742999970912933,2
909,51909,0.09452014,2.559104E-5,0,-0.889094231915473,0.457712194839136,0.00331564023628123,1,1,1,0,0,0,0,1237651801235325093,1,0,21.20232,19.16249,18.23091,17.75001,17.28978,0.09117594,0.02030149,0.01526394,0.02017888,0.02052251,21.1476,19.10442,18.07511,17.56162,17.20199,0.09868511,0.009454066,0.005058572,0.005572152,0.01488236,20.04551,18.05583,17.03021,16.53057,16.16943,0.1582536,0.01444519,0.01071238,0.009845294,0.02415976,19.98265,17.89809,16.85684,16.34975,15.98476,0.07713721,0.007507376,0.005114276,0.004837187,0.01146202,19.94985,17.93821,16.92465,16.43159,16.00322,0.08008946,0.007562348,0.005150252,0.004869322,0.01151894,13.15687,0.06892521,0.8571486,257,1,1,1,1,1,0.128803,0.1003625,0.06943028,0.05159415,0.03837657,19.85384,17.79773,16.78741,16.29816,15.94638,0.196999996900558,0.732999980449677,2
910,51909,0.1932934,4.443961E-5,0,-0.894425478721517,0.447115153966276,0.00954474240080175,1,1,1,0,0,0,0,1237651801772458273,1,0,22.54961,20.15498,18.83973,18.2649,17.9241,0.3088572,0.02750349,0.01745483,0.01748724,0.0254111,22.16249,20.10366,18.80383,18.25961,17.92796,0.2954866,0.02134719,0.01114841,0.01068113,0.02517803,19.83185,19.01138,17.6601,17.14276,17.22481,0.1782319,0.04587303,0.02214127,0.02166794,0.08409454,21.28605,18.97904,17.66161,17.11119,16.83648,0.2076709,0.01555352,0.008130508,0.007827619,0.01859473,18.45436,18.88988,17.66161,17.17547,17.08662,0.1176372,0.01553329,0.008130507,0.007823367,0.01845437,8.25557,0.08351696,0.8299916,257,1,1,1,1,1,0.1466422,0.1142626,0.07904635,0.05873991,0.04369171,21.13941,18.86478,17.58256,17.05245,16.79279,0.160999998450279,0.644999980926514,2
911,51941,0.1831185,1.663132E-5,0,-0.923749617217065,0.382994221542305,-0.00143908183536639,1,1,1,0,0,0,0,1237648721220862145,1,0,21.09671,19.64995,18.68545,18.17183,17.87233,0.07424157,0.01973989,0.01728965,0.0160874,0.02452665,20.9784,19.51452,18.51957,18.03385,17.71304,0.06611411,0.01117922,0.007211984,0.006951428,0.01830585,19.96824,18.48699,17.55408,17.10488,16.79549,0.1007069,0.01689604,0.01157816,0.01105888,0.03042046,19.97119,18.4544,17.46004,16.97761,16.64355,0.05245862,0.008976408,0.006130029,0.006024817,0.0141651,19.89548,18.37779,17.48547,17.06144,16.71836,0.06174741,0.008982092,0.006151969,0.006028932,0.01420385,8.680588,0.05395966,0.8937167,257,24577,24577,24577,24577,24577,0.2559657,0.1994467,0.1379763,0.1025312,0.07626438,19.71522,18.25496,17.32207,16.87508,16.56729,0.0710000023245811,0.85699999332428,2
912,53047,0.1325149,3.041984E-5,0,-0.303470054768782,0.718840154639143,0.625439651714701,1,1,1,0,0,0,0,1237651274027041044,1,0,21.52369,19.83894,18.8454,18.33537,17.94116,0.1339559,0.02146064,0.01659659,0.01797341,0.02700883,21.72843,19.92521,18.86395,18.42777,18.04535,0.1497038,0.01660115,0.01014912,0.008125495,0.02271757,20.80072,18.96268,17.94924,17.52788,17.11857,0.2713512,0.02545319,0.01603175,0.01553052,0.03891824,20.71236,18.92542,17.86105,17.41376,17.02097,0.1210548,0.01290871,0.008140209,0.007956044,0.01753437,20.63701,18.84927,17.86108,17.44677,17.02769,0.1187258,0.01289904,0.00814021,0.007958434,0.01753229,8.866198,0.08864304,0.8313657,257,24577,24577,24577,24577,24577,0.2591903,0.2019593,0.1397145,0.1038228,0.07722513,20.45317,18.72346,17.72134,17.30994,16.94374,0.0450000017881393,0.908999979496002,2
913,53859,0.1010986,2.684009E-5,0,-0.514483567258623,-0.847530798115496,0.130377165433798,1,1,1,0,0,0,0,1237662199362159065,1,0,21.75196,19.49777,18.55607,18.12702,17.7661,0.1261938,0.01970611,0.0137027,0.01804849,0.02326117,21.65186,19.46836,18.47257,18.04905,17.70634,0.1477603,0.008744838,0.007426332,0.005349316,0.01878264,21.57028,18.74096,17.76557,17.34713,17.00706,0.4169517,0.01365047,0.009388792,0.009470931,0.02786425,21.13096,18.70753,17.7006,17.27286,16.94327,0.1293834,0.009205378,0.006601194,0.006306028,0.0145532,21.36272,18.66013,17.70055,17.28655,16.94526,0.1262233,0.009198758,0.006601194,0.006304725,0.01454648,4.615362,0.02635482,0.9435743,257,24577,24577,24577,24577,24577,0.1543369,0.1202583,0.08319413,0.06182215,0.04598432,20.97662,18.58727,17.6174,17.21103,16.89729,0.158000007271767,0.763000011444092,2
914,53062,0.1427428,9.819918E-6,0,-0.964373800833926,0.161997738511101,0.209140873533644,1,1,1,0,0,0,0,1237661949711482974,1,0,20.95057,19.87436,19.18236,18.77747,18.37258,0.09243991,0.0247783,0.0262716,0.01950359,0.0374425,21.24013,20.0242,19.16446,18.74871,18.4284,0.1044214,0.01693697,0.01208843,0.01158815,0.02824339,19.90238,18.63523,17.7918,17.39774,17.16132,0.1693011,0.02286503,0.01706311,0.01723341,0.0546399,19.90882,18.60205,17.7771,17.35183,17.06284,0.07718199,0.0116361,0.008497109,0.008234756,0.0225695,19.76657,18.57202,17.76862,17.32843,17.06869,0.07794736,0.0116264,0.008515147,0.008329514,0.02283952,40.73559,0.5331993,0.80844,257,24577,24577,24577,24577,24577,0.1190539,0.09276601,0.0641751,0.04768898,0.03547184,19.78977,18.50929,17.71293,17.30414,17.02736,0.414000004529953,0.586000025272369,2
915,53055,0.1616633,4.742446E-5,0,-0.967347205062439,0.141290195582674,0.210419736455728,1,1,1,0,0,0,0,1237661949712007263,1,0,21.6762,19.95765,18.74589,18.22305,17.89221,0.1760532,0.0232356,0.02271291,0.02303706,0.03104295,22.05775,20.09863,18.92326,18.4534,18.0585,0.2124487,0.01582844,0.008980475,0.008318319,0.01987789,20.7317,18.86316,17.72868,17.21539,16.795,0.3793862,0.03048301,0.01744388,0.01529658,0.04085188,20.7476,18.80566,17.59352,17.10034,16.70848,0.1735969,0.013972,0.008053211,0.00741906,0.01782118,20.47567,18.72319,17.59353,17.0813,16.67266,0.2009271,0.0151824,0.008053211,0.007415927,0.01781853,16.10903,0.1704999,0.8003241,257,24577,24577,24577,24577,24577,0.1595054,0.1242856,0.08598018,0.06389248,0.04752427,20.5881,18.68138,17.50754,17.03645,16.66095,0.218999996781349,0.781000018119812,2
916,53055,0.1631575,4.818462E-5,0,-0.970835815247137,0.143653348962885,0.191941488910487,1,1,1,0,0,0,0,1237661811195379829,1,0,22.45553,20.46457,19.04214,18.45231,18.04592,0.3068381,0.03685666,0.02933982,0.02947291,0.03424102,22.63465,20.50269,19.15477,18.55552,18.10425,0.4058123,0.03269281,0.02239563,0.02010502,0.0305589,21.3632,19.04226,17.79297,17.20058,16.99943,0.6271623,0.0548333,0.04490189,0.04159776,0.06580534,21.02776,18.86309,17.54479,16.95764,16.55185,0.2448956,0.01779596,0.009049486,0.008350958,0.01948079,21.13022,18.99994,17.68793,17.09948,16.90192,0.2343668,0.01799377,0.009165927,0.008443203,0.01950484,28.14057,0.3895359,0.8024175,257,1,24577,24577,24577,24577,0.1719811,0.1340065,0.09270507,0.0688898,0.05124136,20.85578,18.72908,17.45209,16.88875,16.50061,0.0,0.800000011920929,2
917,53083,0.1739304,3.746327E-5,0,-0.969415979732731,0.110184836745602,0.219298791583935,1,1,1,0,0,0,0,1237661950249664680,1,0,22.0238,19.80668,18.56482,18.04906,17.83754,0.1874071,0.02404143,0.02686543,0.01925338,0.02420937,22.16935,20.01863,18.75517,18.27073,17.85554,0.1783637,0.01827083,0.01312041,0.01381429,0.01856528,22.01546,18.8345,17.57566,17.11133,16.84984,1.357999,0.03302632,0.02815605,0.03119734,0.05226139,21.24292,18.76041,17.51181,17.01032,16.64314,0.2624395,0.01358291,0.007558722,0.006779561,0.01644234,21.76109,18.7393,17.51181,17.03532,16.81152,0.2987432,0.0135817,0.007558723,0.006778865,0.01649428,15.72999,0.1519379,0.807627,257,24577,24577,24577,24577,24577,0.1833961,0.142901,0.09885827,0.07346229,0.05464244,21.05952,18.61751,17.41295,16.93686,16.5885,0.0500000007450581,0.800000011920929,2
918,53083,0.06481063,1.52698E-5,0,-0.970615555911161,0.104776566778402,0.216627130520161,1,1,1,0,0,0,0,1237661950249795819,1,0,20.10146,18.14664,17.1923,16.85555,16.47495,0.04742546,0.02204689,0.01740679,0.01600037,0.02467723,20.29364,18.40537,17.48228,17.02043,16.66783,0.04556729,0.005395009,0.003767137,0.003651515,0.008651682,19.10944,17.29314,16.38839,15.97114,15.62988,0.08961182,0.008827552,0.007751614,0.009360624,0.01731884,19.12889,17.21799,16.30343,15.87149,15.51361,0.03876337,0.004786436,0.003725061,0.00353166,0.006976393,19.06282,17.2119,16.32057,15.9264,15.55153,0.0388578,0.004794658,0.003732065,0.003536649,0.006973588,20.7546,0.0658154,0.7833181,257,24577,24577,24577,24577,24577,0.1474028,0.1148553,0.07945634,0.05904458,0.04391832,18.98149,17.10314,16.22398,15.81244,15.46969,0.570999979972839,0.400000005960464,1
919,53083,0.08853697,8.995786E-6,0,-0.970100206414136,0.109676967722197,0.216509935722395,1,1,1,0,0,0,0,1237661950249664530,1,0,19.3471,18.14523,17.61312,17.18282,17.09785,0.03209313,0.04286908,0.05525848,0.05027644,0.02917829,19.56145,18.33455,17.70774,17.35016,17.08579,0.0312033,0.03934284,0.04860415,0.0483726,0.02457279,17.99331,16.6827,16.09677,15.68719,15.59914,0.05690076,0.0778423,0.1258469,0.1161367,0.07361908,17.85632,16.53598,15.93083,15.54319,15.34521,0.02326606,0.004246448,0.00380726,0.003647615,0.008878327,18.01067,16.49858,15.93083,15.50027,15.51524,0.02320969,0.004245655,0.00380726,0.003646692,0.008849637,23.48075,0.0884031,0.807627,257,24577,24577,24577,24577,24577,0.1876921,0.1462484,0.101174,0.07518311,0.05592242,17.66862,16.38973,15.82965,15.46801,15.28929,0.0729999989271164,0.781000018119812,2
920,53083,0.1411276,3.310406E-5,0,-0.970793023783682,0.107746480306103,0.214363245344397,1,1,1,0,0,0,0,1237661812806910065,1,0,21.5878,19.96003,18.92031,18.43711,18.09029,0.1421367,0.02094215,0.02046904,0.02454455,0.03176812,21.75051,19.99372,18.93795,18.47596,18.1335,0.1651566,0.01581238,0.01035776,0.01003673,0.02919114,19.8623,18.41595,17.49982,17.12754,16.90227,0.1955359,0.02022634,0.014875,0.01709514,0.06010345,20.22863,18.51389,17.57516,17.13875,16.80175,0.1013344,0.01024544,0.007436489,0.00747591,0.02133728,19.49836,18.34664,17.38956,16.99878,16.6734,0.09914175,0.01017199,0.00755667,0.007548444,0.02137844,33.99083,0.3334282,0.8281248,257,1,8193,24577,24577,24577,0.1682803,0.1311229,0.09071019,0.06740739,0.05013872,20.06035,18.38276,17.48445,17.07134,16.75161,0.451999992132187,0.532000005245209,2
921,53083,0.3568629,8.511206E-5,0,-0.967662594771888,0.0999413613471922,0.231604894100724,1,1,1,0,0,0,0,1237661951323668652,1,0,23.68967,21.04291,19.23664,18.66543,18.1324,0.9216352,0.04844208,0.0193584,0.01860767,0.02621333,23.55178,21.2063,19.41035,18.77541,18.3698,0.7463704,0.04470489,0.01323622,0.01346213,0.02368189,21.37278,19.88114,18.18295,17.58563,17.21087,0.7355527,0.07882021,0.03114597,0.0286657,0.05562627,22.21173,19.91731,18.1087,17.49069,17.07224,0.6297325,0.03383071,0.01117392,0.009416198,0.02150367,21.63903,19.81295,18.10871,17.53371,17.15584,0.5398161,0.04078629,0.01117392,0.009410617,0.02146557,13.78719,0.2243195,0.8047048,257,24577,24577,24577,24577,24577,0.1426683,0.1111662,0.07690424,0.05714809,0.04250768,22.06907,19.80615,18.03179,17.43354,17.02973,0.0829999968409538,0.694000005722046,2
922,53138,0.08316824,1.108622E-5,0,-0.972069752855781,0.0739663006271473,0.222731636626759,1,1,1,0,0,0,0,1237661813344632913,1,0,20.77516,19.81995,19.04729,18.83608,18.60676,0.07284346,0.0222593,0.01932164,0.02406542,0.04308086,20.94222,19.65887,19.10676,18.77174,18.59503,0.07547508,0.01292424,0.01138896,0.0133071,0.03666572,18.88447,17.78368,17.33326,17.03097,16.94711,0.0787157,0.01325426,0.01323549,0.01798074,0.05927993,18.97395,17.78207,17.28825,16.97984,16.83642,0.04182677,0.008307717,0.007154305,0.00855864,0.02414095,18.7981,17.71292,17.28825,16.95369,16.87071,0.04143535,0.008290512,0.007154305,0.008721378,0.0243096,58.67928,0.5870812,0.7975385,257,1,24577,24577,24577,24577,0.1474071,0.1148586,0.07945863,0.05904628,0.04391958,18.82654,17.66721,17.20879,16.92079,16.7925,0.367000013589859,0.550999999046326,2
923,51910,0.1805429,2.358781E-5,0,-0.877778625518664,0.479060515614432,0.00238892482085966,1,1,1,0,0,0,0,1237651801234669760,1,0,21.55522,19.8653,18.97213,18.43706,18.06903,0.1197073,0.0217731,0.01954772,0.0166151,0.03253948,21.64692,19.96733,18.89668,18.37629,18.08253,0.1503978,0.0147813,0.01065227,0.009791472,0.02932311,20.26507,18.59263,17.59133,17.08074,16.84974,0.3200721,0.03192724,0.01905549,0.01912472,0.06885261,20.33636,18.65566,17.61444,17.09374,16.79829,0.1064642,0.01299718,0.008244382,0.007691768,0.02170393,20.27876,18.45476,17.61443,17.11553,16.90203,0.1061445,0.01295567,0.008244382,0.007690051,0.02168325,8.0188,0.08385623,0.8775418,257,1,1,1,1,1,0.179772,0.1400771,0.09690471,0.07201058,0.05356264,20.15659,18.51558,17.51753,17.02173,16.74473,0.611000001430511,0.305999994277954,1
924,51910,0.04568858,1.272167E-5,0,-0.879278548600223,0.476264395465986,0.00643891162419118,1,1,1,0,0,0,0,1237648721755177045,1,0,21.66192,20.45918,19.85216,19.5165,19.17949,0.1064437,0.02347493,0.02244762,0.0221514,0.05040617,21.59995,20.0902,19.42891,19.0136,18.67813,0.1166993,0.01774031,0.01478378,0.01513124,0.04322771,19.34179,18.09489,17.45087,17.06045,16.77574,0.1585133,0.02700981,0.09871566,0.02660384,0.0865816,19.45897,18.04253,17.38645,16.96939,16.61996,0.05872701,0.0104324,0.008442745,0.009111868,0.02437955,19.35451,18.04373,17.38645,17.00673,16.65162,0.05855166,0.0104312,0.008442746,0.009106425,0.02560915,148.9624,1.833143,0.884517,257,24577,24577,24577,24577,24577,0.1516532,0.1181671,0.08174747,0.06074714,0.04518471,19.30731,17.92436,17.3047,16.90864,16.57477,0.949000000953674,0.017000000923872,1
925,51910,0.02170249,5.150598E-5,0,-0.878630429647434,0.477380899992345,0.0107723915666394,1,1,1,0,0,0,0,1237651801771606273,1,0,21.37839,20.40421,20.03484,19.8704,19.32359,0.1210355,0.02943612,0.0243459,0.03035197,0.06627836,21.23759,20.1438,19.59112,19.33937,19.07312,0.09658387,0.02034614,0.01829204,0.02205476,0.0538324,18.38726,17.41885,16.81226,16.54724,16.45302,0.09984007,0.02027234,0.01503753,0.02247037,0.0750724,18.5954,17.40701,16.82828,16.56468,16.33803,0.0515411,0.01373193,0.01003098,0.01282914,0.02898991,17.88328,17.42793,16.79718,16.53071,16.37897,0.05302613,0.01372594,0.01019063,0.01292751,0.02897022,178.1464,2.576324,0.8327456,257,1,1,1,1,1,0.1639653,0.1277607,0.08838424,0.06567896,0.04885308,18.43143,17.27925,16.73989,16.499,16.28918,0.365000009536743,0.423000007867813,0
926,51909,0.08419621,1.183833E-5,0,-0.893618937926734,0.44873123514409,0.00924512762244536,1,1,1,0,0,0,0,1237651801772458199,1,0,21.05771,19.3646,18.52044,18.05919,17.74895,0.08133441,0.02275061,0.01658278,0.01697285,0.02222959,20.8945,19.27726,18.42809,17.9834,17.6784,0.07788376,0.01019202,0.008792125,0.00893924,0.01916782,19.81592,18.15409,17.38841,16.95869,16.56637,0.1331024,0.01807288,0.01593586,0.01699729,0.03580479,19.80419,18.05876,17.22579,16.77251,16.46527,0.06417981,0.00843146,0.00631276,0.006431928,0.01429168,19.70801,18.02543,17.27608,16.84036,16.42108,0.08500759,0.008474902,0.006351579,0.006456681,0.01435959,12.80708,0.09203129,0.8299916,257,1,1,1,1,1,0.1409598,0.1098349,0.07598328,0.05646372,0.04199863,19.66323,17.94893,17.1498,16.71604,16.42327,0.435000002384186,0.477999985218048,0
927,51630,0.09708638,2.930541E-5,0,-0.838249814704976,0.545125317190543,-0.0132527998921991,1,1,1,0,0,0,0,1237650795146641532,1,0,21.20904,19.42839,18.5383,18.1683,17.86808,0.08987527,0.0168351,0.01803975,0.01546117,0.02117781,21.33549,19.50864,18.63972,18.23772,17.93832,0.100073,0.01154079,0.006992881,0.00793034,0.01578674,20.49234,18.58341,17.69303,17.29731,16.98516,0.1923359,0.01703544,0.01358309,0.01315513,0.03165036,20.32049,18.50948,17.61596,17.20631,16.90706,0.08029953,0.009413605,0.006874374,0.006469062,0.01482088,20.26145,18.5251,17.61596,17.22889,16.92824,0.08057324,0.009412906,0.006874374,0.006470782,0.01482503,10.16925,0.07789372,0.8290308,257,24577,24577,24577,24577,24577,0.3113236,0.2425813,0.1678166,0.1247057,0.09275815,20.00916,18.2669,17.44814,17.0816,16.8143,0.0890000015497208,0.76800000667572,2
928,54266,0.04394179,1.363826E-5,0,-0.569509841337091,-0.805867628037797,0.161975018755782,1,1,1,0,0,0,0,1237662636373180657,1,0,21.55346,20.28039,19.94466,19.70272,19.27394,0.1023993,0.03000038,0.02392187,0.02631902,0.04381925,21.15806,19.87398,19.26239,18.95681,18.68899,0.08937411,0.01488037,0.01483763,0.01582036,0.02973775,18.98682,17.82846,17.31,17.00928,16.76141,0.09596722,0.01514778,0.01596458,0.0255766,0.0529271,19.11824,17.82092,17.27436,16.98556,16.77594,0.05946145,0.009440346,0.007825817,0.008651109,0.0269349,19.03673,17.79342,17.22639,16.90963,16.68097,0.05923594,0.009434689,0.007971503,0.008895941,0.02774458,73.67088,0.7511522,0.9642538,257,24577,24577,24577,24577,24577,0.1657649,0.1291629,0.08935428,0.06639981,0.04938925,18.95248,17.69175,17.18501,16.91916,16.72655,0.722000002861023,0.277999997138977,1
929,54266,0.1009122,2.609356E-5,0,-0.572202522514336,-0.80541602129393,0.154561657183424,1,1,1,0,0,0,0,1237662635836309827,1,0,21.16936,19.18921,18.33049,17.92552,17.47258,0.07630174,0.02271234,0.01360225,0.01236309,0.02165709,21.17504,19.23134,18.24525,17.8275,17.46032,0.07308145,0.009731095,0.004829646,0.004676289,0.01377606,20.17049,18.35111,17.38869,16.97861,16.60969,0.1175991,0.01994651,0.01689951,0.01684185,0.02625873,20.29157,18.32658,17.35729,16.93946,16.55992,0.0649022,0.008121922,0.005575048,0.005519802,0.01106225,20.10986,18.30801,17.35729,16.95892,16.58845,0.06472367,0.008115589,0.005575047,0.005518899,0.01105979,5.048555,0.02144369,0.9609769,257,24577,24577,24577,24577,24577,0.1543995,0.1203071,0.08322788,0.06184724,0.04600298,20.13717,18.20627,17.27407,16.87761,16.51391,0.129999995231628,0.782999992370605,2
930,53859,0.04554525,4.910162E-6,0,-0.513871367930365,-0.846630555714431,0.138394072676719,1,1,1,0,0,0,0,1237662199899029547,1,0,20.69868,19.83629,19.53074,19.27793,18.9639,0.05713435,0.3883108,0.3506521,0.3133233,0.06301158,20.52097,19.53039,19.09591,18.7909,18.57542,0.04436388,0.4030277,0.3493214,0.3170414,0.05155654,18.85905,17.79924,17.37597,17.0758,17.04405,0.176513,0.7508371,0.5978373,0.6081568,0.1458392,19.00092,17.8563,17.43197,17.14622,16.97175,0.0346616,0.007945195,0.007657983,0.008770868,0.02176934,18.75879,17.74348,17.31233,17.01627,16.90221,0.03456321,0.008123086,0.007858355,0.008981867,0.02229154,72.26567,0.8172408,0.9045142,257,24577,24577,24577,24577,24577,0.1730322,0.1348255,0.09327167,0.06931084,0.05155453,18.82789,17.72148,17.3387,17.07691,16.9202,0.904999971389771,0.0729999989271164,1
931,51910,0.08455484,1.703586E-5,0,-0.876470004173987,0.480989220492548,-0.0212061678108761,1,1,1,0,0,0,0,1237654668662407201,1,0,21.66134,20.30439,19.81852,19.49836,19.07422,0.1442417,0.03019958,0.02174696,0.02730035,0.06023131,21.70194,20.31549,19.61989,19.24131,18.9469,0.1241265,0.0218989,0.01861083,0.01809088,0.05744086,18.61129,17.87287,17.2459,16.92399,17.2108,0.1090664,0.02679095,0.02215969,0.02757847,0.1403685,19.06475,17.83866,17.22381,16.88406,16.74785,0.07015847,0.01180477,0.01004773,0.01153858,0.0379708,18.30924,17.7571,17.12064,16.76636,16.87276,0.06934583,0.01176871,0.01037377,0.01200348,0.03847556,137.8734,2.260981,0.814961,257,1,1,8193,24577,24577,0.2659187,0.2072021,0.1433414,0.106518,0.07922985,18.79884,17.63145,17.08047,16.77754,16.66862,0.600000023841858,0.300000011920929,1
932,51910,0.0211566,2.958826E-5,0,-0.875492730485255,0.483117142540525,0.0105026401895453,1,1,1,0,0,0,0,1237651801771475055,1,0,22.52094,20.74185,20.71616,20.3527,20.04768,0.2705895,0.05820499,0.086542,0.0886633,0.149946,21.92453,20.5234,19.99451,19.78263,19.67511,0.1845664,0.0506961,0.05698521,0.06953762,0.1072835,18.93572,17.97949,17.47803,17.34155,17.94532,0.1850851,0.06432821,0.07758703,0.09842039,0.3536011,19.46555,17.95393,17.49115,17.29474,17.32468,0.09827403,0.01378233,0.01690949,0.02315305,0.06159799,18.95666,17.90147,17.47675,17.32799,17.55904,0.1131296,0.01377007,0.01703809,0.02313078,0.07312478,129.8456,2.922375,0.8641079,257,1,1,1,1,1,0.1332711,0.103844,0.07183877,0.05338391,0.03970782,19.33228,17.85009,17.41931,17.24136,17.28497,0.35699999332428,0.428999990224838,0
933,51910,0.044733,1.602006E-5,0,-0.874390386166933,0.485116510723019,0.0101697395623054,1,1,1,0,0,0,0,1237651801771409611,1,0,19.95878,18.10142,17.35304,16.92255,16.50113,0.03797673,0.0128896,0.01467343,0.02179225,0.01440618,20.04106,18.1385,17.23564,16.82442,16.51608,0.03577686,0.005361362,0.003673069,0.00305443,0.00646191,18.80682,17.07575,16.2004,15.80795,15.5154,0.07372175,0.02350316,0.02463634,0.02261151,0.02574716,18.88082,16.98752,16.10367,15.69817,15.38431,0.03057682,0.004561982,0.003614018,0.003666204,0.006540959,18.70094,16.95444,16.10367,15.71981,15.44324,0.03041981,0.004560677,0.003614018,0.003665553,0.006538484,9.004519,0.02072076,0.8555285,257,1,1,1,1,1,0.1197622,0.0933179,0.06455689,0.04797269,0.03568287,18.76105,16.89421,16.03911,15.6502,15.34863,0.166999995708466,0.800000011920929,2
934,53083,0.2006447,3.418919E-5,0,-0.968680576636417,0.107287823925957,0.223935846359112,1,1,1,0,0,0,0,1237661950786601180,1,0,22.59091,19.86469,18.62471,18.1179,17.8383,0.4364547,0.03109287,0.02494609,0.02478113,0.02209918,22.8011,20.17841,18.8421,18.3275,17.91296,0.4292186,0.01866025,0.009498074,0.008943089,0.01829772,21.54673,18.75426,17.47844,17.01023,16.61211,0.9313817,0.03438324,0.01794209,0.01632635,0.03667565,21.55934,18.70174,17.40403,16.86877,16.49374,0.3555942,0.01523094,0.00748535,0.007006197,0.01407905,21.23118,18.57207,17.40401,16.9287,16.55503,0.335187,0.01521048,0.00748535,0.007002702,0.01415288,18.06309,0.1781529,0.7874011,257,24577,24577,24577,24577,24577,0.1568691,0.1222314,0.0845591,0.06283648,0.04673879,21.40247,18.57951,17.31947,16.80593,16.447,0.0370000004768372,0.888999998569489,2
935,53083,0.1997036,4.333602E-5,0,-0.96895191394685,0.10571686680911,0.223508685582463,1,1,1,0,0,0,0,1237661950786666636,1,0,21.75552,20.05614,18.78283,18.41055,17.99208,0.1571474,0.03569971,0.01771373,0.02295452,0.02259126,21.98302,20.3365,19.07033,18.55227,18.1904,0.1870046,0.02213748,0.01114217,0.01040791,0.02270052,20.29805,19.01225,17.81452,17.31478,16.92485,0.2689583,0.04119112,0.02306672,0.02107062,0.04579836,20.68945,19.03797,17.7815,17.27927,16.92048,0.1421117,0.01745958,0.009009783,0.00833115,0.01778126,20.59363,18.96357,17.78157,17.31888,16.99178,0.1381229,0.01744873,0.009009785,0.008325905,0.0177689,15.98726,0.1985766,0.7779416,257,24577,24577,24577,24577,24577,0.1463465,0.1140322,0.07888697,0.05862147,0.04360361,20.5431,18.92393,17.70261,17.22064,16.87687,0.068000003695488,0.853999972343445,2
936,53083,0.1007119,2.317615E-5,0,-0.968327172849849,0.0950084428472728,0.2309023215742,1,1,1,0,0,0,0,1237661951323799646,1,0,20.70883,18.84328,17.97444,17.4978,17.13772,0.0874997,0.02241958,0.0171321,0.0207026,0.0293194,21.01903,19.02419,18.02944,17.59781,17.21615,0.090593,0.007950784,0.00496154,0.005364392,0.01009422,19.37808,17.56045,16.62378,16.20051,15.8556,0.1350088,0.01731326,0.01433527,0.01366375,0.02099652,19.39633,17.44092,16.47076,16.02622,15.66226,0.06653588,0.006366188,0.004417433,0.004283938,0.008626427,19.2963,17.44073,16.5008,16.08179,15.71195,0.06866516,0.006409521,0.004438409,0.004305175,0.008666337,20.72875,0.093978,0.8187863,257,24577,24577,24577,24577,24577,0.1340833,0.1044768,0.07227658,0.05370925,0.03994981,19.26225,17.33644,16.39849,15.97252,15.62231,0.234999999403954,0.725000023841858,2
937,51909,0.09527286,2.577469E-5,0,-0.8872963918831,0.460914749141219,0.0162082378844623,1,1,1,0,0,0,0,1237651752387674261,1,0,21.03541,19.33836,18.4822,18.10375,17.73006,0.08984538,0.02090064,0.01445845,0.0194772,0.02484077,21.17662,19.35237,18.38592,17.94544,17.62704,0.1005809,0.01152103,0.007520044,0.007545925,0.01997524,18.97257,17.6061,16.71769,16.29909,16.10585,0.1271441,0.01746896,0.01214397,0.01336823,0.04557091,19.25732,17.47119,16.5254,16.09401,15.78308,0.06837815,0.008045305,0.005529909,0.005650574,0.01431657,18.51983,17.36879,16.52539,16.131,15.87087,0.06960947,0.008048957,0.005529909,0.005649607,0.01440415,18.84561,0.1345398,0.8210754,257,24577,24577,24577,24577,24577,0.1527062,0.1189877,0.08231511,0.06116895,0.04549846,19.10462,17.3522,16.44308,16.03284,15.73758,0.5,0.46900001168251,1
938,51909,0.08177959,1.702453E-5,0,-0.888113248823377,0.459275290249623,0.0179182875998578,1,1,1,0,0,0,0,1237651752387739910,1,0,21.40748,19.92158,19.39344,19.12673,18.78318,0.109675,0.03085316,0.02092168,0.02933664,0.04621033,21.40511,19.8676,19.16903,18.77722,18.54267,0.09896738,0.01790895,0.01490811,0.01625131,0.04457077,18.98738,17.68663,17.15073,16.76345,16.72493,0.1204558,0.01917262,0.01558891,0.02209224,0.0759244,19.19349,17.77761,17.14369,16.77174,16.56571,0.06267048,0.009290542,0.007928614,0.008716487,0.02708379,19.01671,17.60407,17.03242,16.61891,16.55957,0.06156229,0.009463402,0.008193653,0.009051992,0.02791715,75.30389,0.9249291,0.8156766,257,24577,24577,24577,24577,24577,0.1453857,0.1132835,0.07836903,0.05823659,0.04331733,19.04811,17.66433,17.06532,16.71351,16.52239,0.75,0.214000001549721,1
939,51909,0.1122466,1.840345E-5,0,-0.888077144417579,0.459694201360389,-4.76233925089669E-4,1,1,1,0,0,0,0,1237648721218764929,1,0,21.5294,20.23196,19.41419,18.97786,18.63146,0.09355433,0.02332395,0.01762919,0.01700314,0.03516738,21.31735,19.9319,19.09106,18.64282,18.37818,0.09003575,0.0155709,0.01110463,0.009669677,0.03258351,19.31081,18.27167,17.58301,17.17645,16.98442,0.08885203,0.0186835,0.01544188,0.01752548,0.05725633,19.67782,18.40329,17.63018,17.20227,16.91451,0.05450826,0.0100756,0.007548631,0.007823897,0.02230688,19.13383,18.21008,17.48456,17.0256,16.81836,0.05865479,0.01027662,0.007734968,0.00799612,0.02264022,32.48381,0.3339767,0.8808066,257,24577,24577,24577,24577,24577,0.115015,0.08961894,0.06199796,0.04607113,0.03426846,19.5628,18.31367,17.56818,17.1562,16.88024,0.647000014781952,0.324000000953674,1
940,51909,0.09537001,1.728916E-5,0,-0.886466916290439,0.462791074788419,-9.09625582472494E-4,1,1,1,0,0,0,0,1237648721218634007,1,0,20.42273,18.53461,17.6612,17.2485,16.90537,0.04161556,0.01302581,0.01374485,0.01300601,0.02368268,20.40556,18.46954,17.49521,17.06419,16.71263,0.03859653,0.005069866,0.003846717,0.003144656,0.007217379,18.99216,17.15867,16.19753,15.7653,15.39865,0.06878509,0.008440487,0.006171081,0.006559648,0.01485045,18.951,17.08533,16.11569,15.69776,15.33339,0.03272793,0.00478852,0.003481084,0.003509397,0.007091817,18.86521,17.08144,16.11569,15.70823,15.37681,0.03557184,0.00478841,0.003481084,0.003509275,0.007089759,10.05218,0.02504024,0.8863029,257,24577,24577,24577,24577,24577,0.1082966,0.08438399,0.05837645,0.04337996,0.03226672,18.8427,17.00095,16.05732,15.65438,15.30112,0.0419999994337559,0.930999994277954,2
941,51883,0.05379997,6.826197E-6,0,-0.908343830478396,0.418074634088362,0.0111841836410446,1,1,1,0,0,0,0,1237648722293686378,1,0,20.62514,19.32547,18.36974,17.7744,17.30936,0.04859414,0.02131863,0.01648133,0.01635571,0.0177339,20.21737,18.75053,17.89737,17.32325,16.92512,0.04017072,0.009799872,0.006549391,0.005653455,0.009404398,18.08963,16.62954,15.90503,15.44939,15.19211,0.04300892,0.01555921,0.01392187,0.0134479,0.01717572,18.30907,16.6793,15.91549,15.43227,15.10045,0.02283547,0.005032452,0.003625281,0.0034748,0.006455006,18.21344,16.62963,15.90273,15.42531,15.0988,0.02266778,0.005017688,0.00364375,0.003531245,0.006594717,77.54288,0.265764,0.8633012,257,24577,24577,24577,24577,24577,0.1934012,0.1506969,0.1042514,0.07746998,0.05762343,18.11567,16.5286,15.81124,15.3548,15.04282,0.358000010251999,0.0379999987781048,0
942,53035,0.09834693,1.976774E-5,0,-0.314450853040648,0.681091803747598,0.661237185803892,1,1,1,0,0,0,0,1237673310428856407,1,0,20.7827,18.67394,17.80742,17.27713,16.71969,0.08892259,0.02135197,0.01563776,0.01818227,0.0153874,20.63962,18.73045,17.6246,17.11119,16.76264,0.07615135,0.01582378,0.008481869,0.01213306,0.008284467,20.15375,17.42637,16.2952,15.79832,15.38055,0.4541601,0.04629798,0.03188825,0.03358363,0.02192662,19.51858,17.34666,16.24077,15.72823,15.29006,0.06099652,0.005318911,0.003941123,0.003693813,0.007457747,20.04734,17.34283,16.24071,15.773,15.30355,0.07089079,0.005318842,0.003941124,0.003691166,0.007456344,8.119205,0.02524436,0.9101305,257,16385,24577,24577,24577,24577,0.1941452,0.1512766,0.1046525,0.07776801,0.05784512,19.32444,17.19538,16.13612,15.65046,15.23221,0.340000003576279,0.584999978542328,2
943,51630,0.2418427,6.208525E-5,0,-0.831049041976057,0.555774411806406,0.0217323034195731,1,1,1,0,0,0,0,1237651752921792753,1,0,23.13556,20.99263,19.57585,19.04244,18.48052,0.564424,0.04198806,0.02097512,0.02125556,0.03631181,23.1296,21.04145,19.43061,18.82316,18.39679,0.5899436,0.04281616,0.01730292,0.01455629,0.03823544,21.11812,19.7732,18.04134,17.50274,17.11726,0.7265335,0.09122581,0.03448417,0.0308168,0.08606637,21.92089,19.53252,17.90193,17.29835,16.88795,0.6176895,0.03237873,0.0126964,0.01075962,0.0282563,20.4219,19.59672,17.90193,17.34184,17.03425,0.4054797,0.03253436,0.0126964,0.01076563,0.02979229,13.88087,0.2690949,0.8248816,257,24577,24577,24577,24577,24577,0.6528832,0.5087221,0.3519316,0.2615229,0.194525,21.26801,19.0238,17.55,17.03683,16.69342,0.0769999995827675,0.884999990463257,2
944,51633,0.0928099,1.568716E-5,0,-0.863537858927439,0.504141228141952,0.0119995119291941,1,1,1,0,0,0,0,1237648722291196127,1,0,20.56648,18.70018,17.64398,17.28662,16.94279,0.05063727,0.02169179,0.01492503,0.0193456,0.01824756,20.60371,18.57728,17.59393,17.16844,16.78813,0.05210451,0.006400393,0.003509945,0.004199377,0.008695903,18.88847,17.18534,16.2311,15.77768,15.43907,0.07555498,0.008737436,0.004968468,0.005920638,0.01511454,19.1329,17.13325,16.15341,15.72236,15.35541,0.03790745,0.005030682,0.003596706,0.003688835,0.006825032,18.89054,17.0857,16.15342,15.714,15.38437,0.03773131,0.005028658,0.003596705,0.003688827,0.006823261,12.40478,0.03570183,0.8434237,257,24577,24577,24577,24577,24577,0.1053827,0.08211346,0.05680571,0.04221273,0.03139852,19.02751,17.05113,16.09661,15.68015,15.32401,0.279000014066696,0.685999989509583,2
945,51608,0.4126267,1.182178E-4,0,-0.854643167112374,0.519186111883643,0.00555320945728042,1,1,1,0,0,0,0,1237648721753932332,1,0,23.72231,22.16849,20.35668,19.70868,19.26199,0.5243061,0.08241886,0.03035041,0.02735362,0.05614606,23.68055,21.90375,20.18517,19.49647,18.99118,0.6298179,0.06730349,0.02155164,0.01806863,0.05735186,22.52173,21.2043,19.06099,18.41077,18.13116,1.251744,0.1996133,0.04453431,0.03811712,0.1254734,22.85839,20.65718,18.80606,18.14218,17.66053,0.8450918,0.08155162,0.01972427,0.01802866,0.04437464,22.19003,20.99249,18.99308,18.42288,17.98751,0.4978245,0.08510949,0.02005077,0.01822028,0.04452578,15.69589,0.4940904,0.8700953,257,24577,24577,24577,24577,24577,0.1289914,0.1005092,0.06953181,0.05166958,0.03843268,22.72939,20.55667,18.73653,18.09051,17.6221,0.0359999984502792,0.60699999332428,2
946,51633,0.03290842,1.222709E-5,0,-0.870270327585466,0.492570176319856,-0.00204409503519523,1,1,1,0,0,0,0,1237648721217782054,1,0,20.95868,19.58537,18.87763,18.7411,18.37211,0.06002117,0.02321702,0.01910981,0.01687886,0.03188583,20.81722,19.32874,18.62066,18.24718,17.97403,0.0601949,0.01025114,0.007780028,0.008110433,0.02292426,19.14856,17.7181,17.05051,16.65676,16.431,0.08689364,0.0162335,0.01280914,0.01417277,0.03829592,18.94403,17.45961,16.78061,16.41189,16.11902,0.04035836,0.007151803,0.005688293,0.006040854,0.01607053,19.04006,17.65627,17.00379,16.57656,16.30838,0.04125912,0.007326024,0.005809704,0.006212254,0.01657695,29.71701,0.2075575,0.8552517,257,24577,24577,24577,24577,24577,0.154422,0.1203246,0.08323999,0.06185623,0.04600967,18.78961,17.33928,16.69737,16.35003,16.07301,0.291999995708466,0.630999982357025,2
947,51909,0.1845828,5.349536E-5,0,-0.883942539671694,0.467554063692181,-0.00622768686457427,1,1,1,0,0,0,0,1237654669736542402,1,0,21.55145,19.99434,18.99395,18.48119,18.09837,0.1408547,0.02437251,0.01862784,0.02544514,0.03981793,21.68574,20.05427,18.89995,18.41524,18.06296,0.1639168,0.01865912,0.01639507,0.02640815,0.03692761,20.63806,18.78393,17.80357,17.30447,17.05424,0.3023386,0.0307194,0.02830476,0.04754203,0.07055727,20.4566,18.73005,17.60447,17.10916,16.77577,0.1308461,0.01400494,0.008164462,0.007953009,0.02173505,20.64062,18.5462,17.68408,17.17352,16.96806,0.1261879,0.01402458,0.008235839,0.008025525,0.0219121,13.80964,0.148697,0.8321,257,1,1,1,1,1,0.1382522,0.1077252,0.07452378,0.05537915,0.04119192,20.31835,18.62233,17.52995,17.05378,16.73458,0.104999996721745,0.632000029087067,2
948,51909,0.09644814,3.158319E-5,0,-0.882927650242888,0.469391185190823,0.0105204420879445,1,1,1,0,0,0,0,1237651801771868425,1,0,21.05586,19.09516,18.09277,17.62884,17.3035,0.08257058,0.03755255,0.0139757,0.01947815,0.02150274,21.13779,19.16838,18.12775,17.69066,17.34061,0.09304356,0.01012672,0.006304216,0.006352609,0.01413376,20.06632,18.22067,17.20377,16.78402,16.46625,0.1434662,0.0144333,0.009547067,0.009944402,0.02384003,20.15516,18.18677,17.1548,16.7079,16.37052,0.07183447,0.008331152,0.005540763,0.005629353,0.01129152,19.84891,18.1351,17.15479,16.75944,16.44819,0.08341155,0.008326984,0.005540763,0.005626992,0.01127976,7.898414,0.04189649,0.8237717,257,1,1,1,1,1,0.1488938,0.116017,0.08026005,0.05964182,0.04436255,20.00626,18.07076,17.07454,16.64825,16.32616,0.333000004291534,0.635999977588654,2
949,53083,0.1306201,2.279548E-5,0,-0.968882788917399,0.107360375230525,0.223024418326789,1,1,1,0,0,0,0,1237661813343780955,1,0,21.3287,19.81672,19.00249,18.48861,18.13014,0.1047469,0.03302899,0.02790651,0.0198659,0.03105358,21.31207,19.84635,18.93093,18.4534,18.12705,0.09346126,0.01473305,0.01014168,0.01053022,0.02497162,19.35694,18.13685,17.18671,16.74333,16.42507,0.1263157,0.0186719,0.01181025,0.01441285,0.03814351,19.5267,18.11833,17.18716,16.73026,16.4122,0.06461897,0.009366691,0.006554818,0.00699629,0.01662349,19.44197,18.061,17.09173,16.62391,16.26962,0.06422665,0.009527985,0.006701602,0.007168412,0.01714427,51.94918,0.4619535,0.8176722,257,1,24577,24577,24577,24577,0.1492577,0.1163006,0.0804562,0.05978758,0.04447098,19.37744,18.00203,17.10671,16.67047,16.36772,0.0879999995231628,0.852999985218048,2
950,54266,0.09639294,7.235496E-6,0,-0.56858298179199,-0.807780920422915,0.155574346912457,1,1,1,0,0,0,0,1237661950812881291,1,0,20.18235,19.00279,18.74577,18.41714,18.14621,0.04541495,0.01650318,0.01573877,0.01928887,0.03047391,20.2215,19.17371,18.64155,18.27181,18.12572,0.0463042,0.008719913,0.00808209,0.008214495,0.02076544,19.201,18.20295,17.72405,17.39265,17.20807,0.0640619,0.01154657,0.01074537,0.01153704,0.03246832,19.35307,18.2819,17.78273,17.41063,17.27368,0.03605339,0.007794988,0.006709182,0.006841966,0.01665505,19.05862,18.1207,17.66046,17.30835,17.17889,0.03605818,0.007824551,0.006758263,0.006891181,0.01679156,12.41931,0.09072374,0.8714266,257,24577,24577,24577,24577,24577,0.1742062,0.1357403,0.0939045,0.0697811,0.05190432,19.17887,18.14616,17.68883,17.34085,17.22178,0.103000000119209,0.620999991893768,2
951,53137,0.04042561,1.275105E-5,0,-0.536281780313125,-0.828091114349714,0.163300209550492,1,1,1,0,0,0,0,1237662534360105167,1,0,21.28655,20.06913,19.67719,19.47913,18.96971,0.104982,0.02976165,0.02999116,0.03702913,0.05127025,21.15554,19.93796,19.3569,19.00514,18.77283,0.08849273,0.02377637,0.02487583,0.02596056,0.04760661,18.36736,17.26089,16.74119,16.6189,16.62803,0.1250525,0.03508206,0.02559241,0.05477802,0.1096759,18.22466,17.13929,16.67268,16.43587,16.23807,0.04633065,0.006932419,0.006829393,0.00774143,0.02508945,18.10206,17.11953,16.61465,16.4506,16.30505,0.04596445,0.006929601,0.00699984,0.00795475,0.02572134,279.465,3.326374,0.8817241,257,1,24577,24577,24577,24577,0.1820615,0.1418611,0.09813882,0.07292766,0.05424478,18.0426,16.99743,16.57454,16.36294,16.18383,0.929000020027161,0.0359999984502792,1
952,53137,0.04046942,2.438052E-5,0,-0.529831254548153,-0.831485605367736,0.167064447954017,1,1,1,0,0,0,0,1237662637448036694,1,0,20.92222,19.14681,18.5697,18.2334,17.89928,0.06501736,0.01901728,0.01357716,0.02291354,0.02466201,20.64733,18.98754,18.23182,17.86372,17.57407,0.06370256,0.007940681,0.005001247,0.006040549,0.01682481,19.36538,17.86431,17.09288,16.73012,16.46854,0.09508839,0.01161383,0.01004307,0.01090056,0.02859077,19.39739,17.7091,16.94809,16.59092,16.29785,0.0468086,0.006260142,0.005121054,0.005091681,0.01257923,19.22806,17.76492,16.98864,16.62654,16.34503,0.04712304,0.006296888,0.00515183,0.005119097,0.01265207,9.836959,0.04434951,1.0,257,24577,24577,24577,24577,24577,0.2117331,0.164981,0.1141331,0.08481313,0.06308538,19.18566,17.54412,16.83396,16.5061,16.23476,0.128999993205071,0.805999994277954,2
953,53859,0.1882503,3.672709E-5,0,-0.514373172324531,-0.846143948102579,0.139501464802986,1,1,1,0,0,0,0,1237662635838079543,1,0,22.35706,20.44247,19.1092,18.63996,18.21862,0.1861409,0.03105361,0.02031454,0.02230306,0.02715551,22.1592,20.27928,18.99146,18.44472,18.08604,0.1920638,0.01988379,0.0116768,0.01023213,0.02236645,20.48958,18.83392,17.48938,17.00229,16.74234,0.3055594,0.04209692,0.01813046,0.01702503,0.04312423,20.64876,18.5576,17.23598,16.71171,16.37828,0.1625868,0.01443874,0.007234304,0.006758414,0.0159577,20.54479,18.62955,17.29776,16.79198,16.54186,0.2110253,0.01457176,0.007302828,0.006774862,0.01593783,17.69224,0.1670256,0.908783,257,24577,24577,24577,24577,24577,0.1730639,0.1348502,0.09328874,0.06932353,0.05156397,20.4757,18.42275,17.14269,16.64239,16.32672,0.145999997854233,0.771000027656555,2
954,53228,0.1581671,3.008944E-5,0,-0.474652969657967,-0.865883984538192,0.15795405570968,1,1,1,0,0,0,0,1237668348684402894,1,0,21.24021,19.63923,18.7083,18.32389,17.92934,0.1012387,0.01743163,0.01770033,0.01628702,0.02178655,21.46468,19.83937,18.79119,18.33842,17.98608,0.1104984,0.01421187,0.008816808,0.008073571,0.0175949,20.48415,18.52836,17.52061,17.13678,16.8352,0.2496225,0.02036902,0.01340859,0.012203,0.03096735,20.04468,18.38365,17.35155,16.91581,16.56469,0.08718073,0.01073036,0.006829436,0.006406032,0.01355193,20.37117,18.41116,17.40263,17.03758,16.72069,0.08407905,0.01082046,0.006875249,0.006453619,0.01362673,19.18522,0.1542836,0.8467475,257,24577,24577,24577,24577,24577,0.2046276,0.1594444,0.1103029,0.08196688,0.0609683,19.84005,18.22421,17.24125,16.83384,16.50372,0.0850000008940697,0.814000010490417,2
955,51608,0.0466621,6.674309E-6,0,-0.84787171957225,0.529922845521621,0.0171850209154464,1,1,1,0,0,0,0,1237650797294583854,1,0,19.74261,18.86411,18.52467,18.23594,18.01545,0.03039525,0.01381094,0.01639834,0.01257598,0.02652323,19.85631,18.94714,18.59776,18.31096,18.12898,0.03252932,0.007785902,0.007683794,0.008444624,0.02278669,19.27551,18.22209,17.84228,17.5527,17.47307,0.05428451,0.009831064,0.01042024,0.01194239,0.03998723,19.20087,18.23854,17.87983,17.6122,17.43661,0.02802842,0.006834887,0.006765597,0.007432965,0.01953089,19.26484,18.18648,17.78329,17.48216,17.44497,0.0274993,0.00684497,0.006795018,0.007468617,0.02027876,12.34595,0.09244904,0.8233708,257,24577,24577,24577,24577,24577,0.245246,0.191094,0.132198,0.09823725,0.07307047,18.95562,18.04745,17.74763,17.51397,17.36354,0.268999993801117,0.615000009536743,2
956,51633,0.06499501,5.895408E-6,0,-0.861484463445116,0.507771149457981,0.00360264080946991,1,1,1,0,0,0,0,1237651801233883164,1,0,19.89336,18.79514,18.23919,17.76077,17.55344,0.04057701,0.01415832,0.01363417,0.01502973,0.02222632,19.91523,18.8081,18.1356,17.66343,17.43864,0.03594687,0.006569985,0.005226308,0.006072049,0.01772003,18.62981,17.48044,16.84952,16.40638,16.21219,0.05621883,0.01087069,0.009387727,0.009482845,0.02956808,18.55504,17.39685,16.72767,16.2623,16.03616,0.02927397,0.006064238,0.005142677,0.004993356,0.01323119,18.61673,17.33138,16.72768,16.30692,16.17922,0.02925377,0.006060502,0.005142677,0.004991289,0.01318922,8.255795,0.04365291,0.8603984,257,1,1,1,1,1,0.1166954,0.09092825,0.06290374,0.04674422,0.03476911,18.43835,17.30592,16.66476,16.21555,16.00139,0.402999997138977,0.580999970436096,2
957,51633,0.09259247,1.983954E-5,0,-0.862499052115386,0.505972780966145,0.00932362705425378,1,1,1,0,0,0,0,1237651801770819724,1,0,19.83668,18.28228,17.78498,17.55347,17.32811,0.03677746,0.01928951,0.01527541,0.01919463,0.01734061,19.99682,18.44267,17.88083,17.61943,17.40341,0.04179641,0.007800608,0.005199865,0.007290873,0.01558159,19.47951,17.87616,17.25515,16.96907,16.79343,0.06208495,0.01092299,0.009771054,0.0103962,0.02235522,19.3778,17.82179,17.2298,16.96832,16.74875,0.03227866,0.006125782,0.005285812,0.00575712,0.01210459,19.52565,17.86589,17.2298,16.94891,16.77836,0.03208088,0.006119565,0.005285812,0.005756198,0.01208797,4.933395,0.01948187,0.8319721,257,1,1,1,1,1,0.1125778,0.08771987,0.0606842,0.04509486,0.03354229,19.26522,17.73408,17.16911,16.92322,16.71521,0.103000000119209,0.517000019550323,2
958,53035,0.08524415,1.058142E-5,0,-0.313122213807817,0.671950452472886,0.6711460859169,1,1,1,0,0,0,0,1237673706651976186,1,0,21.07309,19.64886,19.00368,18.5326,18.09239,0.09420724,0.01780628,0.01835995,0.01690917,0.02593886,21.15683,19.63797,18.80381,18.36797,18.03191,0.108157,0.01204429,0.009359811,0.009840336,0.02497544,20.21686,18.60693,17.69806,17.32819,17.01136,0.2309494,0.01822858,0.0156709,0.01671072,0.04892151,20.03119,18.47877,17.61198,17.17648,16.8506,0.08540755,0.009579965,0.007446614,0.007847601,0.01880764,20.11341,18.54067,17.61198,17.26378,16.92361,0.0852925,0.009605341,0.007446615,0.007838611,0.0188526,8.25872,0.06987685,0.9060367,257,24577,24577,24577,24577,24577,0.2082038,0.162231,0.1122307,0.0833994,0.06203383,19.82299,18.31654,17.49975,17.09308,16.78857,0.234999999403954,0.764999985694885,2
959,53035,0.08530008,1.540256E-5,0,-0.316518898036936,0.668826085828752,0.67267187699537,1,1,1,0,0,0,0,1237673706652107206,1,0,20.54822,18.66102,17.83931,17.40611,16.91498,0.06236919,0.01348137,0.01107928,0.01505307,0.01484141,20.54719,18.65214,17.68746,17.24784,16.88879,0.05692494,0.006538544,0.004583943,0.004651828,0.008246704,18.92589,17.36112,16.46538,16.07637,15.77246,0.09895572,0.008285205,0.006442513,0.007766907,0.02167335,19.33441,17.43281,16.4739,16.03897,15.69318,0.05069969,0.005247266,0.004122913,0.004253516,0.008403643,18.85959,17.35454,16.47387,16.09149,15.82824,0.04965805,0.005238377,0.004122913,0.004250418,0.008382457,6.658293,0.01985485,0.9115335,257,24577,24577,24577,24577,24577,0.2269887,0.1768681,0.1223565,0.09092399,0.06763075,19.10742,17.25594,16.35154,15.94804,15.62555,0.125,0.843999981880188,2
960,53035,0.1674423,3.620995E-5,0,-0.307196761341947,0.6873274754558,0.658187732569193,1,1,1,0,0,0,0,1237673705577841000,1,0,22.18384,20.15889,18.97948,18.54518,18.12207,0.2024706,0.01903228,0.01555891,0.01643788,0.02724299,22.09595,19.95588,18.69935,18.19275,17.78718,0.2415019,0.01609292,0.008082286,0.008228014,0.02362882,20.32624,18.55229,17.39564,16.88525,16.54421,0.8804259,0.2802846,0.2301715,0.2537009,0.1890342,20.70846,18.47698,17.23929,16.73072,16.33119,0.1849461,0.01094145,0.006876688,0.006532409,0.01683388,20.4653,18.34423,17.27728,16.77099,16.41548,0.1996083,0.01091502,0.006921349,0.006584295,0.01702942,12.59015,0.1030262,0.9000524,257,24577,24577,24577,24577,24577,0.2065775,0.1609638,0.111354,0.08274797,0.06154928,20.50189,18.31601,17.12794,16.64797,16.26964,0.0740000009536743,0.74099999666214,2
961,51630,0.09798842,2.491307E-5,0,-0.827972188206806,0.560738445976365,-0.00586947698215114,1,1,1,0,0,0,0,1237650795682988326,1,0,21.38795,19.53062,18.69593,18.23372,17.89141,0.09962883,0.01591047,0.02012628,0.01328862,0.02926436,21.47875,19.61653,18.66817,18.21982,17.93523,0.1076234,0.01230685,0.00681154,0.00797005,0.0208666,20.78588,18.69727,17.74447,17.30152,17.00335,0.2150336,0.0170702,0.01224766,0.0118977,0.03176436,20.50553,18.58797,17.6375,17.19079,16.90166,0.09058793,0.009924487,0.00676065,0.006491354,0.01622104,20.63405,18.60033,17.66135,17.21867,16.91286,0.09743992,0.00996392,0.006780957,0.006507321,0.016221,9.91096,0.0735525,0.8591653,257,16385,24577,24577,24577,24577,0.2601248,0.2026875,0.1402183,0.1041972,0.07750357,20.2454,18.38528,17.49728,17.08659,16.82416,0.146999999880791,0.735000014305115,2
962,51630,0.119739,1.867713E-5,0,-0.833029986898292,0.553215074098905,0.00375802048619256,1,1,1,0,0,0,0,1237648721752883489,1,0,22.27694,21.08517,20.04502,19.57817,19.38335,0.1763875,0.0366556,0.02588889,0.0242445,0.06100926,22.03975,20.66819,19.66886,19.15063,18.87104,0.1263508,0.02787296,0.01652313,0.01657101,0.05212564,19.41124,18.3871,17.54145,17.0512,16.94072,0.1273506,0.02600818,0.0160291,0.01812127,0.0715595,19.62572,18.34257,17.45163,16.96993,16.73935,0.07786389,0.01822498,0.009251749,0.009439464,0.03302472,19.41403,18.30006,17.45163,17.00959,16.811,0.07612924,0.01820419,0.009251749,0.009433607,0.03281775,91.08558,1.261001,0.8654201,257,24577,24577,24577,24577,24577,0.6719927,0.5236121,0.3622324,0.2691775,0.2002186,18.95373,17.81895,17.0894,16.70075,16.53913,0.958000004291534,0.0419999994337559,1
963,51630,0.1281922,2.864929E-5,0,-0.83534325994625,0.549392113933839,0.0192339078109178,1,1,1,0,0,0,0,1237648722826756273,1,0,22.60417,20.74316,19.67351,19.03796,18.72717,0.2705017,0.02907245,0.01972468,0.02346791,0.04146837,22.28761,20.5636,19.5211,18.99586,18.65618,0.2325174,0.02575628,0.01513005,0.0148611,0.03819811,19.82659,18.57621,17.80876,17.31353,17.2255,0.1987322,0.03034706,0.01998551,0.02258404,0.07892474,20.42133,18.76076,17.81738,17.30578,17.00615,0.1310542,0.01542668,0.009818197,0.009950939,0.02627564,19.8964,18.48648,17.72783,17.21044,17.06252,0.1206439,0.0156947,0.01004967,0.01023696,0.02894089,54.16874,0.8091447,0.8299756,257,24577,24577,24577,24577,24577,0.6221076,0.484742,0.3353423,0.2491952,0.1853555,19.79922,18.27602,17.48204,17.05658,16.82079,0.238000005483627,0.666999995708466,2
964,51608,0.04658309,6.399937E-6,0,-0.856412616300872,0.516205935935434,0.00942668264648371,1,1,1,0,0,0,0,1237651801770492160,1,0,20.0971,19.47794,19.60439,19.46537,19.27243,0.0420481,0.02115477,0.01959551,0.02596281,0.05906646,20.04717,19.28999,19.23368,19.04966,19.08147,0.04066242,0.01097811,0.01396119,0.01764757,0.05932686,19.02534,18.17642,17.94775,17.79788,17.7467,0.07208491,0.01647546,0.02096151,0.028686,0.09581614,18.96757,18.16683,18.03655,17.85095,17.86144,0.03215407,0.008565012,0.01036343,0.01327469,0.04266759,19.03195,18.16819,17.96175,17.79257,17.71415,0.03198931,0.008631684,0.01054726,0.01345677,0.04354475,23.60557,0.3461448,0.8429205,257,1,1,1,1,1,0.1133803,0.08834518,0.06111678,0.04541632,0.0337814,18.85419,18.07848,17.97543,17.80553,17.82766,0.189999997615814,0.523999989032745,2
965,51608,0.09519172,1.264348E-5,0,-0.855821225166291,0.517185435855516,0.00944751257256555,1,1,1,0,0,0,0,1237651801770492096,1,0,21.28174,19.80736,19.14438,18.70135,18.30129,0.09713437,0.02285963,0.01670243,0.02090971,0.03114724,21.16685,19.60422,18.81145,18.41006,18.16267,0.09775174,0.01370935,0.01026355,0.01093181,0.02739381,19.65293,18.32439,17.53053,17.16502,16.98622,0.1189367,0.01762415,0.01359869,0.01554754,0.04506664,19.84325,18.33306,17.55809,17.1684,16.95773,0.06668336,0.0097025,0.00750772,0.007964206,0.02050608,19.62279,18.30375,17.48766,17.07401,16.93641,0.06686623,0.009694094,0.007628314,0.008120368,0.02072624,26.20489,0.2649366,0.8429205,257,1,1,1,1,1,0.1173376,0.09142865,0.06324992,0.04700147,0.03496046,19.72592,18.24163,17.49484,17.1214,16.92277,0.340000003576279,0.527999997138977,2
966,51910,0.09424894,8.625364E-6,0,-0.881695404854874,0.471792724969673,-0.00498374592953804,1,1,1,0,0,0,0,1237651800698060990,1,0,20.86455,19.84704,19.4128,18.97222,18.63365,0.07917374,0.02380621,0.02332342,0.01884453,0.0438839,20.94473,19.73052,19.05954,18.64807,18.42729,0.08510104,0.01813488,0.01385912,0.01346925,0.03737445,19.35275,17.92358,17.4175,17.06533,16.96122,0.1357791,0.02841292,0.02083324,0.0214005,0.06987233,19.2622,18.00026,17.38208,16.99638,16.79485,0.05244185,0.009003044,0.007656468,0.007818552,0.0238649,19.27138,17.93171,17.3523,16.9674,16.77507,0.06745172,0.008969036,0.007723912,0.00793445,0.02435023,64.97341,0.6704123,0.8569102,257,1,1,1,1,1,0.1295993,0.1009829,0.06985949,0.05191309,0.0386138,19.1326,17.89927,17.31222,16.94447,16.75624,0.656000018119812,0.28099998831749,1
967,51909,0.1248761,3.647833E-5,0,-0.885945458606385,0.463732216801279,0.00728529170960892,1,1,1,0,0,0,0,1237648721755504836,1,0,21.25603,19.55482,18.57619,18.1156,17.74044,0.07800952,0.01599243,0.01273194,0.01474215,0.02176543,21.24551,19.55993,18.52355,18.06124,17.69049,0.086403,0.01169489,0.007420866,0.00718186,0.01936486,20.37517,18.61431,17.61693,17.17816,16.87132,0.1484592,0.01686154,0.01217525,0.01175065,0.03318944,20.28913,18.57771,17.55214,17.09859,16.7166,0.06780596,0.009445344,0.006362939,0.006258137,0.01494151,20.32907,18.51607,17.55216,17.16439,16.84573,0.06840743,0.009439128,0.006362938,0.006252474,0.01490243,6.849659,0.04355586,0.8906047,257,24577,24577,24577,24577,24577,0.1185871,0.09240224,0.06392344,0.04750197,0.03533274,20.17054,18.48531,17.48822,17.05109,16.68127,0.131999999284744,0.763000011444092,2
968,51909,0.08804104,2.651438E-5,0,-0.889172814842046,0.457547907969713,0.004649436354182,1,1,1,0,0,0,0,1237648721755701402,1,0,21.08797,19.21123,18.27175,17.84515,17.49783,0.07072466,0.01624719,0.01475879,0.01378433,0.02319776,21.12511,19.18157,18.23308,17.79229,17.45392,0.06530942,0.009088051,0.007480897,0.005470074,0.01663618,20.4903,18.43357,17.48211,17.057,16.7573,0.1474925,0.01794877,0.01156119,0.01155087,0.02724459,20.37759,18.38676,17.42898,16.98722,16.65281,0.06429538,0.007765702,0.005610894,0.005566371,0.01282123,20.50248,18.36979,17.42898,17.01451,16.71576,0.06424083,0.00776844,0.005610894,0.005565404,0.01281276,6.197775,0.0298494,0.8879446,257,24577,24577,24577,24577,24577,0.1315667,0.1025159,0.07092,0.05270116,0.03919998,20.24602,18.28424,17.35806,16.93452,16.61362,0.160999998450279,0.580999970436096,2
969,51941,0.3264254,9.776289E-5,0,-0.919705796102461,0.392372195227431,-0.0136128258618572,1,1,1,0,0,0,0,1237654669201768785,1,0,24.23491,21.58095,19.93644,19.35364,18.90503,1.081589,0.06796802,0.03895723,0.0364959,0.05750201,23.96279,21.756,20.01005,19.41426,18.98143,0.9723832,0.08319925,0.03399031,0.04413527,0.06924751,21.10519,21.06104,19.27478,18.62316,18.28633,0.6560643,0.2216533,0.21369,0.2287922,0.1685692,23.24879,20.99763,19.23588,18.63389,18.23188,0.9826522,0.05938279,0.02027809,0.01842963,0.04568102,19.65492,21.12222,19.23588,18.60192,18.26343,0.4282007,0.05923453,0.02027809,0.01842787,0.04623619,7.01377,0.2161803,0.8245578,257,1,1,1,1,1,0.2237053,0.1743097,0.1205866,0.08960878,0.06665247,23.02509,20.82332,19.11529,18.54428,18.16523,0.0670000016689301,0.699999988079071,2
970,51957,0.046953,9.741532E-6,0,-0.927054073186779,0.374681773172603,-0.0135762380664131,1,1,1,0,0,0,0,1237654669202227304,1,0,20.91896,20.01551,19.91799,19.77781,19.36029,0.08653234,0.03232572,0.03000052,0.03456226,0.07261443,20.97104,19.94385,19.59485,19.32353,19.13237,0.08985469,0.0230616,0.0228655,0.02819066,0.06810798,18.77918,17.58599,17.23,17.10429,16.71522,0.1463487,0.03178256,0.03273279,0.0477582,0.09841315,18.75916,17.70234,17.34536,17.12602,16.84724,0.05302478,0.009656346,0.01180034,0.01460913,0.03812031,18.80729,17.55859,17.18605,17.09178,16.78061,0.05435549,0.01006466,0.01231982,0.01513626,0.03975147,97.16401,1.620283,0.8288869,257,1,1,1,1,1,0.2836467,0.2210156,0.1528975,0.1136193,0.08451185,18.47552,17.48132,17.19246,17.0124,16.76273,0.922999978065491,0.00999999977648258,1
971,51913,0.1327375,2.933014E-5,0,-0.938292645696501,0.345841899743706,-5.39827309456699E-4,1,1,1,0,0,0,0,1237648721221845221,1,0,22.55452,20.62831,19.68937,19.21291,18.84131,0.1960978,0.02791478,0.02026441,0.01928243,0.04081567,21.95968,20.27203,19.25843,18.80094,18.43994,0.1449085,0.0187799,0.01025442,0.01042333,0.03282,19.26402,17.67253,16.96343,16.6106,16.29086,0.1374057,0.01673108,0.009090097,0.01605691,0.04957144,19.16208,17.73868,16.90584,16.48139,16.1153,0.05350141,0.008536283,0.00647253,0.006773922,0.01840262,18.88583,17.55017,16.84913,16.43892,16.05686,0.05209556,0.008452041,0.006627218,0.006990708,0.01916631,135.2539,1.36571,0.9024658,257,24577,24577,24577,24577,24577,0.24389,0.1900374,0.131467,0.09769407,0.07266644,18.91819,17.54865,16.77438,16.3837,16.04264,1.0,0.0,1
972,51913,0.09658697,8.868906E-6,0,-0.936020746546757,0.351687426403146,-0.0134579398119919,1,1,1,0,0,0,0,1237654669202817330,1,0,22.17687,20.29444,19.29522,18.58742,18.04043,0.303747,0.03219171,0.0206827,0.01553519,0.02723168,21.87112,20.18803,19.11296,18.50377,18.00304,0.2267225,0.01916864,0.01087544,0.01121746,0.02477388,22.45976,18.11449,17.20961,16.80018,16.46624,3.983191,0.02625457,0.02046318,0.02229808,0.05799301,20.46934,18.19157,17.23323,16.68258,16.27769,0.1801724,0.01145502,0.007772685,0.007460901,0.01724186,20.0228,18.04959,17.13245,16.6664,16.28588,0.2015431,0.01138364,0.00792219,0.007579663,0.01718588,116.7855,1.577269,0.8238692,257,1,1,1,1,1,0.2578924,0.200948,0.1390149,0.103303,0.07683842,20.21144,17.99062,17.09421,16.57928,16.20086,0.866999983787537,0.133000001311302,1
973,51608,0.07289765,3.022055E-5,0,-0.843269977761117,0.537410326660529,0.00926743790858447,1,1,1,0,0,0,0,1237651801769902260,1,0,21.55725,19.68256,18.78516,18.4095,18.05385,0.1188521,0.0187945,0.02047897,0.01976843,0.02617783,21.48108,19.64593,18.70977,18.23661,17.94608,0.1292555,0.01153819,0.009729318,0.007704899,0.01875512,20.43441,18.63681,17.71989,17.19711,16.95572,0.2146439,0.02068567,0.01460216,0.01564475,0.03918144,20.37084,18.47411,17.52296,17.05615,16.78601,0.1048594,0.01103262,0.007625008,0.007561142,0.01763779,20.21414,18.52623,17.58989,17.04017,16.86342,0.1197408,0.01109358,0.00767554,0.007594885,0.01774098,13.26544,0.1309451,0.823844,257,129,1,193,193,1,0.2612357,0.2035531,0.1408171,0.1046422,0.07783458,20.1096,18.27056,17.38215,16.95151,16.70818,0.400000005960464,0.479999989271164,0
974,51608,0.08539967,1.637911E-5,0,-0.847069432818521,0.531463517001929,0.00446162307344595,1,1,1,0,0,0,0,1237648721753538850,1,0,20.28696,18.3498,17.43257,17.07754,16.66087,0.04402311,0.01593346,0.01397466,0.02034619,0.0223108,20.3244,18.34301,17.35872,16.9184,16.56321,0.03764191,0.004732233,0.003660331,0.002949417,0.008563473,19.04124,17.08957,16.12949,15.6874,15.32431,0.06801058,0.01011572,0.00833532,0.008299155,0.01527304,18.96667,16.99418,16.01497,15.57269,15.20947,0.03327405,0.004495435,0.003371471,0.003360535,0.006821906,18.90396,16.97458,16.01497,15.57788,15.26227,0.03412835,0.004494281,0.003371471,0.003359993,0.006818995,10.977,0.02506744,0.864902,257,24577,24577,24577,24577,24577,0.2189831,0.1706301,0.1180411,0.08771721,0.06524549,18.74769,16.82355,15.89693,15.48497,15.14423,0.0370000004768372,0.936999976634979,2
975,51633,0.04669769,6.793091E-6,0,-0.86191924598772,0.506937114352945,0.0104869198275702,1,1,1,0,0,0,0,1237651801770754260,1,0,19.76398,18.679,18.23671,18.00111,17.882,0.03403914,0.02243732,0.01593743,0.01696407,0.02396086,19.55652,18.49176,18.02177,17.73278,17.58152,0.02857611,0.005820033,0.005902334,0.006544301,0.01437954,18.5742,17.49966,16.9448,16.62467,16.43769,0.04030939,0.008631893,0.008274307,0.009277615,0.02438443,18.64134,17.54169,17.02921,16.73301,16.57948,0.02338047,0.005593747,0.005026777,0.005471807,0.01332368,18.60069,17.48242,16.90272,16.56844,16.42933,0.02360967,0.005643718,0.005094144,0.005561929,0.01361788,16.56408,0.08272702,0.825674,257,1,1,1,1,1,0.1111015,0.08656952,0.05988839,0.0445035,0.03310242,18.53024,17.45512,16.96932,16.68851,16.54638,0.174999997019768,0.762000024318695,2
976,51633,0.04660738,8.199358E-6,0,-0.86107828392898,0.508336795441498,0.011742714600593,1,1,1,0,0,0,0,1237648722291065154,1,0,20.98977,20.01308,19.58346,19.32704,19.20685,0.08672797,0.04890046,0.03836747,0.03737776,0.05854796,20.66729,19.5664,19.175,18.90016,18.74778,0.06123553,0.03356079,0.03147325,0.03112042,0.04829431,18.73792,17.32613,16.95168,16.72599,16.93448,0.1517838,0.05640411,0.0483373,0.05826614,0.1349807,18.64608,17.47845,17.08418,16.80785,16.69329,0.03606933,0.007268161,0.007982153,0.009687142,0.02621461,18.66076,17.22495,16.91226,16.67669,16.65122,0.03689658,0.00767661,0.008331946,0.01007256,0.02719528,73.42278,0.7904707,0.8518574,257,24577,24577,24577,24577,24577,0.1302951,0.1015251,0.07023459,0.05219183,0.03882113,18.51578,17.37692,17.01395,16.75565,16.65447,0.600000023841858,0.0670000016689301,1
977,51633,0.08171165,2.497707E-5,0,-0.863455100241324,0.504110896849234,0.0178183485515684,1,1,1,0,0,0,0,1237653663648121030,1,0,21.17229,19.4569,18.43051,18.06492,17.85364,0.08126023,0.02102207,0.01776379,0.0176758,0.02340285,21.36919,19.48384,18.67123,18.26038,17.94752,0.08496464,0.009904667,0.008252369,0.008748279,0.02216245,20.54074,18.35978,17.56249,17.17612,16.90954,0.2089369,0.02008866,0.01511064,0.01704223,0.04354661,20.12607,18.25245,17.42175,17.0253,16.72983,0.06721503,0.008904426,0.006771217,0.00717338,0.01704158,20.32387,18.22343,17.4469,17.09472,16.82087,0.07636229,0.008935421,0.006790199,0.007188142,0.01709375,20.34058,0.1711311,0.7786078,257,16385,24577,24577,24577,24577,0.1132393,0.08823533,0.0610408,0.04535985,0.0337394,20.01283,18.16422,17.36071,16.97994,16.69609,0.5,0.39300000667572,1
978,51630,0.06228172,3.429993E-5,0,-0.832408842906309,0.554160433176596,0.00131626475568952,1,1,1,0,0,0,0,1237650796220121207,1,0,22.01659,19.90381,18.82184,18.27067,17.86994,0.1638685,0.02770997,0.02201399,0.02197082,0.02699895,21.96442,19.87332,18.76353,18.23579,17.81998,0.1634333,0.02464405,0.02104249,0.01762037,0.02302632,20.60748,18.75287,17.61837,17.11215,16.6841,0.2569779,0.04544342,0.03630296,0.03304307,0.04011906,20.62073,18.49798,17.37679,16.85269,16.43197,0.1312545,0.01101803,0.006925013,0.006282832,0.0150805,20.47933,18.67399,17.50605,17.03499,16.6188,0.1236691,0.01110497,0.006997962,0.006332502,0.01521549,20.71228,0.1765577,0.8411207,257,16385,24577,16385,24577,24577,0.6902549,0.5378419,0.3720766,0.2764928,0.2056598,19.93048,17.96014,17.00472,16.57619,16.22631,0.547999978065491,0.451999992132187,1
979,53137,0.1071913,2.499331E-5,0,-0.534478456250181,-0.830585480126917,0.156398657304856,1,1,1,0,0,0,0,1237662533823300037,1,0,20.80951,19.06603,18.3204,17.95317,17.67487,0.07414068,0.01757526,0.01378752,0.01871902,0.02235415,21.02828,19.21868,18.37324,17.9975,17.71231,0.08801536,0.009860328,0.006900655,0.006692864,0.01751676,20.09658,18.43628,17.56744,17.2157,16.96232,0.1280053,0.01295461,0.009233568,0.009453024,0.02779838,20.1936,18.37672,17.52658,17.15164,16.87448,0.07193922,0.008393643,0.006085481,0.00599252,0.01406477,20.18671,18.36873,17.52658,17.17569,16.92236,0.07227283,0.008396183,0.006085481,0.005991757,0.01405993,6.692796,0.03632794,0.8761345,257,1,24577,24577,24577,24577,0.1799617,0.140225,0.09700698,0.07208658,0.05361917,20.01364,18.2365,17.42957,17.07956,16.82086,0.210999995470047,0.736999988555908,2
980,53884,0.09816746,2.499779E-5,0,-0.445873789873293,-0.888703096522862,0.106786561582919,1,1,1,0,0,0,0,1237662238565466652,1,0,21.17582,19.31773,18.37372,17.97276,17.56976,0.1022499,0.01580421,0.01640258,0.01515834,0.02164331,21.25579,19.293,18.31992,17.89367,17.53853,0.1187707,0.01241731,0.009552813,0.007744339,0.01344497,19.82355,18.0028,17.03374,16.63321,16.31208,0.2279006,0.0232424,0.02023093,0.02204508,0.03699333,20.04059,18.0186,17.04129,16.60472,16.24451,0.09658332,0.00848575,0.005726847,0.005811844,0.0117921,20.2788,18.02999,17.0413,16.64645,16.33825,0.09488136,0.008484011,0.005726848,0.005809417,0.01177979,8.284663,0.04984762,0.8537724,257,24577,24577,24577,24577,24577,0.2101167,0.1637215,0.1132618,0.08416565,0.06260378,19.83047,17.85488,16.92803,16.52056,16.18191,0.0359999984502792,0.71399998664856,2
981,53501,0.2140214,4.33479E-5,0,-0.411442543989903,-0.900651216084606,0.139794205747008,1,1,1,0,0,0,0,1237668348686238287,1,0,22.84578,20.22217,18.79707,18.34568,17.9365,0.3680938,0.02361179,0.01582626,0.01326292,0.02213788,22.52519,20.41215,19.01145,18.45651,18.0304,0.2728122,0.01965833,0.009073071,0.008756936,0.01806616,20.19377,19.23572,17.58022,17.1061,16.83299,0.3410997,0.06521342,0.03177095,0.01760905,0.04941656,21.42111,19.12141,17.65395,17.10307,16.71545,0.2633648,0.01772529,0.008158571,0.006984782,0.01437779,18.93712,19.22198,17.65389,17.15887,16.90847,0.1867242,0.01770384,0.008158573,0.006980958,0.01430247,14.90107,0.1539012,0.8217409,257,24577,24577,24577,24577,24577,0.3060811,0.2384963,0.1649907,0.1226057,0.09119615,21.11502,18.88292,17.48896,16.98046,16.62425,0.0740000009536743,0.814999997615814,2
982,53047,0.09685582,1.996747E-5,0,-0.295946925827624,0.721391967395141,0.626106258131115,1,1,1,0,0,0,0,1237663530252042575,1,0,20.87252,18.84658,18.10852,17.71593,17.27668,0.07133914,0.02354389,0.01237454,0.01750415,0.03121581,20.8219,18.94739,17.97287,17.54049,17.22021,0.07173045,0.007105148,0.005682548,0.005544583,0.01437556,19.30281,17.65028,16.69182,16.2392,15.93278,0.1046007,0.01322225,0.01101023,0.0109111,0.02576554,19.40731,17.52118,16.55931,16.11963,15.78016,0.05383138,0.006185195,0.004684295,0.004626964,0.01071667,19.17388,17.4935,16.55931,16.11452,15.74497,0.0548179,0.006184028,0.004684295,0.004626802,0.01072494,12.08738,0.05775158,0.8306429,257,24577,24577,24577,24577,24577,0.2588822,0.2017193,0.1395485,0.1036995,0.07713335,19.14843,17.31946,16.41977,16.01593,15.70303,0.150000005960464,0.850000023841858,2
983,51630,0.08376556,1.404711E-5,0,-0.837528289667628,0.546325743270547,-0.0086340168115394,1,1,1,0,0,0,0,1237648720679338252,1,0,20.76947,19.13292,18.09291,17.52594,17.13095,0.05989575,0.01753517,0.01363999,0.0191424,0.01764237,20.93439,19.14362,18.07384,17.47539,17.05842,0.06022833,0.009311586,0.005659563,0.004750153,0.01064361,18.61437,17.075,16.04789,15.50065,15.1413,0.09872568,0.0123491,0.007292489,0.006704967,0.01837366,18.61111,16.85827,15.79716,15.23164,14.82215,0.04406862,0.005962604,0.003899486,0.003551348,0.007287887,18.18855,16.84615,15.87167,15.32528,14.94374,0.04364052,0.006040131,0.003948403,0.003566917,0.007276028,50.22388,0.2334229,0.8387815,257,24577,24577,24577,24577,24577,0.5632489,0.4388797,0.3036149,0.2256185,0.1678187,18.04786,16.41939,15.49355,15.00602,14.65433,0.779999971389771,0.200000002980232,1
984,51630,0.06589106,2.284753E-5,0,-0.829819943217237,0.557753781300717,-0.0175949220997038,1,1,1,0,0,0,0,1237648720142139625,1,0,20.74212,19.02414,18.19344,17.85706,17.48538,0.07280096,0.01595158,0.01522589,0.01787378,0.02082081,20.91477,19.16229,18.34043,17.95793,17.65918,0.06816576,0.009473836,0.006587186,0.005486497,0.01698434,20.18125,18.32907,17.51942,17.13894,16.85811,0.1232573,0.01376489,0.009637068,0.01044328,0.02930849,20.06977,18.32167,17.51046,17.12522,16.83066,0.05280685,0.008079872,0.005930803,0.006056389,0.01413135,20.14009,18.32775,17.51046,17.15886,16.86512,0.0527467,0.008076208,0.005930803,0.006056293,0.01412737,7.488953,0.04269489,0.8271722,257,24577,24577,24577,24577,24577,0.2069038,0.161218,0.1115299,0.08287866,0.0616465,19.86287,18.16045,17.39893,17.04234,16.76901,0.17399999499321,0.739000022411346,2
985,51910,0.04623601,1.542173E-5,0,-0.876223306174013,0.481837294387868,0.00809564416589704,1,1,1,0,0,0,0,1237654670809825513,1,0,20.55241,19.02477,18.4532,18.14991,17.92167,0.05932574,0.01765994,0.01452862,0.01676022,0.0231407,20.64496,19.17116,18.52405,18.22943,17.97073,0.06556006,0.009871915,0.007916414,0.009207768,0.02383377,19.36703,18.08604,17.43332,17.12085,16.86367,0.1034656,0.01504257,0.01311452,0.01720574,0.04466975,19.45486,17.99109,17.35334,17.03355,16.78823,0.04987049,0.007933966,0.006514013,0.007371816,0.01810915,19.12901,17.99661,17.35334,16.99783,16.7423,0.04939448,0.007934086,0.006514013,0.007371502,0.01811495,10.34728,0.07799222,0.8084269,257,1,8193,8193,8193,8193,0.1587806,0.1237208,0.08558947,0.06360215,0.04730831,19.29608,17.86737,17.26775,16.96995,16.74092,0.351000010967255,0.597000002861023,2
986,51910,0.1784787,3.959269E-5,0,-0.87661719908037,0.481173721645476,0.00375977051547007,1,1,1,0,0,0,0,1237648721754980473,1,0,21.79192,19.93636,18.71832,18.21613,17.83268,0.1318986,0.5359929,0.9266362,0.1494569,0.09408562,21.78888,19.79338,18.57315,18.07132,17.72242,0.1588524,0.6274937,0.7158685,0.1418464,0.1160916,21.46619,18.64602,17.40269,16.79461,16.56692,0.9340825,1.319005,1.71794,0.4011805,0.2828698,20.70816,18.54631,17.31373,16.78695,16.45942,0.1197964,0.01173057,0.006889784,0.006053876,0.01544489,21.27415,18.54752,17.31375,16.73167,16.58432,0.156567,0.01175592,0.006889785,0.006051396,0.01541245,10.11353,0.08567841,0.8829439,257,24577,24577,24577,24577,24577,0.1619062,0.1261562,0.08727429,0.06485415,0.04823957,20.54625,18.42016,17.22646,16.7221,16.41118,0.061999998986721,0.593999981880188,2
987,51909,0.1629237,4.671295E-5,0,-0.883444407990246,0.468302372960951,0.0147941025380331,1,1,1,0,0,0,0,1237651752387477616,1,0,21.55346,19.52552,18.52558,18.0333,17.62184,0.1150122,0.02294385,0.01997853,0.02049546,0.0251158,21.73708,19.59889,18.46554,18.01456,17.63477,0.112872,0.01393905,0.008462599,0.006763041,0.02015264,20.85565,18.36101,17.26931,16.80715,16.49056,0.4449208,0.02504908,0.01581505,0.01762632,0.04154306,20.46423,18.34449,17.19672,16.74749,16.38869,0.1264004,0.01084411,0.006469836,0.00655238,0.01550879,20.57873,18.32118,17.19674,16.78599,16.45874,0.1337624,0.01084283,0.006469836,0.006553955,0.01550348,9.420485,0.06987594,0.8273036,257,24577,24577,24577,24577,24577,0.1476712,0.1150644,0.07960103,0.05915209,0.04399829,20.31656,18.22943,17.11712,16.68834,16.34469,0.0320000015199184,0.773999989032745,2
988,51909,0.1354782,2.700307E-5,0,-0.884305408826211,0.466751545865826,0.0121218130891955,1,1,1,0,0,0,0,1237648722292310188,1,0,21.4543,19.92784,18.87019,18.43344,18.03451,0.08666477,0.0203824,0.02111383,0.01702121,0.02579457,21.46218,19.83217,18.76332,18.27607,17.90375,0.1022738,0.01453541,0.008672552,0.00867926,0.01973175,20.16699,18.76523,17.77074,17.29948,17.01401,0.1367541,0.02440866,0.01277807,0.01312366,0.03590343,20.5071,18.83924,17.79614,17.31265,16.94557,0.07513325,0.01082351,0.006886631,0.006885234,0.01474362,19.87705,18.72628,17.68279,17.20146,16.82198,0.08171991,0.01090464,0.006930395,0.006931975,0.01480896,18.83396,0.1747526,0.8610195,257,24577,24577,24577,24577,24577,0.1406929,0.109627,0.07583944,0.05635684,0.04191913,20.36641,18.72962,17.7203,17.25629,16.90365,0.639999985694885,0.280000001192093,1
989,51608,0.06179937,2.26826E-5,0,-0.846885680735302,0.531403436437533,0.0198753995654282,1,1,1,0,0,0,0,1237648722827280657,1,0,20.83946,19.08976,18.18394,17.72168,17.33296,0.06552491,0.01959047,0.01337117,0.01429999,0.01803616,20.87063,19.12515,18.20796,17.73329,17.39791,0.07056849,0.008958612,0.006011484,0.005983159,0.01229351,18.99984,17.52397,16.6589,16.22785,16.00011,0.1064793,0.01400919,0.0107226,0.01106438,0.02950078,19.14367,17.45354,16.57049,16.12348,15.79759,0.04830704,0.006581586,0.004723923,0.004833085,0.01084743,18.67406,17.42119,16.57049,16.14146,15.94684,0.04815961,0.006580149,0.004723924,0.004832836,0.01082404,16.2124,0.08521096,0.8252115,257,24577,24577,24577,24577,24577,0.2651226,0.2065817,0.1429123,0.1061991,0.07899264,18.87854,17.24696,16.42757,16.01728,15.71859,0.0509999990463257,0.897000014781952,2
990,51633,0.09149828,2.15946E-5,0,-0.866141278432696,0.499724306549223,0.00865466572851644,1,1,1,0,0,0,0,1237654670809366647,1,0,20.77052,18.73958,17.81838,17.37572,16.97418,0.06981406,0.01327393,0.009024923,0.01091259,0.01781598,20.87332,18.88245,17.8765,17.45589,17.10075,0.07914765,0.008241523,0.005185106,0.00534038,0.009606284,20.04894,18.10907,17.1382,16.72521,16.36201,0.1169605,0.01257109,0.01027132,0.01164635,0.01878432,20.07831,18.05525,17.067,16.64153,16.27695,0.06447869,0.007094271,0.004909851,0.005041291,0.009904635,19.90204,18.00718,17.0708,16.66015,16.31742,0.07193831,0.007094797,0.004912182,0.005046523,0.009903669,7.919114,0.03224177,0.822105,257,1,8193,8193,8193,8193,0.1078203,0.08401281,0.05811968,0.04318915,0.03212479,19.97049,17.97124,17.00888,16.59834,16.24482,0.305999994277954,0.666999995708466,2
991,53055,0.1633048,2.684483E-5,0,-0.968071385040675,0.140989948212532,0.207267045061331,1,1,1,0,0,0,0,1237661812269187103,1,0,20.90526,18.95123,17.8012,17.41504,17.16847,0.08775141,0.02414381,0.01860319,0.0267903,0.02579953,21.00798,19.10834,17.98867,17.52264,17.23551,0.09741279,0.00890622,0.006061535,0.004838633,0.01392273,20.08715,17.88372,16.74664,16.28466,16.00948,0.2310271,0.0182879,0.01530256,0.01466137,0.0253236,19.70504,17.77015,16.64809,16.18731,15.85884,0.06890415,0.007097006,0.004666151,0.004552544,0.01058187,19.96564,17.77505,16.64807,16.23844,15.93435,0.08090705,0.007096068,0.004666151,0.004550264,0.01057524,14.89589,0.06921335,0.7957708,257,1,24577,24577,24577,24577,0.1627576,0.1268196,0.08773322,0.06519518,0.04849324,19.54228,17.64334,16.56036,16.12212,15.81035,0.034000001847744,0.776000022888184,2
992,51630,0.006282841,7.219081E-6,0,-0.840327264726633,0.542044189109068,-0.00617941826946677,1,1,1,0,0,0,0,1237650795683578031,1,0,20.72786,19.56912,19.22078,19.03137,18.83951,0.05884505,0.01656069,0.01547063,0.01793699,0.03845134,20.55546,19.29788,18.83824,18.61598,18.43938,0.05165431,0.009174749,0.009086217,0.009269632,0.03069062,18.27827,17.07784,16.49433,16.173,15.95374,0.07947721,0.01304527,0.01239304,0.01364303,0.04284259,18.43043,17.24816,16.73124,16.4867,16.279,0.03072217,0.00597524,0.005745247,0.006391366,0.01886058,18.34905,17.11252,16.51059,16.18376,15.93587,0.03215795,0.006194982,0.005986008,0.00670824,0.01999165,64.80357,0.466911,0.8519558,257,16385,24577,24577,24577,24577,0.3532232,0.2752291,0.1904022,0.1414893,0.105242,18.0772,16.97293,16.54083,16.34521,16.17376,0.136999994516373,0.783999979496002,2
993,51630,0.3121489,5.738068E-5,0,-0.835990541736777,0.548626558684095,0.0113451854589042,1,1,1,0,0,0,0,1237648722289885365,1,0,24.04317,21.57171,19.83148,19.05331,18.6211,0.6567151,0.05180051,0.02300113,0.02210606,0.03376292,23.62478,21.51065,19.7127,19.03488,18.51321,0.6172122,0.05711092,0.01773701,0.01566697,0.03322597,21.86144,20.433,18.61506,17.98479,17.53041,0.7243951,0.1060083,0.03044185,0.02725787,0.06409401,22.52516,20.22355,18.40972,17.71103,17.21413,0.6240111,0.04363217,0.01361312,0.01215885,0.02520709,20.70676,20.31341,18.5046,17.89701,17.46,0.3613734,0.04430263,0.01377314,0.01227587,0.02551881,13.29071,0.2669311,0.8470801,257,24577,24577,24577,24577,24577,0.6821699,0.5315422,0.3677184,0.2732542,0.2032509,21.84299,19.69201,18.042,17.43777,17.01088,0.0189999993890524,0.884999990463257,2
994,51608,0.06175778,1.505102E-5,0,-0.85491844446202,0.518611691999529,0.0125046487365791,1,1,1,0,0,0,0,1237648722290802826,1,0,21.34669,19.91535,19.08978,18.74954,18.46195,0.08354073,0.02184385,0.01585799,0.01886717,0.02864854,20.99817,19.48927,18.7429,18.35693,18.09053,0.07157768,0.01154662,0.008586809,0.009333436,0.02304458,18.51385,17.26953,16.6265,16.2831,16.07165,0.05960734,0.01030475,0.008507513,0.01018387,0.02939612,18.63082,17.26382,16.59428,16.22408,15.98382,0.03210787,0.006400123,0.005088364,0.005617303,0.01366612,18.39359,17.21375,16.59428,16.24798,16.0034,0.03162492,0.006391526,0.005088363,0.005615588,0.01377841,86.49075,0.5625176,0.8396599,257,24577,24577,24577,24577,24577,0.1188644,0.09261831,0.06407291,0.04761304,0.03541536,18.51195,17.1712,16.5302,16.17647,15.9484,0.150000005960464,0.800000011920929,2
995,51608,0.2138558,3.922915E-5,0,-0.854728597923362,0.519018078011239,0.00769796008583937,1,1,1,0,0,0,0,1237654670808776857,1,0,22.51336,20.12138,18.77079,18.32815,17.98728,0.2284814,0.03034802,0.01530834,0.01545145,0.02448245,22.88219,20.17018,18.83068,18.32344,17.98109,0.2688717,0.02003684,0.009833638,0.00981826,0.02386313,20.99963,19.07602,17.77555,17.29627,16.93164,0.4423904,0.03929821,0.01998974,0.02294426,0.04726855,21.8448,19.07667,17.73049,17.2307,16.89017,0.3559405,0.01576465,0.00807463,0.008029691,0.01839205,19.37488,19.06415,17.73052,17.27042,16.95033,0.2776881,0.01576424,0.008074629,0.008026714,0.0197125,9.785256,0.09875221,0.8083149,257,1,8193,8193,8193,8193,0.1255675,0.09784136,0.0676862,0.0502981,0.03741255,21.71923,18.97883,17.66281,17.1804,16.85276,0.0,0.864000022411346,2
996,51608,0.1596716,2.895422E-5,0,-0.858136715696378,0.51338794895894,0.00584731028478679,1,1,1,0,0,0,0,1237648721754063090,1,0,21.39797,19.58419,18.49633,18.15473,17.79965,0.08905513,0.01650961,0.01403826,0.0158172,0.0249741,21.42693,19.54645,18.48585,18.06775,17.69437,0.101662,0.009610978,0.005907072,0.007265174,0.01943052,20.22272,18.5106,17.46536,17.0621,16.68788,0.1485344,0.018086,0.01292036,0.0131863,0.03300282,20.36691,18.45156,17.38284,16.96622,16.60581,0.08014691,0.00932759,0.006089601,0.006118798,0.01476132,20.3061,18.41414,17.38287,16.98196,16.61436,0.07929812,0.009323813,0.0060896,0.006118118,0.01476165,8.945173,0.05708126,0.8592151,257,24577,24577,24577,24577,24577,0.1347991,0.1050346,0.07266243,0.05399597,0.04016308,20.23211,18.34652,17.31018,16.91223,16.56564,0.130999997258186,0.769999980926514,2
997,53501,0.2289392,4.612617E-5,0,-0.423625162676809,-0.895599671154686,0.135804825299638,1,1,1,0,0,0,0,1237668348149104930,1,0,22.45691,20.71231,19.20522,18.6992,18.54202,0.3008095,0.06265523,0.03797283,0.0373105,0.04043815,22.81094,20.81937,19.46678,18.91845,18.56631,0.3256764,0.06703832,0.03947846,0.03798807,0.04024731,20.61651,19.02911,17.75912,17.27227,16.98922,0.3628057,0.1055767,0.06610296,0.06882555,0.07430851,20.95409,19.08146,17.77971,17.24051,16.90535,0.1966349,0.01892742,0.009374234,0.008264177,0.01892762,20.20798,18.95472,17.65619,17.14008,16.8474,0.2029774,0.01887721,0.009560134,0.008420176,0.01933321,59.31874,0.8859226,0.7992253,257,24577,24577,24577,24577,24577,0.2500639,0.1948481,0.134795,0.1001671,0.07450594,20.70403,18.88661,17.64491,17.14034,16.83084,0.187999993562698,0.666999995708466,2
998,53047,0.06173326,1.746021E-5,0,-0.294546024383955,0.721689187804108,0.626424261763746,1,1,1,0,0,0,0,1237663547431977595,1,0,22.58918,20.7407,20.22204,19.91244,19.63571,0.2311328,0.03030537,0.02718463,0.02866795,0.07639275,22.17371,20.49115,19.78082,19.42223,19.1906,0.1563782,0.02206086,0.02202545,0.02339536,0.0580673,18.71384,17.71078,17.11835,16.92175,16.87494,0.1193648,0.02240283,0.02071682,0.03172577,0.1096212,19.03131,17.64918,17.03692,16.74246,16.53289,0.06857303,0.0100318,0.01017369,0.01119623,0.03529231,18.6143,17.57607,17.037,16.78907,16.66751,0.06648005,0.01001644,0.01017369,0.01118665,0.03511063,213.852,3.574574,0.837483,257,24577,24577,24577,24577,24577,0.2756679,0.2147985,0.1485966,0.1104232,0.0821346,18.75564,17.43439,16.88832,16.63204,16.45075,0.814999997615814,0.148000001907349,1
999,53047,0.0884281,2.137797E-5,0,-0.296979763778245,0.716970803786852,0.630678909131623,1,1,1,0,0,0,0,1237663547432108541,1,0,21.7583,19.80273,19.04586,18.66534,18.28921,0.1354224,0.03169442,0.02169211,0.02447362,0.03236226,21.46912,19.64828,18.74364,18.30516,18.04189,0.1207136,0.0208893,0.01562599,0.01820104,0.02744473,18.47372,17.06552,16.3995,16.02147,16.08329,0.09305631,0.02306034,0.02491312,0.02801904,0.05462782,18.78447,17.16067,16.40874,15.99576,15.78009,0.09762641,0.006102738,0.005429221,0.005486804,0.01601575,18.624,16.9551,16.22335,15.81842,15.74243,0.1330806,0.006209454,0.005624769,0.005670743,0.01632345,121.8045,0.9559172,0.8361155,257,24577,24577,24577,24577,24577,0.2603062,0.2028288,0.140316,0.1042699,0.07755762,18.52416,16.95784,16.26842,15.89149,15.70254,0.825999975204468,0.17399999499321,1
1000,51910,0.06943934,3.472287E-5,0,-0.880079013076291,0.474770471998445,-0.00734368170847718,1,1,1,0,0,0,0,1237648720681435344,1,0,21.12052,19.36191,18.50449,18.10986,17.84904,0.07701726,0.0168309,0.01832458,0.02209764,0.02177075,21.11949,19.4079,18.52775,18.1197,17.8428,0.07004447,0.01268481,0.008883043,0.008814996,0.02030765,20.18464,18.53517,17.57375,16.98401,16.94499,0.1641813,0.02386279,0.01622534,0.0183562,0.04034667,20.23737,18.49844,17.61034,17.16638,16.92899,0.06582135,0.00921684,0.006596085,0.006216461,0.01503563,20.06938,18.50841,17.61038,17.02571,17.00105,0.09424099,0.009559691,0.006596085,0.006197553,0.01502576,6.225258,0.04102474,0.8587296,257,24577,24577,24577,24577,24577,0.1516777,0.1181863,0.0817607,0.06075697,0.04519202,20.08569,18.38025,17.52858,17.10563,16.88379,0.261000007390976,0.391000002622604,0
