w0,w1,w2,f1_macro,f1_0,rec_0,prec_0,f1_1,f1_2
0.5,1.0,0.5,0.5864967151999693,0.23076923076923078,0.1875,0.3,0.676056338028169,0.8526645768025078
0.5,1.0,0.55,0.5929862004936393,0.23376623376623376,0.1875,0.3103448275862069,0.6844919786096256,0.8607003891050584
0.5,1.0,0.6000000000000001,0.5951963736416243,0.23529411764705882,0.1875,0.3157894736842105,0.6869409660107334,0.8633540372670807
0.5,1.0,0.6500000000000001,0.5941724964907967,0.22666666666666666,0.17708333333333334,0.3148148148148148,0.6907775768535263,0.8650732459521974
0.5,1.0,0.7000000000000002,0.5933379524534906,0.22818791946308725,0.17708333333333334,0.32075471698113206,0.6861313868613139,0.8656945510360706
0.5,1.0,0.7500000000000002,0.5922668060359727,0.2206896551724138,0.16666666666666666,0.32653061224489793,0.6863468634686347,0.8697638994668697
0.5,1.0,0.8000000000000003,0.5944673470805876,0.2222222222222222,0.16666666666666666,0.3333333333333333,0.6904315196998124,0.8707482993197279
0.5,1.0,0.8500000000000003,0.5853597937861402,0.19718309859154928,0.14583333333333334,0.30434782608695654,0.6892655367231638,0.8696307460437076
0.5,1.0,0.9000000000000004,0.589738611123369,0.2,0.14583333333333334,0.3181818181818182,0.6944971537001897,0.8747186796699175
0.5,1.0,0.9500000000000004,0.5911192609160235,0.2014388489208633,0.14583333333333334,0.32558139534883723,0.6959847036328872,0.8759342301943199
0.5,1.0,1.0000000000000004,0.5922427895919699,0.2014388489208633,0.14583333333333334,0.32558139534883723,0.697495183044316,0.8777943368107303
0.5,1.0,1.0500000000000005,0.5947387911524084,0.20437956204379562,0.14583333333333334,0.34146341463414637,0.7001934235976789,0.8796433878157504
0.5,1.0,1.1000000000000005,0.592995486930194,0.19402985074626866,0.13541666666666666,0.34210526315789475,0.703125,0.8818316100443131
0.5,1.0,1.1500000000000006,0.5885710230072717,0.18045112781954886,0.125,0.32432432432432434,0.7035573122529645,0.881704628949302
0.5,1.0,1.2000000000000006,0.5834264302006237,0.16666666666666666,0.11458333333333333,0.3055555555555556,0.7023809523809523,0.8812316715542522
0.5,1.0,1.2500000000000007,0.5841237219099814,0.16793893129770993,0.11458333333333333,0.3142857142857143,0.7023809523809523,0.882051282051282
0.5,1.0,1.3000000000000007,0.5864800008886558,0.16923076923076924,0.11458333333333333,0.3235294117647059,0.7068273092369478,0.8833819241982507
0.5,1.0,1.3500000000000008,0.5872553542068034,0.17054263565891473,0.11458333333333333,0.3333333333333333,0.7058823529411765,0.8853410740203193
0.5,1.0,1.4000000000000008,0.5811866678449393,0.15625,0.10416666666666667,0.3125,0.7032520325203252,0.8840579710144928
0.5,1.0,1.4500000000000008,0.576727922433526,0.144,0.09375,0.3103448275862069,0.7008196721311475,0.8853640951694304
0.5,1.0,1.5000000000000009,0.5729412887362524,0.12903225806451613,0.08333333333333333,0.2857142857142857,0.7039337474120083,0.8858578607322326
0.5,1.0,1.550000000000001,0.5729412887362524,0.12903225806451613,0.08333333333333333,0.2857142857142857,0.7039337474120083,0.8858578607322326
0.5,1.0,1.600000000000001,0.5744493873526132,0.12903225806451613,0.08333333333333333,0.2857142857142857,0.7068607068607069,0.8874551971326164
0.5,1.0,1.650000000000001,0.5725039717319146,0.12903225806451613,0.08333333333333333,0.2857142857142857,0.702928870292887,0.8855507868383404
0.5,1.0,1.700000000000001,0.5721424053492364,0.12903225806451613,0.08333333333333333,0.2857142857142857,0.7016806722689075,0.8857142857142857
0.5,1.0,1.750000000000001,0.5706508594361704,0.12903225806451613,0.08333333333333333,0.2857142857142857,0.6976744186046512,0.8852459016393442
0.5,1.0,1.8000000000000012,0.5707990203048107,0.13008130081300814,0.08333333333333333,0.2962962962962963,0.6965811965811965,0.8857345635202271
0.5,1.0,1.8500000000000012,0.5685158393728278,0.13008130081300814,0.08333333333333333,0.2962962962962963,0.6909871244635193,0.884479092841956
0.5,1.0,1.9000000000000012,0.5585545483748208,0.09917355371900827,0.0625,0.24,0.6924731182795699,0.884016973125884
0.5,1.0,1.9500000000000013,0.5587043170632446,0.1,0.0625,0.25,0.6911447084233261,0.884968242766408
0.5,1.0,2.0000000000000013,0.550866194145007,0.08403361344537816,0.052083333333333336,0.21739130434782608,0.6854663774403471,0.8830985915492958
0.5,1.0,2.0500000000000016,0.5528840631658204,0.0847457627118644,0.052083333333333336,0.22727272727272727,0.6884531590413944,0.8854532677442024
0.5,1.0,2.1000000000000014,0.5529851043092163,0.08547008547008547,0.052083333333333336,0.23809523809523808,0.687089715536105,0.8863955119214586
0.5,1.0,2.1500000000000012,0.5529851043092163,0.08547008547008547,0.052083333333333336,0.23809523809523808,0.687089715536105,0.8863955119214586
0.5,1.0,2.2000000000000015,0.5545501955072187,0.08620689655172414,0.052083333333333336,0.25,0.6901098901098901,0.887333799860042
0.5,1.0,2.2500000000000018,0.5527182469785986,0.08695652173913043,0.052083333333333336,0.2631578947368421,0.6843267108167771,0.8868715083798883
0.5,1.0,2.3000000000000016,0.5473841532322323,0.07079646017699115,0.041666666666666664,0.23529411764705882,0.6843267108167771,0.8870292887029289
0.5,1.0,2.3500000000000014,0.5473841532322323,0.07079646017699115,0.041666666666666664,0.23529411764705882,0.6843267108167771,0.8870292887029289
0.5,1.0,2.4000000000000017,0.5414364297379965,0.05357142857142857,0.03125,0.1875,0.6843267108167771,0.886411149825784
0.5,1.0,2.450000000000002,0.5414364297379965,0.05357142857142857,0.03125,0.1875,0.6843267108167771,0.886411149825784
0.5,1.0,2.5000000000000018,0.5402604098804212,0.05357142857142857,0.03125,0.1875,0.6814159292035398,0.8857938718662952
0.5,1.0,2.5500000000000016,0.5401409815989896,0.05357142857142857,0.03125,0.1875,0.6815144766146993,0.8853370396108409
0.5,1.0,2.600000000000002,0.5377649664178175,0.05357142857142857,0.03125,0.1875,0.6756152125279642,0.8841082581540597
0.55,1.0,0.5,0.5890352700774982,0.2389937106918239,0.19791666666666666,0.30158730158730157,0.6772486772486772,0.8508634222919937
0.55,1.0,0.55,0.5955589660739314,0.24203821656050956,0.19791666666666666,0.3114754098360656,0.6857142857142857,0.8589243959469992
0.55,1.0,0.6000000000000001,0.5986013986013986,0.24516129032258063,0.19791666666666666,0.3220338983050847,0.6881720430107527,0.8624708624708625
0.55,1.0,0.6500000000000001,0.6014384875180521,0.24675324675324675,0.19791666666666666,0.3275862068965517,0.6920289855072463,0.865533230293663
0.55,1.0,0.7000000000000002,0.5968732283743334,0.23841059602649006,0.1875,0.32727272727272727,0.6873857404021938,0.8648233486943164
0.55,1.0,0.7500000000000002,0.5984845237036169,0.24,0.1875,0.3333333333333333,0.6876155268022182,0.8678380443086325
0.55,1.0,0.8000000000000003,0.5978581506576361,0.23129251700680273,0.17708333333333334,0.3333333333333333,0.6917293233082706,0.8705526116578349
0.55,1.0,0.8500000000000003,0.598664064194318,0.23448275862068965,0.17708333333333334,0.3469387755102041,0.690566037735849,0.8709433962264151
0.55,1.0,0.9000000000000004,0.6015472864494148,0.23448275862068965,0.17708333333333334,0.3469387755102041,0.6958174904942965,0.8743416102332581
0.55,1.0,0.9500000000000004,0.5935054857178065,0.2097902097902098,0.15625,0.3191489361702128,0.6973180076628352,0.8734082397003745
0.55,1.0,1.0000000000000004,0.5961883835652221,0.2127659574468085,0.15625,0.3333333333333333,0.6988416988416989,0.8769574944071589
0.55,1.0,1.0500000000000005,0.597937430786268,0.21428571428571427,0.15625,0.3409090909090909,0.7015503875968992,0.8779761904761905
0.55,1.0,1.1000000000000005,0.599318816044549,0.21428571428571427,0.15625,0.3409090909090909,0.7045009784735812,0.8791697553743514
0.55,1.0,1.1500000000000006,0.6012325772002403,0.21739130434782608,0.15625,0.35714285714285715,0.7049504950495049,0.8813559322033898
0.55,1.0,1.2000000000000006,0.5971214392915246,0.20588235294117646,0.14583333333333334,0.35,0.7037773359840954,0.881704628949302
0.55,1.0,1.2500000000000007,0.5932284655205395,0.19402985074626866,0.13541666666666666,0.34210526315789475,0.7037773359840954,0.8818782098312545
0.55,1.0,1.3000000000000007,0.5953787258436453,0.19402985074626866,0.13541666666666666,0.34210526315789475,0.7082494969818913,0.8838568298027758
0.55,1.0,1.3500000000000008,0.5914365578645215,0.18181818181818182,0.125,0.3333333333333333,0.7073170731707317,0.8851744186046512
0.55,1.0,1.4000000000000008,0.5903446966503553,0.18181818181818182,0.125,0.3333333333333333,0.7046843177189409,0.8845315904139434
0.55,1.0,1.4500000000000008,0.5898968645126882,0.183206106870229,0.125,0.34285714285714286,0.702258726899384,0.8842257597684515
0.55,1.0,1.5000000000000009,0.5871553280658902,0.17054263565891473,0.11458333333333333,0.3333333333333333,0.7053941908713693,0.8855291576673866
0.55,1.0,1.550000000000001,0.5828560837796096,0.15748031496062992,0.10416666666666667,0.3225806451612903,0.7053941908713693,0.8856937455068297
0.55,1.0,1.600000000000001,0.5850517713860612,0.15873015873015872,0.10416666666666667,0.3333333333333333,0.7083333333333334,0.8880918220946915
0.55,1.0,1.650000000000001,0.5779844341872037,0.144,0.09375,0.3103448275862069,0.7044025157232704,0.8855507868383404
0.55,1.0,1.700000000000001,0.5776240601503759,0.144,0.09375,0.3103448275862069,0.7031578947368421,0.8857142857142857
0.55,1.0,1.750000000000001,0.5761328146707418,0.144,0.09375,0.3103448275862069,0.6991525423728814,0.8852459016393442
0.55,1.0,1.8000000000000012,0.575671995652456,0.144,0.09375,0.3103448275862069,0.6980728051391863,0.8849431818181818
0.55,1.0,1.8500000000000012,0.5733870205139938,0.144,0.09375,0.3103448275862069,0.6924731182795699,0.8836879432624114
0.55,1.0,1.9000000000000012,0.5741482033611117,0.144,0.09375,0.3103448275862069,0.6939655172413793,0.884479092841956
0.55,1.0,1.9500000000000013,0.5737610990095067,0.144,0.09375,0.3103448275862069,0.6926406926406926,0.8846426043878273
0.55,1.0,2.0000000000000013,0.572099534340721,0.14516129032258066,0.09375,0.32142857142857145,0.6869565217391305,0.884180790960452
0.55,1.0,2.0500000000000016,0.5630724908306354,0.11475409836065574,0.07291666666666667,0.2692307692307692,0.6899563318777293,0.8845070422535212
0.55,1.0,2.1000000000000014,0.5626733563983048,0.11475409836065574,0.07291666666666667,0.2692307692307692,0.6885964912280702,0.8846694796061885
0.55,1.0,2.1500000000000012,0.5632507461037052,0.11570247933884298,0.07291666666666667,0.28,0.6885964912280702,0.8854532677442024
0.55,1.0,2.2000000000000015,0.5588743144414718,0.1,0.0625,0.25,0.6916299559471366,0.884992987377279
0.55,1.0,2.2500000000000018,0.5570718945690577,0.10084033613445378,0.0625,0.2608695652173913,0.6858407079646017,0.8845346396081175
0.55,1.0,2.3000000000000016,0.5576167695111748,0.1016949152542373,0.0625,0.2727272727272727,0.6858407079646017,0.8853146853146853
0.55,1.0,2.3500000000000014,0.5576167695111748,0.1016949152542373,0.0625,0.2727272727272727,0.6858407079646017,0.8853146853146853
0.55,1.0,2.4000000000000017,0.558166150446442,0.10256410256410256,0.0625,0.2857142857142857,0.6858407079646017,0.8860936408106219
0.55,1.0,2.450000000000002,0.558166150446442,0.10256410256410256,0.0625,0.2857142857142857,0.6858407079646017,0.8860936408106219
0.55,1.0,2.5000000000000018,0.5575425740060034,0.10344827586206896,0.0625,0.3,0.6829268292682927,0.8862526168876483
0.55,1.0,2.5500000000000016,0.5522359082104891,0.08771929824561403,0.052083333333333336,0.2777777777777778,0.6830357142857143,0.885952712100139
0.55,1.0,2.600000000000002,0.5440115877247,0.07079646017699115,0.041666666666666664,0.23529411764705882,0.6771300448430493,0.8841082581540597
0.6000000000000001,1.0,0.5,0.5869420233807104,0.23809523809523808,0.20833333333333334,0.2777777777777778,0.6773049645390071,0.8454258675078864
0.6000000000000001,1.0,0.55,0.5967259585772909,0.2484472049689441,0.20833333333333334,0.3076923076923077,0.6845878136200717,0.8571428571428571
0.6000000000000001,1.0,0.6000000000000001,0.5997743586204379,0.25157232704402516,0.20833333333333334,0.31746031746031744,0.6870503597122302,0.8607003891050584
0.6000000000000001,1.0,0.6500000000000001,0.6034473333688609,0.25477707006369427,0.20833333333333334,0.32786885245901637,0.6909090909090909,0.8646558391337974
0.6000000000000001,1.0,0.7000000000000002,0.601807460611601,0.25477707006369427,0.20833333333333334,0.32786885245901637,0.6862385321100918,0.864406779661017
0.6000000000000001,1.0,0.7500000000000002,0.6005982969594102,0.24836601307189543,0.19791666666666666,0.3333333333333333,0.686456400742115,0.8669724770642202
0.6000000000000001,1.0,0.8000000000000003,0.5990584580081042,0.23841059602649006,0.1875,0.32727272727272727,0.6892655367231638,0.8694992412746586
0.6000000000000001,1.0,0.8500000000000003,0.6003694782159693,0.24161073825503357,0.1875,0.33962264150943394,0.6880907372400756,0.8714069591527988
0.6000000000000001,1.0,0.9000000000000004,0.599875283446712,0.23129251700680273,0.17708333333333334,0.3333333333333333,0.6933333333333334,0.875
0.6000000000000001,1.0,0.9500000000000004,0.6008043501160043,0.2328767123287671,0.17708333333333334,0.34,0.6948176583493282,0.8747186796699175
0.6000000000000001,1.0,1.0000000000000004,0.5933127815745044,0.20833333333333334,0.15625,0.3125,0.6963249516441006,0.8752800597460791
0.6000000000000001,1.0,1.0500000000000005,0.5958124871856668,0.2112676056338028,0.15625,0.32608695652173914,0.6990291262135923,0.8771407297096053
0.6000000000000001,1.0,1.1000000000000005,0.5971888896264264,0.2112676056338028,0.15625,0.32608695652173914,0.7019607843137254,0.8783382789317508
0.6000000000000001,1.0,1.1500000000000006,0.5982839022919104,0.2127659574468085,0.15625,0.3333333333333333,0.7023809523809523,0.8797047970479704
0.6000000000000001,1.0,1.2000000000000006,0.5979477564740646,0.2127659574468085,0.15625,0.3333333333333333,0.701195219123506,0.8798820928518791
0.6000000000000001,1.0,1.2500000000000007,0.5995176981375595,0.2158273381294964,0.15625,0.3488372093023256,0.701195219123506,0.8815305371596762
0.6000000000000001,1.0,1.3000000000000007,0.6024567623381433,0.21739130434782608,0.15625,0.35714285714285715,0.7056451612903226,0.8843338213762811
0.6000000000000001,1.0,1.3500000000000008,0.5987395093023407,0.20588235294117646,0.14583333333333334,0.35,0.7046843177189409,0.8856518572469045
0.6000000000000001,1.0,1.4000000000000008,0.5929990150942532,0.1925925925925926,0.13541666666666666,0.3333333333333333,0.7020408163265306,0.8843636363636364
0.6000000000000001,1.0,1.4500000000000008,0.5875836419975627,0.1791044776119403,0.125,0.3157894736842105,0.6995884773662552,0.8840579710144928
0.6000000000000001,1.0,1.5000000000000009,0.5897189055083792,0.18045112781954886,0.125,0.32432432432432434,0.7027027027027027,0.886002886002886
0.6000000000000001,1.0,1.550000000000001,0.5899616598967716,0.18181818181818182,0.125,0.3333333333333333,0.7027027027027027,0.8853640951694304
0.6000000000000001,1.0,1.600000000000001,0.591474655836605,0.18181818181818182,0.125,0.3333333333333333,0.7056367432150313,0.8869690424766019
0.6000000000000001,1.0,1.650000000000001,0.585377941045086,0.16923076923076924,0.11458333333333333,0.3235294117647059,0.7016806722689075,0.8852223816355811
0.6000000000000001,1.0,1.700000000000001,0.5814165489608223,0.15748031496062992,0.10416666666666667,0.3225806451612903,0.70042194092827,0.8863473909935669
0.6000000000000001,1.0,1.750000000000001,0.5799160970839011,0.15748031496062992,0.10416666666666667,0.3225806451612903,0.6963906581740976,0.8858773181169758
0.6000000000000001,1.0,1.8000000000000012,0.5743597648774688,0.14285714285714285,0.09375,0.3,0.6952789699570815,0.8849431818181818
0.6000000000000001,1.0,1.8500000000000012,0.5720667528444491,0.14285714285714285,0.09375,0.3,0.6896551724137931,0.8836879432624114
0.6000000000000001,1.0,1.9000000000000012,0.5728269813741417,0.14285714285714285,0.09375,0.3,0.6911447084233261,0.884479092841956
0.6000000000000001,1.0,1.9500000000000013,0.5724348398264144,0.14285714285714285,0.09375,0.3,0.6898047722342733,0.8846426043878273
0.6000000000000001,1.0,2.0000000000000013,0.5701150765240005,0.14285714285714285,0.09375,0.3,0.6840958605664488,0.8833922261484098
0.6000000000000001,1.0,2.0500000000000016,0.5716383670532186,0.14285714285714285,0.09375,0.3,0.687089715536105,0.884968242766408
0.6000000000000001,1.0,2.1000000000000014,0.5712339340246316,0.14285714285714285,0.09375,0.3,0.6857142857142857,0.8851303735024665
0.6000000000000001,1.0,2.1500000000000012,0.5718765928906774,0.144,0.09375,0.3103448275862069,0.6857142857142857,0.8859154929577465
0.6000000000000001,1.0,2.2000000000000015,0.5729392237404644,0.144,0.09375,0.3103448275862069,0.6887417218543046,0.8860759493670886
0.6000000000000001,1.0,2.2500000000000018,0.5601128101042582,0.11382113821138211,0.07291666666666667,0.25925925925925924,0.6829268292682927,0.8835904628330996
0.6000000000000001,1.0,2.3000000000000016,0.5601128101042582,0.11382113821138211,0.07291666666666667,0.25925925925925924,0.6829268292682927,0.8835904628330996
0.6000000000000001,1.0,2.3500000000000014,0.5606845792400162,0.11475409836065574,0.07291666666666667,0.2692307692307692,0.6829268292682927,0.8843728100911002
0.6000000000000001,1.0,2.4000000000000017,0.555284628129287,0.09917355371900827,0.0625,0.24,0.6829268292682927,0.8837535014005602
0.6000000000000001,1.0,2.450000000000002,0.55582048962547,0.1,0.0625,0.25,0.6829268292682927,0.8845346396081175
0.6000000000000001,1.0,2.5000000000000018,0.5551787843019808,0.10084033613445378,0.0625,0.2608695652173913,0.68,0.8846960167714885
0.6000000000000001,1.0,2.5500000000000016,0.5550565700056852,0.10084033613445378,0.0625,0.2608695652173913,0.680089485458613,0.8842398884239888
0.6000000000000001,1.0,2.600000000000002,0.5532126277346693,0.1016949152542373,0.0625,0.2727272727272727,0.6741573033707865,0.883785664578984
0.6500000000000001,1.0,0.5,0.5864399494413527,0.2346368715083799,0.21875,0.25301204819277107,0.6810810810810811,0.8436018957345972
0.6500000000000001,1.0,0.55,0.5922253826830496,0.23728813559322035,0.21875,0.25925925925925924,0.6885245901639344,0.8508634222919937
0.6500000000000001,1.0,0.6000000000000001,0.5990084223361346,0.24705882352941178,0.21875,0.28378378378378377,0.6910420475319927,0.8589243959469992
0.6500000000000001,1.0,0.6500000000000001,0.6019872884322579,0.25149700598802394,0.21875,0.29577464788732394,0.6924493554327809,0.862015503875969
0.6500000000000001,1.0,0.7000000000000002,0.6027455608813539,0.25609756097560976,0.21875,0.3088235294117647,0.6877323420074349,0.864406779661017
0.6500000000000001,1.0,0.7500000000000002,0.6045861837094079,0.25609756097560976,0.21875,0.3088235294117647,0.6904315196998124,0.8672294704528012
0.6500000000000001,1.0,0.8000000000000003,0.6047355240771539,0.25157232704402516,0.20833333333333334,0.31746031746031744,0.6933333333333334,0.8693009118541033
0.6500000000000001,1.0,0.8500000000000003,0.6036842907060431,0.25157232704402516,0.20833333333333334,0.31746031746031744,0.6908396946564885,0.8686408504176157
0.6500000000000001,1.0,0.9000000000000004,0.6042851240736437,0.24358974358974358,0.19791666666666666,0.31666666666666665,0.6961538461538461,0.8731117824773413
0.6500000000000001,1.0,0.9500000000000004,0.6024996548337155,0.23529411764705882,0.1875,0.3157894736842105,0.6976744186046512,0.8745304282494365
0.6500000000000001,1.0,1.0000000000000004,0.6037007833775032,0.23684210526315788,0.1875,0.32142857142857145,0.6978557504873294,0.8764044943820225
0.6500000000000001,1.0,1.0500000000000005,0.6057869319579653,0.24,0.1875,0.3333333333333333,0.700587084148728,0.876773711725168
0.6500000000000001,1.0,1.1000000000000005,0.5988150493609502,0.21621621621621623,0.16666666666666666,0.3076923076923077,0.7035573122529645,0.8766716196136701
0.6500000000000001,1.0,1.1500000000000006,0.6006851608290672,0.2191780821917808,0.16666666666666666,0.32,0.704,0.8788774002954209
0.6500000000000001,1.0,1.2000000000000006,0.6003484581231135,0.2191780821917808,0.16666666666666666,0.32,0.7028112449799196,0.8790560471976401
0.6500000000000001,1.0,1.2500000000000007,0.6011276643347375,0.2206896551724138,0.16666666666666666,0.32653061224489793,0.7028112449799196,0.8798820928518791
0.6500000000000001,1.0,1.3000000000000007,0.6025430922786857,0.2206896551724138,0.16666666666666666,0.32653061224489793,0.7058823529411765,0.8810572687224669
0.6500000000000001,1.0,1.3500000000000008,0.6049805594365524,0.22535211267605634,0.16666666666666666,0.34782608695652173,0.7049180327868853,0.8846715328467153
0.6500000000000001,1.0,1.4000000000000008,0.6046829105516952,0.22695035460992907,0.16666666666666666,0.35555555555555557,0.702258726899384,0.8848396501457726
0.6500000000000001,1.0,1.4500000000000008,0.6003204576041138,0.2158273381294964,0.15625,0.3488372093023256,0.6997929606625258,0.8853410740203193
0.6500000000000001,1.0,1.5000000000000009,0.5969461993847104,0.2028985507246377,0.14583333333333334,0.3333333333333333,0.7014613778705637,0.8864786695589298
0.6500000000000001,1.0,1.550000000000001,0.5969461993847104,0.2028985507246377,0.14583333333333334,0.3333333333333333,0.7014613778705637,0.8864786695589298
0.6500000000000001,1.0,1.600000000000001,0.5899294542217711,0.17777777777777778,0.125,0.3076923076923077,0.7044025157232704,0.8876080691642652
0.6500000000000001,1.0,1.650000000000001,0.5879644880709591,0.17777777777777778,0.125,0.3076923076923077,0.70042194092827,0.8856937455068297
0.6500000000000001,1.0,1.700000000000001,0.5878264672068009,0.1791044776119403,0.125,0.3157894736842105,0.6991525423728814,0.8852223816355811
0.6500000000000001,1.0,1.750000000000001,0.5863178228908632,0.1791044776119403,0.125,0.3157894736842105,0.6950959488272921,0.8847530422333572
0.6500000000000001,1.0,1.8000000000000012,0.5817491895078102,0.16666666666666666,0.11458333333333333,0.3055555555555556,0.6939655172413793,0.8846153846153846
0.6500000000000001,1.0,1.8500000000000012,0.57588852170198,0.15503875968992248,0.10416666666666667,0.30303030303030304,0.6883116883116883,0.8843151171043293
0.6500000000000001,1.0,1.9000000000000012,0.5766499716343064,0.15503875968992248,0.10416666666666667,0.30303030303030304,0.6898047722342733,0.8851063829787233
0.6500000000000001,1.0,1.9500000000000013,0.5712402544764071,0.140625,0.09375,0.28125,0.6884531590413944,0.8846426043878273
0.6500000000000001,1.0,2.0000000000000013,0.5689101913565451,0.140625,0.09375,0.28125,0.6827133479212254,0.8833922261484098
0.6500000000000001,1.0,2.0500000000000016,0.5704358428268979,0.140625,0.09375,0.28125,0.6857142857142857,0.884968242766408
0.6500000000000001,1.0,2.1000000000000014,0.5700273614397479,0.140625,0.09375,0.28125,0.6843267108167771,0.8851303735024665
0.6500000000000001,1.0,2.1500000000000012,0.5700273614397479,0.140625,0.09375,0.28125,0.6843267108167771,0.8851303735024665
0.6500000000000001,1.0,2.2000000000000015,0.5710928223074535,0.140625,0.09375,0.28125,0.6873614190687362,0.8852920478536243
0.6500000000000001,1.0,2.2500000000000018,0.56872908766051,0.140625,0.09375,0.28125,0.6815144766146993,0.8840477863668307
0.6500000000000001,1.0,2.3000000000000016,0.56872908766051,0.140625,0.09375,0.28125,0.6815144766146993,0.8840477863668307
0.6500000000000001,1.0,2.3500000000000014,0.5693594069178078,0.14173228346456693,0.09375,0.2903225806451613,0.6815144766146993,0.8848314606741573
0.6500000000000001,1.0,2.4000000000000017,0.5693594069178078,0.14173228346456693,0.09375,0.2903225806451613,0.6815144766146993,0.8848314606741573
0.6500000000000001,1.0,2.450000000000002,0.559034979815933,0.112,0.07291666666666667,0.2413793103448276,0.6815144766146993,0.8835904628330996
0.6500000000000001,1.0,2.5000000000000018,0.5578475656555545,0.112,0.07291666666666667,0.2413793103448276,0.6785714285714286,0.8829712683952348
0.6500000000000001,1.0,2.5500000000000016,0.5582844346440217,0.11290322580645161,0.07291666666666667,0.25,0.6786516853932584,0.883298392732355
0.6500000000000001,1.0,2.600000000000002,0.5505658980010373,0.0975609756097561,0.0625,0.2222222222222222,0.672686230248307,0.8814504881450488
0.7000000000000002,1.0,0.5,0.5876540995694719,0.2391304347826087,0.22916666666666666,0.25,0.6823104693140795,0.8415213946117274
0.7000000000000002,1.0,0.55,0.5907236530015761,0.23333333333333334,0.21875,0.25,0.6897810218978102,0.8490566037735849
0.7000000000000002,1.0,0.6000000000000001,0.5936424417633251,0.23595505617977527,0.21875,0.25609756097560976,0.6923076923076923,0.8526645768025078
0.7000000000000002,1.0,0.6500000000000001,0.5995679439066505,0.24561403508771928,0.21875,0.28,0.6937269372693727,0.8593628593628594
0.7000000000000002,1.0,0.7000000000000002,0.6002630323859375,0.25,0.21875,0.2916666666666667,0.6890130353817505,0.8617760617760618
0.7000000000000002,1.0,0.7500000000000002,0.6037002728352167,0.25301204819277107,0.21875,0.3,0.6917293233082706,0.8663594470046083
0.7000000000000002,1.0,0.8000000000000003,0.6062557201621258,0.2545454545454545,0.21875,0.30434782608695654,0.6946564885496184,0.8695652173913043
0.7000000000000002,1.0,0.8500000000000003,0.6027963239462754,0.2484472049689441,0.20833333333333334,0.3076923076923077,0.6921606118546845,0.8677811550151976
0.7000000000000002,1.0,0.9000000000000004,0.6065205997480548,0.25,0.20833333333333334,0.3125,0.697495183044316,0.8720666161998486
0.7000000000000002,1.0,0.9500000000000004,0.6048537728925721,0.24203821656050956,0.19791666666666666,0.3114754098360656,0.6990291262135923,0.8734939759036144
0.7000000000000002,1.0,1.0000000000000004,0.6068663650287571,0.24516129032258063,0.19791666666666666,0.3220338983050847,0.69921875,0.8762190547636909
0.7000000000000002,1.0,1.0500000000000005,0.6046147603893215,0.23529411764705882,0.1875,0.3157894736842105,0.7019607843137254,0.8765893792071803
0.7000000000000002,1.0,1.1000000000000005,0.6071124271840618,0.23841059602649006,0.1875,0.32727272727272727,0.7049504950495049,0.8779761904761905
0.7000000000000002,1.0,1.1500000000000006,0.6074466453960984,0.23841059602649006,0.1875,0.32727272727272727,0.7054108216432866,0.8785185185185185
0.7000000000000002,1.0,1.2000000000000006,0.5987969160682639,0.21476510067114093,0.16666666666666666,0.3018867924528302,0.704225352112676,0.8774002954209749
0.7000000000000002,1.0,1.2500000000000007,0.600322824713416,0.21768707482993196,0.16666666666666666,0.3137254901960784,0.704225352112676,0.8790560471976401
0.7000000000000002,1.0,1.3000000000000007,0.6025174746949932,0.2191780821917808,0.16666666666666666,0.32,0.7073170731707317,0.8810572687224669
0.7000000000000002,1.0,1.3500000000000008,0.6025891443712842,0.2191780821917808,0.16666666666666666,0.32,0.7063655030800822,0.8822238478419897
0.7000000000000002,1.0,1.4000000000000008,0.6014869110879685,0.2191780821917808,0.16666666666666666,0.32,0.7037037037037037,0.881578947368421
0.7000000000000002,1.0,1.4500000000000008,0.6023395698149725,0.2222222222222222,0.16666666666666666,0.3333333333333333,0.7012448132780082,0.883551673944687
0.7000000000000002,1.0,1.5000000000000009,0.6050791682360246,0.22535211267605634,0.16666666666666666,0.34782608695652173,0.702928870292887,0.8869565217391304
0.7000000000000002,1.0,1.550000000000001,0.6014449001176138,0.21428571428571427,0.15625,0.3409090909090909,0.702928870292887,0.8871201157742402
0.7000000000000002,1.0,1.600000000000001,0.5984692814871059,0.2014388489208633,0.14583333333333334,0.32558139534883723,0.7058823529411765,0.8880866425992779
0.7000000000000002,1.0,1.650000000000001,0.5965029147697677,0.2014388489208633,0.14583333333333334,0.32558139534883723,0.7019027484143763,0.8861671469740634
0.7000000000000002,1.0,1.700000000000001,0.587655130547562,0.17647058823529413,0.125,0.3,0.7006369426751592,0.8858578607322326
0.7000000000000002,1.0,1.750000000000001,0.5861462014335771,0.17647058823529413,0.125,0.3,0.6965811965811965,0.8853868194842407
0.7000000000000002,1.0,1.8000000000000012,0.5858976417407292,0.17777777777777778,0.125,0.3076923076923077,0.6954643628509719,0.884450784593438
0.7000000000000002,1.0,1.8500000000000012,0.5835911444009781,0.17777777777777778,0.125,0.3076923076923077,0.6898047722342733,0.8831908831908832
0.7000000000000002,1.0,1.9000000000000012,0.5802895189520415,0.16541353383458646,0.11458333333333333,0.2972972972972973,0.691304347826087,0.8841506751954513
0.7000000000000002,1.0,1.9500000000000013,0.579894994272215,0.16541353383458646,0.11458333333333333,0.2972972972972973,0.6899563318777293,0.8843151171043293
0.7000000000000002,1.0,2.0000000000000013,0.5740245510959424,0.15384615384615385,0.10416666666666667,0.29411764705882354,0.6842105263157895,0.884016973125884
0.7000000000000002,1.0,2.0500000000000016,0.575554681262887,0.15384615384615385,0.10416666666666667,0.29411764705882354,0.6872246696035242,0.885593220338983
0.7000000000000002,1.0,2.1000000000000014,0.5701686550626661,0.13953488372093023,0.09375,0.2727272727272727,0.6858407079646017,0.8851303735024665
0.7000000000000002,1.0,2.1500000000000012,0.5701686550626661,0.13953488372093023,0.09375,0.2727272727272727,0.6858407079646017,0.8851303735024665
0.7000000000000002,1.0,2.2000000000000015,0.5712386068211478,0.13953488372093023,0.09375,0.2727272727272727,0.6888888888888889,0.8852920478536243
0.7000000000000002,1.0,2.2500000000000018,0.5688727947911584,0.13953488372093023,0.09375,0.2727272727272727,0.6830357142857143,0.8840477863668307
0.7000000000000002,1.0,2.3000000000000016,0.5688727947911584,0.13953488372093023,0.09375,0.2727272727272727,0.6830357142857143,0.8840477863668307
0.7000000000000002,1.0,2.3500000000000014,0.5688727947911584,0.13953488372093023,0.09375,0.2727272727272727,0.6830357142857143,0.8840477863668307
0.7000000000000002,1.0,2.4000000000000017,0.5688727947911584,0.13953488372093023,0.09375,0.2727272727272727,0.6830357142857143,0.8840477863668307
0.7000000000000002,1.0,2.450000000000002,0.5688727947911584,0.13953488372093023,0.09375,0.2727272727272727,0.6830357142857143,0.8840477863668307
0.7000000000000002,1.0,2.5000000000000018,0.5676837784905594,0.13953488372093023,0.09375,0.2727272727272727,0.680089485458613,0.8834269662921348
0.7000000000000002,1.0,2.5500000000000016,0.5681862271935801,0.140625,0.09375,0.28125,0.6801801801801802,0.8837535014005602
0.7000000000000002,1.0,2.600000000000002,0.5555347240362029,0.1111111111111111,0.07291666666666667,0.23333333333333334,0.6742081447963801,0.8812849162011173
0.7500000000000002,1.0,0.5,0.5878625689980891,0.24210526315789474,0.23958333333333334,0.24468085106382978,0.6823104693140795,0.839171974522293
0.7500000000000002,1.0,0.55,0.5927099739655062,0.24043715846994534,0.22916666666666666,0.25287356321839083,0.6897810218978102,0.8479117415287628
0.7500000000000002,1.0,0.6000000000000001,0.5921681493110065,0.23333333333333334,0.21875,0.25,0.6923076923076923,0.8508634222919937
0.7500000000000002,1.0,0.6500000000000001,0.5942689978163828,0.23595505617977527,0.21875,0.25609756097560976,0.6937269372693727,0.853125
0.7500000000000002,1.0,0.7000000000000002,0.5979200658014848,0.24561403508771928,0.21875,0.28,0.6890130353817505,0.8591331269349846
0.7500000000000002,1.0,0.7500000000000002,0.6021149026412184,0.25,0.21875,0.2916666666666667,0.6917293233082706,0.8646153846153846
0.7500000000000002,1.0,0.8000000000000003,0.6054569422729085,0.25301204819277107,0.21875,0.3,0.6946564885496184,0.8687022900763359
0.7500000000000002,1.0,0.8500000000000003,0.6052028351415097,0.2545454545454545,0.21875,0.30434782608695654,0.6921606118546845,0.8689024390243902
0.7500000000000002,1.0,0.9000000000000004,0.6092326791137074,0.25766871165644173,0.21875,0.31343283582089554,0.697495183044316,0.8725341426403642
0.7500000000000002,1.0,0.9500000000000004,0.6071606521340905,0.25,0.20833333333333334,0.3125,0.6990291262135923,0.8724528301886793
0.7500000000000002,1.0,1.0000000000000004,0.6052624649366486,0.24203821656050956,0.19791666666666666,0.3114754098360656,0.69921875,0.8745304282494365
0.7500000000000002,1.0,1.0500000000000005,0.6062392268480509,0.24203821656050956,0.19791666666666666,0.3114754098360656,0.7019607843137254,0.8747186796699175
0.7500000000000002,1.0,1.1000000000000005,0.6052247410742991,0.23376623376623376,0.1875,0.3103448275862069,0.7049504950495049,0.8769574944071589
0.7500000000000002,1.0,1.1500000000000006,0.6063477394073654,0.23529411764705882,0.1875,0.3157894736842105,0.7054108216432866,0.8783382789317508
0.7500000000000002,1.0,1.2000000000000006,0.607111390997079,0.23841059602649006,0.1875,0.32727272727272727,0.704225352112676,0.878698224852071
0.7500000000000002,1.0,1.2500000000000007,0.5987969160682639,0.21476510067114093,0.16666666666666666,0.3018867924528302,0.704225352112676,0.8774002954209749
0.7500000000000002,1.0,1.3000000000000007,0.60098168469761,0.21621621621621623,0.16666666666666666,0.3076923076923077,0.7073170731707317,0.8794117647058823
0.7500000000000002,1.0,1.3500000000000008,0.6018193805332063,0.21768707482993196,0.16666666666666666,0.3137254901960784,0.7063655030800822,0.8814055636896047
0.7500000000000002,1.0,1.4000000000000008,0.6014869110879685,0.2191780821917808,0.16666666666666666,0.32,0.7037037037037037,0.881578947368421
0.7500000000000002,1.0,1.4500000000000008,0.600782364573506,0.2191780821917808,0.16666666666666666,0.32,0.7012448132780082,0.8819241982507289
0.7500000000000002,1.0,1.5000000000000009,0.6019426275724086,0.2191780821917808,0.16666666666666666,0.32,0.702928870292887,0.8837209302325582
0.7500000000000002,1.0,1.550000000000001,0.6034973888451428,0.2222222222222222,0.16666666666666666,0.3333333333333333,0.702928870292887,0.8853410740203193
0.7500000000000002,1.0,1.600000000000001,0.6066005864647891,0.22535211267605634,0.16666666666666666,0.34782608695652173,0.7058823529411765,0.8885672937771346
0.7500000000000002,1.0,1.650000000000001,0.6009981729788574,0.21428571428571427,0.15625,0.3409090909090909,0.7019027484143763,0.8868060562364816
0.7500000000000002,1.0,1.700000000000001,0.5961355756159403,0.2014388489208633,0.14583333333333334,0.32558139534883723,0.7006369426751592,0.8863309352517985
0.7500000000000002,1.0,1.750000000000001,0.5946259687447641,0.2014388489208633,0.14583333333333334,0.32558139534883723,0.6965811965811965,0.8858578607322326
0.7500000000000002,1.0,1.8000000000000012,0.5849775196295036,0.17518248175182483,0.125,0.2926829268292683,0.6954643628509719,0.8842857142857142
0.7500000000000002,1.0,1.8500000000000012,0.58336524845303,0.17647058823529413,0.125,0.3,0.6898047722342733,0.8838203848895224
0.7500000000000002,1.0,1.9000000000000012,0.5841301068922552,0.17647058823529413,0.125,0.3,0.691304347826087,0.8846153846153846
0.7500000000000002,1.0,1.9500000000000013,0.5839615949503195,0.17777777777777778,0.125,0.3076923076923077,0.6899563318777293,0.8841506751954513
0.7500000000000002,1.0,2.0000000000000013,0.5816279915939996,0.17777777777777778,0.125,0.3076923076923077,0.6842105263157895,0.8828956706884316
0.7500000000000002,1.0,2.0500000000000016,0.579093602608646,0.16541353383458646,0.11458333333333333,0.2972972972972973,0.6872246696035242,0.8846426043878273
0.7500000000000002,1.0,2.1000000000000014,0.5786866318364785,0.16541353383458646,0.11458333333333333,0.2972972972972973,0.6858407079646017,0.8848056537102473
0.7500000000000002,1.0,2.1500000000000012,0.575147148577257,0.15384615384615385,0.10416666666666667,0.29411764705882354,0.6858407079646017,0.8857545839210155
0.7500000000000002,1.0,2.2000000000000015,0.5762168452309298,0.15384615384615385,0.10416666666666667,0.29411764705882354,0.6888888888888889,0.8859154929577465
0.7500000000000002,1.0,2.2500000000000018,0.5688727947911584,0.13953488372093023,0.09375,0.2727272727272727,0.6830357142857143,0.8840477863668307
0.7500000000000002,1.0,2.3000000000000016,0.5688727947911584,0.13953488372093023,0.09375,0.2727272727272727,0.6830357142857143,0.8840477863668307
0.7500000000000002,1.0,2.3500000000000014,0.5688727947911584,0.13953488372093023,0.09375,0.2727272727272727,0.6830357142857143,0.8840477863668307
0.7500000000000002,1.0,2.4000000000000017,0.5688727947911584,0.13953488372093023,0.09375,0.2727272727272727,0.6830357142857143,0.8840477863668307
0.7500000000000002,1.0,2.450000000000002,0.5688727947911584,0.13953488372093023,0.09375,0.2727272727272727,0.6830357142857143,0.8840477863668307
0.7500000000000002,1.0,2.5000000000000018,0.5676837784905594,0.13953488372093023,0.09375,0.2727272727272727,0.680089485458613,0.8834269662921348
0.7500000000000002,1.0,2.5500000000000016,0.5675621107654484,0.13953488372093023,0.09375,0.2727272727272727,0.6801801801801802,0.8829712683952348
0.7500000000000002,1.0,2.600000000000002,0.5651595026245012,0.13953488372093023,0.09375,0.2727272727272727,0.6742081447963801,0.8817354793561931
0.8000000000000003,1.0,0.5,0.5878946145310323,0.2436548223350254,0.25,0.2376237623762376,0.6836363636363636,0.8363926576217079
0.8000000000000003,1.0,0.55,0.5918988375941093,0.23958333333333334,0.23958333333333334,0.23958333333333334,0.6911764705882353,0.8449367088607594
0.8000000000000003,1.0,0.6000000000000001,0.5972225653479907,0.24731182795698925,0.23958333333333334,0.25555555555555554,0.6937269372693727,0.85062893081761
0.8000000000000003,1.0,0.6500000000000001,0.5959442493591,0.24043715846994534,0.22916666666666666,0.25287356321839083,0.6951672862453532,0.8522283033620016
0.8000000000000003,1.0,0.7000000000000002,0.5950360164652658,0.24175824175824176,0.22916666666666666,0.2558139534883721,0.6904315196998124,0.8529182879377432
0.8000000000000003,1.0,0.7500000000000002,0.6021998651566887,0.25142857142857145,0.22916666666666666,0.27848101265822783,0.6931818181818182,0.8619892058596762
0.8000000000000003,1.0,0.8000000000000003,0.6063134255688128,0.2558139534883721,0.22916666666666666,0.2894736842105263,0.6961538461538461,0.8669724770642202
0.8000000000000003,1.0,0.8500000000000003,0.6068349374290706,0.25882352941176473,0.22916666666666666,0.2972972972972973,0.6936416184971098,0.8680396643783371
0.8000000000000003,1.0,0.9000000000000004,0.6105748604437687,0.2603550295857988,0.22916666666666666,0.3013698630136986,0.6990291262135923,0.8723404255319149
0.8000000000000003,1.0,0.9500000000000004,0.6123996031402462,0.26506024096385544,0.22916666666666666,0.3142857142857143,0.69921875,0.8729198184568835
0.8000000000000003,1.0,1.0000000000000004,0.6101910988657947,0.25766871165644173,0.21875,0.31343283582089554,0.6994106090373281,0.8734939759036144
0.8000000000000003,1.0,1.0500000000000005,0.6128048552797717,0.2608695652173913,0.21875,0.3230769230769231,0.7021696252465484,0.8753753753753754
0.8000000000000003,1.0,1.1000000000000005,0.6103711710209486,0.25,0.20833333333333334,0.3125,0.7051792828685259,0.8759342301943199
0.8000000000000003,1.0,1.1500000000000006,0.6123224073223527,0.25316455696202533,0.20833333333333334,0.3225806451612903,0.7056451612903226,0.8781575037147102
0.8000000000000003,1.0,1.2000000000000006,0.6088539011346029,0.24358974358974358,0.19791666666666666,0.31666666666666665,0.7044534412955465,0.8785185185185185
0.8000000000000003,1.0,1.2500000000000007,0.609968304300288,0.24675324675324675,0.19791666666666666,0.3275862068965517,0.7044534412955465,0.878698224852071
0.8000000000000003,1.0,1.3000000000000007,0.6114006005909384,0.24675324675324675,0.19791666666666666,0.3275862068965517,0.7075664621676891,0.8798820928518791
0.8000000000000003,1.0,1.3500000000000008,0.6033537255562259,0.2236842105263158,0.17708333333333334,0.30357142857142855,0.7066115702479339,0.8797653958944281
0.8000000000000003,1.0,1.4000000000000008,0.6037870680432941,0.22666666666666666,0.17708333333333334,0.3148148148148148,0.7039337474120083,0.880760790051207
0.8000000000000003,1.0,1.4500000000000008,0.603078908111,0.22666666666666666,0.17708333333333334,0.3148148148148148,0.7014613778705637,0.8811086797957695
0.8000000000000003,1.0,1.5000000000000009,0.6050222481441625,0.22818791946308725,0.17708333333333334,0.32075471698113206,0.7031578947368421,0.8837209302325582
0.8000000000000003,1.0,1.550000000000001,0.6050222481441625,0.22818791946308725,0.17708333333333334,0.32075471698113206,0.7031578947368421,0.8837209302325582
0.8000000000000003,1.0,1.600000000000001,0.606553357235836,0.22818791946308725,0.17708333333333334,0.32075471698113206,0.7061310782241015,0.8853410740203193
0.8000000000000003,1.0,1.650000000000001,0.6061509048474084,0.23129251700680273,0.17708333333333334,0.3333333333333333,0.7021276595744681,0.8850325379609545
0.8000000000000003,1.0,1.700000000000001,0.6065780997287846,0.2328767123287671,0.17708333333333334,0.34,0.7008547008547008,0.886002886002886
0.8000000000000003,1.0,1.750000000000001,0.6027079909748881,0.2222222222222222,0.16666666666666666,0.3333333333333333,0.6995708154506438,0.8863309352517985
0.8000000000000003,1.0,1.8000000000000012,0.6033394519861514,0.22535211267605634,0.16666666666666666,0.34782608695652173,0.6984815618221258,0.886184681460272
0.8000000000000003,1.0,1.8500000000000012,0.5966207097496209,0.2127659574468085,0.15625,0.3333333333333333,0.6928104575163399,0.8842857142857142
0.8000000000000003,1.0,1.9000000000000012,0.597390395259055,0.2127659574468085,0.15625,0.3333333333333333,0.6943231441048034,0.8850820842255531
0.8000000000000003,1.0,1.9500000000000013,0.5887225898667546,0.18840579710144928,0.13541666666666666,0.30952380952380953,0.6929824561403509,0.8847795163584637
0.8000000000000003,1.0,2.0000000000000013,0.5863843979925669,0.18840579710144928,0.13541666666666666,0.30952380952380953,0.6872246696035242,0.8835227272727273
0.8000000000000003,1.0,2.0500000000000016,0.5881752004884766,0.1897810218978102,0.13541666666666666,0.3170731707317073,0.6902654867256637,0.884479092841956
0.8000000000000003,1.0,2.1000000000000014,0.5877708383915088,0.1897810218978102,0.13541666666666666,0.3170731707317073,0.6888888888888889,0.8846426043878273
0.8000000000000003,1.0,2.1500000000000012,0.5877708383915088,0.1897810218978102,0.13541666666666666,0.3170731707317073,0.6888888888888889,0.8846426043878273
0.8000000000000003,1.0,2.2000000000000015,0.5841272437739162,0.17777777777777778,0.125,0.3076923076923077,0.6904231625835189,0.884180790960452
0.8000000000000003,1.0,2.2500000000000018,0.5776919612577146,0.16541353383458646,0.11458333333333333,0.2972972972972973,0.6845637583892618,0.8830985915492958
0.8000000000000003,1.0,2.3000000000000016,0.5790573897643867,0.16793893129770993,0.11458333333333333,0.3142857142857143,0.6845637583892618,0.8846694796061885
0.8000000000000003,1.0,2.3500000000000014,0.5790573897643867,0.16793893129770993,0.11458333333333333,0.3142857142857143,0.6845637583892618,0.8846694796061885
0.8000000000000003,1.0,2.4000000000000017,0.5741525662007487,0.15384615384615385,0.10416666666666667,0.29411764705882354,0.6845637583892618,0.8840477863668307
0.8000000000000003,1.0,2.450000000000002,0.5741525662007487,0.15384615384615385,0.10416666666666667,0.29411764705882354,0.6845637583892618,0.8840477863668307
0.8000000000000003,1.0,2.5000000000000018,0.5729624899713578,0.15384615384615385,0.10416666666666667,0.29411764705882354,0.6816143497757847,0.8834269662921348
0.8000000000000003,1.0,2.5500000000000016,0.5728443326207188,0.15384615384615385,0.10416666666666667,0.29411764705882354,0.6817155756207675,0.8829712683952348
0.8000000000000003,1.0,2.600000000000002,0.5704395315511981,0.15384615384615385,0.10416666666666667,0.29411764705882354,0.6757369614512472,0.8817354793561931
0.8500000000000003,1.0,0.5,0.5903375660127635,0.25,0.2604166666666667,0.2403846153846154,0.6848816029143898,0.8361310951239008
0.8500000000000003,1.0,0.55,0.5937073655118553,0.24489795918367346,0.25,0.24,0.6924493554327809,0.8437747819191118
0.8500000000000003,1.0,0.6000000000000001,0.5957381277227387,0.24338624338624337,0.23958333333333334,0.24731182795698925,0.6950092421441775,0.8488188976377953
0.8500000000000003,1.0,0.6500000000000001,0.5978494361498883,0.24598930481283424,0.23958333333333334,0.25274725274725274,0.6964618249534451,0.8510971786833855
0.8500000000000003,1.0,0.7000000000000002,0.5942948934030864,0.2391304347826087,0.22916666666666666,0.25,0.6917293233082706,0.8520249221183801
0.8500000000000003,1.0,0.7500000000000002,0.5983920718903363,0.2430939226519337,0.22916666666666666,0.25882352941176473,0.6944971537001897,0.8575851393188855
0.8500000000000003,1.0,0.8000000000000003,0.6039543330454233,0.25,0.22916666666666666,0.275,0.697495183044316,0.864367816091954
0.8500000000000003,1.0,0.8500000000000003,0.6052087051747032,0.2543352601156069,0.22916666666666666,0.2857142857142857,0.694980694980695,0.8663101604278075
0.8500000000000003,1.0,0.9000000000000004,0.6097785151197325,0.25882352941176473,0.22916666666666666,0.2972972972972973,0.6990291262135923,0.8714828897338402
0.8500000000000003,1.0,0.9500000000000004,0.6104821367888978,0.2603550295857988,0.22916666666666666,0.3013698630136986,0.69921875,0.8718726307808946
0.8500000000000003,1.0,1.0000000000000004,0.6116957006188927,0.2619047619047619,0.22916666666666666,0.3055555555555556,0.6994106090373281,0.873771730914588
0.8500000000000003,1.0,1.0500000000000005,0.6111741824764353,0.25766871165644173,0.21875,0.31343283582089554,0.7021696252465484,0.8736842105263158
0.8500000000000003,1.0,1.1000000000000005,0.6125847871887221,0.25766871165644173,0.21875,0.31343283582089554,0.7051792828685259,0.8749063670411985
0.8500000000000003,1.0,1.1500000000000006,0.6107110855094726,0.25,0.20833333333333334,0.3125,0.7056451612903226,0.8764880952380952
0.8500000000000003,1.0,1.2000000000000006,0.6119854257297742,0.25316455696202533,0.20833333333333334,0.3225806451612903,0.7044534412955465,0.8783382789317508
0.8500000000000003,1.0,1.2500000000000007,0.6088539011346029,0.24358974358974358,0.19791666666666666,0.31666666666666665,0.7044534412955465,0.8785185185185185
0.8500000000000003,1.0,1.3000000000000007,0.6102870009351343,0.24358974358974358,0.19791666666666666,0.31666666666666665,0.7075664621676891,0.8797047970479704
0.8500000000000003,1.0,1.3500000000000008,0.6114740285745491,0.24675324675324675,0.19791666666666666,0.3275862068965517,0.7066115702479339,0.8810572687224669
0.8500000000000003,1.0,1.4000000000000008,0.6022462790197344,0.2236842105263158,0.17708333333333334,0.30357142857142855,0.7039337474120083,0.8791208791208791
0.8500000000000003,1.0,1.4500000000000008,0.6015398856867125,0.2236842105263158,0.17708333333333334,0.30357142857142855,0.7014613778705637,0.8794740686632578
0.8500000000000003,1.0,1.5000000000000009,0.6042445507708666,0.22666666666666666,0.17708333333333334,0.3148148148148148,0.7031578947368421,0.8829090909090909
0.8500000000000003,1.0,1.550000000000001,0.6042445507708666,0.22666666666666666,0.17708333333333334,0.3148148148148148,0.7031578947368421,0.8829090909090909
0.8500000000000003,1.0,1.600000000000001,0.606553357235836,0.22818791946308725,0.17708333333333334,0.32075471698113206,0.7061310782241015,0.8853410740203193
0.8500000000000003,1.0,1.650000000000001,0.6045777974054705,0.22818791946308725,0.17708333333333334,0.32075471698113206,0.7021276595744681,0.8834178131788559
0.8500000000000003,1.0,1.700000000000001,0.6042096755602557,0.22818791946308725,0.17708333333333334,0.32075471698113206,0.7008547008547008,0.883586406362979
0.8500000000000003,1.0,1.750000000000001,0.6046201432467527,0.22972972972972974,0.17708333333333334,0.3269230769230769,0.6995708154506438,0.8845598845598845
0.8500000000000003,1.0,1.8000000000000012,0.6057387116277085,0.2328767123287671,0.17708333333333334,0.34,0.6984815618221258,0.8858578607322326
0.8500000000000003,1.0,1.8500000000000012,0.5999285739906397,0.2222222222222222,0.16666666666666666,0.3333333333333333,0.6928104575163399,0.8847530422333572
0.8500000000000003,1.0,1.9000000000000012,0.6017965141650485,0.22535211267605634,0.16666666666666666,0.34782608695652173,0.6943231441048034,0.8857142857142857
0.8500000000000003,1.0,1.9500000000000013,0.5969981050755012,0.2127659574468085,0.15625,0.3333333333333333,0.6929824561403509,0.8852459016393442
0.8500000000000003,1.0,2.0000000000000013,0.5946587973916293,0.2127659574468085,0.15625,0.3333333333333333,0.6872246696035242,0.8839857651245552
0.8500000000000003,1.0,2.0500000000000016,0.587210321180741,0.18705035971223022,0.13541666666666666,0.3023255813953488,0.6902654867256637,0.8843151171043293
0.8500000000000003,1.0,2.1000000000000014,0.5875212692677897,0.18840579710144928,0.13541666666666666,0.30952380952380953,0.6888888888888889,0.8852691218130312
0.8500000000000003,1.0,2.1500000000000012,0.5875212692677897,0.18840579710144928,0.13541666666666666,0.30952380952380953,0.6888888888888889,0.8852691218130312
0.8500000000000003,1.0,2.2000000000000015,0.5880737192024044,0.1897810218978102,0.13541666666666666,0.3170731707317073,0.6904231625835189,0.884016973125884
0.8500000000000003,1.0,2.2500000000000018,0.5857043806229977,0.1897810218978102,0.13541666666666666,0.3170731707317073,0.6845637583892618,0.882768361581921
0.8500000000000003,1.0,2.3000000000000016,0.5817584152056563,0.17777777777777778,0.125,0.3076923076923077,0.6845637583892618,0.8829337094499294
0.8500000000000003,1.0,2.3500000000000014,0.5817584152056563,0.17777777777777778,0.125,0.3076923076923077,0.6845637583892618,0.8829337094499294
0.8500000000000003,1.0,2.4000000000000017,0.5790573897643867,0.16793893129770993,0.11458333333333333,0.3142857142857143,0.6845637583892618,0.8846694796061885
0.8500000000000003,1.0,2.450000000000002,0.5790573897643867,0.16793893129770993,0.11458333333333333,0.3142857142857143,0.6845637583892618,0.8846694796061885
0.8500000000000003,1.0,2.5000000000000018,0.5778670224801085,0.16793893129770993,0.11458333333333333,0.3142857142857143,0.6816143497757847,0.8840477863668307
0.8500000000000003,1.0,2.5500000000000016,0.5728443326207188,0.15384615384615385,0.10416666666666667,0.29411764705882354,0.6817155756207675,0.8829712683952348
0.8500000000000003,1.0,2.600000000000002,0.5704395315511981,0.15384615384615385,0.10416666666666667,0.29411764705882354,0.6757369614512472,0.8817354793561931
0.9000000000000004,1.0,0.5,0.5977283771286689,0.27488151658767773,0.3020833333333333,0.25217391304347825,0.6873857404021938,0.8309178743961353
0.9000000000000004,1.0,0.55,0.5989824294041619,0.26,0.2708333333333333,0.25,0.6950092421441775,0.8419380460683081
0.9000000000000004,1.0,0.6000000000000001,0.6026888347880903,0.2639593908629442,0.2708333333333333,0.25742574257425743,0.6975881261595547,0.8465189873417721
0.9000000000000004,1.0,0.6500000000000001,0.6033796962840224,0.2617801047120419,0.2604166666666667,0.2631578947368421,0.6990654205607477,0.8492935635792779
0.9000000000000004,1.0,0.7000000000000002,0.6007180927663321,0.25668449197860965,0.25,0.26373626373626374,0.6943396226415094,0.8511301636788776
0.9000000000000004,1.0,0.7500000000000002,0.6041387566968962,0.2594594594594595,0.25,0.2696629213483146,0.6971428571428572,0.8558139534883721
0.9000000000000004,1.0,0.8000000000000003,0.6082686454577144,0.26373626373626374,0.25,0.27906976744186046,0.7001934235976789,0.8608762490392006
0.9000000000000004,1.0,0.8500000000000003,0.6103477707959605,0.2696629213483146,0.25,0.2926829268292683,0.6976744186046512,0.8637059724349158
0.9000000000000004,1.0,0.9000000000000004,0.6149808464250056,0.2742857142857143,0.25,0.3037974683544304,0.7017543859649122,0.8689024390243902
0.9000000000000004,1.0,0.9500000000000004,0.6173490812376992,0.27906976744186046,0.25,0.3157894736842105,0.7019607843137254,0.8710166919575114
0.9000000000000004,1.0,1.0000000000000004,0.6185970660297989,0.2807017543859649,0.25,0.32,0.7021696252465484,0.8729198184568835
0.9000000000000004,1.0,1.0500000000000005,0.6204219001256396,0.2823529411764706,0.25,0.32432432432432434,0.7049504950495049,0.8739622641509434
0.9000000000000004,1.0,1.1000000000000005,0.6205647486096925,0.2787878787878788,0.23958333333333334,0.3333333333333333,0.708,0.8749063670411985
0.9000000000000004,1.0,1.1500000000000006,0.6209186577254399,0.2787878787878788,0.23958333333333334,0.3333333333333333,0.708502024291498,0.8754660700969426
0.9000000000000004,1.0,1.2000000000000006,0.6185312103520023,0.2716049382716049,0.22916666666666666,0.3333333333333333,0.7073170731707317,0.8766716196136701
0.9000000000000004,1.0,1.2500000000000007,0.6185312103520023,0.2716049382716049,0.22916666666666666,0.3333333333333333,0.7073170731707317,0.8766716196136701
0.9000000000000004,1.0,1.3000000000000007,0.6178335409841426,0.2641509433962264,0.21875,0.3333333333333333,0.7104722792607803,0.8788774002954209
0.9000000000000004,1.0,1.3500000000000008,0.6187495687386778,0.26582278481012656,0.21875,0.3387096774193548,0.7095435684647303,0.8808823529411764
0.9000000000000004,1.0,1.4000000000000008,0.6188341114973543,0.2692307692307692,0.21875,0.35,0.7068607068607069,0.880410858400587
0.9000000000000004,1.0,1.4500000000000008,0.6181313583350821,0.2692307692307692,0.21875,0.35,0.7044025157232704,0.880760790051207
0.9000000000000004,1.0,1.5000000000000009,0.611388729835858,0.24675324675324675,0.19791666666666666,0.3275862068965517,0.7061310782241015,0.8812818645302258
0.9000000000000004,1.0,1.550000000000001,0.611388729835858,0.24675324675324675,0.19791666666666666,0.3275862068965517,0.7061310782241015,0.8812818645302258
0.9000000000000004,1.0,1.600000000000001,0.6145537006970753,0.25,0.19791666666666666,0.3392857142857143,0.7091295116772823,0.8845315904139434
0.9000000000000004,1.0,1.650000000000001,0.612578966926793,0.25,0.19791666666666666,0.3392857142857143,0.7051282051282052,0.8826086956521739
0.9000000000000004,1.0,1.700000000000001,0.6130348988154193,0.25165562913907286,0.19791666666666666,0.34545454545454546,0.703862660944206,0.883586406362979
0.9000000000000004,1.0,1.750000000000001,0.6126654495570012,0.25165562913907286,0.19791666666666666,0.34545454545454546,0.7025862068965517,0.8837545126353791
0.9000000000000004,1.0,1.8000000000000012,0.6122113070051253,0.25165562913907286,0.19791666666666666,0.34545454545454546,0.7015250544662309,0.883453237410072
0.9000000000000004,1.0,1.8500000000000012,0.6107207148241642,0.25333333333333335,0.19791666666666666,0.35185185185185186,0.6958424507658644,0.882986360373295
0.9000000000000004,1.0,1.9000000000000012,0.6131706657645429,0.25675675675675674,0.19791666666666666,0.36538461538461536,0.6973684210526315,0.8853868194842407
0.9000000000000004,1.0,1.9500000000000013,0.6136286782149533,0.2585034013605442,0.19791666666666666,0.37254901960784315,0.6960352422907489,0.8863473909935669
0.9000000000000004,1.0,2.0000000000000013,0.6082936237803495,0.25,0.1875,0.375,0.6902654867256637,0.8846153846153846
0.9000000000000004,1.0,2.0500000000000016,0.6055559034663512,0.23776223776223776,0.17708333333333334,0.3617021276595745,0.6933333333333334,0.8855721393034826
0.9000000000000004,1.0,2.1000000000000014,0.6051536956655835,0.23776223776223776,0.17708333333333334,0.3617021276595745,0.6919642857142857,0.8857345635202271
0.9000000000000004,1.0,2.1500000000000012,0.6008075937896885,0.22535211267605634,0.16666666666666666,0.34782608695652173,0.6919642857142857,0.8851063829787233
0.9000000000000004,1.0,2.2000000000000015,0.5974802076413669,0.21428571428571427,0.15625,0.3409090909090909,0.6935123042505593,0.8846426043878273
0.9000000000000004,1.0,2.2500000000000018,0.5951061299574422,0.21428571428571427,0.15625,0.3409090909090909,0.6876404494382022,0.8833922261484098
0.9000000000000004,1.0,2.3000000000000016,0.5954120497165398,0.2158273381294964,0.15625,0.3488372093023256,0.6876404494382022,0.882768361581921
0.9000000000000004,1.0,2.3500000000000014,0.5954120497165398,0.2158273381294964,0.15625,0.3488372093023256,0.6876404494382022,0.882768361581921
0.9000000000000004,1.0,2.4000000000000017,0.5954120497165398,0.2158273381294964,0.15625,0.3488372093023256,0.6876404494382022,0.882768361581921
0.9000000000000004,1.0,2.450000000000002,0.5916512403106424,0.20437956204379562,0.14583333333333334,0.34146341463414637,0.6876404494382022,0.8829337094499294
0.9000000000000004,1.0,2.5000000000000018,0.5904585778970434,0.20437956204379562,0.14583333333333334,0.34146341463414637,0.6846846846846847,0.8823114869626497
0.9000000000000004,1.0,2.5500000000000016,0.5879621469578128,0.19548872180451127,0.13541666666666666,0.35135135135135137,0.6848072562358276,0.8835904628330996
0.9000000000000004,1.0,2.600000000000002,0.5855523842434708,0.19548872180451127,0.13541666666666666,0.35135135135135137,0.6788154897494305,0.8823529411764706
0.9500000000000004,1.0,0.5,0.6039316285726901,0.2962962962962963,0.3333333333333333,0.26666666666666666,0.6825688073394496,0.8329297820823245
0.9500000000000004,1.0,0.55,0.5973811785538526,0.2621359223300971,0.28125,0.24545454545454545,0.6901669758812616,0.8398406374501992
0.9500000000000004,1.0,0.6000000000000001,0.5987116215162608,0.25870646766169153,0.2708333333333333,0.24761904761904763,0.6927374301675978,0.8446909667194928
0.9500000000000004,1.0,0.6500000000000001,0.598411688667582,0.25380710659898476,0.2604166666666667,0.24752475247524752,0.6941838649155723,0.8472440944881889
0.9500000000000004,1.0,0.7000000000000002,0.5999368686868687,0.2604166666666667,0.2604166666666667,0.2604166666666667,0.6893939393939394,0.85
0.9500000000000004,1.0,0.7500000000000002,0.6000553776345613,0.25396825396825395,0.25,0.25806451612903225,0.6921606118546845,0.8540372670807453
0.9500000000000004,1.0,0.8000000000000003,0.6033578581701203,0.25668449197860965,0.25,0.26373626373626374,0.6951456310679611,0.8582434514637904
0.9500000000000004,1.0,0.8500000000000003,0.6068785410329807,0.26519337016574585,0.25,0.2823529411764706,0.6926070038910506,0.8628352490421456
0.9500000000000004,1.0,0.9000000000000004,0.609883338972783,0.26666666666666666,0.25,0.2857142857142857,0.6966731898238747,0.8663101604278075
0.9500000000000004,1.0,0.9500000000000004,0.6121592996725123,0.2711864406779661,0.25,0.2962962962962963,0.6968503937007874,0.8684410646387832
0.9500000000000004,1.0,1.0000000000000004,0.6149861293785542,0.27586206896551724,0.25,0.3076923076923077,0.697029702970297,0.8720666161998486
0.9500000000000004,1.0,1.0500000000000005,0.6167898742397092,0.2774566473988439,0.25,0.3116883116883117,0.6998011928429424,0.8731117824773413
0.9500000000000004,1.0,1.1000000000000005,0.6190229941155306,0.27906976744186046,0.25,0.3157894736842105,0.7028112449799196,0.8751879699248121
0.9500000000000004,1.0,1.1500000000000006,0.617229474000497,0.27380952380952384,0.23958333333333334,0.3194444444444444,0.7032520325203252,0.8746268656716418
0.9500000000000004,1.0,1.2000000000000006,0.6177138148520986,0.2754491017964072,0.23958333333333334,0.323943661971831,0.7020408163265306,0.8756515264333582
0.9500000000000004,1.0,1.2500000000000007,0.619384038396253,0.2787878787878788,0.23958333333333334,0.3333333333333333,0.7020408163265306,0.8773234200743495
0.9500000000000004,1.0,1.3000000000000007,0.6171051892819935,0.2682926829268293,0.22916666666666666,0.3235294117647059,0.7051546391752578,0.8778682457438934
0.9500000000000004,1.0,1.3500000000000008,0.6188261756274357,0.2716049382716049,0.22916666666666666,0.3333333333333333,0.7041666666666667,0.8807069219440353
0.9500000000000004,1.0,1.4000000000000008,0.6147321663683168,0.2625,0.21875,0.328125,0.7014613778705637,0.8802351212343865
0.9500000000000004,1.0,1.4500000000000008,0.6140111496690445,0.2625,0.21875,0.328125,0.6989473684210527,0.8805860805860806
0.9500000000000004,1.0,1.5000000000000009,0.6163423988286717,0.26582278481012656,0.21875,0.3387096774193548,0.7006369426751592,0.8825674690007294
0.9500000000000004,1.0,1.550000000000001,0.6163423988286717,0.26582278481012656,0.21875,0.3387096774193548,0.7006369426751592,0.8825674690007294
0.9500000000000004,1.0,1.600000000000001,0.6100411893247714,0.24358974358974358,0.19791666666666666,0.31666666666666665,0.7036247334754797,0.8829090909090909
0.9500000000000004,1.0,1.650000000000001,0.6088435034714229,0.24516129032258063,0.19791666666666666,0.3220338983050847,0.6995708154506438,0.8817984046410442
0.9500000000000004,1.0,1.700000000000001,0.6092692301959232,0.24675324675324675,0.19791666666666666,0.3275862068965517,0.6982758620689655,0.8827785817655571
0.9500000000000004,1.0,1.750000000000001,0.6088903068671855,0.24675324675324675,0.19791666666666666,0.3275862068965517,0.696969696969697,0.8829479768786127
0.9500000000000004,1.0,1.8000000000000012,0.6092205670826106,0.24836601307189543,0.19791666666666666,0.3333333333333333,0.6958424507658644,0.883453237410072
0.9500000000000004,1.0,1.8500000000000012,0.6068866037425875,0.24836601307189543,0.19791666666666666,0.3333333333333333,0.6901098901098901,0.882183908045977
0.9500000000000004,1.0,1.9000000000000012,0.607660776464109,0.24836601307189543,0.19791666666666666,0.3333333333333333,0.6916299559471366,0.882986360373295
0.9500000000000004,1.0,1.9500000000000013,0.6080732138178191,0.25,0.19791666666666666,0.3392857142857143,0.6902654867256637,0.8839541547277937
0.9500000000000004,1.0,2.0000000000000013,0.6073544973544974,0.25333333333333335,0.19791666666666666,0.35185185185185186,0.6844444444444444,0.8842857142857142
0.9500000000000004,1.0,2.0500000000000016,0.6097349918120486,0.2550335570469799,0.19791666666666666,0.3584905660377358,0.6875,0.8866714183891661
0.9500000000000004,1.0,2.1000000000000014,0.6059967391012359,0.24489795918367346,0.1875,0.35294117647058826,0.6860986547085202,0.8869936034115139
0.9500000000000004,1.0,2.1500000000000012,0.602105325616479,0.23448275862068965,0.17708333333333334,0.3469387755102041,0.6860986547085202,0.8857345635202271
0.9500000000000004,1.0,2.2000000000000015,0.6024098636792051,0.23448275862068965,0.17708333333333334,0.3469387755102041,0.6876404494382022,0.8851063829787233
0.9500000000000004,1.0,2.2500000000000018,0.6000170084865292,0.23448275862068965,0.17708333333333334,0.3469387755102041,0.6817155756207675,0.8838526912181303
0.9500000000000004,1.0,2.3000000000000016,0.5913694437932867,0.2097902097902098,0.15625,0.3191489361702128,0.6817155756207675,0.8826025459688827
0.9500000000000004,1.0,2.3500000000000014,0.5921251358009934,0.2112676056338028,0.15625,0.32608695652173914,0.6817155756207675,0.8833922261484098
0.9500000000000004,1.0,2.4000000000000017,0.5921251358009934,0.2112676056338028,0.15625,0.32608695652173914,0.6817155756207675,0.8833922261484098
0.9500000000000004,1.0,2.450000000000002,0.5924166315498324,0.2127659574468085,0.15625,0.3333333333333333,0.6817155756207675,0.882768361581921
0.9500000000000004,1.0,2.5000000000000018,0.5912147888930794,0.2127659574468085,0.15625,0.3333333333333333,0.6787330316742082,0.8821453775582216
0.9500000000000004,1.0,2.5500000000000016,0.5910905293471032,0.2127659574468085,0.15625,0.3333333333333333,0.6788154897494305,0.8816901408450705
0.9500000000000004,1.0,2.600000000000002,0.5849419017224963,0.2014388489208633,0.14583333333333334,0.32558139534883723,0.6727688787185355,0.8806179775280899
1.0000000000000004,1.0,0.5,0.6091907439873724,0.3105022831050228,0.3541666666666667,0.2764227642276423,0.6850828729281768,0.8319870759289176
1.0000000000000004,1.0,0.55,0.6058826615764384,0.28837209302325584,0.3229166666666667,0.2605042016806723,0.6927374301675978,0.8365384615384616
1.0000000000000004,1.0,0.6000000000000001,0.6068023697604571,0.2815533980582524,0.3020833333333333,0.2636363636363636,0.6953271028037383,0.8435266084193804
1.0000000000000004,1.0,0.6500000000000001,0.606492632657771,0.27722772277227725,0.2916666666666667,0.2641509433962264,0.6954887218045113,0.8467614533965245
1.0000000000000004,1.0,0.7000000000000002,0.6016242453229556,0.2653061224489796,0.2708333333333333,0.26,0.6907020872865275,0.8488645262333594
1.0000000000000004,1.0,0.7500000000000002,0.6060433959191132,0.2708333333333333,0.2708333333333333,0.2708333333333333,0.6934865900383141,0.8538102643856921
1.0000000000000004,1.0,0.8000000000000003,0.605379143564344,0.2631578947368421,0.2604166666666667,0.26595744680851063,0.6964980544747081,0.8564814814814815
1.0000000000000004,1.0,0.8500000000000003,0.6058324392614617,0.26595744680851063,0.2604166666666667,0.2717391304347826,0.6939571150097466,0.8575827559661278
1.0000000000000004,1.0,0.9000000000000004,0.613530823345578,0.27624309392265195,0.2604166666666667,0.29411764705882354,0.6980392156862745,0.8663101604278075
1.0000000000000004,1.0,0.9500000000000004,0.6134405348434143,0.27624309392265195,0.2604166666666667,0.29411764705882354,0.6982248520710059,0.8658536585365854
1.0000000000000004,1.0,1.0000000000000004,0.6162702720306171,0.2808988764044944,0.2604166666666667,0.3048780487804878,0.6984126984126984,0.8694992412746586
1.0000000000000004,1.0,1.0500000000000005,0.6197231733183166,0.2857142857142857,0.2604166666666667,0.31645569620253167,0.701195219123506,0.872260015117158
1.0000000000000004,1.0,1.1000000000000005,0.6219744280616716,0.28735632183908044,0.2604166666666667,0.32051282051282054,0.704225352112676,0.8743416102332581
1.0000000000000004,1.0,1.1500000000000006,0.6223156688664067,0.28735632183908044,0.2604166666666667,0.32051282051282054,0.7046843177189409,0.8749063670411985
1.0000000000000004,1.0,1.2000000000000006,0.623997848807125,0.29239766081871343,0.2604166666666667,0.3333333333333333,0.7034764826175869,0.8761194029850746
1.0000000000000004,1.0,1.2500000000000007,0.621614098255077,0.2857142857142857,0.25,0.3333333333333333,0.7034764826175869,0.8756515264333582
1.0000000000000004,1.0,1.3000000000000007,0.6230601517895825,0.2857142857142857,0.25,0.3333333333333333,0.7066115702479339,0.8768545994065282
1.0000000000000004,1.0,1.3500000000000008,0.62116022306685,0.2787878787878788,0.23958333333333334,0.3333333333333333,0.7056367432150313,0.8790560471976401
1.0000000000000004,1.0,1.4000000000000008,0.6200416675270447,0.2787878787878788,0.23958333333333334,0.3333333333333333,0.702928870292887,0.8784082535003684
1.0000000000000004,1.0,1.4500000000000008,0.617264091698101,0.2716049382716049,0.22916666666666666,0.3333333333333333,0.70042194092827,0.8797653958944281
1.0000000000000004,1.0,1.5000000000000009,0.6192718314877478,0.2732919254658385,0.22916666666666666,0.3384615384615385,0.7021276595744681,0.8823959094229364
1.0000000000000004,1.0,1.550000000000001,0.6196264947973288,0.275,0.22916666666666666,0.34375,0.7021276595744681,0.8817518248175182
1.0000000000000004,1.0,1.600000000000001,0.6220176526282148,0.27672955974842767,0.22916666666666666,0.3492063492063492,0.7051282051282052,0.8841951930080116
1.0000000000000004,1.0,1.650000000000001,0.61227975882387,0.25477707006369427,0.20833333333333334,0.32786885245901637,0.7010752688172043,0.8809869375907112
1.0000000000000004,1.0,1.700000000000001,0.611906835877389,0.25477707006369427,0.20833333333333334,0.32786885245901637,0.6997840172786177,0.881159420289855
1.0000000000000004,1.0,1.750000000000001,0.6131646849432569,0.25806451612903225,0.20833333333333334,0.3389830508474576,0.6984815618221258,0.8829479768786127
1.0000000000000004,1.0,1.8000000000000012,0.6126941084102066,0.25806451612903225,0.20833333333333334,0.3389830508474576,0.6973684210526315,0.8826493880489561
1.0000000000000004,1.0,1.8500000000000012,0.6111847079111244,0.2597402597402597,0.20833333333333334,0.3448275862068966,0.6916299559471366,0.882183908045977
1.0000000000000004,1.0,1.9000000000000012,0.6119611176684624,0.2597402597402597,0.20833333333333334,0.3448275862068966,0.6931567328918322,0.882986360373295
1.0000000000000004,1.0,1.9500000000000013,0.6115634634910795,0.2597402597402597,0.20833333333333334,0.3448275862068966,0.6917960088691796,0.8831541218637993
1.0000000000000004,1.0,2.0000000000000013,0.6091996143729655,0.2597402597402597,0.20833333333333334,0.3448275862068966,0.6859688195991092,0.8818897637795275
1.0000000000000004,1.0,2.0500000000000016,0.6115872180341189,0.26143790849673204,0.20833333333333334,0.3508771929824561,0.6890380313199105,0.8842857142857142
1.0000000000000004,1.0,2.1000000000000014,0.6128603325765813,0.26490066225165565,0.20833333333333334,0.36363636363636365,0.6876404494382022,0.886039886039886
1.0000000000000004,1.0,2.1500000000000012,0.6137132854394639,0.26666666666666666,0.20833333333333334,0.37037037037037035,0.6876404494382022,0.8868327402135231
1.0000000000000004,1.0,2.2000000000000015,0.6107698607698607,0.25675675675675674,0.19791666666666666,0.36538461538461536,0.6891891891891891,0.8863636363636364
1.0000000000000004,1.0,2.2500000000000018,0.6087468042515122,0.2585034013605442,0.19791666666666666,0.37254901960784315,0.6832579185520362,0.884479092841956
1.0000000000000004,1.0,2.3000000000000016,0.6045619840786399,0.2465753424657534,0.1875,0.36,0.6832579185520362,0.8838526912181303
1.0000000000000004,1.0,2.3500000000000014,0.6045619840786399,0.2465753424657534,0.1875,0.36,0.6832579185520362,0.8838526912181303
1.0000000000000004,1.0,2.4000000000000017,0.5960275622477137,0.2222222222222222,0.16666666666666666,0.3333333333333333,0.6832579185520362,0.8826025459688827
1.0000000000000004,1.0,2.450000000000002,0.5968087894922233,0.22377622377622378,0.16666666666666666,0.3404255319148936,0.6832579185520362,0.8833922261484098
1.0000000000000004,1.0,2.5000000000000018,0.595605564733894,0.22377622377622378,0.16666666666666666,0.3404255319148936,0.6802721088435374,0.882768361581921
1.0000000000000004,1.0,2.5500000000000016,0.5958025167749267,0.22535211267605634,0.16666666666666666,0.34782608695652173,0.680365296803653,0.8816901408450705
1.0000000000000004,1.0,2.600000000000002,0.5933713698683497,0.22535211267605634,0.16666666666666666,0.34782608695652173,0.6743119266055045,0.8804500703234881
1.0500000000000005,1.0,0.5,0.6055797865217083,0.30493273542600896,0.3541666666666667,0.2677165354330709,0.6826568265682657,0.8291497975708502
1.0500000000000005,1.0,0.55,0.6123366651105769,0.3090909090909091,0.3541666666666667,0.27419354838709675,0.6902985074626866,0.837620578778135
1.0500000000000005,1.0,0.6000000000000001,0.606226115884251,0.2843601895734597,0.3125,0.2608695652173913,0.6928838951310862,0.8414342629482072
1.0500000000000005,1.0,0.6500000000000001,0.6037131518779967,0.2731707317073171,0.2916666666666667,0.25688073394495414,0.6930320150659134,0.8449367088607594
1.0500000000000005,1.0,0.7000000000000002,0.6012293943530297,0.26865671641791045,0.28125,0.2571428571428571,0.688212927756654,0.8468185388845247
1.0500000000000005,1.0,0.7500000000000002,0.6032234918470949,0.26666666666666666,0.2708333333333333,0.26262626262626265,0.690978886756238,0.8520249221183801
1.0500000000000005,1.0,0.8000000000000003,0.606548942264102,0.2694300518134715,0.2708333333333333,0.26804123711340205,0.6939571150097466,0.8562596599690881
1.0500000000000005,1.0,0.8500000000000003,0.6037555880504419,0.2631578947368421,0.2604166666666667,0.26595744680851063,0.69140625,0.8567026194144838
1.0500000000000005,1.0,0.9000000000000004,0.6067488847555181,0.26455026455026454,0.2604166666666667,0.26881720430107525,0.6954813359528488,0.8602150537634409
1.0500000000000005,1.0,0.9500000000000004,0.6120770357249679,0.27472527472527475,0.2604166666666667,0.29069767441860467,0.6956521739130435,0.8658536585365854
1.0500000000000005,1.0,1.0000000000000004,0.6124901588394396,0.27472527472527475,0.2604166666666667,0.29069767441860467,0.6958250497017893,0.8669201520912547
1.0500000000000005,1.0,1.0500000000000005,0.6158764576822316,0.27932960893854747,0.2604166666666667,0.30120481927710846,0.6986027944111777,0.8696969696969697
1.0500000000000005,1.0,1.1000000000000005,0.6189146143287596,0.2824858757062147,0.2604166666666667,0.30864197530864196,0.7016129032258065,0.8726450640542577
1.0500000000000005,1.0,1.1500000000000006,0.6208871563606716,0.2857142857142857,0.2604166666666667,0.31645569620253167,0.7020408163265306,0.8749063670411985
1.0500000000000005,1.0,1.2000000000000006,0.6205424835799911,0.2857142857142857,0.2604166666666667,0.31645569620253167,0.7008196721311475,0.87509349289454
1.0500000000000005,1.0,1.2500000000000007,0.6225455831782756,0.29069767441860467,0.2604166666666667,0.32894736842105265,0.7008196721311475,0.8761194029850746
1.0500000000000005,1.0,1.3000000000000007,0.6216040051525299,0.28402366863905326,0.25,0.3287671232876712,0.7039337474120083,0.8768545994065282
1.0500000000000005,1.0,1.3500000000000008,0.6227862122353852,0.28402366863905326,0.25,0.3287671232876712,0.7056367432150313,0.878698224852071
1.0500000000000005,1.0,1.4000000000000008,0.6200416675270447,0.2787878787878788,0.23958333333333334,0.3333333333333333,0.702928870292887,0.8784082535003684
1.0500000000000005,1.0,1.4500000000000008,0.6193251444118734,0.2787878787878788,0.23958333333333334,0.3333333333333333,0.70042194092827,0.878765613519471
1.0500000000000005,1.0,1.5000000000000009,0.622186698791171,0.2822085889570552,0.23958333333333334,0.34328358208955223,0.7021276595744681,0.8822238478419897
1.0500000000000005,1.0,1.550000000000001,0.6192718314877478,0.2732919254658385,0.22916666666666666,0.3384615384615385,0.7021276595744681,0.8823959094229364
1.0500000000000005,1.0,1.600000000000001,0.6208154629332443,0.2732919254658385,0.22916666666666666,0.3384615384615385,0.7051282051282052,0.8840262582056893
1.0500000000000005,1.0,1.650000000000001,0.6200240901420324,0.27672955974842767,0.22916666666666666,0.3492063492063492,0.7010752688172043,0.8822674418604651
1.0500000000000005,1.0,1.700000000000001,0.6196506311425419,0.27672955974842767,0.22916666666666666,0.3492063492063492,0.6997840172786177,0.8824383164005806
1.0500000000000005,1.0,1.750000000000001,0.6115300118828276,0.25477707006369427,0.20833333333333334,0.32786885245901637,0.6984815618221258,0.8813314037626628
1.0500000000000005,1.0,1.8000000000000012,0.6110612343615341,0.25477707006369427,0.20833333333333334,0.32786885245901637,0.6973684210526315,0.8810382119682768
1.0500000000000005,1.0,1.8500000000000012,0.6103582580057395,0.25806451612903225,0.20833333333333334,0.3389830508474576,0.6916299559471366,0.8813803019410497
1.0500000000000005,1.0,1.9000000000000012,0.6111350523556138,0.25806451612903225,0.20833333333333334,0.3389830508474576,0.6931567328918322,0.882183908045977
1.0500000000000005,1.0,1.9500000000000013,0.6115634634910795,0.2597402597402597,0.20833333333333334,0.3448275862068966,0.6917960088691796,0.8831541218637993
1.0500000000000005,1.0,2.0000000000000013,0.6091996143729655,0.2597402597402597,0.20833333333333334,0.3448275862068966,0.6859688195991092,0.8818897637795275
1.0500000000000005,1.0,2.0500000000000016,0.6107554989738332,0.2597402597402597,0.20833333333333334,0.3448275862068966,0.6890380313199105,0.8834882058613295
1.0500000000000005,1.0,2.1000000000000014,0.6103450805517547,0.2597402597402597,0.20833333333333334,0.3448275862068966,0.6876404494382022,0.8836545324768023
1.0500000000000005,1.0,2.1500000000000012,0.6111763808427907,0.26143790849673204,0.20833333333333334,0.3508771929824561,0.6876404494382022,0.884450784593438
1.0500000000000005,1.0,2.2000000000000015,0.6131663680366279,0.26490066225165565,0.20833333333333334,0.36363636363636365,0.6891891891891891,0.8854092526690391
1.0500000000000005,1.0,2.2500000000000018,0.6116225890122949,0.26666666666666666,0.20833333333333334,0.37037037037037035,0.6832579185520362,0.8849431818181818
1.0500000000000005,1.0,2.3000000000000016,0.6075355309011151,0.2550335570469799,0.19791666666666666,0.3584905660377358,0.6832579185520362,0.8843151171043293
1.0500000000000005,1.0,2.3500000000000014,0.6087468042515122,0.2585034013605442,0.19791666666666666,0.37254901960784315,0.6832579185520362,0.884479092841956
1.0500000000000005,1.0,2.4000000000000017,0.6045619840786399,0.2465753424657534,0.1875,0.36,0.6832579185520362,0.8838526912181303
1.0500000000000005,1.0,2.450000000000002,0.6045619840786399,0.2465753424657534,0.1875,0.36,0.6832579185520362,0.8838526912181303
1.0500000000000005,1.0,2.5000000000000018,0.6033582091766992,0.2465753424657534,0.1875,0.36,0.6802721088435374,0.8832271762208068
1.0500000000000005,1.0,2.5500000000000016,0.5954843358475088,0.22377622377622378,0.16666666666666666,0.3404255319148936,0.680365296803653,0.8823114869626497
1.0500000000000005,1.0,2.600000000000002,0.5930526065429125,0.22377622377622378,0.16666666666666666,0.3404255319148936,0.6743119266055045,0.8810696692470091
1.1000000000000005,1.0,0.5,0.6038212867475187,0.3008849557522124,0.3541666666666667,0.26153846153846155,0.6826568265682657,0.827922077922078
1.1000000000000005,1.0,0.55,0.6123366651105769,0.3090909090909091,0.3541666666666667,0.27419354838709675,0.6902985074626866,0.837620578778135
1.1000000000000005,1.0,0.6000000000000001,0.6089620092375758,0.29493087557603687,0.3333333333333333,0.2644628099173554,0.6928838951310862,0.8390712570056045
1.1000000000000005,1.0,0.6500000000000001,0.6059720728334607,0.28019323671497587,0.3020833333333333,0.26126126126126126,0.6930320150659134,0.8446909667194928
1.1000000000000005,1.0,0.7000000000000002,0.6027973410056018,0.27450980392156865,0.2916666666666667,0.25925925925925924,0.688212927756654,0.8456692913385827
1.1000000000000005,1.0,0.7500000000000002,0.6007618064731849,0.2613065326633166,0.2708333333333333,0.2524271844660194,0.690978886756238,0.85
1.1000000000000005,1.0,0.8000000000000003,0.6050376485877001,0.26666666666666666,0.2708333333333333,0.26262626262626265,0.6939571150097466,0.8544891640866873
1.1000000000000005,1.0,0.8500000000000003,0.6030024934622252,0.2617801047120419,0.2604166666666667,0.2631578947368421,0.69140625,0.8558211256746338
1.1000000000000005,1.0,0.9000000000000004,0.6059927335709167,0.2631578947368421,0.2604166666666667,0.26595744680851063,0.6954813359528488,0.8593389700230591
1.1000000000000005,1.0,0.9500000000000004,0.6066575178019455,0.26455026455026454,0.2604166666666667,0.26881720430107525,0.6956521739130435,0.8597701149425288
1.1000000000000005,1.0,1.0000000000000004,0.6124901588394396,0.27472527472527475,0.2604166666666667,0.29069767441860467,0.6958250497017893,0.8669201520912547
1.1000000000000005,1.0,1.0500000000000005,0.6134834388895742,0.27472527472527475,0.2604166666666667,0.29069767441860467,0.6986027944111777,0.8671222475322703
1.1000000000000005,1.0,1.1000000000000005,0.617295302796923,0.27932960893854747,0.2604166666666667,0.30120481927710846,0.7016129032258065,0.8709433962264151
1.1000000000000005,1.0,1.1500000000000006,0.6192483322029632,0.2824858757062147,0.2604166666666667,0.30864197530864196,0.7020408163265306,0.873218304576144
1.1000000000000005,1.0,1.2000000000000006,0.6205424835799911,0.2857142857142857,0.2604166666666667,0.31645569620253167,0.7008196721311475,0.87509349289454
1.1000000000000005,1.0,1.2500000000000007,0.6205424835799911,0.2857142857142857,0.2604166666666667,0.31645569620253167,0.7008196721311475,0.87509349289454
1.1000000000000005,1.0,1.3000000000000007,0.6236424263095538,0.28901734104046245,0.2604166666666667,0.3246753246753247,0.7039337474120083,0.8779761904761905
1.1000000000000005,1.0,1.3500000000000008,0.6227862122353852,0.28402366863905326,0.25,0.3287671232876712,0.7056367432150313,0.878698224852071
1.1000000000000005,1.0,1.4000000000000008,0.6216671064732484,0.28402366863905326,0.25,0.3287671232876712,0.702928870292887,0.8780487804878049
1.1000000000000005,1.0,1.4500000000000008,0.6229967773800588,0.2891566265060241,0.25,0.34285714285714286,0.70042194092827,0.8794117647058823
1.1000000000000005,1.0,1.5000000000000009,0.6205005396494758,0.2787878787878788,0.23958333333333334,0.3333333333333333,0.7021276595744681,0.8805860805860806
1.1000000000000005,1.0,1.550000000000001,0.622186698791171,0.2822085889570552,0.23958333333333334,0.34328358208955223,0.7021276595744681,0.8822238478419897
1.1000000000000005,1.0,1.600000000000001,0.6199816074106423,0.2716049382716049,0.22916666666666666,0.3333333333333333,0.7051282051282052,0.8832116788321168
1.1000000000000005,1.0,1.650000000000001,0.6188210880506794,0.2732919254658385,0.22916666666666666,0.3384615384615385,0.7010752688172043,0.8820960698689956
1.1000000000000005,1.0,1.700000000000001,0.6188035806808658,0.275,0.22916666666666666,0.34375,0.6997840172786177,0.8816267247639796
1.1000000000000005,1.0,1.750000000000001,0.6192732724075758,0.27672955974842767,0.22916666666666666,0.3492063492063492,0.6984815618221258,0.8826086956521739
1.1000000000000005,1.0,1.8000000000000012,0.6188028167050462,0.27672955974842767,0.22916666666666666,0.3492063492063492,0.6973684210526315,0.8823104693140794
1.1000000000000005,1.0,1.8500000000000012,0.6087255481471189,0.25477707006369427,0.20833333333333334,0.32786885245901637,0.6916299559471366,0.8797696184305256
1.1000000000000005,1.0,1.9000000000000012,0.609503114174624,0.25477707006369427,0.20833333333333334,0.32786885245901637,0.6931567328918322,0.8805755395683453
1.1000000000000005,1.0,1.9500000000000013,0.6107378220582275,0.25806451612903225,0.20833333333333334,0.3389830508474576,0.6917960088691796,0.8823529411764706
1.1000000000000005,1.0,2.0000000000000013,0.6083740536476804,0.25806451612903225,0.20833333333333334,0.3389830508474576,0.6859688195991092,0.8810888252148997
1.1000000000000005,1.0,2.0500000000000016,0.6107554989738332,0.2597402597402597,0.20833333333333334,0.3448275862068966,0.6890380313199105,0.8834882058613295
1.1000000000000005,1.0,2.1000000000000014,0.6103450805517547,0.2597402597402597,0.20833333333333334,0.3448275862068966,0.6876404494382022,0.8836545324768023
1.1000000000000005,1.0,2.1500000000000012,0.6103450805517547,0.2597402597402597,0.20833333333333334,0.3448275862068966,0.6876404494382022,0.8836545324768023
1.1000000000000005,1.0,2.2000000000000015,0.6106512333331163,0.2597402597402597,0.20833333333333334,0.3448275862068966,0.6891891891891891,0.8830242510699001
1.1000000000000005,1.0,2.2500000000000018,0.6090860348762798,0.26143790849673204,0.20833333333333334,0.3508771929824561,0.6832579185520362,0.8825622775800712
1.1000000000000005,1.0,2.3000000000000016,0.6107697519997144,0.26490066225165565,0.20833333333333334,0.36363636363636365,0.6832579185520362,0.8841506751954513
1.1000000000000005,1.0,2.3500000000000014,0.6116225890122949,0.26666666666666666,0.20833333333333334,0.37037037037037035,0.6832579185520362,0.8849431818181818
1.1000000000000005,1.0,2.4000000000000017,0.6075355309011151,0.2550335570469799,0.19791666666666666,0.3584905660377358,0.6832579185520362,0.8843151171043293
1.1000000000000005,1.0,2.450000000000002,0.6087468042515122,0.2585034013605442,0.19791666666666666,0.37254901960784315,0.6832579185520362,0.884479092841956
1.1000000000000005,1.0,2.5000000000000018,0.6033582091766992,0.2465753424657534,0.1875,0.36,0.6802721088435374,0.8832271762208068
1.1000000000000005,1.0,2.5500000000000016,0.603236333617109,0.2465753424657534,0.1875,0.36,0.680365296803653,0.882768361581921
1.1000000000000005,1.0,2.600000000000002,0.6008035137618815,0.2465753424657534,0.1875,0.36,0.6743119266055045,0.8815232722143864
1.1500000000000006,1.0,0.5,0.5983283261845803,0.2918454935622318,0.3541666666666667,0.24817518248175183,0.6790352504638218,0.8241042345276873
1.1500000000000006,1.0,0.55,0.6082167296589355,0.3022222222222222,0.3541666666666667,0.26356589147286824,0.6866791744840526,0.8357487922705314
1.1500000000000006,1.0,0.6000000000000001,0.6112282094964873,0.30493273542600896,0.3541666666666667,0.2677165354330709,0.6892655367231638,0.8394863563402889
1.1500000000000006,1.0,0.6500000000000001,0.6026453494606362,0.2777777777777778,0.3125,0.25,0.6893939393939394,0.8407643312101911
1.1500000000000006,1.0,0.7000000000000002,0.5995009502664467,0.2692307692307692,0.2916666666666667,0.25,0.6845124282982792,0.8447596532702916
1.1500000000000006,1.0,0.7500000000000002,0.6028777093390417,0.27184466019417475,0.2916666666666667,0.2545454545454545,0.6872586872586872,0.8495297805642633
1.1500000000000006,1.0,0.8000000000000003,0.6000354310184398,0.25742574257425743,0.2708333333333333,0.24528301886792453,0.6901960784313725,0.8524844720496895
1.1500000000000006,1.0,0.8500000000000003,0.6020987485206089,0.2639593908629442,0.2708333333333333,0.25742574257425743,0.68762278978389,0.8547140649149922
1.1500000000000006,1.0,0.9000000000000004,0.6026310339891694,0.25773195876288657,0.2604166666666667,0.25510204081632654,0.691699604743083,0.8584615384615385
1.1500000000000006,1.0,0.9500000000000004,0.6032706565316873,0.25906735751295334,0.2604166666666667,0.25773195876288657,0.6918489065606361,0.8588957055214724
1.1500000000000006,1.0,1.0000000000000004,0.6044243119266055,0.2604166666666667,0.2604166666666667,0.2604166666666667,0.692,0.8608562691131498
1.1500000000000006,1.0,1.0500000000000005,0.610723878089468,0.2702702702702703,0.2604166666666667,0.2808988764044944,0.6947791164658634,0.8671222475322703
1.1500000000000006,1.0,1.1000000000000005,0.6121400911641282,0.2702702702702703,0.2604166666666667,0.2808988764044944,0.6977687626774848,0.8683812405446294
1.1500000000000006,1.0,1.1500000000000006,0.6148007981632636,0.27472527472527475,0.2604166666666667,0.29069767441860467,0.6981519507186859,0.8715251690458302
1.1500000000000006,1.0,1.2000000000000006,0.6160310779909992,0.2777777777777778,0.2604166666666667,0.2976190476190476,0.6969072164948453,0.8734082397003745
1.1500000000000006,1.0,1.2500000000000007,0.6176331952646266,0.2808988764044944,0.2604166666666667,0.3048780487804878,0.6969072164948453,0.87509349289454
1.1500000000000006,1.0,1.3000000000000007,0.6190676334165006,0.2808988764044944,0.2604166666666667,0.3048780487804878,0.7,0.8763040238450075
1.1500000000000006,1.0,1.3500000000000008,0.6210522989662187,0.2824858757062147,0.2604166666666667,0.30864197530864196,0.7016806722689075,0.8789903489235338
1.1500000000000006,1.0,1.4000000000000008,0.6178743169103798,0.2774566473988439,0.25,0.3116883116883117,0.6989473684210527,0.8772189349112426
1.1500000000000006,1.0,1.4500000000000008,0.6179562263721089,0.27906976744186046,0.25,0.3157894736842105,0.6963906581740976,0.8784082535003684
1.1500000000000006,1.0,1.5000000000000009,0.6191258979384777,0.27906976744186046,0.25,0.3157894736842105,0.6980728051391863,0.8802351212343865
1.1500000000000006,1.0,1.550000000000001,0.6174894698449302,0.27380952380952384,0.23958333333333334,0.3194444444444444,0.6980728051391863,0.8805860805860806
1.1500000000000006,1.0,1.600000000000001,0.6190362134895726,0.27380952380952384,0.23958333333333334,0.3194444444444444,0.7010752688172043,0.8822238478419897
1.1500000000000006,1.0,1.650000000000001,0.6186674429851219,0.27710843373493976,0.23958333333333334,0.32857142857142857,0.696969696969697,0.8819241982507289
1.1500000000000006,1.0,1.700000000000001,0.6154040995667792,0.2682926829268293,0.22916666666666666,0.3235294117647059,0.6956521739130435,0.8822674418604651
1.1500000000000006,1.0,1.750000000000001,0.6150180478107378,0.2682926829268293,0.22916666666666666,0.3235294117647059,0.6943231441048034,0.8824383164005806
1.1500000000000006,1.0,1.8000000000000012,0.6156907134925055,0.2716049382716049,0.22916666666666666,0.3333333333333333,0.6931567328918322,0.8823104693140794
1.1500000000000006,1.0,1.8500000000000012,0.613334856436206,0.2716049382716049,0.22916666666666666,0.3333333333333333,0.6873614190687362,0.8810382119682768
1.1500000000000006,1.0,1.9000000000000012,0.606488142819078,0.25,0.20833333333333334,0.3125,0.6888888888888889,0.8805755395683453
1.1500000000000006,1.0,1.9500000000000013,0.6060823754789272,0.25,0.20833333333333334,0.3125,0.6875,0.8807471264367817
1.1500000000000006,1.0,2.0000000000000013,0.6044911383903547,0.25157232704402516,0.20833333333333334,0.31746031746031744,0.6816143497757847,0.8802867383512545
1.1500000000000006,1.0,2.0500000000000016,0.606846266052003,0.25316455696202533,0.20833333333333334,0.3225806451612903,0.6846846846846847,0.882689556509299
1.1500000000000006,1.0,2.1000000000000014,0.6056462486260012,0.25316455696202533,0.20833333333333334,0.3225806451612903,0.6817155756207675,0.8820586132952108
1.1500000000000006,1.0,2.1500000000000012,0.6064499295138682,0.25477707006369427,0.20833333333333334,0.32786885245901637,0.6817155756207675,0.8828571428571429
1.1500000000000006,1.0,2.2000000000000015,0.6075641420107308,0.2564102564102564,0.20833333333333334,0.3333333333333333,0.6832579185520362,0.8830242510699001
1.1500000000000006,1.0,2.2500000000000018,0.6063590777978315,0.2564102564102564,0.20833333333333334,0.3333333333333333,0.6802721088435374,0.8823948681397007
1.1500000000000006,1.0,2.3000000000000016,0.6067010022463172,0.25806451612903225,0.20833333333333334,0.3389830508474576,0.6802721088435374,0.8817663817663818
1.1500000000000006,1.0,2.3500000000000014,0.6075248820546227,0.2597402597402597,0.20833333333333334,0.3448275862068966,0.6802721088435374,0.8825622775800712
1.1500000000000006,1.0,2.4000000000000017,0.6091935595919437,0.2631578947368421,0.20833333333333334,0.35714285714285715,0.6802721088435374,0.8841506751954513
1.1500000000000006,1.0,2.450000000000002,0.610038650971125,0.26490066225165565,0.20833333333333334,0.36363636363636365,0.6802721088435374,0.8849431818181818
1.1500000000000006,1.0,2.5000000000000018,0.6088295022095708,0.26490066225165565,0.20833333333333334,0.36363636363636365,0.6772727272727272,0.8843151171043293
1.1500000000000006,1.0,2.5500000000000016,0.6058315068875345,0.25675675675675674,0.19791666666666666,0.36538461538461536,0.6773455377574371,0.8833922261484098
1.1500000000000006,1.0,2.600000000000002,0.5992285330713839,0.24489795918367346,0.1875,0.35294117647058826,0.671264367816092,0.8815232722143864
1.2000000000000006,1.0,0.5,0.5956485509613508,0.2869198312236287,0.3541666666666667,0.24113475177304963,0.6778398510242085,0.8221859706362153
1.2000000000000006,1.0,0.55,0.6059753869297347,0.29694323144104806,0.3541666666666667,0.2556390977443609,0.6854990583804144,0.8354838709677419
1.2000000000000006,1.0,0.6000000000000001,0.6099331052675289,0.3022222222222222,0.3541666666666667,0.26356589147286824,0.6880907372400756,0.8394863563402889
1.2000000000000006,1.0,0.6500000000000001,0.6083771921212026,0.2972972972972973,0.34375,0.2619047619047619,0.6869070208728653,0.8409272581934453
1.2000000000000006,1.0,0.7000000000000002,0.5997263795199085,0.27358490566037735,0.3020833333333333,0.25,0.6819923371647509,0.8436018957345972
1.2000000000000006,1.0,0.7500000000000002,0.6001286081273284,0.2679425837320574,0.2916666666666667,0.24778761061946902,0.6847195357833655,0.847723704866562
1.2000000000000006,1.0,0.8000000000000003,0.6010974927875267,0.2634146341463415,0.28125,0.24770642201834864,0.68762278978389,0.8522550544323484
1.2000000000000006,1.0,0.8500000000000003,0.6000580696688527,0.2613065326633166,0.2708333333333333,0.2524271844660194,0.6850393700787402,0.8538283062645011
1.2000000000000006,1.0,0.9000000000000004,0.6037705844059412,0.2639593908629442,0.2708333333333333,0.25742574257425743,0.689108910891089,0.8582434514637904
1.2000000000000006,1.0,0.9500000000000004,0.6012244127503733,0.2564102564102564,0.2604166666666667,0.25252525252525254,0.6892430278884463,0.8580199539524175
1.2000000000000006,1.0,1.0000000000000004,0.6031007947137111,0.25906735751295334,0.2604166666666667,0.25773195876288657,0.6893787575150301,0.8608562691131498
1.2000000000000006,1.0,1.0500000000000005,0.6040963257693533,0.25906735751295334,0.2604166666666667,0.25773195876288657,0.6921529175050302,0.8610687022900764
1.2000000000000006,1.0,1.1000000000000005,0.6107734653550723,0.26881720430107525,0.2604166666666667,0.2777777777777778,0.6951219512195121,0.8683812405446294
1.2000000000000006,1.0,1.1500000000000006,0.6110887863147799,0.26881720430107525,0.2604166666666667,0.2777777777777778,0.6954732510288066,0.8689759036144579
1.2000000000000006,1.0,1.2000000000000006,0.6130522830770918,0.273224043715847,0.2604166666666667,0.28735632183908044,0.6942148760330579,0.8717179294823706
1.2000000000000006,1.0,1.2500000000000007,0.6146220698853614,0.27624309392265195,0.2604166666666667,0.29411764705882354,0.6942148760330579,0.8734082397003745
1.2000000000000006,1.0,1.3000000000000007,0.6176398817698837,0.27932960893854747,0.2604166666666667,0.30120481927710846,0.697286012526096,0.8763040238450075
1.2000000000000006,1.0,1.3500000000000008,0.6188114936914367,0.27932960893854747,0.2604166666666667,0.30120481927710846,0.6989473684210527,0.8781575037147102
1.2000000000000006,1.0,1.4000000000000008,0.6184798956606049,0.2808988764044944,0.2604166666666667,0.3048780487804878,0.6962025316455697,0.8783382789317508
1.2000000000000006,1.0,1.4500000000000008,0.6156867370620219,0.27586206896551724,0.25,0.3076923076923077,0.6936170212765957,0.8775811209439528
1.2000000000000006,1.0,1.5000000000000009,0.6176569128634374,0.2774566473988439,0.25,0.3116883116883117,0.6952789699570815,0.8802351212343865
1.2000000000000006,1.0,1.550000000000001,0.6176569128634374,0.2774566473988439,0.25,0.3116883116883117,0.6952789699570815,0.8802351212343865
1.2000000000000006,1.0,1.600000000000001,0.6175630196744605,0.27218934911242604,0.23958333333333334,0.3150684931506849,0.6982758620689655,0.8822238478419897
1.2000000000000006,1.0,1.650000000000001,0.6155414956478484,0.27218934911242604,0.23958333333333334,0.3150684931506849,0.6941431670281996,0.8802919708029197
1.2000000000000006,1.0,1.700000000000001,0.6167852097272476,0.2754491017964072,0.23958333333333334,0.323943661971831,0.6928104575163399,0.8820960698689956
1.2000000000000006,1.0,1.750000000000001,0.6127176829596066,0.26506024096385544,0.22916666666666666,0.3142857142857143,0.6914660831509847,0.8816267247639796
1.2000000000000006,1.0,1.8000000000000012,0.6130241427191113,0.26666666666666666,0.22916666666666666,0.3188405797101449,0.6902654867256637,0.8821402747650036
1.2000000000000006,1.0,1.8500000000000012,0.6109893358673847,0.2682926829268293,0.22916666666666666,0.3235294117647059,0.6844444444444444,0.8802308802308803
1.2000000000000006,1.0,1.9000000000000012,0.6125839501031053,0.26993865030674846,0.22916666666666666,0.3283582089552239,0.6859688195991092,0.8818443804034583
1.2000000000000006,1.0,1.9500000000000013,0.6121722657284062,0.26993865030674846,0.22916666666666666,0.3283582089552239,0.6845637583892618,0.8820143884892087
1.2000000000000006,1.0,2.0000000000000013,0.6021941303598543,0.2484472049689441,0.20833333333333334,0.3076923076923077,0.6786516853932584,0.8794835007173601
1.2000000000000006,1.0,2.0500000000000016,0.6037505352682038,0.2484472049689441,0.20833333333333334,0.3076923076923077,0.6817155756207675,0.8810888252148997
1.2000000000000006,1.0,2.1000000000000014,0.6041213240044814,0.25157232704402516,0.20833333333333334,0.31746031746031744,0.6787330316742082,0.8820586132952108
1.2000000000000006,1.0,2.1500000000000012,0.6041213240044814,0.25157232704402516,0.20833333333333334,0.31746031746031744,0.6787330316742082,0.8820586132952108
1.2000000000000006,1.0,2.2000000000000015,0.6044243357720447,0.25157232704402516,0.20833333333333334,0.31746031746031744,0.6802721088435374,0.8814285714285715
1.2000000000000006,1.0,2.2500000000000018,0.6040116672603716,0.25316455696202533,0.20833333333333334,0.3225806451612903,0.6772727272727272,0.8815977175463623
1.2000000000000006,1.0,2.3000000000000016,0.6048148884920407,0.25477707006369427,0.20833333333333334,0.32786885245901637,0.6772727272727272,0.8823948681397007
1.2000000000000006,1.0,2.3500000000000014,0.6048148884920407,0.25477707006369427,0.20833333333333334,0.32786885245901637,0.6772727272727272,0.8823948681397007
1.2000000000000006,1.0,2.4000000000000017,0.6051497884831218,0.2564102564102564,0.20833333333333334,0.3333333333333333,0.6772727272727272,0.8817663817663818
1.2000000000000006,1.0,2.450000000000002,0.6059665069939436,0.25806451612903225,0.20833333333333334,0.3389830508474576,0.6772727272727272,0.8825622775800712
1.2000000000000006,1.0,2.5000000000000018,0.6064067722876177,0.26143790849673204,0.20833333333333334,0.3508771929824561,0.6742596810933941,0.8835227272727273
1.2000000000000006,1.0,2.5500000000000016,0.606270497833512,0.26143790849673204,0.20833333333333334,0.3508771929824561,0.6743119266055045,0.8830616583982991
1.2000000000000006,1.0,2.600000000000002,0.6046544018942278,0.2631578947368421,0.20833333333333334,0.35714285714285715,0.6682027649769585,0.8826025459688827
1.2500000000000007,1.0,0.5,0.5953656227907116,0.2892561983471074,0.3645833333333333,0.23972602739726026,0.6778398510242085,0.819000819000819
1.2500000000000007,1.0,0.55,0.6022888599159786,0.2905982905982906,0.3541666666666667,0.2463768115942029,0.6854990583804144,0.8307692307692308
1.2500000000000007,1.0,0.6000000000000001,0.6084235957946165,0.29955947136563876,0.3541666666666667,0.2595419847328244,0.6880907372400756,0.837620578778135
1.2500000000000007,1.0,0.6500000000000001,0.6103836624915727,0.30357142857142855,0.3541666666666667,0.265625,0.6869070208728653,0.8406725380304243
1.2500000000000007,1.0,0.7000000000000002,0.6018156145710124,0.2831050228310502,0.3229166666666667,0.25203252032520324,0.6819923371647509,0.840349483717236
1.2500000000000007,1.0,0.7500000000000002,0.6023617763668677,0.27488151658767773,0.3020833333333333,0.25217391304347825,0.6847195357833655,0.8474842767295597
1.2500000000000007,1.0,0.8000000000000003,0.6026612408978456,0.2692307692307692,0.2916666666666667,0.25,0.68762278978389,0.8511301636788776
1.2500000000000007,1.0,0.8500000000000003,0.5976733747477948,0.2561576354679803,0.2708333333333333,0.24299065420560748,0.6850393700787402,0.851823118696664
1.2500000000000007,1.0,0.9000000000000004,0.6022989750119624,0.2613065326633166,0.2708333333333333,0.2524271844660194,0.689108910891089,0.8564814814814815
1.2500000000000007,1.0,0.9500000000000004,0.6036680365861028,0.2639593908629442,0.2708333333333333,0.25742574257425743,0.6892430278884463,0.8578016910069177
1.2500000000000007,1.0,1.0000000000000004,0.6016336018852537,0.2564102564102564,0.2604166666666667,0.25252525252525254,0.6893787575150301,0.8591117917304747
1.2500000000000007,1.0,1.0500000000000005,0.6040963257693533,0.25906735751295334,0.2604166666666667,0.25773195876288657,0.6921529175050302,0.8610687022900764
1.2500000000000007,1.0,1.1000000000000005,0.6062535007948864,0.2604166666666667,0.2604166666666667,0.2604166666666667,0.6951219512195121,0.8632218844984803
1.2500000000000007,1.0,1.1500000000000006,0.6110887863147799,0.26881720430107525,0.2604166666666667,0.2777777777777778,0.6954732510288066,0.8689759036144579
1.2500000000000007,1.0,1.2000000000000006,0.6107350042216534,0.26881720430107525,0.2604166666666667,0.2777777777777778,0.6942148760330579,0.869172932330827
1.2500000000000007,1.0,1.2500000000000007,0.6130522830770918,0.273224043715847,0.2604166666666667,0.28735632183908044,0.6942148760330579,0.8717179294823706
1.2500000000000007,1.0,1.3000000000000007,0.6160519907067966,0.27624309392265195,0.2604166666666667,0.29411764705882354,0.697286012526096,0.8746268656716418
1.2500000000000007,1.0,1.3500000000000008,0.6188114936914367,0.27932960893854747,0.2604166666666667,0.30120481927710846,0.6989473684210527,0.8781575037147102
1.2500000000000007,1.0,1.4000000000000008,0.6176792361709492,0.27932960893854747,0.2604166666666667,0.30120481927710846,0.6962025316455697,0.8775055679287305
1.2500000000000007,1.0,1.4500000000000008,0.6177380408443871,0.2808988764044944,0.2604166666666667,0.3048780487804878,0.6936170212765957,0.878698224852071
1.2500000000000007,1.0,1.5000000000000009,0.6200256003306753,0.2840909090909091,0.2604166666666667,0.3125,0.6952789699570815,0.8807069219440353
1.2500000000000007,1.0,1.550000000000001,0.6176569128634374,0.2774566473988439,0.25,0.3116883116883117,0.6952789699570815,0.8802351212343865
1.2500000000000007,1.0,1.600000000000001,0.619203573099688,0.2774566473988439,0.25,0.3116883116883117,0.6982758620689655,0.8818782098312545
1.2500000000000007,1.0,1.650000000000001,0.619143699082589,0.2823529411764706,0.25,0.32432432432432434,0.6941431670281996,0.8809349890430972
1.2500000000000007,1.0,1.700000000000001,0.6151554263106577,0.27218934911242604,0.23958333333333334,0.3150684931506849,0.6928104575163399,0.880466472303207
1.2500000000000007,1.0,1.750000000000001,0.6147652993522383,0.27218934911242604,0.23958333333333334,0.3150684931506849,0.6914660831509847,0.8806404657933042
1.2500000000000007,1.0,1.8000000000000012,0.6158947252592276,0.2754491017964072,0.23958333333333334,0.323943661971831,0.6902654867256637,0.8819695872556119
1.2500000000000007,1.0,1.8500000000000012,0.6106591790346303,0.26666666666666666,0.22916666666666666,0.3188405797101449,0.6844444444444444,0.8808664259927798
1.2500000000000007,1.0,1.9000000000000012,0.6114364559798858,0.26666666666666666,0.22916666666666666,0.3188405797101449,0.6859688195991092,0.8816738816738817
1.2500000000000007,1.0,1.9500000000000013,0.6121722657284062,0.26993865030674846,0.22916666666666666,0.3283582089552239,0.6845637583892618,0.8820143884892087
1.2500000000000007,1.0,2.0000000000000013,0.6097791540455962,0.26993865030674846,0.22916666666666666,0.3283582089552239,0.6786516853932584,0.8807471264367817
1.2500000000000007,1.0,2.0500000000000016,0.6113357223679955,0.26993865030674846,0.22916666666666666,0.3283582089552239,0.6817155756207675,0.8823529411764706
1.2500000000000007,1.0,2.1000000000000014,0.6025461203985883,0.2484472049689441,0.20833333333333334,0.3076923076923077,0.6787330316742082,0.8804581245526127
1.2500000000000007,1.0,2.1500000000000012,0.6025461203985883,0.2484472049689441,0.20833333333333334,0.3076923076923077,0.6787330316742082,0.8804581245526127
1.2500000000000007,1.0,2.2000000000000015,0.6044243357720447,0.25157232704402516,0.20833333333333334,0.31746031746031744,0.6802721088435374,0.8814285714285715
1.2500000000000007,1.0,2.2500000000000018,0.603214827765351,0.25157232704402516,0.20833333333333334,0.31746031746031744,0.6772727272727272,0.8807994289793005
1.2500000000000007,1.0,2.3000000000000016,0.603214827765351,0.25157232704402516,0.20833333333333334,0.31746031746031744,0.6772727272727272,0.8807994289793005
1.2500000000000007,1.0,2.3500000000000014,0.6040116672603716,0.25316455696202533,0.20833333333333334,0.3225806451612903,0.6772727272727272,0.8815977175463623
1.2500000000000007,1.0,2.4000000000000017,0.6048148884920407,0.25477707006369427,0.20833333333333334,0.32786885245901637,0.6772727272727272,0.8823948681397007
1.2500000000000007,1.0,2.450000000000002,0.6048148884920407,0.25477707006369427,0.20833333333333334,0.32786885245901637,0.6772727272727272,0.8823948681397007
1.2500000000000007,1.0,2.5000000000000018,0.6039362425130792,0.2564102564102564,0.20833333333333334,0.3333333333333333,0.6742596810933941,0.8811387900355871
1.2500000000000007,1.0,2.5500000000000016,0.6046175556690235,0.25806451612903225,0.20833333333333334,0.3389830508474576,0.6743119266055045,0.8814762242725337
1.2500000000000007,1.0,2.600000000000002,0.6038174738424923,0.26143790849673204,0.20833333333333334,0.3508771929824561,0.6682027649769585,0.8818117480537863
1.3000000000000007,1.0,0.5,0.5962688317833187,0.2903225806451613,0.375,0.23684210526315788,0.6804511278195489,0.8180327868852459
1.3000000000000007,1.0,0.55,0.6010443874518783,0.2892561983471074,0.3645833333333333,0.23972602739726026,0.6869070208728653,0.8269699431356621
1.3000000000000007,1.0,0.6000000000000001,0.6091040307672765,0.30042918454935624,0.3645833333333333,0.25547445255474455,0.6895238095238095,0.8373590982286635
1.3000000000000007,1.0,0.6500000000000001,0.6112523219050893,0.3056768558951965,0.3645833333333333,0.2631578947368421,0.6883365200764818,0.8397435897435898
1.3000000000000007,1.0,0.7000000000000002,0.611067330132918,0.30837004405286345,0.3645833333333333,0.26717557251908397,0.6833976833976834,0.8414342629482072
1.3000000000000007,1.0,0.7500000000000002,0.6020496183743459,0.27522935779816515,0.3125,0.2459016393442623,0.6861598440545809,0.8447596532702916
1.3000000000000007,1.0,0.8000000000000003,0.6038811299116772,0.27230046948356806,0.3020833333333333,0.24786324786324787,0.689108910891089,0.8502340093603744
1.3000000000000007,1.0,0.8500000000000003,0.6042504402666314,0.27488151658767773,0.3020833333333333,0.25217391304347825,0.6865079365079365,0.8513618677042801
1.3000000000000007,1.0,0.9000000000000004,0.6019560381017436,0.2621359223300971,0.28125,0.24545454545454545,0.6892430278884463,0.8544891640866873
1.3000000000000007,1.0,0.9500000000000004,0.604249533424326,0.26732673267326734,0.28125,0.25471698113207547,0.6893787575150301,0.8560431100846805
1.3000000000000007,1.0,1.0000000000000004,0.6037513944629985,0.26262626262626265,0.2708333333333333,0.2549019607843137,0.6895161290322581,0.8591117917304747
1.3000000000000007,1.0,1.0500000000000005,0.604753724019779,0.26262626262626265,0.2708333333333333,0.2549019607843137,0.6923076923076923,0.8593272171253823
1.3000000000000007,1.0,1.1000000000000005,0.607653353471677,0.2653061224489796,0.2708333333333333,0.26,0.6952965235173824,0.8623574144486692
1.3000000000000007,1.0,1.1500000000000006,0.6102137127044073,0.2694300518134715,0.2708333333333333,0.26804123711340205,0.6956521739130435,0.8655589123867069
1.3000000000000007,1.0,1.2000000000000006,0.6128973006165989,0.2751322751322751,0.2708333333333333,0.27956989247311825,0.6943866943866944,0.869172932330827
1.3000000000000007,1.0,1.2500000000000007,0.6128973006165989,0.2751322751322751,0.2708333333333333,0.27956989247311825,0.6943866943866944,0.869172932330827
1.3000000000000007,1.0,1.3000000000000007,0.616664525880751,0.27956989247311825,0.2708333333333333,0.28888888888888886,0.6974789915966386,0.8729446935724963
1.3000000000000007,1.0,1.3500000000000008,0.6194164444210503,0.2826086956521739,0.2708333333333333,0.29545454545454547,0.6991525423728814,0.8764880952380952
1.3000000000000007,1.0,1.4000000000000008,0.6198701706057046,0.2857142857142857,0.2708333333333333,0.3023255813953488,0.6963906581740976,0.8775055679287305
1.3000000000000007,1.0,1.4500000000000008,0.6191242271170375,0.2857142857142857,0.2708333333333333,0.3023255813953488,0.6937901498929336,0.8778682457438934
1.3000000000000007,1.0,1.5000000000000009,0.6210960513272857,0.287292817679558,0.2708333333333333,0.3058823529411765,0.6954643628509719,0.8805309734513275
1.3000000000000007,1.0,1.550000000000001,0.6222246926970322,0.2905027932960894,0.2708333333333333,0.3132530120481928,0.6954643628509719,0.8807069219440353
1.3000000000000007,1.0,1.600000000000001,0.6214835602480965,0.2840909090909091,0.2604166666666667,0.3125,0.6984815618221258,0.8818782098312545
1.3000000000000007,1.0,1.650000000000001,0.6209411588506125,0.2857142857142857,0.2604166666666667,0.31645569620253167,0.6971677559912854,0.8799414348462665
1.3000000000000007,1.0,1.700000000000001,0.6205578985148259,0.2857142857142857,0.2604166666666667,0.31645569620253167,0.6958424507658644,0.8801169590643275
1.3000000000000007,1.0,1.750000000000001,0.6186159048949212,0.2807017543859649,0.25,0.32,0.6945054945054945,0.8806404657933042
1.3000000000000007,1.0,1.8000000000000012,0.6181277220123066,0.2807017543859649,0.25,0.32,0.6933333333333334,0.8803480783176215
1.3000000000000007,1.0,1.8500000000000012,0.6174059372686939,0.28402366863905326,0.25,0.3287671232876712,0.6875,0.8806941431670282
1.3000000000000007,1.0,1.9000000000000012,0.614571327040738,0.27380952380952384,0.23958333333333334,0.3194444444444444,0.6890380313199105,0.8808664259927798
1.3000000000000007,1.0,1.9500000000000013,0.6149779772126892,0.2754491017964072,0.23958333333333334,0.323943661971831,0.6876404494382022,0.8818443804034583
1.3000000000000007,1.0,2.0000000000000013,0.6125800723285066,0.2754491017964072,0.23958333333333334,0.323943661971831,0.6817155756207675,0.8805755395683453
1.3000000000000007,1.0,2.0500000000000016,0.615316025400059,0.2787878787878788,0.23958333333333334,0.3333333333333333,0.6848072562358276,0.8823529411764706
1.3000000000000007,1.0,2.1000000000000014,0.6141088302378624,0.2787878787878788,0.23958333333333334,0.3333333333333333,0.6818181818181818,0.8817204301075269
1.3000000000000007,1.0,2.1500000000000012,0.6066483393424121,0.25766871165644173,0.21875,0.31343283582089554,0.6818181818181818,0.8804581245526127
1.3000000000000007,1.0,2.2000000000000015,0.6069561120807221,0.25766871165644173,0.21875,0.31343283582089554,0.683371298405467,0.8798283261802575
1.3000000000000007,1.0,2.2500000000000018,0.6065415186876374,0.25925925925925924,0.21875,0.3181818181818182,0.680365296803653,0.88
1.3000000000000007,1.0,2.3000000000000016,0.6073447636667816,0.2608695652173913,0.21875,0.3230769230769231,0.680365296803653,0.8807994289793005
1.3000000000000007,1.0,2.3500000000000014,0.6073447636667816,0.2608695652173913,0.21875,0.3230769230769231,0.680365296803653,0.8807994289793005
1.3000000000000007,1.0,2.4000000000000017,0.6073447636667816,0.2608695652173913,0.21875,0.3230769230769231,0.680365296803653,0.8807994289793005
1.3000000000000007,1.0,2.450000000000002,0.6081543381166717,0.2625,0.21875,0.328125,0.680365296803653,0.8815977175463623
1.3000000000000007,1.0,2.5000000000000018,0.6077542876400152,0.2641509433962264,0.21875,0.3333333333333333,0.6773455377574371,0.8817663817663818
1.3000000000000007,1.0,2.5500000000000016,0.6076260150714416,0.2641509433962264,0.21875,0.3333333333333333,0.6774193548387096,0.8813077469793887
1.3000000000000007,1.0,2.600000000000002,0.6055172350732994,0.26582278481012656,0.21875,0.3387096774193548,0.6712962962962963,0.8794326241134752
1.3500000000000008,1.0,0.5,0.6025132308746909,0.30708661417322836,0.40625,0.2468354430379747,0.6830188679245283,0.8174342105263158
1.3500000000000008,1.0,0.55,0.6049506167490053,0.29959514170040485,0.3854166666666667,0.24503311258278146,0.6895238095238095,0.8257328990228013
1.3500000000000008,1.0,0.6000000000000001,0.609006142264808,0.301255230125523,0.375,0.2517482517482518,0.6921606118546845,0.8336025848142165
1.3500000000000008,1.0,0.6500000000000001,0.6126243273988035,0.3090128755364807,0.375,0.26277372262773724,0.690978886756238,0.8378812199036918
1.3500000000000008,1.0,0.7000000000000002,0.6132001189049777,0.3130434782608696,0.375,0.26865671641791045,0.686046511627907,0.8405103668261563
1.3500000000000008,1.0,0.7500000000000002,0.6077731458557868,0.2920353982300885,0.34375,0.25384615384615383,0.6888454011741683,0.8424386381631037
1.3500000000000008,1.0,0.8000000000000003,0.6091877307583072,0.2857142857142857,0.3229166666666667,0.256198347107438,0.6918489065606361,0.85
1.3500000000000008,1.0,0.8500000000000003,0.6066947164612578,0.2803738317757009,0.3125,0.2542372881355932,0.6892430278884463,0.8504672897196262
1.3500000000000008,1.0,0.9000000000000004,0.6067520752214938,0.27488151658767773,0.3020833333333333,0.25217391304347825,0.692,0.8533747090768037
1.3500000000000008,1.0,0.9500000000000004,0.6075686105037598,0.27450980392156865,0.2916666666666667,0.25925925925925924,0.6921529175050302,0.8560431100846805
1.3500000000000008,1.0,1.0000000000000004,0.6094770402004807,0.27722772277227725,0.2916666666666667,0.2641509433962264,0.6923076923076923,0.8588957055214724
1.3500000000000008,1.0,1.0500000000000005,0.6081497227816315,0.27,0.28125,0.25961538461538464,0.6951219512195121,0.8593272171253823
1.3500000000000008,1.0,1.1000000000000005,0.6103334544177333,0.271356783919598,0.28125,0.2621359223300971,0.6981519507186859,0.8614916286149162
1.3500000000000008,1.0,1.1500000000000006,0.6114181867399128,0.2727272727272727,0.28125,0.2647058823529412,0.6985446985446986,0.8629825889477668
1.3500000000000008,1.0,1.2000000000000006,0.6133235929134248,0.27692307692307694,0.28125,0.2727272727272727,0.697286012526096,0.8657616892911011
1.3500000000000008,1.0,1.2500000000000007,0.6163938193153095,0.28272251308900526,0.28125,0.28421052631578947,0.697286012526096,0.869172932330827
1.3500000000000008,1.0,1.3000000000000007,0.617852146345334,0.28272251308900526,0.28125,0.28421052631578947,0.70042194092827,0.8704119850187266
1.3500000000000008,1.0,1.3500000000000008,0.621391804335648,0.2872340425531915,0.28125,0.29347826086956524,0.7021276595744681,0.8748137108792846
1.3500000000000008,1.0,1.4000000000000008,0.6210434648757739,0.2887700534759358,0.28125,0.2967032967032967,0.6993603411513859,0.875
1.3500000000000008,1.0,1.4500000000000008,0.6227069000539486,0.29347826086956524,0.28125,0.3068181818181818,0.6967741935483871,0.8778682457438934
1.3500000000000008,1.0,1.5000000000000009,0.6238882065798871,0.29347826086956524,0.28125,0.3068181818181818,0.6984815618221258,0.8797047970479704
1.3500000000000008,1.0,1.550000000000001,0.6238882065798871,0.29347826086956524,0.28125,0.3068181818181818,0.6984815618221258,0.8797047970479704
1.3500000000000008,1.0,1.600000000000001,0.6274068456930552,0.2983425414364641,0.28125,0.3176470588235294,0.7015250544662309,0.8823529411764706
1.3500000000000008,1.0,1.650000000000001,0.6243132434758328,0.29213483146067415,0.2708333333333333,0.3170731707317073,0.700218818380744,0.8805860805860806
1.3500000000000008,1.0,1.700000000000001,0.62393224013766,0.29213483146067415,0.2708333333333333,0.3170731707317073,0.6989010989010989,0.880760790051207
1.3500000000000008,1.0,1.750000000000001,0.6238830084889142,0.2937853107344633,0.2708333333333333,0.32098765432098764,0.6975717439293598,0.8802919708029197
1.3500000000000008,1.0,1.8000000000000012,0.6219313302622185,0.28901734104046245,0.2604166666666667,0.3246753246753247,0.6964285714285714,0.8803480783176215
1.3500000000000008,1.0,1.8500000000000012,0.6195578120302806,0.28901734104046245,0.2604166666666667,0.3246753246753247,0.6905829596412556,0.8790731354091238
1.3500000000000008,1.0,1.9000000000000012,0.6220117941509327,0.29239766081871343,0.2604166666666667,0.3333333333333333,0.6921348314606741,0.8815028901734104
1.3500000000000008,1.0,1.9500000000000013,0.6180453580459918,0.2823529411764706,0.25,0.32432432432432434,0.690744920993228,0.8810382119682768
1.3500000000000008,1.0,2.0000000000000013,0.6164688214810754,0.28402366863905326,0.25,0.3287671232876712,0.6848072562358276,0.8805755395683453
1.3500000000000008,1.0,2.0500000000000016,0.6180448945821779,0.28402366863905326,0.25,0.3287671232876712,0.6879271070615034,0.882183908045977
1.3500000000000008,1.0,2.1000000000000014,0.6180256955524802,0.2874251497005988,0.25,0.3380281690140845,0.684931506849315,0.8817204301075269
1.3500000000000008,1.0,2.1500000000000012,0.6180256955524802,0.2874251497005988,0.25,0.3380281690140845,0.684931506849315,0.8817204301075269
1.3500000000000008,1.0,2.2000000000000015,0.6183376102502463,0.2874251497005988,0.25,0.3380281690140845,0.6864988558352403,0.8810888252148997
1.3500000000000008,1.0,2.2500000000000018,0.6097841111205834,0.26666666666666666,0.22916666666666666,0.3188405797101449,0.6834862385321101,0.8791994281629736
1.3500000000000008,1.0,2.3000000000000016,0.6097841111205834,0.26666666666666666,0.22916666666666666,0.3188405797101449,0.6834862385321101,0.8791994281629736
1.3500000000000008,1.0,2.3500000000000014,0.6105929738196464,0.2682926829268293,0.22916666666666666,0.3235294117647059,0.6834862385321101,0.88
1.3500000000000008,1.0,2.4000000000000017,0.6114081059393864,0.26993865030674846,0.22916666666666666,0.3283582089552239,0.6834862385321101,0.8807994289793005
1.3500000000000008,1.0,2.450000000000002,0.6114081059393864,0.26993865030674846,0.22916666666666666,0.3283582089552239,0.6834862385321101,0.8807994289793005
1.3500000000000008,1.0,2.5000000000000018,0.6110113532588087,0.2716049382716049,0.22916666666666666,0.3333333333333333,0.6804597701149425,0.8809693513898789
1.3500000000000008,1.0,2.5500000000000016,0.6108908616218557,0.2716049382716049,0.22916666666666666,0.3333333333333333,0.6805555555555556,0.8805120910384068
1.3500000000000008,1.0,2.600000000000002,0.6092557693245457,0.2732919254658385,0.22916666666666666,0.3384615384615385,0.6744186046511628,0.8800567778566359
1.4000000000000008,1.0,0.5,0.5983972436861511,0.3041825095057034,0.4166666666666667,0.23952095808383234,0.6768060836501901,0.8142031379025598
1.4000000000000008,1.0,0.55,0.6025046308311929,0.30039525691699603,0.3958333333333333,0.24203821656050956,0.6833013435700576,0.8238172920065253
1.4000000000000008,1.0,0.6000000000000001,0.6051171163644593,0.29959514170040485,0.3854166666666667,0.24503311258278146,0.6859344894026975,0.8298217179902755
1.4000000000000008,1.0,0.6500000000000001,0.6106545151746146,0.30962343096234307,0.3854166666666667,0.25874125874125875,0.6847195357833655,0.837620578778135
1.4000000000000008,1.0,0.7000000000000002,0.6113887043436179,0.3148936170212766,0.3854166666666667,0.26618705035971224,0.6796875,0.839584996009577
1.4000000000000008,1.0,0.7500000000000002,0.6148289234456287,0.31759656652360513,0.3854166666666667,0.27007299270072993,0.6824457593688363,0.8444444444444444
1.4000000000000008,1.0,0.8000000000000003,0.6088888190871468,0.29333333333333333,0.34375,0.2558139534883721,0.685370741482966,0.8479623824451411
1.4000000000000008,1.0,0.8500000000000003,0.6051357545836943,0.2831050228310502,0.3229166666666667,0.25203252032520324,0.6827309236947792,0.8495713172252534
1.4000000000000008,1.0,0.9000000000000004,0.6081150032762935,0.2857142857142857,0.3229166666666667,0.256198347107438,0.6854838709677419,0.8531468531468531
1.4000000000000008,1.0,0.9500000000000004,0.6029693101732422,0.27102803738317754,0.3020833333333333,0.2457627118644068,0.6855983772819473,0.8522815158546017
1.4000000000000008,1.0,1.0000000000000004,0.6072344322344322,0.27884615384615385,0.3020833333333333,0.25892857142857145,0.6857142857142857,0.8571428571428571
1.4000000000000008,1.0,1.0500000000000005,0.6097299266508872,0.2815533980582524,0.3020833333333333,0.2636363636363636,0.6885245901639344,0.8591117917304747
1.4000000000000008,1.0,1.1000000000000005,0.6088819050253301,0.27450980392156865,0.2916666666666667,0.25925925925925924,0.6915113871635611,0.8606245239908606
1.4000000000000008,1.0,1.1500000000000006,0.6099357268192661,0.27586206896551724,0.2916666666666667,0.2616822429906542,0.6918238993710691,0.8621212121212121
1.4000000000000008,1.0,1.2000000000000006,0.6103145862981094,0.27722772277227725,0.2916666666666667,0.2641509433962264,0.6905263157894737,0.8631897203325775
1.4000000000000008,1.0,1.2500000000000007,0.6148542160517924,0.2857142857142857,0.2916666666666667,0.28,0.6905263157894737,0.8683220466516177
1.4000000000000008,1.0,1.3000000000000007,0.6170694978249366,0.28717948717948716,0.2916666666666667,0.2828282828282828,0.6936170212765957,0.8704119850187266
1.4000000000000008,1.0,1.3500000000000008,0.6182504043081567,0.28717948717948716,0.2916666666666667,0.2828282828282828,0.6952789699570815,0.8722927557879014
1.4000000000000008,1.0,1.4000000000000008,0.6194340360344491,0.2916666666666667,0.2916666666666667,0.2916666666666667,0.6924731182795699,0.874162323157111
1.4000000000000008,1.0,1.4500000000000008,0.6194564697976886,0.2931937172774869,0.2916666666666667,0.29473684210526313,0.6898047722342733,0.8753709198813057
1.4000000000000008,1.0,1.5000000000000009,0.6222132599142339,0.2962962962962963,0.2916666666666667,0.3010752688172043,0.6914660831509847,0.8788774002954209
1.4000000000000008,1.0,1.550000000000001,0.623014406874829,0.2978723404255319,0.2916666666666667,0.30434782608695654,0.6914660831509847,0.8797047970479704
1.4000000000000008,1.0,1.600000000000001,0.6245779223781387,0.2978723404255319,0.2916666666666667,0.30434782608695654,0.6945054945054945,0.8813559322033898
1.4000000000000008,1.0,1.650000000000001,0.6209449631778248,0.2903225806451613,0.28125,0.3,0.6916299559471366,0.8808823529411764
1.4000000000000008,1.0,1.700000000000001,0.6186404024287386,0.2857142857142857,0.2708333333333333,0.3023255813953488,0.6902654867256637,0.8799414348462665
1.4000000000000008,1.0,1.750000000000001,0.6190388985371813,0.287292817679558,0.2708333333333333,0.3058823529411765,0.6888888888888889,0.8809349890430972
1.4000000000000008,1.0,1.8000000000000012,0.618843112775697,0.28888888888888886,0.2708333333333333,0.30952380952380953,0.6876404494382022,0.88
1.4000000000000008,1.0,1.8500000000000012,0.6184036770942557,0.2937853107344633,0.2708333333333333,0.32098765432098764,0.6817155756207675,0.8797101449275362
1.4000000000000008,1.0,1.9000000000000012,0.615744351134238,0.2840909090909091,0.2604166666666667,0.3125,0.6832579185520362,0.8798842257597684
1.4000000000000008,1.0,1.9500000000000013,0.6153222981257663,0.2840909090909091,0.2604166666666667,0.3125,0.6818181818181818,0.880057803468208
1.4000000000000008,1.0,2.0000000000000013,0.6145196222701093,0.28735632183908044,0.2604166666666667,0.32051282051282054,0.6757990867579908,0.8804034582132565
1.4000000000000008,1.0,2.0500000000000016,0.6125786773029004,0.2774566473988439,0.25,0.3116883116883117,0.6788990825688074,0.8813803019410497
1.4000000000000008,1.0,2.1000000000000014,0.6121608155337347,0.27906976744186046,0.25,0.3157894736842105,0.6758620689655173,0.8815506101938263
1.4000000000000008,1.0,2.1500000000000012,0.6121608155337347,0.27906976744186046,0.25,0.3157894736842105,0.6758620689655173,0.8815506101938263
1.4000000000000008,1.0,2.2000000000000015,0.61362037374336,0.2823529411764706,0.25,0.32432432432432434,0.6774193548387096,0.8810888252148997
1.4000000000000008,1.0,2.2500000000000018,0.6123919872676621,0.2823529411764706,0.25,0.32432432432432434,0.674364896073903,0.8804581245526127
1.4000000000000008,1.0,2.3000000000000016,0.6123919872676621,0.2823529411764706,0.25,0.32432432432432434,0.674364896073903,0.8804581245526127
1.4000000000000008,1.0,2.3500000000000014,0.6051563620472128,0.2619047619047619,0.22916666666666666,0.3055555555555556,0.674364896073903,0.8791994281629736
1.4000000000000008,1.0,2.4000000000000017,0.6051563620472128,0.2619047619047619,0.22916666666666666,0.3055555555555556,0.674364896073903,0.8791994281629736
1.4000000000000008,1.0,2.450000000000002,0.6067415220056863,0.26506024096385544,0.22916666666666666,0.3142857142857143,0.674364896073903,0.8807994289793005
1.4000000000000008,1.0,2.5000000000000018,0.6055092404276587,0.26506024096385544,0.22916666666666666,0.3142857142857143,0.6712962962962963,0.8801711840228246
1.4000000000000008,1.0,2.5500000000000016,0.6053680715945434,0.26506024096385544,0.22916666666666666,0.3142857142857143,0.6713286713286714,0.8797153024911032
1.4000000000000008,1.0,2.600000000000002,0.6036778055732973,0.26666666666666666,0.22916666666666666,0.3188405797101449,0.6651053864168618,0.8792613636363636
1.4500000000000008,1.0,0.5,0.5958131697225683,0.299625468164794,0.4166666666666667,0.23391812865497075,0.6755725190839694,0.8122415219189413
1.4500000000000008,1.0,0.55,0.6023246544412041,0.3023255813953488,0.40625,0.24074074074074073,0.6820809248554913,0.8225674570727719
1.4500000000000008,1.0,0.6000000000000001,0.6049671586253158,0.30158730158730157,0.3958333333333333,0.24358974358974358,0.6847195357833655,0.8285946385052803
1.4500000000000008,1.0,0.6500000000000001,0.6071948235796861,0.30327868852459017,0.3854166666666667,0.25,0.683495145631068,0.8348106365834005
1.4500000000000008,1.0,0.7000000000000002,0.6093379630872583,0.31092436974789917,0.3854166666666667,0.2605633802816901,0.6784313725490196,0.8386581469648562
1.4500000000000008,1.0,0.7500000000000002,0.61275801642172,0.3135593220338983,0.3854166666666667,0.2642857142857143,0.6811881188118812,0.8435266084193804
1.4500000000000008,1.0,0.8000000000000003,0.6074040033175895,0.29310344827586204,0.3541666666666667,0.25,0.6841046277665996,0.8450039339103068
1.4500000000000008,1.0,0.8500000000000003,0.6059278614973753,0.28699551569506726,0.3333333333333333,0.25196850393700787,0.6814516129032258,0.849336455893833
1.4500000000000008,1.0,0.9000000000000004,0.6053717934818029,0.28054298642533937,0.3229166666666667,0.248,0.6842105263157895,0.8513618677042801
1.4500000000000008,1.0,0.9500000000000004,0.6067119733555203,0.2831050228310502,0.3229166666666667,0.25203252032520324,0.6843177189409368,0.8527131782945736
1.4500000000000008,1.0,1.0000000000000004,0.604655242491663,0.27102803738317754,0.3020833333333333,0.2457627118644068,0.6871165644171779,0.8558211256746338
1.4500000000000008,1.0,1.0500000000000005,0.6082707744233206,0.27751196172248804,0.3020833333333333,0.25663716814159293,0.6899383983572895,0.8573619631901841
1.4500000000000008,1.0,1.1000000000000005,0.6111837313732544,0.28019323671497587,0.3020833333333333,0.26126126126126126,0.6929460580912863,0.8604118993135011
1.4500000000000008,1.0,1.1500000000000006,0.6092355239401553,0.2731707317073171,0.2916666666666667,0.25688073394495414,0.6932773109243697,0.8612585291887794
1.4500000000000008,1.0,1.2000000000000006,0.6103449705536547,0.27586206896551724,0.2916666666666667,0.2616822429906542,0.6919831223628692,0.8631897203325775
1.4500000000000008,1.0,1.2500000000000007,0.6103449705536547,0.27586206896551724,0.2916666666666667,0.2616822429906542,0.6919831223628692,0.8631897203325775
1.4500000000000008,1.0,1.3000000000000007,0.6162988414607286,0.2857142857142857,0.2916666666666667,0.28,0.6936170212765957,0.8695652173913043
1.4500000000000008,1.0,1.3500000000000008,0.6182504043081567,0.28717948717948716,0.2916666666666667,0.2828282828282828,0.6952789699570815,0.8722927557879014
1.4500000000000008,1.0,1.4000000000000008,0.6170981321679444,0.28717948717948716,0.2916666666666667,0.2828282828282828,0.6924731182795699,0.8716417910447761
1.4500000000000008,1.0,1.4500000000000008,0.6186691482800213,0.2916666666666667,0.2916666666666667,0.2916666666666667,0.6898047722342733,0.874536005939124
1.4500000000000008,1.0,1.5000000000000009,0.620626245113238,0.2931937172774869,0.2916666666666667,0.29473684210526313,0.6914660831509847,0.8772189349112426
1.4500000000000008,1.0,1.550000000000001,0.6222132599142339,0.2962962962962963,0.2916666666666667,0.3010752688172043,0.6914660831509847,0.8788774002954209
1.4500000000000008,1.0,1.600000000000001,0.6245779223781387,0.2978723404255319,0.2916666666666667,0.30434782608695654,0.6945054945054945,0.8813559322033898
1.4500000000000008,1.0,1.650000000000001,0.6234030727722346,0.2978723404255319,0.2916666666666667,0.30434782608695654,0.6916299559471366,0.8807069219440353
1.4500000000000008,1.0,1.700000000000001,0.6205484453644307,0.2903225806451613,0.28125,0.3,0.6902654867256637,0.8810572687224669
1.4500000000000008,1.0,1.750000000000001,0.621257571149353,0.29347826086956524,0.28125,0.3068181818181818,0.6888888888888889,0.8814055636896047
1.4500000000000008,1.0,1.8000000000000012,0.6185245776370215,0.287292817679558,0.2708333333333333,0.3058823529411765,0.6876404494382022,0.8806404657933042
1.4500000000000008,1.0,1.8500000000000012,0.6164421078745574,0.28888888888888886,0.2708333333333333,0.30952380952380953,0.6817155756207675,0.878721859114016
1.4500000000000008,1.0,1.9000000000000012,0.6191881968729557,0.2937853107344633,0.2708333333333333,0.32098765432098764,0.6832579185520362,0.8805213613323678
1.4500000000000008,1.0,1.9500000000000013,0.6153222981257663,0.2840909090909091,0.2604166666666667,0.3125,0.6818181818181818,0.880057803468208
1.4500000000000008,1.0,2.0000000000000013,0.6128926248789263,0.2840909090909091,0.2604166666666667,0.3125,0.6757990867579908,0.8787878787878788
1.4500000000000008,1.0,2.0500000000000016,0.6160899309656989,0.28735632183908044,0.2604166666666667,0.32051282051282054,0.6788990825688074,0.8820143884892087
1.4500000000000008,1.0,2.1000000000000014,0.6113552809337143,0.2774566473988439,0.25,0.3116883116883117,0.6758620689655173,0.8807471264367817
1.4500000000000008,1.0,2.1500000000000012,0.6121608155337347,0.27906976744186046,0.25,0.3157894736842105,0.6758620689655173,0.8815506101938263
1.4500000000000008,1.0,2.2000000000000015,0.6124691144091617,0.27906976744186046,0.25,0.3157894736842105,0.6774193548387096,0.8809182209469153
1.4500000000000008,1.0,2.2500000000000018,0.6115742703061069,0.2807017543859649,0.25,0.32,0.674364896073903,0.8796561604584527
1.4500000000000008,1.0,2.3000000000000016,0.6123919872676621,0.2823529411764706,0.25,0.32432432432432434,0.674364896073903,0.8804581245526127
1.4500000000000008,1.0,2.3500000000000014,0.6123919872676621,0.2823529411764706,0.25,0.32432432432432434,0.674364896073903,0.8804581245526127
1.4500000000000008,1.0,2.4000000000000017,0.6051563620472128,0.2619047619047619,0.22916666666666666,0.3055555555555556,0.674364896073903,0.8791994281629736
1.4500000000000008,1.0,2.450000000000002,0.6051563620472128,0.2619047619047619,0.22916666666666666,0.3055555555555556,0.674364896073903,0.8791994281629736
1.4500000000000008,1.0,2.5000000000000018,0.6039241622574956,0.2619047619047619,0.22916666666666666,0.3055555555555556,0.6712962962962963,0.8785714285714286
1.4500000000000008,1.0,2.5500000000000016,0.6053680715945434,0.26506024096385544,0.22916666666666666,0.3142857142857143,0.6713286713286714,0.8797153024911032
1.4500000000000008,1.0,2.600000000000002,0.6028768153813479,0.26506024096385544,0.22916666666666666,0.3142857142857143,0.6651053864168618,0.8784648187633263
1.5000000000000009,1.0,0.5,0.59694711786076,0.3037037037037037,0.4270833333333333,0.23563218390804597,0.6768642447418738,0.8102734051367025
1.5000000000000009,1.0,0.55,0.6057233298130749,0.311787072243346,0.4270833333333333,0.24550898203592814,0.6833976833976834,0.8219852337981952
1.5000000000000009,1.0,0.6000000000000001,0.6054889702169027,0.3046875,0.40625,0.24375,0.686046511627907,0.8257328990228013
1.5000000000000009,1.0,0.6500000000000001,0.6070295439506839,0.30522088353413657,0.3958333333333333,0.24836601307189543,0.6848249027237354,0.8310428455941795
1.5000000000000009,1.0,0.7000000000000002,0.610638980236789,0.3153526970954357,0.3958333333333333,0.2620689655172414,0.6797642436149313,0.8368
1.5000000000000009,1.0,0.7500000000000002,0.614824908942556,0.31932773109243695,0.3958333333333333,0.2676056338028169,0.6825396825396826,0.8426073131955485
1.5000000000000009,1.0,0.8000000000000003,0.6181736412823197,0.3220338983050847,0.3958333333333333,0.2714285714285714,0.6854838709677419,0.8470031545741324
1.5000000000000009,1.0,0.8500000000000003,0.6079902176065859,0.2956521739130435,0.3541666666666667,0.2537313432835821,0.6828282828282828,0.8454901960784313
1.5000000000000009,1.0,0.9000000000000004,0.6104571327012273,0.29464285714285715,0.34375,0.2578125,0.6855983772819473,0.8511301636788776
1.5000000000000009,1.0,0.9500000000000004,0.6090433881973151,0.2895927601809955,0.3333333333333333,0.256,0.6857142857142857,0.851823118696664
1.5000000000000009,1.0,1.0000000000000004,0.6092141082678991,0.28440366972477066,0.3229166666666667,0.2540983606557377,0.6885245901639344,0.8547140649149922
1.5000000000000009,1.0,1.0500000000000005,0.6102832855144488,0.28169014084507044,0.3125,0.2564102564102564,0.691358024691358,0.8578016910069177
1.5000000000000009,1.0,1.1000000000000005,0.6136700062774793,0.28708133971291866,0.3125,0.26548672566371684,0.6943866943866944,0.8595419847328244
1.5000000000000009,1.0,1.1500000000000006,0.612516256450765,0.2815533980582524,0.3020833333333333,0.2636363636363636,0.6947368421052632,0.8612585291887794
1.5000000000000009,1.0,1.2000000000000006,0.6121560237529772,0.2815533980582524,0.3020833333333333,0.2636363636363636,0.693446088794926,0.8614685844057532
1.5000000000000009,1.0,1.2500000000000007,0.6136498448725666,0.28431372549019607,0.3020833333333333,0.26851851851851855,0.693446088794926,0.8631897203325775
1.5000000000000009,1.0,1.3000000000000007,0.6143372614466985,0.28431372549019607,0.3020833333333333,0.26851851851851855,0.6950959488272921,0.8636021100226073
1.5000000000000009,1.0,1.3500000000000008,0.6216617722277424,0.29591836734693877,0.3020833333333333,0.29,0.6967741935483871,0.8722927557879014
1.5000000000000009,1.0,1.4000000000000008,0.6205085585443647,0.29591836734693877,0.3020833333333333,0.29,0.6939655172413793,0.8716417910447761
1.5000000000000009,1.0,1.4500000000000008,0.6197488415656117,0.29591836734693877,0.3020833333333333,0.29,0.691304347826087,0.8720238095238095
1.5000000000000009,1.0,1.5000000000000009,0.6232961505663988,0.3005181347150259,0.3020833333333333,0.29896907216494845,0.6929824561403509,0.8763878608438194
1.5000000000000009,1.0,1.550000000000001,0.6240949081283089,0.3020833333333333,0.3020833333333333,0.3020833333333333,0.6929824561403509,0.8772189349112426
1.5000000000000009,1.0,1.600000000000001,0.6272764578789377,0.30526315789473685,0.3020833333333333,0.30851063829787234,0.6960352422907489,0.8805309734513275
1.5000000000000009,1.0,1.650000000000001,0.6269139872380581,0.30687830687830686,0.3020833333333333,0.3118279569892473,0.6931567328918322,0.8807069219440353
1.5000000000000009,1.0,1.700000000000001,0.6265188895628876,0.30687830687830686,0.3020833333333333,0.3118279569892473,0.6917960088691796,0.8808823529411764
1.5000000000000009,1.0,1.750000000000001,0.6269373369042153,0.30851063829787234,0.3020833333333333,0.31521739130434784,0.6904231625835189,0.8818782098312545
1.5000000000000009,1.0,1.8000000000000012,0.6243335238958871,0.3027027027027027,0.2916666666666667,0.3146067415730337,0.6891891891891891,0.8811086797957695
1.5000000000000009,1.0,1.8500000000000012,0.619773893457204,0.2967032967032967,0.28125,0.313953488372093,0.6832579185520362,0.8793604651162791
1.5000000000000009,1.0,1.9000000000000012,0.620561614959374,0.2967032967032967,0.28125,0.313953488372093,0.6848072562358276,0.8801742919389978
1.5000000000000009,1.0,1.9500000000000013,0.6204746615898223,0.2983425414364641,0.28125,0.3176470588235294,0.683371298405467,0.8797101449275362
1.5000000000000009,1.0,2.0000000000000013,0.6166395757599265,0.2937853107344633,0.2708333333333333,0.32098765432098764,0.6773455377574371,0.8787878787878788
1.5000000000000009,1.0,2.0500000000000016,0.6182161796875542,0.2937853107344633,0.2708333333333333,0.32098765432098764,0.6804597701149425,0.8804034582132565
1.5000000000000009,1.0,2.1000000000000014,0.6169914280012329,0.2937853107344633,0.2708333333333333,0.32098765432098764,0.6774193548387096,0.8797696184305256
1.5000000000000009,1.0,2.1500000000000012,0.6186475046408721,0.29714285714285715,0.2708333333333333,0.3291139240506329,0.6774193548387096,0.8813803019410497
1.5000000000000009,1.0,2.2000000000000015,0.6154850051905609,0.28735632183908044,0.2604166666666667,0.32051282051282054,0.6789838337182448,0.8801148600143575
1.5000000000000009,1.0,2.2500000000000018,0.6150766684392143,0.28901734104046245,0.2604166666666667,0.3246753246753247,0.6759259259259259,0.8802867383512545
1.5000000000000009,1.0,2.3000000000000016,0.6150766684392143,0.28901734104046245,0.2604166666666667,0.3246753246753247,0.6759259259259259,0.8802867383512545
1.5000000000000009,1.0,2.3500000000000014,0.6162605704324173,0.29239766081871343,0.2604166666666667,0.3333333333333333,0.6759259259259259,0.8804581245526127
1.5000000000000009,1.0,2.4000000000000017,0.6162605704324173,0.29239766081871343,0.2604166666666667,0.3333333333333333,0.6759259259259259,0.8804581245526127
1.5000000000000009,1.0,2.450000000000002,0.6162605704324173,0.29239766081871343,0.2604166666666667,0.3333333333333333,0.6759259259259259,0.8804581245526127
1.5000000000000009,1.0,2.5000000000000018,0.6078715353300397,0.27218934911242604,0.23958333333333334,0.3150684931506849,0.6728538283062645,0.8785714285714286
1.5000000000000009,1.0,2.5500000000000016,0.6077349544214478,0.27218934911242604,0.23958333333333334,0.3150684931506849,0.6728971962616822,0.8781183178902352
1.5000000000000009,1.0,2.600000000000002,0.6060477771004087,0.27380952380952384,0.23958333333333334,0.3194444444444444,0.6666666666666666,0.8776671408250356
1.550000000000001,1.0,0.5,0.5967786225755923,0.30324909747292417,0.4375,0.23204419889502761,0.6807692307692308,0.8063175394846218
1.550000000000001,1.0,0.55,0.605532249257528,0.3111111111111111,0.4375,0.2413793103448276,0.6873786407766991,0.8181069958847736
1.550000000000001,1.0,0.6000000000000001,0.608223895811758,0.3088803088803089,0.4166666666666667,0.24539877300613497,0.6900584795321637,0.8257328990228013
1.550000000000001,1.0,0.6500000000000001,0.6083606043060823,0.30708661417322836,0.40625,0.2468354430379747,0.6888454011741683,0.8291497975708502
1.550000000000001,1.0,0.7000000000000002,0.6117297977249274,0.3157894736842105,0.40625,0.2582781456953642,0.6837944664031621,0.8356054530874097
1.550000000000001,1.0,0.7500000000000002,0.6168757837947122,0.32231404958677684,0.40625,0.2671232876712329,0.6866267465069861,0.841686555290374
1.550000000000001,1.0,0.8000000000000003,0.6202494352665814,0.325,0.40625,0.2708333333333333,0.6896551724137931,0.846093133385951
1.550000000000001,1.0,0.8500000000000003,0.6121387461076402,0.3050847457627119,0.375,0.2571428571428571,0.6869918699186992,0.8443396226415094
1.550000000000001,1.0,0.9000000000000004,0.6127585139209364,0.2982456140350877,0.3541666666666667,0.25757575757575757,0.689795918367347,0.8502340093603744
1.550000000000001,1.0,0.9500000000000004,0.6114011362364188,0.29333333333333333,0.34375,0.2558139534883721,0.6899383983572895,0.8509316770186336
1.550000000000001,1.0,1.0000000000000004,0.6144122649339548,0.29596412556053814,0.34375,0.25984251968503935,0.6927835051546392,0.8544891640866873
1.550000000000001,1.0,1.0500000000000005,0.6074888614670524,0.273972602739726,0.3125,0.24390243902439024,0.6942148760330579,0.8542791056283732
1.550000000000001,1.0,1.1000000000000005,0.6129918738247688,0.2830188679245283,0.3125,0.25862068965517243,0.697286012526096,0.8586707410236822
1.550000000000001,1.0,1.1500000000000006,0.6148121801032751,0.2857142857142857,0.3125,0.2631578947368421,0.6976744186046512,0.8610478359908884
1.550000000000001,1.0,1.2000000000000006,0.6121923584526724,0.28019323671497587,0.3020833333333333,0.26126126126126126,0.6949152542372882,0.8614685844057532
1.550000000000001,1.0,1.2500000000000007,0.6121923584526724,0.28019323671497587,0.3020833333333333,0.26126126126126126,0.6949152542372882,0.8614685844057532
1.550000000000001,1.0,1.3000000000000007,0.6143700452906988,0.28292682926829266,0.3020833333333333,0.26605504587155965,0.6965811965811965,0.8636021100226073
1.550000000000001,1.0,1.3500000000000008,0.6163186513085094,0.28431372549019607,0.3020833333333333,0.26851851851851855,0.6982758620689655,0.8663663663663663
1.550000000000001,1.0,1.4000000000000008,0.6205074658501901,0.29441624365482233,0.3020833333333333,0.2871287128712871,0.6954643628509719,0.8716417910447761
1.550000000000001,1.0,1.4500000000000008,0.6197501702316572,0.29441624365482233,0.3020833333333333,0.2871287128712871,0.6928104575163399,0.8720238095238095
1.550000000000001,1.0,1.5000000000000009,0.6209293546144576,0.29591836734693877,0.3020833333333333,0.29,0.6929824561403509,0.8738872403560831
1.550000000000001,1.0,1.550000000000001,0.6232961505663988,0.3005181347150259,0.3020833333333333,0.29896907216494845,0.6929824561403509,0.8763878608438194
1.550000000000001,1.0,1.600000000000001,0.6256653253065011,0.3020833333333333,0.3020833333333333,0.3020833333333333,0.6960352422907489,0.8788774002954209
1.550000000000001,1.0,1.650000000000001,0.626100661212816,0.30526315789473685,0.3020833333333333,0.30851063829787234,0.6931567328918322,0.8798820928518791
1.550000000000001,1.0,1.700000000000001,0.6265188895628876,0.30687830687830686,0.3020833333333333,0.3118279569892473,0.6917960088691796,0.8808823529411764
1.550000000000001,1.0,1.750000000000001,0.6261195793947643,0.30687830687830686,0.3020833333333333,0.3118279569892473,0.6904231625835189,0.8810572687224669
1.550000000000001,1.0,1.8000000000000012,0.6264262582851609,0.30851063829787234,0.3020833333333333,0.31521739130434784,0.6891891891891891,0.881578947368421
1.550000000000001,1.0,1.8500000000000012,0.6219286071820239,0.3027027027027027,0.2916666666666667,0.3146067415730337,0.6832579185520362,0.8798252002913328
1.550000000000001,1.0,1.9000000000000012,0.620561614959374,0.2967032967032967,0.28125,0.313953488372093,0.6848072562358276,0.8801742919389978
1.550000000000001,1.0,1.9500000000000013,0.6201408911421283,0.2967032967032967,0.28125,0.313953488372093,0.683371298405467,0.8803480783176215
1.550000000000001,1.0,2.0000000000000013,0.6180417089835918,0.2983425414364641,0.28125,0.3176470588235294,0.6773455377574371,0.8784370477568741
1.550000000000001,1.0,2.0500000000000016,0.6216229228666911,0.30337078651685395,0.28125,0.32926829268292684,0.6804597701149425,0.8810382119682768
1.550000000000001,1.0,2.1000000000000014,0.6169914280012329,0.2937853107344633,0.2708333333333333,0.32098765432098764,0.6774193548387096,0.8797696184305256
1.550000000000001,1.0,2.1500000000000012,0.6169914280012329,0.2937853107344633,0.2708333333333333,0.32098765432098764,0.6774193548387096,0.8797696184305256
1.550000000000001,1.0,2.2000000000000015,0.6189579390992945,0.29714285714285715,0.2708333333333333,0.3291139240506329,0.6789838337182448,0.8807471264367817
1.550000000000001,1.0,2.2500000000000018,0.6142552494941221,0.28735632183908044,0.2604166666666667,0.32051282051282054,0.6759259259259259,0.8794835007173601
1.550000000000001,1.0,2.3000000000000016,0.6150766684392143,0.28901734104046245,0.2604166666666667,0.3246753246753247,0.6759259259259259,0.8802867383512545
1.550000000000001,1.0,2.3500000000000014,0.6150766684392143,0.28901734104046245,0.2604166666666667,0.3246753246753247,0.6759259259259259,0.8802867383512545
1.550000000000001,1.0,2.4000000000000017,0.6154265869343277,0.29069767441860467,0.2604166666666667,0.32894736842105265,0.6759259259259259,0.8796561604584527
1.550000000000001,1.0,2.450000000000002,0.6162605704324173,0.29239766081871343,0.2604166666666667,0.3333333333333333,0.6759259259259259,0.8804581245526127
1.550000000000001,1.0,2.5000000000000018,0.6150266051017451,0.29239766081871343,0.2604166666666667,0.3333333333333333,0.6728538283062645,0.8798283261802575
1.550000000000001,1.0,2.5500000000000016,0.6113315959791464,0.2823529411764706,0.25,0.32432432432432434,0.6728971962616822,0.8787446504992867
1.550000000000001,1.0,2.600000000000002,0.6052414477270759,0.27218934911242604,0.23958333333333334,0.3150684931506849,0.6666666666666666,0.8768683274021353
1.600000000000001,1.0,0.5,0.5959448506257017,0.3049645390070922,0.4479166666666667,0.23118279569892472,0.6795366795366795,0.8033333333333333
1.600000000000001,1.0,0.55,0.6053955808121553,0.31386861313868614,0.4479166666666667,0.24157303370786518,0.6861598440545809,0.8161582852431987
1.600000000000001,1.0,0.6000000000000001,0.6121188172999732,0.3233082706766917,0.4479166666666667,0.2529411764705882,0.6888454011741683,0.8242027800490597
1.600000000000001,1.0,0.6500000000000001,0.6099924494347225,0.3153846153846154,0.4270833333333333,0.25,0.68762278978389,0.8269699431356621
1.600000000000001,1.0,0.7000000000000002,0.6102012077387221,0.31620553359683795,0.4166666666666667,0.25477707006369427,0.6825396825396826,0.831858407079646
1.600000000000001,1.0,0.7500000000000002,0.6168048769885618,0.3252032520325203,0.4166666666666667,0.26666666666666666,0.685370741482966,0.8398406374501992
1.600000000000001,1.0,0.8000000000000003,0.6209302734193277,0.3292181069958848,0.4166666666666667,0.272108843537415,0.6883910386965377,0.8451816745655608
1.600000000000001,1.0,0.8500000000000003,0.6213333968608975,0.33195020746887965,0.4166666666666667,0.27586206896551724,0.6857142857142857,0.8463356973995272
1.600000000000001,1.0,0.9000000000000004,0.6166820982143246,0.3135593220338983,0.3854166666666667,0.2642857142857143,0.6885245901639344,0.8479623824451411
1.600000000000001,1.0,0.9500000000000004,0.6150121647295448,0.3056768558951965,0.3645833333333333,0.2631578947368421,0.688659793814433,0.8506998444790047
1.600000000000001,1.0,1.0000000000000004,0.6145946789412579,0.29955947136563876,0.3541666666666667,0.2595419847328244,0.6915113871635611,0.8527131782945736
1.600000000000001,1.0,1.0500000000000005,0.616847792329303,0.3022222222222222,0.3541666666666667,0.26356589147286824,0.6929460580912863,0.8553750966744006
1.600000000000001,1.0,1.1000000000000005,0.6114399959474461,0.2818181818181818,0.3229166666666667,0.25,0.6960167714884696,0.8564850345356869
1.600000000000001,1.0,1.1500000000000006,0.6151419578986447,0.2897196261682243,0.3229166666666667,0.2627118644067797,0.6963906581740976,0.8593155893536122
1.600000000000001,1.0,1.2000000000000006,0.6154881295476056,0.29245283018867924,0.3229166666666667,0.2672413793103448,0.6936170212765957,0.8603945371775418
1.600000000000001,1.0,1.2500000000000007,0.6140556484650892,0.28708133971291866,0.3125,0.26548672566371684,0.6936170212765957,0.8614685844057532
1.600000000000001,1.0,1.3000000000000007,0.6154952021526119,0.28846153846153844,0.3125,0.26785714285714285,0.6952789699570815,0.8627450980392157
1.600000000000001,1.0,1.3500000000000008,0.6174464733573609,0.2898550724637681,0.3125,0.2702702702702703,0.696969696969697,0.8655146506386175
1.600000000000001,1.0,1.4000000000000008,0.6170405773526021,0.2912621359223301,0.3125,0.2727272727272727,0.6941431670281996,0.8657164291072769
1.600000000000001,1.0,1.4500000000000008,0.6216658101210788,0.3015075376884422,0.3125,0.2912621359223301,0.6914660831509847,0.8720238095238095
1.600000000000001,1.0,1.5000000000000009,0.6220629061932998,0.3015075376884422,0.3125,0.2912621359223301,0.6916299559471366,0.8730512249443207
1.600000000000001,1.0,1.550000000000001,0.6228491664445076,0.30303030303030304,0.3125,0.29411764705882354,0.6916299559471366,0.8738872403560831
1.600000000000001,1.0,1.600000000000001,0.6268104512222794,0.3076923076923077,0.3125,0.30303030303030304,0.6946902654867256,0.8780487804878049
1.600000000000001,1.0,1.650000000000001,0.6264343805574888,0.30927835051546393,0.3125,0.30612244897959184,0.6917960088691796,0.8782287822878229
1.600000000000001,1.0,1.700000000000001,0.6276606764657843,0.3125,0.3125,0.3125,0.6904231625835189,0.8800588668138337
1.600000000000001,1.0,1.750000000000001,0.6280771418989425,0.31413612565445026,0.3125,0.3157894736842105,0.6890380313199105,0.8810572687224669
1.600000000000001,1.0,1.8000000000000012,0.6275599070451738,0.31413612565445026,0.3125,0.3157894736842105,0.6877828054298643,0.880760790051207
1.600000000000001,1.0,1.8500000000000012,0.6259665421017706,0.3157894736842105,0.3125,0.3191489361702128,0.6818181818181818,0.8802919708029197
1.600000000000001,1.0,1.9000000000000012,0.6247240640020859,0.31016042780748665,0.3020833333333333,0.31868131868131866,0.683371298405467,0.8806404657933042
1.600000000000001,1.0,1.9500000000000013,0.6213868194266278,0.3027027027027027,0.2916666666666667,0.3146067415730337,0.6819221967963387,0.8795355587808418
1.600000000000001,1.0,2.0000000000000013,0.6197610101538659,0.30434782608695654,0.2916666666666667,0.3181818181818182,0.6758620689655173,0.8790731354091238
1.600000000000001,1.0,2.0500000000000016,0.6216841887160672,0.30601092896174864,0.2916666666666667,0.3218390804597701,0.6789838337182448,0.880057803468208
1.600000000000001,1.0,2.1000000000000014,0.6224801650834312,0.3111111111111111,0.2916666666666667,0.3333333333333333,0.6759259259259259,0.8804034582132565
1.600000000000001,1.0,2.1500000000000012,0.6191238406700276,0.3016759776536313,0.28125,0.3253012048192771,0.6759259259259259,0.8797696184305256
1.600000000000001,1.0,2.2000000000000015,0.6194356226123587,0.3016759776536313,0.28125,0.3253012048192771,0.6774941995359629,0.879136690647482
1.600000000000001,1.0,2.2500000000000018,0.6198727368094107,0.3050847457627119,0.28125,0.3333333333333333,0.6744186046511628,0.8801148600143575
1.600000000000001,1.0,2.3000000000000016,0.6198727368094107,0.3050847457627119,0.28125,0.3333333333333333,0.6744186046511628,0.8801148600143575
1.600000000000001,1.0,2.3500000000000014,0.6172827333817582,0.29714285714285715,0.2708333333333333,0.3291139240506329,0.6744186046511628,0.8802867383512545
1.600000000000001,1.0,2.4000000000000017,0.6172827333817582,0.29714285714285715,0.2708333333333333,0.3291139240506329,0.6744186046511628,0.8802867383512545
1.600000000000001,1.0,2.450000000000002,0.6172827333817582,0.29714285714285715,0.2708333333333333,0.3291139240506329,0.6744186046511628,0.8802867383512545
1.600000000000001,1.0,2.5000000000000018,0.6172450107303366,0.30057803468208094,0.2708333333333333,0.33766233766233766,0.6713286713286714,0.8798283261802575
1.600000000000001,1.0,2.5500000000000016,0.6171038047533495,0.30057803468208094,0.2708333333333333,0.33766233766233766,0.6713615023474179,0.8793718772305497
1.600000000000001,1.0,2.600000000000002,0.6145968973983192,0.30057803468208094,0.2708333333333333,0.33766233766233766,0.6650943396226415,0.8781183178902352
1.650000000000001,1.0,0.5,0.5967871464284914,0.31141868512110726,0.46875,0.23316062176165803,0.6796116504854369,0.7993311036789298
1.650000000000001,1.0,0.55,0.6083990117166604,0.3237410071942446,0.46875,0.24725274725274726,0.6862745098039216,0.8151815181518152
1.650000000000001,1.0,0.6000000000000001,0.6128205312116001,0.3284671532846715,0.46875,0.25280898876404495,0.6889763779527559,0.8210180623973727
1.650000000000001,1.0,0.6500000000000001,0.6131736238311,0.32575757575757575,0.4479166666666667,0.25595238095238093,0.6877470355731226,0.8260162601626017
1.650000000000001,1.0,0.7000000000000002,0.6119971043092542,0.32432432432432434,0.4375,0.25766871165644173,0.6826347305389222,0.8290322580645161
1.650000000000001,1.0,0.7500000000000002,0.6191584504219771,0.3333333333333333,0.4375,0.2692307692307692,0.6854838709677419,0.8386581469648562
1.650000000000001,1.0,0.8000000000000003,0.624291445509137,0.340080971659919,0.4375,0.2781456953642384,0.6885245901639344,0.8442687747035573
1.650000000000001,1.0,0.8500000000000003,0.6239365460771388,0.34146341463414637,0.4375,0.28,0.6858316221765913,0.8445146014206788
1.650000000000001,1.0,0.9000000000000004,0.6220189483652173,0.3305785123966942,0.4166666666666667,0.273972602739726,0.688659793814433,0.8468185388845247
1.650000000000001,1.0,0.9500000000000004,0.6198348419202961,0.3220338983050847,0.3958333333333333,0.2714285714285714,0.6887966804979253,0.8486739469578783
1.650000000000001,1.0,1.0000000000000004,0.6191411077407033,0.3130434782608696,0.375,0.26865671641791045,0.6916666666666667,0.8527131782945736
1.650000000000001,1.0,1.0500000000000005,0.620670097205887,0.314410480349345,0.375,0.2706766917293233,0.6931106471816284,0.8544891640866873
1.650000000000001,1.0,1.1000000000000005,0.6209533739476609,0.30973451327433627,0.3645833333333333,0.2692307692307692,0.6962025316455697,0.8569230769230769
1.650000000000001,1.0,1.1500000000000006,0.6149637953456389,0.2909090909090909,0.3333333333333333,0.25806451612903225,0.6950959488272921,0.858886346300534
1.650000000000001,1.0,1.2000000000000006,0.6157555341952504,0.2962962962962963,0.3333333333333333,0.26666666666666666,0.6923076923076923,0.8586626139817629
1.650000000000001,1.0,1.2500000000000007,0.6172558833486606,0.29906542056074764,0.3333333333333333,0.2711864406779661,0.6923076923076923,0.8603945371775418
1.650000000000001,1.0,1.3000000000000007,0.6165637240844838,0.2938388625592417,0.3229166666666667,0.26956521739130435,0.6939655172413793,0.8618867924528302
1.650000000000001,1.0,1.3500000000000008,0.6185173077621591,0.29523809523809524,0.3229166666666667,0.2719298245614035,0.6956521739130435,0.8646616541353384
1.650000000000001,1.0,1.4000000000000008,0.6181086800281846,0.2966507177033493,0.3229166666666667,0.2743362831858407,0.6928104575163399,0.8648648648648649
1.650000000000001,1.0,1.4500000000000008,0.6181016627351706,0.2980769230769231,0.3229166666666667,0.2767857142857143,0.6901098901098901,0.8661181750186986
1.650000000000001,1.0,1.5000000000000009,0.6239248077042568,0.30845771144278605,0.3229166666666667,0.29523809523809524,0.6902654867256637,0.8730512249443207
1.650000000000001,1.0,1.550000000000001,0.6239248077042568,0.30845771144278605,0.3229166666666667,0.29523809523809524,0.6902654867256637,0.8730512249443207
1.650000000000001,1.0,1.600000000000001,0.6262962962962964,0.31,0.3229166666666667,0.2980769230769231,0.6933333333333334,0.8755555555555555
1.650000000000001,1.0,1.650000000000001,0.6275147567290783,0.3147208121827411,0.3229166666666667,0.3069306930693069,0.6904231625835189,0.8774002954209749
1.650000000000001,1.0,1.700000000000001,0.6279242718108412,0.3163265306122449,0.3229166666666667,0.31,0.6890380313199105,0.8784082535003684
1.650000000000001,1.0,1.750000000000001,0.6291543998461894,0.31958762886597936,0.3229166666666667,0.3163265306122449,0.6876404494382022,0.8802351212343865
1.650000000000001,1.0,1.8000000000000012,0.6294559832436352,0.32124352331606215,0.3229166666666667,0.31958762886597936,0.6863636363636364,0.880760790051207
1.650000000000001,1.0,1.8500000000000012,0.6270276295943243,0.32124352331606215,0.3229166666666667,0.31958762886597936,0.680365296803653,0.8794740686632578
1.650000000000001,1.0,1.9000000000000012,0.6278192303051068,0.32124352331606215,0.3229166666666667,0.31958762886597936,0.6819221967963387,0.8802919708029197
1.650000000000001,1.0,1.9500000000000013,0.6259012630845662,0.3157894736842105,0.3125,0.3191489361702128,0.6804597701149425,0.8814545454545455
1.650000000000001,1.0,2.0000000000000013,0.620928731148869,0.31016042780748665,0.3020833333333333,0.31868131868131866,0.674364896073903,0.8782608695652174
1.650000000000001,1.0,2.0500000000000016,0.6233387665640794,0.3118279569892473,0.3020833333333333,0.32222222222222224,0.6774941995359629,0.8806941431670282
1.650000000000001,1.0,2.1000000000000014,0.6224515002787188,0.31351351351351353,0.3020833333333333,0.3258426966292135,0.6744186046511628,0.8794223826714801
1.650000000000001,1.0,2.1500000000000012,0.6224515002787188,0.31351351351351353,0.3020833333333333,0.3258426966292135,0.6744186046511628,0.8794223826714801
1.650000000000001,1.0,2.2000000000000015,0.6215065439438426,0.30939226519337015,0.2916666666666667,0.32941176470588235,0.675990675990676,0.879136690647482
1.650000000000001,1.0,2.2500000000000018,0.6202647114507496,0.30939226519337015,0.2916666666666667,0.32941176470588235,0.6728971962616822,0.8785046728971962
1.650000000000001,1.0,2.3000000000000016,0.6202647114507496,0.30939226519337015,0.2916666666666667,0.32941176470588235,0.6728971962616822,0.8785046728971962
1.650000000000001,1.0,2.3500000000000014,0.621953739429071,0.3128491620111732,0.2916666666666667,0.3373493975903614,0.6728971962616822,0.8801148600143575
1.650000000000001,1.0,2.4000000000000017,0.6185838278319654,0.30337078651685395,0.28125,0.32926829268292684,0.6728971962616822,0.8794835007173601
1.650000000000001,1.0,2.450000000000002,0.6194228934585495,0.3050847457627119,0.28125,0.3333333333333333,0.6728971962616822,0.8802867383512545
1.650000000000001,1.0,2.5000000000000018,0.618176711129147,0.3050847457627119,0.28125,0.3333333333333333,0.6697892271662763,0.8796561604584527
1.650000000000001,1.0,2.5500000000000016,0.6184003103814425,0.3068181818181818,0.28125,0.3375,0.6698113207547169,0.8785714285714286
1.650000000000001,1.0,2.600000000000002,0.6167322851554676,0.30857142857142855,0.28125,0.34177215189873417,0.6635071090047393,0.8781183178902352
1.700000000000001,1.0,0.5,0.5970796150484502,0.31399317406143346,0.4791666666666667,0.233502538071066,0.6809338521400778,0.7963118189438391
1.700000000000001,1.0,0.55,0.6087018154848681,0.3262411347517731,0.4791666666666667,0.24731182795698925,0.68762278978389,0.8122415219189413
1.700000000000001,1.0,0.6000000000000001,0.6138480723290863,0.33212996389891697,0.4791666666666667,0.2541436464088398,0.6903353057199211,0.819078947368421
1.700000000000001,1.0,0.6500000000000001,0.6142670534666833,0.3295880149812734,0.4583333333333333,0.2573099415204678,0.689108910891089,0.8241042345276873
1.700000000000001,1.0,0.7000000000000002,0.6162113069179133,0.33587786259541985,0.4583333333333333,0.26506024096385544,0.684,0.8287560581583199
1.700000000000001,1.0,0.7500000000000002,0.6195582939415506,0.3359375,0.4479166666666667,0.26875,0.6868686868686869,0.8358686949559647
1.700000000000001,1.0,0.8000000000000003,0.6254590121734643,0.344,0.4479166666666667,0.2792207792207792,0.6899383983572895,0.8424386381631037
1.700000000000001,1.0,0.8500000000000003,0.6266451791421367,0.3481781376518219,0.4479166666666667,0.2847682119205298,0.6872427983539094,0.8445146014206788
1.700000000000001,1.0,0.9000000000000004,0.6297513716490492,0.3510204081632653,0.4479166666666667,0.28859060402684567,0.6900826446280992,0.8481510621557828
1.700000000000001,1.0,0.9500000000000004,0.6221797958111762,0.3305785123966942,0.4166666666666667,0.273972602739726,0.6902286902286903,0.845732184808144
1.700000000000001,1.0,1.0000000000000004,0.6239251255806825,0.3261802575107296,0.3958333333333333,0.2773722627737226,0.6931106471816284,0.8524844720496895
1.700000000000001,1.0,1.0500000000000005,0.6228362829421332,0.3203463203463203,0.3854166666666667,0.2740740740740741,0.694560669456067,0.8536018590240124
1.700000000000001,1.0,1.1000000000000005,0.6258403809408761,0.3231441048034934,0.3854166666666667,0.2781954887218045,0.6976744186046512,0.8567026194144838
1.700000000000001,1.0,1.1500000000000006,0.6185758909400837,0.3022222222222222,0.3541666666666667,0.26356589147286824,0.6965811965811965,0.8569242540168325
1.700000000000001,1.0,1.2000000000000006,0.6188667431041616,0.30414746543778803,0.34375,0.2727272727272727,0.6937901498929336,0.8586626139817629
1.700000000000001,1.0,1.2500000000000007,0.6196249795180107,0.3055555555555556,0.34375,0.275,0.6937901498929336,0.8595292331055429
1.700000000000001,1.0,1.3000000000000007,0.6210860170204081,0.30697674418604654,0.34375,0.2773109243697479,0.6954643628509719,0.8608169440242057
1.700000000000001,1.0,1.3500000000000008,0.620953974136501,0.3018867924528302,0.3333333333333333,0.27586206896551724,0.6971677559912854,0.8638073739653875
1.700000000000001,1.0,1.4000000000000008,0.6205509002288805,0.3033175355450237,0.3333333333333333,0.2782608695652174,0.6943231441048034,0.8640120210368144
1.700000000000001,1.0,1.4500000000000008,0.6205537739289619,0.3047619047619048,0.3333333333333333,0.2807017543859649,0.6916299559471366,0.8652694610778443
1.700000000000001,1.0,1.5000000000000009,0.6232757372823086,0.30917874396135264,0.3333333333333333,0.2882882882882883,0.6917960088691796,0.8688524590163934
1.700000000000001,1.0,1.550000000000001,0.6272263056606057,0.31683168316831684,0.3333333333333333,0.3018867924528302,0.6917960088691796,0.8730512249443207
1.700000000000001,1.0,1.600000000000001,0.6288104016815407,0.31683168316831684,0.3333333333333333,0.3018867924528302,0.6948775055679287,0.8747220163083765
1.700000000000001,1.0,1.650000000000001,0.6284265739523454,0.31840796019900497,0.3333333333333333,0.3047619047619048,0.6919642857142857,0.8749074759437454
1.700000000000001,1.0,1.700000000000001,0.6304654679391772,0.32323232323232326,0.3333333333333333,0.3137254901960784,0.6905829596412556,0.8775811209439528
1.700000000000001,1.0,1.750000000000001,0.6300609754218002,0.32323232323232326,0.3333333333333333,0.3137254901960784,0.6891891891891891,0.8777614138438881
1.700000000000001,1.0,1.8000000000000012,0.6320245567042994,0.3282051282051282,0.3333333333333333,0.32323232323232326,0.6879271070615034,0.8799414348462665
1.700000000000001,1.0,1.8500000000000012,0.6304310575586971,0.32989690721649484,0.3333333333333333,0.32653061224489793,0.6819221967963387,0.8794740686632578
1.700000000000001,1.0,1.9000000000000012,0.6312250388505082,0.32989690721649484,0.3333333333333333,0.32653061224489793,0.6834862385321101,0.8802919708029197
1.700000000000001,1.0,1.9500000000000013,0.6307970097630957,0.32989690721649484,0.3333333333333333,0.32653061224489793,0.6820276497695853,0.880466472303207
1.700000000000001,1.0,2.0000000000000013,0.6260676859029571,0.3229166666666667,0.3229166666666667,0.3229166666666667,0.6759259259259259,0.8793604651162791
1.700000000000001,1.0,2.0500000000000016,0.6288483257351333,0.3263157894736842,0.3229166666666667,0.32978723404255317,0.6790697674418604,0.881159420289855
1.700000000000001,1.0,2.1000000000000014,0.6256346981440487,0.32085561497326204,0.3125,0.32967032967032966,0.675990675990676,0.880057803468208
1.700000000000001,1.0,2.1500000000000012,0.6256346981440487,0.32085561497326204,0.3125,0.32967032967032966,0.675990675990676,0.880057803468208
1.700000000000001,1.0,2.2000000000000015,0.6263128724690378,0.3225806451612903,0.3125,0.3333333333333333,0.677570093457944,0.8787878787878788
1.700000000000001,1.0,2.2500000000000018,0.6271595370073965,0.32786885245901637,0.3125,0.3448275862068966,0.6744730679156908,0.879136690647482
1.700000000000001,1.0,2.3000000000000016,0.6238863531647353,0.31868131868131866,0.3020833333333333,0.3372093023255814,0.6744730679156908,0.8785046728971962
1.700000000000001,1.0,2.3500000000000014,0.6238863531647353,0.31868131868131866,0.3020833333333333,0.3372093023255814,0.6744730679156908,0.8785046728971962
1.700000000000001,1.0,2.4000000000000017,0.6256033833840902,0.32222222222222224,0.3020833333333333,0.34523809523809523,0.6744730679156908,0.8801148600143575
1.700000000000001,1.0,2.450000000000002,0.622268576881408,0.3128491620111732,0.2916666666666667,0.3373493975903614,0.6744730679156908,0.8794835007173601
1.700000000000001,1.0,2.5000000000000018,0.6218748014596348,0.3146067415730337,0.2916666666666667,0.34146341463414637,0.6713615023474179,0.8796561604584527
1.700000000000001,1.0,2.5500000000000016,0.6217336562634602,0.3146067415730337,0.2916666666666667,0.34146341463414637,0.6713947990543735,0.8791994281629736
1.700000000000001,1.0,2.600000000000002,0.6192114008155855,0.3146067415730337,0.2916666666666667,0.34146341463414637,0.665083135391924,0.8779443254817987
1.750000000000001,1.0,0.5,0.5945360968648337,0.31333333333333335,0.4895833333333333,0.23039215686274508,0.6783625730994152,0.7919123841617524
1.750000000000001,1.0,0.55,0.6053348635320664,0.32167832167832167,0.4791666666666667,0.24210526315789474,0.6850393700787402,0.8092868988391376
1.750000000000001,1.0,0.6000000000000001,0.6118677118001828,0.32974910394265233,0.4791666666666667,0.25136612021857924,0.6877470355731226,0.8181069958847736
1.750000000000001,1.0,0.6500000000000001,0.6168270424200841,0.33948339483394835,0.4791666666666667,0.26285714285714284,0.6865079365079365,0.8244897959183674
1.750000000000001,1.0,0.7000000000000002,0.6127002414313879,0.3308270676691729,0.4583333333333333,0.25882352941176473,0.6813627254509018,0.8259109311740891
1.750000000000001,1.0,0.7500000000000002,0.6160151892263069,0.33076923076923076,0.4479166666666667,0.2621951219512195,0.6842105263157895,0.8330658105939005
1.750000000000001,1.0,0.8000000000000003,0.6238729400964537,0.3412698412698413,0.4479166666666667,0.27564102564102566,0.6872427983539094,0.8431061806656102
1.750000000000001,1.0,0.8500000000000003,0.6245065014377472,0.3453815261044177,0.4479166666666667,0.28104575163398693,0.6845360824742268,0.8436018957345972
1.750000000000001,1.0,0.9000000000000004,0.6268268304539978,0.3467741935483871,0.4479166666666667,0.28289473684210525,0.6873706004140787,0.8463356973995272
1.750000000000001,1.0,0.9500000000000004,0.6258053221288516,0.34285714285714286,0.4375,0.28187919463087246,0.6875,0.8470588235294118
1.750000000000001,1.0,1.0000000000000004,0.6228583170647526,0.3277310924369748,0.40625,0.2746478873239437,0.6903765690376569,0.8504672897196262
1.750000000000001,1.0,1.0500000000000005,0.6233283110780659,0.3247863247863248,0.3958333333333333,0.2753623188405797,0.6918238993710691,0.8533747090768037
1.750000000000001,1.0,1.1000000000000005,0.6236942334194141,0.3203463203463203,0.3854166666666667,0.2740740740740741,0.6949152542372882,0.8558211256746338
1.750000000000001,1.0,1.1500000000000006,0.6245164114267112,0.3217391304347826,0.3854166666666667,0.27611940298507465,0.6937901498929336,0.8580199539524175
1.750000000000001,1.0,1.2000000000000006,0.6167840679428661,0.3022222222222222,0.3541666666666667,0.26356589147286824,0.6909871244635193,0.8571428571428571
1.750000000000001,1.0,1.2500000000000007,0.6174673440077546,0.30275229357798167,0.34375,0.27049180327868855,0.6909871244635193,0.8586626139817629
1.750000000000001,1.0,1.3000000000000007,0.6196710640734846,0.3055555555555556,0.34375,0.275,0.6926406926406926,0.8608169440242057
1.750000000000001,1.0,1.3500000000000008,0.619533333879422,0.3004694835680751,0.3333333333333333,0.27350427350427353,0.6943231441048034,0.8638073739653875
1.750000000000001,1.0,1.4000000000000008,0.6183644871519673,0.3004694835680751,0.3333333333333333,0.27350427350427353,0.6914660831509847,0.8631578947368421
1.750000000000001,1.0,1.4500000000000008,0.6191095728257242,0.3033175355450237,0.3333333333333333,0.2782608695652174,0.6887417218543046,0.8652694610778443
1.750000000000001,1.0,1.5000000000000009,0.6195081907684862,0.3033175355450237,0.3333333333333333,0.2782608695652174,0.6888888888888889,0.8663181478715459
1.750000000000001,1.0,1.550000000000001,0.6225874487262036,0.30917874396135264,0.3333333333333333,0.2882882882882883,0.6888888888888889,0.8696947133283693
1.750000000000001,1.0,1.600000000000001,0.6273190793277511,0.31527093596059114,0.3333333333333333,0.29906542056074764,0.6919642857142857,0.8747220163083765
1.750000000000001,1.0,1.650000000000001,0.6261276804515252,0.31527093596059114,0.3333333333333333,0.29906542056074764,0.6890380313199105,0.8740740740740741
1.750000000000001,1.0,1.700000000000001,0.6265215066313429,0.31683168316831684,0.3333333333333333,0.3018867924528302,0.6876404494382022,0.8750923872875093
1.750000000000001,1.0,1.750000000000001,0.628533234117297,0.32160804020100503,0.3333333333333333,0.3106796116504854,0.6862302483069977,0.8777614138438881
1.750000000000001,1.0,1.8000000000000012,0.6280052341965239,0.32160804020100503,0.3333333333333333,0.3106796116504854,0.684931506849315,0.8774761555392516
1.750000000000001,1.0,1.8500000000000012,0.6280282218579797,0.32653061224489793,0.3333333333333333,0.32,0.6788990825688074,0.8786549707602339
1.750000000000001,1.0,1.9000000000000012,0.6296522897076634,0.3282051282051282,0.3333333333333333,0.32323232323232326,0.6804597701149425,0.8802919708029197
1.750000000000001,1.0,1.9500000000000013,0.6292184780755267,0.3282051282051282,0.3333333333333333,0.32323232323232326,0.6789838337182448,0.880466472303207
1.750000000000001,1.0,2.0000000000000013,0.6267479394096686,0.3282051282051282,0.3333333333333333,0.32323232323232326,0.6728538283062645,0.8791848617176128
1.750000000000001,1.0,2.0500000000000016,0.6260737122991498,0.32124352331606215,0.3229166666666667,0.31958762886597936,0.675990675990676,0.8809869375907112
1.750000000000001,1.0,2.1000000000000014,0.6260086291456607,0.32460732984293195,0.3229166666666667,0.3263157894736842,0.6728971962616822,0.8805213613323678
1.750000000000001,1.0,2.1500000000000012,0.6240346453000344,0.3191489361702128,0.3125,0.32608695652173914,0.6728971962616822,0.880057803468208
1.750000000000001,1.0,2.2000000000000015,0.6243481289191278,0.3191489361702128,0.3125,0.32608695652173914,0.6744730679156908,0.8794223826714801
1.750000000000001,1.0,2.2500000000000018,0.6234571357182848,0.32085561497326204,0.3125,0.32967032967032966,0.6713615023474179,0.8781542898341744
1.750000000000001,1.0,2.3000000000000016,0.625528383172213,0.32608695652173914,0.3125,0.3409090909090909,0.6713615023474179,0.879136690647482
1.750000000000001,1.0,2.3500000000000014,0.6222686886516655,0.31693989071038253,0.3020833333333333,0.3333333333333333,0.6713615023474179,0.8785046728971962
1.750000000000001,1.0,2.4000000000000017,0.6222686886516655,0.31693989071038253,0.3020833333333333,0.3333333333333333,0.6713615023474179,0.8785046728971962
1.750000000000001,1.0,2.450000000000002,0.6222686886516655,0.31693989071038253,0.3020833333333333,0.3333333333333333,0.6713615023474179,0.8785046728971962
1.750000000000001,1.0,2.5000000000000018,0.6227202612617612,0.32044198895027626,0.3020833333333333,0.3411764705882353,0.668235294117647,0.8794835007173601
1.750000000000001,1.0,2.5500000000000016,0.6192517558748261,0.3111111111111111,0.2916666666666667,0.3333333333333333,0.6682464454976303,0.8783977110157367
1.750000000000001,1.0,2.600000000000002,0.6175660831325779,0.3128491620111732,0.2916666666666667,0.3373493975903614,0.6619047619047619,0.8779443254817987
1.8000000000000012,1.0,0.5,0.5892483140759731,0.30618892508143325,0.4895833333333333,0.22274881516587677,0.67578125,0.785774767146486
1.8000000000000012,1.0,0.55,0.6006146592494991,0.3150684931506849,0.4791666666666667,0.23469387755102042,0.6824457593688363,0.8043297252289758
1.8000000000000012,1.0,0.6000000000000001,0.609894697748633,0.3274021352313167,0.4791666666666667,0.24864864864864866,0.6851485148514852,0.8171334431630972
1.8000000000000012,1.0,0.6500000000000001,0.612446019862361,0.33212996389891697,0.4791666666666667,0.2541436464088398,0.68389662027833,0.8213114754098361
1.8000000000000012,1.0,0.7000000000000002,0.6114046018643712,0.3295880149812734,0.4583333333333333,0.2573099415204678,0.678714859437751,0.8259109311740891
1.8000000000000012,1.0,0.7500000000000002,0.6139714570051622,0.3282442748091603,0.4479166666666667,0.25903614457831325,0.6815415821501014,0.8321285140562249
1.8000000000000012,1.0,0.8000000000000003,0.619531365208618,0.3346303501945525,0.4479166666666667,0.2670807453416149,0.6845360824742268,0.8394276629570747
1.8000000000000012,1.0,0.8500000000000003,0.6216200583289191,0.3412698412698413,0.4479166666666667,0.27564102564102566,0.6818181818181818,0.8417721518987342
1.8000000000000012,1.0,0.9000000000000004,0.6254548421361698,0.3453815261044177,0.4479166666666667,0.28104575163398693,0.6846473029045643,0.8463356973995272
1.8000000000000012,1.0,0.9500000000000004,0.6268872530036923,0.3481781376518219,0.4479166666666667,0.2847682119205298,0.6847599164926931,0.847723704866562
1.8000000000000012,1.0,1.0000000000000004,0.6210123393673506,0.32786885245901637,0.4166666666666667,0.2702702702702703,0.6876310272536688,0.8475371383893667
1.8000000000000012,1.0,1.0500000000000005,0.6211980002022917,0.3220338983050847,0.3958333333333333,0.2714285714285714,0.6890756302521008,0.8524844720496895
1.8000000000000012,1.0,1.1000000000000005,0.6215597372671932,0.31759656652360513,0.3854166666666667,0.27007299270072993,0.692144373673036,0.8549382716049383
1.8000000000000012,1.0,1.1500000000000006,0.6223651662825853,0.31896551724137934,0.3854166666666667,0.27205882352941174,0.6909871244635193,0.8571428571428571
1.8000000000000012,1.0,1.2000000000000006,0.6200543071741418,0.314410480349345,0.375,0.2706766917293233,0.6881720430107527,0.8575803981623277
1.8000000000000012,1.0,1.2500000000000007,0.6133918978137256,0.29464285714285715,0.34375,0.2578125,0.6881720430107527,0.8573607932875668
1.8000000000000012,1.0,1.3000000000000007,0.6167551814462936,0.3013698630136986,0.34375,0.2682926829268293,0.6898047722342733,0.8590909090909091
1.8000000000000012,1.0,1.3500000000000008,0.6194528822093295,0.30414746543778803,0.34375,0.2727272727272727,0.6914660831509847,0.8627450980392157
1.8000000000000012,1.0,1.4000000000000008,0.6169399355085533,0.29906542056074764,0.3333333333333333,0.2711864406779661,0.6885964912280702,0.8631578947368421
1.8000000000000012,1.0,1.4500000000000008,0.6161581148058012,0.29906542056074764,0.3333333333333333,0.2711864406779661,0.6858407079646017,0.863568215892054
1.8000000000000012,1.0,1.5000000000000009,0.6180579199744951,0.3018867924528302,0.3333333333333333,0.27586206896551724,0.6859688195991092,0.8663181478715459
1.8000000000000012,1.0,1.550000000000001,0.6180579199744951,0.3018867924528302,0.3333333333333333,0.27586206896551724,0.6859688195991092,0.8663181478715459
1.8000000000000012,1.0,1.600000000000001,0.622701934565411,0.3076923076923077,0.3333333333333333,0.2857142857142857,0.6890380313199105,0.8713754646840148
1.8000000000000012,1.0,1.650000000000001,0.6246327396595576,0.3137254901960784,0.3333333333333333,0.2962962962962963,0.6860986547085202,0.8740740740740741
1.8000000000000012,1.0,1.700000000000001,0.6242235099701162,0.3137254901960784,0.3333333333333333,0.2962962962962963,0.6846846846846847,0.8742603550295858
1.8000000000000012,1.0,1.750000000000001,0.624601869093385,0.31527093596059114,0.3333333333333333,0.29906542056074764,0.6832579185520362,0.8752767527675277
1.8000000000000012,1.0,1.8000000000000012,0.6264661174451968,0.32,0.3333333333333333,0.3076923076923077,0.6819221967963387,0.8774761555392516
1.8000000000000012,1.0,1.8500000000000012,0.6240175150519979,0.32,0.3333333333333333,0.3076923076923077,0.6758620689655173,0.8761904761904762
1.8000000000000012,1.0,1.9000000000000012,0.627255506649556,0.3248730964467005,0.3333333333333333,0.31683168316831684,0.6774193548387096,0.8794740686632578
1.8000000000000012,1.0,1.9500000000000013,0.6276410034913437,0.32653061224489793,0.3333333333333333,0.32,0.6759259259259259,0.880466472303207
1.8000000000000012,1.0,2.0000000000000013,0.625160971940992,0.32653061224489793,0.3333333333333333,0.32,0.6697674418604651,0.8791848617176128
1.8000000000000012,1.0,2.0500000000000016,0.6267472539983174,0.32653061224489793,0.3333333333333333,0.32,0.6728971962616822,0.8808139534883721
1.8000000000000012,1.0,2.1000000000000014,0.6263270976540386,0.3282051282051282,0.3333333333333333,0.32323232323232326,0.6697892271662763,0.8809869375907112
1.8000000000000012,1.0,2.1500000000000012,0.6244090850551035,0.3229166666666667,0.3229166666666667,0.3229166666666667,0.6697892271662763,0.8805213613323678
1.8000000000000012,1.0,2.2000000000000015,0.6227480674930718,0.31746031746031744,0.3125,0.3225806451612903,0.6713615023474179,0.8794223826714801
1.8000000000000012,1.0,2.2500000000000018,0.6214944967886145,0.31746031746031744,0.3125,0.3225806451612903,0.668235294117647,0.8787878787878788
1.8000000000000012,1.0,2.3000000000000016,0.6218461733740114,0.3191489361702128,0.3125,0.32608695652173914,0.668235294117647,0.8781542898341744
1.8000000000000012,1.0,2.3500000000000014,0.6218461733740114,0.3191489361702128,0.3125,0.32608695652173914,0.668235294117647,0.8781542898341744
1.8000000000000012,1.0,2.4000000000000017,0.6206524527730637,0.31521739130434784,0.3020833333333333,0.32954545454545453,0.668235294117647,0.8785046728971962
1.8000000000000012,1.0,2.450000000000002,0.6206524527730637,0.31521739130434784,0.3020833333333333,0.32954545454545453,0.668235294117647,0.8785046728971962
1.8000000000000012,1.0,2.5000000000000018,0.61939509804846,0.31521739130434784,0.3020833333333333,0.32954545454545453,0.6650943396226415,0.8778735632183908
1.8000000000000012,1.0,2.5500000000000016,0.6209303131329802,0.31868131868131866,0.3020833333333333,0.3372093023255814,0.665083135391924,0.8790264853256979
1.8000000000000012,1.0,2.600000000000002,0.6150821131733327,0.30939226519337015,0.2916666666666667,0.32941176470588235,0.6587112171837709,0.8771428571428571
1.8500000000000012,1.0,0.5,0.5903905213432951,0.3076923076923077,0.5,0.2222222222222222,0.6797642436149313,0.7837150127226463
1.8500000000000012,1.0,0.55,0.6016837872728508,0.31756756756756754,0.4895833333333333,0.235,0.6851485148514852,0.8023352793994996
1.8500000000000012,1.0,0.6000000000000001,0.6102490766644572,0.32867132867132864,0.4895833333333333,0.24736842105263157,0.6878727634194831,0.8142031379025598
1.8500000000000012,1.0,0.6500000000000001,0.6135074485777668,0.33451957295373663,0.4895833333333333,0.25405405405405407,0.6866267465069861,0.819376026272578
1.8500000000000012,1.0,0.7000000000000002,0.6147874105653991,0.3382352941176471,0.4791666666666667,0.26136363636363635,0.6814516129032258,0.8246753246753247
1.8500000000000012,1.0,0.7500000000000002,0.6167048134700474,0.3358208955223881,0.46875,0.2616279069767442,0.6843177189409368,0.8299758259468171
1.8500000000000012,1.0,0.8000000000000003,0.6199672831545606,0.33587786259541985,0.4583333333333333,0.26506024096385544,0.6873706004140787,0.8366533864541833
1.8500000000000012,1.0,0.8500000000000003,0.624061326761118,0.34509803921568627,0.4583333333333333,0.27672955974842767,0.6846473029045643,0.8424386381631037
1.8500000000000012,1.0,0.9000000000000004,0.627377405571412,0.3492063492063492,0.4583333333333333,0.28205128205128205,0.6875,0.8454258675078864
1.8500000000000012,1.0,0.9500000000000004,0.6280468621669856,0.350597609561753,0.4583333333333333,0.2838709677419355,0.6876310272536688,0.8459119496855346
1.8500000000000012,1.0,1.0000000000000004,0.6287216785237401,0.3467741935483871,0.4479166666666667,0.28289473684210525,0.6905263157894737,0.8488645262333594
1.8500000000000012,1.0,1.0500000000000005,0.6243429748263966,0.3305785123966942,0.4166666666666667,0.273972602739726,0.6919831223628692,0.8504672897196262
1.8500000000000012,1.0,1.1000000000000005,0.6263079792643057,0.3291139240506329,0.40625,0.2765957446808511,0.6950959488272921,0.8547140649149922
1.8500000000000012,1.0,1.1500000000000006,0.6245447281837683,0.32340425531914896,0.3958333333333333,0.2733812949640288,0.6939655172413793,0.8562644119907763
1.8500000000000012,1.0,1.2000000000000006,0.6248956430414133,0.3261802575107296,0.3958333333333333,0.2773722627737226,0.6911447084233261,0.8573619631901841
1.8500000000000012,1.0,1.2500000000000007,0.6176968924894566,0.3056768558951965,0.3645833333333333,0.2631578947368421,0.6911447084233261,0.8562691131498471
1.8500000000000012,1.0,1.3000000000000007,0.6186370397311037,0.30357142857142855,0.3541666666666667,0.265625,0.6928104575163399,0.8595292331055429
1.8500000000000012,1.0,1.3500000000000008,0.6210749975100428,0.3076923076923077,0.3541666666666667,0.272,0.6945054945054945,0.8610271903323263
1.8500000000000012,1.0,1.4000000000000008,0.6214090633564973,0.3105022831050228,0.3541666666666667,0.2764227642276423,0.6916299559471366,0.8620949510173324
1.8500000000000012,1.0,1.4500000000000008,0.6193375534454995,0.3055555555555556,0.34375,0.275,0.6888888888888889,0.863568215892054
1.8500000000000012,1.0,1.5000000000000009,0.6204952091746314,0.30697674418604654,0.34375,0.2773109243697479,0.6890380313199105,0.8654708520179372
1.8500000000000012,1.0,1.550000000000001,0.6212557980482424,0.308411214953271,0.34375,0.2796610169491525,0.6890380313199105,0.8663181478715459
1.8500000000000012,1.0,1.600000000000001,0.6228516649866022,0.308411214953271,0.34375,0.2796610169491525,0.6921348314606741,0.8680089485458613
1.8500000000000012,1.0,1.650000000000001,0.6263001474425808,0.3173076923076923,0.34375,0.29464285714285715,0.6891891891891891,0.8724035608308606
1.8500000000000012,1.0,1.700000000000001,0.6274771699913377,0.32038834951456313,0.34375,0.3,0.6877828054298643,0.8742603550295858
1.8500000000000012,1.0,1.750000000000001,0.627066023850094,0.32038834951456313,0.34375,0.3,0.6863636363636364,0.8744460856720827
1.8500000000000012,1.0,1.8000000000000012,0.6273362302588543,0.32195121951219513,0.34375,0.30275229357798167,0.6850574712643678,0.875
1.8500000000000012,1.0,1.8500000000000012,0.6273023277253492,0.32673267326732675,0.34375,0.3113207547169811,0.6789838337182448,0.8761904761904762
1.8500000000000012,1.0,1.9000000000000012,0.6281004686608241,0.32673267326732675,0.34375,0.3113207547169811,0.6805555555555556,0.87701317715959
1.8500000000000012,1.0,1.9500000000000013,0.6301259831633188,0.3316582914572864,0.34375,0.32038834951456313,0.6790697674418604,0.8796498905908097
1.8500000000000012,1.0,2.0000000000000013,0.6284717971042094,0.3333333333333333,0.34375,0.3235294117647059,0.6728971962616822,0.8791848617176128
1.8500000000000012,1.0,2.0500000000000016,0.6300678749499581,0.3333333333333333,0.34375,0.3235294117647059,0.676056338028169,0.8808139534883721
1.8500000000000012,1.0,2.1000000000000014,0.6288162672476397,0.3333333333333333,0.34375,0.3235294117647059,0.6729411764705883,0.8801742919389978
1.8500000000000012,1.0,2.1500000000000012,0.6296511649239864,0.3350253807106599,0.34375,0.32673267326732675,0.6729411764705883,0.8809869375907112
1.8500000000000012,1.0,2.2000000000000015,0.6281031449543519,0.32989690721649484,0.3333333333333333,0.32653061224489793,0.6745283018867925,0.8798842257597684
1.8500000000000012,1.0,2.2500000000000018,0.6240966016904069,0.3229166666666667,0.3229166666666667,0.3229166666666667,0.6713947990543735,0.8779783393501805
1.8500000000000012,1.0,2.3000000000000016,0.624930002561728,0.32460732984293195,0.3229166666666667,0.3263157894736842,0.6713947990543735,0.8787878787878788
1.8500000000000012,1.0,2.3500000000000014,0.6252882927874107,0.3263157894736842,0.3229166666666667,0.32978723404255317,0.6713947990543735,0.8781542898341744
1.8500000000000012,1.0,2.4000000000000017,0.6252882927874107,0.3263157894736842,0.3229166666666667,0.32978723404255317,0.6713947990543735,0.8781542898341744
1.8500000000000012,1.0,2.450000000000002,0.6273607639469644,0.3315508021390374,0.3229166666666667,0.34065934065934067,0.6713947990543735,0.879136690647482
1.8500000000000012,1.0,2.5000000000000018,0.6229002179591038,0.3225806451612903,0.3125,0.3333333333333333,0.6682464454976303,0.8778735632183908
1.8500000000000012,1.0,2.5500000000000016,0.6227525855210819,0.3225806451612903,0.3125,0.3333333333333333,0.6682577565632458,0.8774193548387097
1.8500000000000012,1.0,2.600000000000002,0.6219090985719055,0.32608695652173914,0.3125,0.3409090909090909,0.6618705035971223,0.8777698355968548
1.9000000000000012,1.0,0.5,0.5917680319012935,0.30959752321981426,0.5208333333333334,0.22026431718061673,0.6865079365079365,0.7791986359761296
1.9000000000000012,1.0,0.55,0.6030688353069342,0.31921824104234525,0.5104166666666666,0.23222748815165878,0.692,0.7979882648784576
1.9000000000000012,1.0,0.6000000000000001,0.6115552298597814,0.32764505119453924,0.5,0.2436548223350254,0.6947791164658634,0.8122415219189413
1.9000000000000012,1.0,0.6500000000000001,0.6154830256010947,0.3344947735191638,0.5,0.2513089005235602,0.6935483870967742,0.8184059161873459
1.9000000000000012,1.0,0.7000000000000002,0.6182272891590652,0.34285714285714286,0.5,0.2608695652173913,0.6883910386965377,0.8234336859235151
1.9000000000000012,1.0,0.7500000000000002,0.6186556644727143,0.336996336996337,0.4791666666666667,0.2598870056497175,0.6899383983572895,0.8290322580645161
1.9000000000000012,1.0,0.8000000000000003,0.6212426770439299,0.3358208955223881,0.46875,0.2616279069767442,0.6931106471816284,0.8347964884277733
1.9000000000000012,1.0,0.8500000000000003,0.6245235197006253,0.3435114503816794,0.46875,0.2710843373493976,0.6903765690376569,0.8396825396825397
1.9000000000000012,1.0,0.9000000000000004,0.6285721386537642,0.3488372093023256,0.46875,0.2777777777777778,0.6932773109243697,0.8436018957345972
1.9000000000000012,1.0,0.9500000000000004,0.630766404983683,0.35294117647058826,0.46875,0.2830188679245283,0.693446088794926,0.8459119496855346
1.9000000000000012,1.0,1.0000000000000004,0.6338838880116012,0.3557312252964427,0.46875,0.28662420382165604,0.6963906581740976,0.8495297805642633
1.9000000000000012,1.0,1.0500000000000005,0.6274366134751773,0.336,0.4375,0.2727272727272727,0.6978723404255319,0.8484375
1.9000000000000012,1.0,1.1000000000000005,0.6277448507612258,0.3292181069958848,0.4166666666666667,0.272108843537415,0.7010752688172043,0.8529411764705882
1.9000000000000012,1.0,1.1500000000000006,0.6275414148755866,0.3263598326359833,0.40625,0.2727272727272727,0.7,0.8562644119907763
1.9000000000000012,1.0,1.2000000000000006,0.6271279609879824,0.3277310924369748,0.40625,0.2746478873239437,0.6971677559912854,0.8564850345356869
1.9000000000000012,1.0,1.2500000000000007,0.6278812144107008,0.3291139240506329,0.40625,0.2765957446808511,0.6971677559912854,0.8573619631901841
1.9000000000000012,1.0,1.3000000000000007,0.6222746639953878,0.3103448275862069,0.375,0.2647058823529412,0.6989010989010989,0.8575780654988576
1.9000000000000012,1.0,1.3500000000000008,0.6234641480322053,0.3111111111111111,0.3645833333333333,0.2713178294573643,0.6991150442477876,0.8601662887377173
1.9000000000000012,1.0,1.4000000000000008,0.623789582124792,0.31390134529147984,0.3645833333333333,0.2755905511811024,0.6962305986696231,0.861236802413273
1.9000000000000012,1.0,1.4500000000000008,0.623779003666962,0.3153153153153153,0.3645833333333333,0.2777777777777778,0.6935123042505593,0.8625093914350113
1.9000000000000012,1.0,1.5000000000000009,0.622939421834925,0.3105022831050228,0.3541666666666667,0.2764227642276423,0.6936936936936937,0.8646222887060584
1.9000000000000012,1.0,1.550000000000001,0.623697050405406,0.3119266055045872,0.3541666666666667,0.2786885245901639,0.6936936936936937,0.8654708520179372
1.9000000000000012,1.0,1.600000000000001,0.6260685276769736,0.31336405529953915,0.3541666666666667,0.2809917355371901,0.6968325791855203,0.8680089485458613
1.9000000000000012,1.0,1.650000000000001,0.6248679174568726,0.31336405529953915,0.3541666666666667,0.2809917355371901,0.6938775510204082,0.8673621460506706
1.9000000000000012,1.0,1.700000000000001,0.6299065101902449,0.3238095238095238,0.3541666666666667,0.2982456140350877,0.6924829157175398,0.8734270910436713
1.9000000000000012,1.0,1.750000000000001,0.630293484073622,0.3253588516746411,0.3541666666666667,0.3008849557522124,0.6910755148741419,0.8744460856720827
1.9000000000000012,1.0,1.8000000000000012,0.6289745707917456,0.3253588516746411,0.3541666666666667,0.3008849557522124,0.6882217090069284,0.8733431516936672
1.9000000000000012,1.0,1.8500000000000012,0.628117370347015,0.3285024154589372,0.3541666666666667,0.3063063063063063,0.6821345707656613,0.8737151248164464
1.9000000000000012,1.0,1.9000000000000012,0.6313558135751606,0.3333333333333333,0.3541666666666667,0.3148148148148148,0.6837209302325581,0.87701317715959
1.9000000000000012,1.0,1.9500000000000013,0.6301192102216242,0.3333333333333333,0.3541666666666667,0.3148148148148148,0.6806526806526807,0.8763716166788588
1.9000000000000012,1.0,2.0000000000000013,0.6309472013227103,0.34,0.3541666666666667,0.3269230769230769,0.6744730679156908,0.8783685360524399
1.9000000000000012,1.0,2.0500000000000016,0.6333898516751565,0.3417085427135678,0.3541666666666667,0.3300970873786408,0.6776470588235294,0.8808139534883721
1.9000000000000012,1.0,2.1000000000000014,0.6321370455131193,0.3417085427135678,0.3541666666666667,0.3300970873786408,0.6745283018867925,0.8801742919389978
1.9000000000000012,1.0,2.1500000000000012,0.6321370455131193,0.3417085427135678,0.3541666666666667,0.3300970873786408,0.6745283018867925,0.8801742919389978
1.9000000000000012,1.0,2.2000000000000015,0.633301784398015,0.3434343434343434,0.3541666666666667,0.3333333333333333,0.6761229314420804,0.8803480783176215
1.9000000000000012,1.0,2.2500000000000018,0.6302317773403708,0.3384615384615385,0.34375,0.3333333333333333,0.6729857819905213,0.8792480115690527
1.9000000000000012,1.0,2.3000000000000016,0.6275234463190941,0.3316062176165803,0.3333333333333333,0.32989690721649484,0.6729857819905213,0.8779783393501805
1.9000000000000012,1.0,2.3500000000000014,0.6283689980372444,0.3333333333333333,0.3333333333333333,0.3333333333333333,0.6729857819905213,0.8787878787878788
1.9000000000000012,1.0,2.4000000000000017,0.6283689980372444,0.3333333333333333,0.3333333333333333,0.3333333333333333,0.6729857819905213,0.8787878787878788
1.9000000000000012,1.0,2.450000000000002,0.6287395352853697,0.33507853403141363,0.3333333333333333,0.3368421052631579,0.6729857819905213,0.8781542898341744
1.9000000000000012,1.0,2.5000000000000018,0.6295879780094139,0.3404255319148936,0.3333333333333333,0.34782608695652173,0.669833729216152,0.8785046728971962
1.9000000000000012,1.0,2.5500000000000016,0.6262755387692969,0.3315508021390374,0.3229166666666667,0.34065934065934067,0.6698564593301436,0.8774193548387097
1.9000000000000012,1.0,2.600000000000002,0.6237251824908148,0.3315508021390374,0.3229166666666667,0.34065934065934067,0.6634615384615384,0.8761632068718683
1.9500000000000013,1.0,0.5,0.5899153081858896,0.3076923076923077,0.5208333333333334,0.2183406113537118,0.68389662027833,0.7781569965870307
1.9500000000000013,1.0,0.55,0.5964595858383434,0.310126582278481,0.5104166666666666,0.22272727272727272,0.6893787575150301,0.789873417721519
1.9500000000000013,1.0,0.6000000000000001,0.6061568189965506,0.32,0.5,0.23529411764705882,0.6921529175050302,0.8063175394846218
1.9500000000000013,1.0,0.6500000000000001,0.6135077440770847,0.33217993079584773,0.5,0.24870466321243523,0.6909090909090909,0.8174342105263158
1.9500000000000013,1.0,0.7000000000000002,0.614593626924454,0.3368421052631579,0.5,0.25396825396825395,0.6857142857142857,0.8212244897959183
1.9500000000000013,1.0,0.7500000000000002,0.6159055603200879,0.3333333333333333,0.4791666666666667,0.25555555555555554,0.6872427983539094,0.827140549273021
1.9500000000000013,1.0,0.8000000000000003,0.6207372877184346,0.3382352941176471,0.4791666666666667,0.26136363636363635,0.6903765690376569,0.8336
1.9500000000000013,1.0,0.8500000000000003,0.6209633925053198,0.3383458646616541,0.46875,0.2647058823529412,0.6876310272536688,0.8369132856006364
1.9500000000000013,1.0,0.9000000000000004,0.6269829788822924,0.34615384615384615,0.46875,0.27439024390243905,0.6905263157894737,0.8442687747035573
1.9500000000000013,1.0,0.9500000000000004,0.6286254841803949,0.35019455252918286,0.46875,0.2795031055900621,0.690677966101695,0.8450039339103068
1.9500000000000013,1.0,1.0000000000000004,0.6309677420477192,0.3515625,0.46875,0.28125,0.6936170212765957,0.847723704866562
1.9500000000000013,1.0,1.0500000000000005,0.6332857848115588,0.3543307086614173,0.46875,0.2848101265822785,0.6950959488272921,0.8504306969459671
1.9500000000000013,1.0,1.1000000000000005,0.6266175667926405,0.33064516129032256,0.4270833333333333,0.26973684210526316,0.6982758620689655,0.8509316770186336
1.9500000000000013,1.0,1.1500000000000006,0.62792979282422,0.3305785123966942,0.4166666666666667,0.273972602739726,0.6971677559912854,0.8560431100846805
1.9500000000000013,1.0,1.2000000000000006,0.6249766343124562,0.325,0.40625,0.2708333333333333,0.6943231441048034,0.8556067588325653
1.9500000000000013,1.0,1.2500000000000007,0.6257226704254912,0.3263598326359833,0.40625,0.2727272727272727,0.6943231441048034,0.8564850345356869
1.9500000000000013,1.0,1.3000000000000007,0.6253614692571353,0.3220338983050847,0.3958333333333333,0.2714285714285714,0.6960352422907489,0.8580152671755725
1.9500000000000013,1.0,1.3500000000000008,0.6193793293982051,0.30303030303030304,0.3645833333333333,0.25925925925925924,0.6962305986696231,0.858877086494689
1.9500000000000013,1.0,1.4000000000000008,0.6216072676450035,0.3111111111111111,0.3645833333333333,0.2713178294573643,0.6933333333333334,0.8603773584905661
1.9500000000000013,1.0,1.4500000000000008,0.6223312321225822,0.31390134529147984,0.3645833333333333,0.2755905511811024,0.6905829596412556,0.8625093914350113
1.9500000000000013,1.0,1.5000000000000009,0.6214860395967318,0.3090909090909091,0.3541666666666667,0.27419354838709675,0.690744920993228,0.8646222887060584
1.9500000000000013,1.0,1.550000000000001,0.6214860395967318,0.3090909090909091,0.3541666666666667,0.27419354838709675,0.690744920993228,0.8646222887060584
1.9500000000000013,1.0,1.600000000000001,0.6238480044099696,0.3105022831050228,0.3541666666666667,0.2764227642276423,0.6938775510204082,0.8671641791044776
1.9500000000000013,1.0,1.650000000000001,0.6233992808214496,0.3119266055045872,0.3541666666666667,0.2786885245901639,0.6909090909090909,0.8673621460506706
1.9500000000000013,1.0,1.700000000000001,0.623754419727788,0.31336405529953915,0.3541666666666667,0.2809917355371901,0.6894977168949772,0.8684014869888476
1.9500000000000013,1.0,1.750000000000001,0.6287763346590065,0.3238095238095238,0.3541666666666667,0.2982456140350877,0.6880733944954128,0.8744460856720827
1.9500000000000013,1.0,1.8000000000000012,0.6274459535627921,0.3238095238095238,0.3541666666666667,0.2982456140350877,0.6851851851851852,0.8733431516936672
1.9500000000000013,1.0,1.8500000000000012,0.6249793715935986,0.3238095238095238,0.3541666666666667,0.2982456140350877,0.6790697674418604,0.8720588235294118
1.9500000000000013,1.0,1.9000000000000012,0.6273724034178914,0.3269230769230769,0.3541666666666667,0.30357142857142855,0.6806526806526807,0.8745414526779164
1.9500000000000013,1.0,1.9500000000000013,0.6285496757366578,0.33170731707317075,0.3541666666666667,0.3119266055045872,0.677570093457944,0.8763716166788588
1.9500000000000013,1.0,2.0000000000000013,0.6260533756481096,0.33170731707317075,0.3541666666666667,0.3119266055045872,0.6713615023474179,0.87509130752374
1.9500000000000013,1.0,2.0500000000000016,0.6309455865327451,0.3383084577114428,0.3541666666666667,0.3238095238095238,0.6745283018867925,0.88
1.9500000000000013,1.0,2.1000000000000014,0.6305230303311237,0.34,0.3541666666666667,0.3269230769230769,0.6713947990543735,0.8801742919389978
1.9500000000000013,1.0,2.1500000000000012,0.6305230303311237,0.34,0.3541666666666667,0.3269230769230769,0.6713947990543735,0.8801742919389978
1.9500000000000013,1.0,2.2000000000000015,0.6308404469237877,0.34,0.3541666666666667,0.3269230769230769,0.6729857819905213,0.8795355587808418
1.9500000000000013,1.0,2.2500000000000018,0.630417472285752,0.3417085427135678,0.3541666666666667,0.3300970873786408,0.669833729216152,0.8797101449275362
1.9500000000000013,1.0,2.3000000000000016,0.6274133993195363,0.3333333333333333,0.34375,0.3235294117647059,0.669833729216152,0.8790731354091238
1.9500000000000013,1.0,2.3500000000000014,0.6286054782209186,0.336734693877551,0.34375,0.33,0.669833729216152,0.8792480115690527
1.9500000000000013,1.0,2.4000000000000017,0.6267426085402037,0.3316062176165803,0.3333333333333333,0.32989690721649484,0.669833729216152,0.8787878787878788
1.9500000000000013,1.0,2.450000000000002,0.6267426085402037,0.3316062176165803,0.3333333333333333,0.32989690721649484,0.669833729216152,0.8787878787878788
1.9500000000000013,1.0,2.5000000000000018,0.6258405379442843,0.3333333333333333,0.3333333333333333,0.3333333333333333,0.6666666666666666,0.877521613832853
1.9500000000000013,1.0,2.5500000000000016,0.6256889527917565,0.3333333333333333,0.3333333333333333,0.3333333333333333,0.6666666666666666,0.8770668583752695
1.9500000000000013,1.0,2.600000000000002,0.6220638015899477,0.32978723404255317,0.3229166666666667,0.33695652173913043,0.6602409638554216,0.8761632068718683
2.0000000000000013,1.0,0.5,0.5837569457996529,0.2994011976047904,0.5208333333333334,0.21008403361344538,0.68,0.7718696397941681
2.0000000000000013,1.0,0.55,0.5941891066790744,0.3072100313479624,0.5104166666666666,0.21973094170403587,0.6854838709677419,0.789873417721519
2.0000000000000013,1.0,0.6000000000000001,0.6031243474101867,0.3157894736842105,0.5,0.23076923076923078,0.6882591093117408,0.8053244592346089
2.0000000000000013,1.0,0.6500000000000001,0.6100868064597226,0.3254237288135593,0.5,0.24120603015075376,0.6896551724137931,0.8151815181518152
2.0000000000000013,1.0,0.7000000000000002,0.6119676571414137,0.33217993079584773,0.5,0.24870466321243523,0.6844262295081968,0.8192968111201963
2.0000000000000013,1.0,0.7500000000000002,0.6176520573474701,0.3404255319148936,0.5,0.25806451612903225,0.6859504132231405,0.826580226904376
2.0000000000000013,1.0,0.8000000000000003,0.6179690836766308,0.33454545454545453,0.4791666666666667,0.2569832402234637,0.6876310272536688,0.8317307692307693
2.0000000000000013,1.0,0.8500000000000003,0.6174460214707892,0.3333333333333333,0.46875,0.25862068965517243,0.6848739495798319,0.8341307814992025
2.0000000000000013,1.0,0.9000000000000004,0.624135891479063,0.34220532319391633,0.46875,0.2694610778443114,0.6877637130801688,0.8424386381631037
2.0000000000000013,1.0,0.9500000000000004,0.6257451814889589,0.34615384615384615,0.46875,0.27439024390243905,0.6878980891719745,0.843183609141056
2.0000000000000013,1.0,1.0000000000000004,0.6295832712996478,0.35019455252918286,0.46875,0.2795031055900621,0.6908315565031983,0.847723704866562
2.0000000000000013,1.0,1.0500000000000005,0.6311333242906518,0.3515625,0.46875,0.28125,0.6923076923076923,0.8495297805642633
2.0000000000000013,1.0,1.1000000000000005,0.6262010478850408,0.3333333333333333,0.4375,0.2692307692307692,0.6954643628509719,0.8498054474708171
2.0000000000000013,1.0,1.1500000000000006,0.6267870012756246,0.3319838056680162,0.4270833333333333,0.271523178807947,0.6943231441048034,0.8540540540540541
2.0000000000000013,1.0,1.2000000000000006,0.625356268510495,0.3292181069958848,0.4166666666666667,0.272108843537415,0.6914660831509847,0.8553846153846154
2.0000000000000013,1.0,1.2500000000000007,0.6235747647552359,0.3236514522821577,0.40625,0.2689655172413793,0.6914660831509847,0.8556067588325653
2.0000000000000013,1.0,1.3000000000000007,0.6257715768884767,0.3263598326359833,0.40625,0.2727272727272727,0.6931567328918322,0.8577981651376146
2.0000000000000013,1.0,1.3500000000000008,0.6191703296209404,0.30638297872340425,0.375,0.2589928057553957,0.6933333333333334,0.8577946768060837
2.0000000000000013,1.0,1.4000000000000008,0.6182418561780717,0.30434782608695654,0.3645833333333333,0.26119402985074625,0.6904231625835189,0.8599545798637396
2.0000000000000013,1.0,1.4500000000000008,0.6193908516290353,0.30973451327433627,0.3645833333333333,0.2692307692307692,0.6876404494382022,0.8607975921745673
2.0000000000000013,1.0,1.5000000000000009,0.6212836737739728,0.3125,0.3645833333333333,0.2734375,0.6877828054298643,0.863568215892054
2.0000000000000013,1.0,1.550000000000001,0.6200324672760767,0.3076923076923077,0.3541666666666667,0.272,0.6877828054298643,0.8646222887060584
2.0000000000000013,1.0,1.600000000000001,0.6216398488243149,0.3076923076923077,0.3541666666666667,0.272,0.6909090909090909,0.8663181478715459
2.0000000000000013,1.0,1.650000000000001,0.6211785134626858,0.3090909090909091,0.3541666666666667,0.27419354838709675,0.6879271070615034,0.866517524235645
2.0000000000000013,1.0,1.700000000000001,0.6215202209165956,0.3105022831050228,0.3541666666666667,0.2764227642276423,0.6864988558352403,0.8675595238095238
2.0000000000000013,1.0,1.750000000000001,0.6218603195762886,0.3119266055045872,0.3541666666666667,0.2786885245901639,0.6850574712643678,0.8685968819599109
2.0000000000000013,1.0,1.8000000000000012,0.6259175346586386,0.3222748815165877,0.3541666666666667,0.2956521739130435,0.6821345707656613,0.8733431516936672
2.0000000000000013,1.0,1.8500000000000012,0.6234414603455585,0.3222748815165877,0.3541666666666667,0.2956521739130435,0.675990675990676,0.8720588235294118
2.0000000000000013,1.0,1.9000000000000012,0.6242441858781135,0.3222748815165877,0.3541666666666667,0.2956521739130435,0.677570093457944,0.8728875826598089
2.0000000000000013,1.0,1.9500000000000013,0.6253738065213476,0.3269230769230769,0.3541666666666667,0.30357142857142855,0.6744730679156908,0.8747252747252747
2.0000000000000013,1.0,2.0000000000000013,0.624474563006676,0.3300970873786408,0.3541666666666667,0.3090909090909091,0.668235294117647,0.87509130752374
2.0000000000000013,1.0,2.0500000000000016,0.6260747328713013,0.3300970873786408,0.3541666666666667,0.3090909090909091,0.6713947990543735,0.8767323121808899
2.0000000000000013,1.0,2.1000000000000014,0.6280801913267487,0.33663366336633666,0.3541666666666667,0.32075471698113206,0.6682464454976303,0.8793604651162791
2.0000000000000013,1.0,2.1500000000000012,0.6289097317160236,0.3383084577114428,0.3541666666666667,0.3238095238095238,0.6682464454976303,0.8801742919389978
2.0000000000000013,1.0,2.2000000000000015,0.6292259152361456,0.3383084577114428,0.3541666666666667,0.3238095238095238,0.669833729216152,0.8795355587808418
2.0000000000000013,1.0,2.2500000000000018,0.627957625457436,0.3383084577114428,0.3541666666666667,0.3238095238095238,0.6666666666666666,0.8788977519941987
2.0000000000000013,1.0,2.3000000000000016,0.627957625457436,0.3383084577114428,0.3541666666666667,0.3238095238095238,0.6666666666666666,0.8788977519941987
2.0000000000000013,1.0,2.3500000000000014,0.6257993645110256,0.3316582914572864,0.34375,0.32038834951456313,0.6666666666666666,0.8790731354091238
2.0000000000000013,1.0,2.4000000000000017,0.626980019648793,0.3350253807106599,0.34375,0.32673267326732675,0.6666666666666666,0.8792480115690527
2.0000000000000013,1.0,2.450000000000002,0.6251171508903468,0.32989690721649484,0.3333333333333333,0.32653061224489793,0.6666666666666666,0.8787878787878788
2.0000000000000013,1.0,2.5000000000000018,0.6238452279747259,0.32989690721649484,0.3333333333333333,0.32653061224489793,0.6634844868735084,0.8781542898341744
2.0000000000000013,1.0,2.5500000000000016,0.6240448714844627,0.3316062176165803,0.3333333333333333,0.32989690721649484,0.6634615384615384,0.8770668583752695
2.0000000000000013,1.0,2.600000000000002,0.6214728860034686,0.3316062176165803,0.3333333333333333,0.32989690721649484,0.6570048309178744,0.8758076094759512
2.0500000000000016,1.0,0.5,0.5818859654422253,0.3,0.53125,0.20901639344262296,0.6773547094188377,0.768303186907838
2.0500000000000016,1.0,0.55,0.5910119620135178,0.30340557275541796,0.5104166666666666,0.21585903083700442,0.6828282828282828,0.7868020304568528
2.0500000000000016,1.0,0.6000000000000001,0.5998739894565862,0.3116883116883117,0.5,0.22641509433962265,0.6855983772819473,0.8023352793994996
2.0500000000000016,1.0,0.6500000000000001,0.6074542204737594,0.3221476510067114,0.5,0.2376237623762376,0.6869918699186992,0.8132231404958677
2.0500000000000016,1.0,0.7000000000000002,0.6099841195923453,0.32989690721649484,0.5,0.24615384615384617,0.6817248459958932,0.8183306055646481
2.0500000000000016,1.0,0.7500000000000002,0.6154568734088185,0.3368421052631579,0.5,0.25396825396825395,0.6832298136645962,0.8262987012987013
2.0500000000000016,1.0,0.8000000000000003,0.6159326062838814,0.33212996389891697,0.4791666666666667,0.2541436464088398,0.6848739495798319,0.830793905372895
2.0500000000000016,1.0,0.8500000000000003,0.6153959784443033,0.33088235294117646,0.46875,0.2556818181818182,0.6821052631578948,0.8332003192338387
2.0500000000000016,1.0,0.9000000000000004,0.6205835401811362,0.33707865168539325,0.46875,0.2631578947368421,0.6849894291754757,0.8396825396825397
2.0500000000000016,1.0,0.9500000000000004,0.6241554712673477,0.3435114503816794,0.46875,0.2710843373493976,0.6851063829787234,0.8438485804416404
2.0500000000000016,1.0,1.0000000000000004,0.6274476914696868,0.3474903474903475,0.46875,0.27607361963190186,0.688034188034188,0.8468185388845247
2.0500000000000016,1.0,1.0500000000000005,0.6289907183097996,0.3488372093023256,0.46875,0.2777777777777778,0.6895074946466809,0.8486274509803922
2.0500000000000016,1.0,1.1000000000000005,0.6319990881345211,0.3515625,0.46875,0.28125,0.6926406926406926,0.8517940717628705
2.0500000000000016,1.0,1.1500000000000006,0.6256173629437786,0.3333333333333333,0.4375,0.2692307692307692,0.6914660831509847,0.8520526723470179
2.0500000000000016,1.0,1.2000000000000006,0.623949986357234,0.32786885245901637,0.4166666666666667,0.2702702702702703,0.6885964912280702,0.8553846153846154
2.0500000000000016,1.0,1.2500000000000007,0.6221724332158042,0.32231404958677684,0.40625,0.2671232876712329,0.6885964912280702,0.8556067588325653
2.0500000000000016,1.0,1.3000000000000007,0.6236137310082179,0.3236514522821577,0.40625,0.2689655172413793,0.6902654867256637,0.8569242540168325
2.0500000000000016,1.0,1.3500000000000008,0.6247698362946843,0.325,0.40625,0.2708333333333333,0.6904231625835189,0.858886346300534
2.0500000000000016,1.0,1.4000000000000008,0.6172978696478673,0.30638297872340425,0.375,0.2589928057553957,0.6875,0.8580106302201974
2.0500000000000016,1.0,1.4500000000000008,0.6172139958601595,0.30701754385964913,0.3645833333333333,0.26515151515151514,0.6846846846846847,0.8599397590361446
2.0500000000000016,1.0,1.5000000000000009,0.6183463873835177,0.30837004405286345,0.3645833333333333,0.26717557251908397,0.6848072562358276,0.8618618618618619
2.0500000000000016,1.0,1.550000000000001,0.6198288610796642,0.3111111111111111,0.3645833333333333,0.2713178294573643,0.6848072562358276,0.863568215892054
2.0500000000000016,1.0,1.600000000000001,0.6201838537464518,0.3063063063063063,0.3541666666666667,0.2698412698412698,0.6879271070615034,0.8663181478715459
2.0500000000000016,1.0,1.650000000000001,0.6189698183155553,0.3063063063063063,0.3541666666666667,0.2698412698412698,0.684931506849315,0.8656716417910447
2.0500000000000016,1.0,1.700000000000001,0.6200455571441811,0.3090909090909091,0.3541666666666667,0.27419354838709675,0.6834862385321101,0.8675595238095238
2.0500000000000016,1.0,1.750000000000001,0.6196249579559746,0.3090909090909091,0.3541666666666667,0.27419354838709675,0.6820276497695853,0.8677563150074294
2.0500000000000016,1.0,1.8000000000000012,0.6190258673300861,0.3105022831050228,0.3541666666666667,0.2764227642276423,0.6790697674418604,0.8675055514433753
2.0500000000000016,1.0,1.8500000000000012,0.6219035789240753,0.32075471698113206,0.3541666666666667,0.29310344827586204,0.6728971962616822,0.8720588235294118
2.0500000000000016,1.0,1.9000000000000012,0.6227051225188772,0.32075471698113206,0.3541666666666667,0.29310344827586204,0.6744730679156908,0.8728875826598089
2.0500000000000016,1.0,1.9500000000000013,0.622236828370418,0.3222748815165877,0.3541666666666667,0.2956521739130435,0.6713615023474179,0.8730741012472487
2.0500000000000016,1.0,2.0000000000000013,0.6212995641315254,0.3253588516746411,0.3541666666666667,0.3008849557522124,0.6650943396226415,0.8734455010972934
2.0500000000000016,1.0,2.0500000000000016,0.6244937243791525,0.3285024154589372,0.3541666666666667,0.3063063063063063,0.6682464454976303,0.8767323121808899
2.0500000000000016,1.0,2.1000000000000014,0.6232262817705009,0.3285024154589372,0.3541666666666667,0.3063063063063063,0.665083135391924,0.8760932944606414
2.0500000000000016,1.0,2.1500000000000012,0.6256539744235706,0.3333333333333333,0.3541666666666667,0.3148148148148148,0.665083135391924,0.8785454545454545
2.0500000000000016,1.0,2.2000000000000015,0.6267879650796035,0.33497536945812806,0.3541666666666667,0.3177570093457944,0.6666666666666666,0.878721859114016
2.0500000000000016,1.0,2.2500000000000018,0.6263386340780146,0.33663366336633666,0.3541666666666667,0.32075471698113206,0.6634844868735084,0.8788977519941987
2.0500000000000016,1.0,2.3000000000000016,0.6263386340780146,0.33663366336633666,0.3541666666666667,0.32075471698113206,0.6634844868735084,0.8788977519941987
2.0500000000000016,1.0,2.3500000000000014,0.6263386340780146,0.33663366336633666,0.3541666666666667,0.32075471698113206,0.6634844868735084,0.8788977519941987
2.0500000000000016,1.0,2.4000000000000017,0.6241858740942107,0.33,0.34375,0.3173076923076923,0.6634844868735084,0.8790731354091238
2.0500000000000016,1.0,2.450000000000002,0.6253552772586315,0.3333333333333333,0.34375,0.3235294117647059,0.6634844868735084,0.8792480115690527
2.0500000000000016,1.0,2.5000000000000018,0.6213875236431627,0.32653061224489793,0.3333333333333333,0.32,0.6602870813397129,0.8773448773448773
2.0500000000000016,1.0,2.5500000000000016,0.6220479779290562,0.3282051282051282,0.3333333333333333,0.32323232323232326,0.6602409638554216,0.8776978417266187
2.0500000000000016,1.0,2.600000000000002,0.6194649788162354,0.3282051282051282,0.3333333333333333,0.32323232323232326,0.6537530266343826,0.8764367816091954
2.1000000000000014,1.0,0.5,0.5795159633931849,0.2956521739130435,0.53125,0.20481927710843373,0.676056338028169,0.7668393782383419
2.1000000000000014,1.0,0.55,0.5893064596027573,0.30303030303030304,0.5208333333333334,0.21367521367521367,0.6815415821501014,0.7833474936278675
2.1000000000000014,1.0,0.6000000000000001,0.5981412683088067,0.3111111111111111,0.5104166666666666,0.2237442922374429,0.6843177189409368,0.7989949748743719
2.1000000000000014,1.0,0.6500000000000001,0.6042731246731017,0.31683168316831684,0.5,0.2318840579710145,0.6857142857142857,0.8102734051367025
2.1000000000000014,1.0,0.7000000000000002,0.6081019335805786,0.32653061224489793,0.5,0.24242424242424243,0.6804123711340206,0.8173628173628174
2.1000000000000014,1.0,0.7500000000000002,0.6121269501982726,0.3310344827586207,0.5,0.24742268041237114,0.681912681912682,0.8234336859235151
2.1000000000000014,1.0,0.8000000000000003,0.6125865716921909,0.3262411347517731,0.4791666666666667,0.24731182795698925,0.6835443037974683,0.8279742765273312
2.1000000000000014,1.0,0.8500000000000003,0.6149636877548891,0.33212996389891697,0.4791666666666667,0.2541436464088398,0.6807610993657506,0.832
2.1000000000000014,1.0,0.9000000000000004,0.6171491477375753,0.33088235294117646,0.46875,0.2556818181818182,0.6836518046709129,0.8369132856006364
2.1000000000000014,1.0,0.9500000000000004,0.6213762217753238,0.3383458646616541,0.46875,0.2647058823529412,0.6837606837606838,0.8420221169036335
2.1000000000000014,1.0,1.0000000000000004,0.62463484535806,0.34220532319391633,0.46875,0.2694610778443114,0.6866952789699571,0.8450039339103068
2.1000000000000014,1.0,1.0500000000000005,0.6276511133816637,0.34615384615384615,0.46875,0.27439024390243905,0.6881720430107527,0.8486274509803922
2.1000000000000014,1.0,1.1000000000000005,0.6298974771533574,0.3474903474903475,0.46875,0.27607361963190186,0.691304347826087,0.8508977361436377
2.1000000000000014,1.0,1.1500000000000006,0.6259568362688513,0.3359375,0.4479166666666667,0.26875,0.6901098901098901,0.851823118696664
2.1000000000000014,1.0,1.2000000000000006,0.6228732437773065,0.328,0.4270833333333333,0.2662337662337662,0.6872246696035242,0.8533950617283951
2.1000000000000014,1.0,1.2500000000000007,0.6226041790068867,0.3252032520325203,0.4166666666666667,0.26666666666666666,0.6872246696035242,0.8553846153846154
2.1000000000000014,1.0,1.3000000000000007,0.6215366748768701,0.319672131147541,0.40625,0.2635135135135135,0.6888888888888889,0.8560490045941807
2.1000000000000014,1.0,1.3500000000000008,0.6234128090690737,0.32231404958677684,0.40625,0.2671232876712329,0.6890380313199105,0.858886346300534
2.1000000000000014,1.0,1.4000000000000008,0.6204042699865538,0.31666666666666665,0.3958333333333333,0.2638888888888889,0.6860986547085202,0.8584474885844748
2.1000000000000014,1.0,1.4500000000000008,0.6131718159021179,0.29914529914529914,0.3645833333333333,0.2536231884057971,0.6817155756207675,0.8586545729402872
2.1000000000000014,1.0,1.5000000000000009,0.6168991958465643,0.30701754385964913,0.3645833333333333,0.26515151515151514,0.6818181818181818,0.8618618618618619
2.1000000000000014,1.0,1.550000000000001,0.6176346349302584,0.30837004405286345,0.3645833333333333,0.26717557251908397,0.6818181818181818,0.8627156789197299
2.1000000000000014,1.0,1.600000000000001,0.6199784937338318,0.30973451327433627,0.3645833333333333,0.2692307692307692,0.684931506849315,0.8652694610778443
2.1000000000000014,1.0,1.650000000000001,0.6175088580044642,0.30493273542600896,0.3541666666666667,0.2677165354330709,0.6819221967963387,0.8656716417910447
2.1000000000000014,1.0,1.700000000000001,0.6178274610657079,0.3063063063063063,0.3541666666666667,0.2698412698412698,0.6804597701149425,0.8667163067758749
2.1000000000000014,1.0,1.750000000000001,0.6181441521393273,0.3076923076923077,0.3541666666666667,0.272,0.6789838337182448,0.8677563150074294
2.1000000000000014,1.0,1.8000000000000012,0.6167832167832168,0.3076923076923077,0.3541666666666667,0.272,0.675990675990676,0.8666666666666667
2.1000000000000014,1.0,1.8500000000000012,0.6157840238570506,0.3105022831050228,0.3541666666666667,0.2764227642276423,0.6697892271662763,0.8670605612998523
2.1000000000000014,1.0,1.9000000000000012,0.6211659704327689,0.3192488262910798,0.3541666666666667,0.2905982905982906,0.6713615023474179,0.8728875826598089
2.1000000000000014,1.0,1.9500000000000013,0.6199102721479898,0.3192488262910798,0.3541666666666667,0.2905982905982906,0.668235294117647,0.8722466960352423
2.1000000000000014,1.0,2.0000000000000013,0.6189447354750409,0.3222748815165877,0.3541666666666667,0.2956521739130435,0.6619385342789598,0.8726207906295754
2.1000000000000014,1.0,2.0500000000000016,0.6213279889083959,0.3238095238095238,0.3541666666666667,0.2982456140350877,0.665083135391924,0.87509130752374
2.1000000000000014,1.0,2.1000000000000014,0.6216403777628268,0.3269230769230769,0.3541666666666667,0.30357142857142855,0.6619047619047619,0.8760932944606414
2.1000000000000014,1.0,2.1500000000000012,0.6216403777628268,0.3269230769230769,0.3541666666666667,0.30357142857142855,0.6619047619047619,0.8760932944606414
2.1000000000000014,1.0,2.2000000000000015,0.6243662602302884,0.33170731707317075,0.3541666666666667,0.3119266055045872,0.6634844868735084,0.877906976744186
2.1000000000000014,1.0,2.2500000000000018,0.6239015315480062,0.3333333333333333,0.3541666666666667,0.3148148148148148,0.6602870813397129,0.8780841799709724
2.1000000000000014,1.0,2.3000000000000016,0.6247200675973466,0.33497536945812806,0.3541666666666667,0.3177570093457944,0.6602870813397129,0.8788977519941987
2.1000000000000014,1.0,2.3500000000000014,0.6247200675973466,0.33497536945812806,0.3541666666666667,0.3177570093457944,0.6602870813397129,0.8788977519941987
2.1000000000000014,1.0,2.4000000000000017,0.6247200675973466,0.33497536945812806,0.3541666666666667,0.3177570093457944,0.6602870813397129,0.8788977519941987
2.1000000000000014,1.0,2.450000000000002,0.6255436298778619,0.33663366336633666,0.3541666666666667,0.32075471698113206,0.6602870813397129,0.8797101449275362
2.1000000000000014,1.0,2.5000000000000018,0.6224484495826234,0.3316582914572864,0.34375,0.32038834951456313,0.657074340527578,0.8786127167630058
2.1000000000000014,1.0,2.5500000000000016,0.6195892587255566,0.3248730964467005,0.3333333333333333,0.31683168316831684,0.6570048309178744,0.8768898488120951
2.1000000000000014,1.0,2.600000000000002,0.6178176102490991,0.32653061224489793,0.3333333333333333,0.32,0.6504854368932039,0.8764367816091954
2.1500000000000012,1.0,0.5,0.5806011044249574,0.2988505747126437,0.5416666666666666,0.20634920634920634,0.6761133603238867,0.7668393782383419
2.1500000000000012,1.0,0.55,0.589128953582068,0.3044776119402985,0.53125,0.21338912133891214,0.6816326530612244,0.7812765957446809
2.1500000000000012,1.0,0.6000000000000001,0.5946769737874189,0.3076923076923077,0.5208333333333334,0.2183406113537118,0.6844262295081968,0.7919123841617524
2.1500000000000012,1.0,0.6500000000000001,0.6027593979730925,0.3161290322580645,0.5104166666666666,0.22897196261682243,0.6858316221765913,0.8063175394846218
2.1500000000000012,1.0,0.7000000000000002,0.6070661553665487,0.32558139534883723,0.5104166666666666,0.23902439024390243,0.6804979253112033,0.8151191454396056
2.1500000000000012,1.0,0.7500000000000002,0.6119092168172944,0.33220338983050846,0.5104166666666666,0.24623115577889448,0.6820083682008368,0.8215158924205379
2.1500000000000012,1.0,0.8000000000000003,0.6174312682833266,0.3402777777777778,0.5104166666666666,0.2552083333333333,0.6836518046709129,0.8283642224012893
2.1500000000000012,1.0,0.8500000000000003,0.6147708674304418,0.3333333333333333,0.4895833333333333,0.25268817204301075,0.6808510638297872,0.8301282051282052
2.1500000000000012,1.0,0.9000000000000004,0.6176937594135046,0.3333333333333333,0.4791666666666667,0.25555555555555554,0.6837606837606838,0.8359872611464968
2.1500000000000012,1.0,0.9500000000000004,0.6204592791577336,0.3382352941176471,0.4791666666666667,0.26136363636363635,0.6838709677419355,0.8392715756136183
2.1500000000000012,1.0,1.0000000000000004,0.6256878779079255,0.3445692883895131,0.4791666666666667,0.26900584795321636,0.6868250539956804,0.8456692913385827
2.1500000000000012,1.0,1.0500000000000005,0.6281734138876996,0.3484848484848485,0.4791666666666667,0.27380952380952384,0.6883116883116883,0.847723704866562
2.1500000000000012,1.0,1.1000000000000005,0.6296223592853999,0.34980988593155893,0.4791666666666667,0.2754491017964072,0.6899563318777293,0.8491008600469117
2.1500000000000012,1.0,1.1500000000000006,0.6319115762824372,0.35384615384615387,0.4791666666666667,0.2804878048780488,0.6887417218543046,0.8531468531468531
2.1500000000000012,1.0,1.2000000000000006,0.6236581812763925,0.3346303501945525,0.4479166666666667,0.2670807453416149,0.6858407079646017,0.8505034856700232
2.1500000000000012,1.0,1.2500000000000007,0.6232204804147133,0.3293172690763052,0.4270833333333333,0.2679738562091503,0.6858407079646017,0.8545034642032333
2.1500000000000012,1.0,1.3000000000000007,0.622917418875567,0.3252032520325203,0.4166666666666667,0.26666666666666666,0.6875,0.8560490045941807
2.1500000000000012,1.0,1.3500000000000008,0.6233288528711932,0.3252032520325203,0.4166666666666667,0.26666666666666666,0.6876404494382022,0.8571428571428571
2.1500000000000012,1.0,1.4000000000000008,0.6235950814869248,0.32786885245901637,0.4166666666666667,0.2702702702702703,0.6846846846846847,0.8582317073170732
2.1500000000000012,1.0,1.4500000000000008,0.615105023561105,0.30833333333333335,0.3854166666666667,0.2569444444444444,0.6802721088435374,0.8567096285064443
2.1500000000000012,1.0,1.5000000000000009,0.6157786891797049,0.30638297872340425,0.375,0.2589928057553957,0.680365296803653,0.8605877920120573
2.1500000000000012,1.0,1.550000000000001,0.6184235456421282,0.3130434782608696,0.375,0.26865671641791045,0.680365296803653,0.8618618618618619
2.1500000000000012,1.0,1.600000000000001,0.6215150577647216,0.3157894736842105,0.375,0.2727272727272727,0.6834862385321101,0.8652694610778443
2.1500000000000012,1.0,1.650000000000001,0.618339593093912,0.30973451327433627,0.3645833333333333,0.2692307692307692,0.6804597701149425,0.864824495892457
2.1500000000000012,1.0,1.700000000000001,0.6186555926381012,0.3111111111111111,0.3645833333333333,0.2713178294573643,0.6789838337182448,0.8658718330849479
2.1500000000000012,1.0,1.750000000000001,0.6189695658924089,0.3125,0.3645833333333333,0.2734375,0.6774941995359629,0.866914498141264
2.1500000000000012,1.0,1.8000000000000012,0.6183470266246124,0.31390134529147984,0.3645833333333333,0.2755905511811024,0.6744730679156908,0.8666666666666667
2.1500000000000012,1.0,1.8500000000000012,0.6158404182645808,0.31390134529147984,0.3645833333333333,0.2755905511811024,0.668235294117647,0.8653846153846154
2.1500000000000012,1.0,1.9000000000000012,0.6196704137807895,0.319634703196347,0.3645833333333333,0.2845528455284553,0.6698113207547169,0.8695652173913043
2.1500000000000012,1.0,1.9500000000000013,0.621498252683582,0.32558139534883723,0.3645833333333333,0.29411764705882354,0.6666666666666666,0.8722466960352423
2.1500000000000012,1.0,2.0000000000000013,0.618960559617339,0.32558139534883723,0.3645833333333333,0.29411764705882354,0.6603325415676959,0.8709677419354839
2.1500000000000012,1.0,2.0500000000000016,0.6221306634580146,0.3286384976525822,0.3645833333333333,0.29914529914529914,0.6634844868735084,0.8742690058479532
2.1500000000000012,1.0,2.1000000000000014,0.6232301987068012,0.33175355450236965,0.3645833333333333,0.30434782608695654,0.6634844868735084,0.8744525547445255
2.1500000000000012,1.0,2.1500000000000012,0.6248353369997405,0.3349282296650718,0.3645833333333333,0.30973451327433627,0.6634844868735084,0.8760932944606414
2.1500000000000012,1.0,2.2000000000000015,0.625151735858218,0.3349282296650718,0.3645833333333333,0.30973451327433627,0.6650717703349283,0.875455207574654
2.1500000000000012,1.0,2.2500000000000018,0.626315251709625,0.33980582524271846,0.3645833333333333,0.3181818181818182,0.6618705035971223,0.8772694262890341
2.1500000000000012,1.0,2.3000000000000016,0.6271393660674137,0.34146341463414637,0.3645833333333333,0.3211009174311927,0.6618705035971223,0.8780841799709724
2.1500000000000012,1.0,2.3500000000000014,0.6279685034977606,0.3431372549019608,0.3645833333333333,0.32407407407407407,0.6618705035971223,0.8788977519941987
2.1500000000000012,1.0,2.4000000000000017,0.6279685034977606,0.3431372549019608,0.3645833333333333,0.32407407407407407,0.6618705035971223,0.8788977519941987
2.1500000000000012,1.0,2.450000000000002,0.6279685034977606,0.3431372549019608,0.3645833333333333,0.32407407407407407,0.6618705035971223,0.8788977519941987
2.1500000000000012,1.0,2.5000000000000018,0.6275181892566222,0.3448275862068966,0.3645833333333333,0.32710280373831774,0.6586538461538461,0.8790731354091238
2.1500000000000012,1.0,2.5500000000000016,0.6255833104935545,0.34,0.3541666666666667,0.3269230769230769,0.6585956416464891,0.8781542898341744
2.1500000000000012,1.0,2.600000000000002,0.6203435012357859,0.3333333333333333,0.34375,0.3235294117647059,0.6520681265206812,0.875629043853343
2.2000000000000015,1.0,0.5,0.5806011044249574,0.2988505747126437,0.5416666666666666,0.20634920634920634,0.6761133603238867,0.7668393782383419
2.2000000000000015,1.0,0.55,0.5859003430432002,0.3,0.53125,0.20901639344262296,0.6816326530612244,0.7760683760683761
2.2000000000000015,1.0,0.6000000000000001,0.5946769737874189,0.3076923076923077,0.5208333333333334,0.2183406113537118,0.6844262295081968,0.7919123841617524
2.2000000000000015,1.0,0.6500000000000001,0.6020895405347088,0.31511254019292606,0.5104166666666666,0.22790697674418606,0.6858316221765913,0.8053244592346089
2.2000000000000015,1.0,0.7000000000000002,0.6056996642751207,0.3234323432343234,0.5104166666666666,0.23671497584541062,0.6804979253112033,0.8131687242798354
2.2000000000000015,1.0,0.7500000000000002,0.6112146995159411,0.3310810810810811,0.5104166666666666,0.245,0.6820083682008368,0.8205546492659054
2.2000000000000015,1.0,0.8000000000000003,0.6144551709595357,0.33447098976109213,0.5104166666666666,0.24873096446700507,0.6836518046709129,0.8252427184466019
2.2000000000000015,1.0,0.8500000000000003,0.6140655323321043,0.3321554770318021,0.4895833333333333,0.25133689839572193,0.6808510638297872,0.8291900561347233
2.2000000000000015,1.0,0.9000000000000004,0.6184915783041571,0.33691756272401435,0.4895833333333333,0.2568306010928962,0.6837606837606838,0.8347964884277733
2.2000000000000015,1.0,0.9500000000000004,0.6183081195984421,0.33454545454545453,0.4791666666666667,0.2569832402234637,0.6838709677419355,0.8365079365079365
2.2000000000000015,1.0,1.0000000000000004,0.6242270231271863,0.3420074349442379,0.4791666666666667,0.2658959537572254,0.6868250539956804,0.8438485804416404
2.2000000000000015,1.0,1.0500000000000005,0.6274333461723226,0.3471698113207547,0.4791666666666667,0.27218934911242604,0.6883116883116883,0.8468185388845247
2.2000000000000015,1.0,1.1000000000000005,0.6296223592853999,0.34980988593155893,0.4791666666666667,0.2754491017964072,0.6899563318777293,0.8491008600469117
2.2000000000000015,1.0,1.1500000000000006,0.6311623992475305,0.3524904214559387,0.4791666666666667,0.2787878787878788,0.6887417218543046,0.8522550544323484
2.2000000000000015,1.0,1.2000000000000006,0.6260295899933686,0.34108527131782945,0.4583333333333333,0.2716049382716049,0.6858407079646017,0.8511627906976744
2.2000000000000015,1.0,1.2500000000000007,0.6234553902503114,0.33201581027667987,0.4375,0.267515923566879,0.6858407079646017,0.8525096525096525
2.2000000000000015,1.0,1.3000000000000007,0.6246577940497394,0.33064516129032256,0.4270833333333333,0.26973684210526316,0.6875,0.8558282208588958
2.2000000000000015,1.0,1.3500000000000008,0.6233288528711932,0.3252032520325203,0.4166666666666667,0.26666666666666666,0.6876404494382022,0.8571428571428571
2.2000000000000015,1.0,1.4000000000000008,0.6228586967390498,0.32653061224489793,0.4166666666666667,0.2684563758389262,0.6846846846846847,0.8573607932875668
2.2000000000000015,1.0,1.4500000000000008,0.6227176099403949,0.3292181069958848,0.4166666666666667,0.272108843537415,0.6802721088435374,0.8586626139817629
2.2000000000000015,1.0,1.5000000000000009,0.616214433568761,0.30962343096234307,0.3854166666666667,0.25874125874125875,0.680365296803653,0.8586545729402872
2.2000000000000015,1.0,1.550000000000001,0.617686790108391,0.3116883116883117,0.375,0.26666666666666666,0.680365296803653,0.8610067618332081
2.2000000000000015,1.0,1.600000000000001,0.6200326442283446,0.3130434782608696,0.375,0.26865671641791045,0.6834862385321101,0.863568215892054
2.2000000000000015,1.0,1.650000000000001,0.6202905108350705,0.3157894736842105,0.375,0.2727272727272727,0.6804597701149425,0.8646222887060584
2.2000000000000015,1.0,1.700000000000001,0.6186555926381012,0.3111111111111111,0.3645833333333333,0.2713178294573643,0.6789838337182448,0.8658718330849479
2.2000000000000015,1.0,1.750000000000001,0.6182255797395009,0.3111111111111111,0.3645833333333333,0.2713178294573643,0.6774941995359629,0.8660714285714286
2.2000000000000015,1.0,1.8000000000000012,0.6175998686973726,0.3125,0.3645833333333333,0.2734375,0.6744730679156908,0.865826538176427
2.2000000000000015,1.0,1.8500000000000012,0.6158404182645808,0.31390134529147984,0.3645833333333333,0.2755905511811024,0.668235294117647,0.8653846153846154
2.2000000000000015,1.0,1.9000000000000012,0.616645291244273,0.31390134529147984,0.3645833333333333,0.2755905511811024,0.6698113207547169,0.8662232076866223
2.2000000000000015,1.0,1.9500000000000013,0.6184087531354866,0.319634703196347,0.3645833333333333,0.2845528455284553,0.6666666666666666,0.8689248895434463
2.2000000000000015,1.0,2.0000000000000013,0.618960559617339,0.32558139534883723,0.3645833333333333,0.29411764705882354,0.6603325415676959,0.8709677419354839
2.2000000000000015,1.0,2.0500000000000016,0.6205622242839737,0.32558139534883723,0.3645833333333333,0.29411764705882354,0.6634844868735084,0.8726207906295754
2.2000000000000015,1.0,2.1000000000000014,0.6221306634580146,0.3286384976525822,0.3645833333333333,0.29914529914529914,0.6634844868735084,0.8742690058479532
2.2000000000000015,1.0,2.1500000000000012,0.6232301987068012,0.33175355450236965,0.3645833333333333,0.30434782608695654,0.6634844868735084,0.8744525547445255
2.2000000000000015,1.0,2.2000000000000015,0.625151735858218,0.3349282296650718,0.3645833333333333,0.30973451327433627,0.6650717703349283,0.875455207574654
2.2000000000000015,1.0,2.2500000000000018,0.6238722609175776,0.3349282296650718,0.3645833333333333,0.30973451327433627,0.6618705035971223,0.8748180494905385
2.2000000000000015,1.0,2.3000000000000016,0.626315251709625,0.33980582524271846,0.3645833333333333,0.3181818181818182,0.6618705035971223,0.8772694262890341
2.2000000000000015,1.0,2.3500000000000014,0.6271393660674137,0.34146341463414637,0.3645833333333333,0.3211009174311927,0.6618705035971223,0.8780841799709724
2.2000000000000015,1.0,2.4000000000000017,0.6279685034977606,0.3431372549019608,0.3645833333333333,0.32407407407407407,0.6618705035971223,0.8788977519941987
2.2000000000000015,1.0,2.450000000000002,0.6279685034977606,0.3431372549019608,0.3645833333333333,0.32407407407407407,0.6618705035971223,0.8788977519941987
2.2000000000000015,1.0,2.5000000000000018,0.6266839902070082,0.3431372549019608,0.3645833333333333,0.32407407407407407,0.6586538461538461,0.8782608695652174
2.2000000000000015,1.0,2.5500000000000016,0.6273453148721305,0.3448275862068966,0.3645833333333333,0.32710280373831774,0.6585956416464891,0.8786127167630058
2.2000000000000015,1.0,2.600000000000002,0.6226327326883258,0.3383084577114428,0.3541666666666667,0.3238095238095238,0.6520681265206812,0.877521613832853
2.2500000000000018,1.0,0.5,0.5805639770032306,0.2994350282485876,0.5520833333333334,0.2054263565891473,0.6775510204081633,0.7647058823529411
2.2500000000000018,1.0,0.55,0.5864615630748083,0.3037249283667622,0.5520833333333334,0.20948616600790515,0.6831275720164609,0.7725321888412017
2.2500000000000018,1.0,0.6000000000000001,0.5940102267457141,0.3072289156626506,0.53125,0.21610169491525424,0.6859504132231405,0.7888513513513513
2.2500000000000018,1.0,0.6500000000000001,0.6019012525682487,0.31875,0.53125,0.22767857142857142,0.6859504132231405,0.8010033444816054
2.2500000000000018,1.0,0.7000000000000002,0.6054905824055967,0.3246753246753247,0.5208333333333334,0.2358490566037736,0.6805845511482255,0.8112118713932399
2.2500000000000018,1.0,0.7500000000000002,0.6116768110753074,0.3333333333333333,0.5208333333333334,0.24509803921568626,0.6821052631578948,0.8195918367346938
2.2500000000000018,1.0,0.8000000000000003,0.6149175061455764,0.3367003367003367,0.5208333333333334,0.24875621890547264,0.6837606837606838,0.8242914979757086
2.2500000000000018,1.0,0.8500000000000003,0.6160056022340894,0.3391003460207612,0.5104166666666666,0.2538860103626943,0.6809421841541756,0.8279742765273312
2.2500000000000018,1.0,0.9000000000000004,0.618277596611186,0.3380281690140845,0.5,0.2553191489361702,0.6838709677419355,0.832933653077538
2.2500000000000018,1.0,0.9500000000000004,0.6188280144569057,0.33691756272401435,0.4895833333333333,0.2568306010928962,0.683982683982684,0.835583796664019
2.2500000000000018,1.0,1.0000000000000004,0.624014777357807,0.34306569343065696,0.4895833333333333,0.2640449438202247,0.6869565217391305,0.8420221169036335
2.2500000000000018,1.0,1.0500000000000005,0.6279358293030284,0.34944237918215615,0.4895833333333333,0.27167630057803466,0.6884531590413944,0.8459119496855346
2.2500000000000018,1.0,1.1000000000000005,0.6301233760641894,0.352059925093633,0.4895833333333333,0.27485380116959063,0.6901098901098901,0.8482003129890454
2.2500000000000018,1.0,1.1500000000000006,0.6309132124183772,0.3533834586466165,0.4895833333333333,0.27647058823529413,0.6888888888888889,0.8504672897196262
2.2500000000000018,1.0,1.2000000000000006,0.6319559134393334,0.3574144486692015,0.4895833333333333,0.281437125748503,0.6859688195991092,0.8524844720496895
2.2500000000000018,1.0,1.2500000000000007,0.6249779479102235,0.3384615384615385,0.4583333333333333,0.2682926829268293,0.6859688195991092,0.8505034856700232
2.2500000000000018,1.0,1.3000000000000007,0.6238463216046729,0.33070866141732286,0.4375,0.26582278481012656,0.6876404494382022,0.8531898539584934
2.2500000000000018,1.0,1.3500000000000008,0.6264561380094567,0.3346613545816733,0.4375,0.2709677419354839,0.6877828054298643,0.8569242540168325
2.2500000000000018,1.0,1.4000000000000008,0.6235376916434845,0.3293172690763052,0.4270833333333333,0.2679738562091503,0.6848072562358276,0.8564885496183207
2.2500000000000018,1.0,1.4500000000000008,0.6233812597592511,0.3319838056680162,0.4270833333333333,0.271523178807947,0.680365296803653,0.8577946768060837
2.2500000000000018,1.0,1.5000000000000009,0.6220270971502498,0.32653061224489793,0.4166666666666667,0.2684563758389262,0.6804597701149425,0.8590909090909091
2.2500000000000018,1.0,1.550000000000001,0.6166039026215386,0.30962343096234307,0.3854166666666667,0.25874125874125875,0.6804597701149425,0.8597285067873304
2.2500000000000018,1.0,1.600000000000001,0.6208525888405442,0.3162393162393162,0.3854166666666667,0.26811594202898553,0.6836027713625866,0.8627156789197299
2.2500000000000018,1.0,1.650000000000001,0.6210978426289184,0.31896551724137934,0.3854166666666667,0.27205882352941174,0.6805555555555556,0.8637724550898204
2.2500000000000018,1.0,1.700000000000001,0.6214135278935459,0.3203463203463203,0.3854166666666667,0.2740740740740741,0.6790697674418604,0.864824495892457
2.2500000000000018,1.0,1.750000000000001,0.6198103319045277,0.3157894736842105,0.375,0.2727272727272727,0.677570093457944,0.8660714285714286
2.2500000000000018,1.0,1.8000000000000012,0.6184343129252502,0.3157894736842105,0.375,0.2727272727272727,0.6745283018867925,0.8649851632047477
2.2500000000000018,1.0,1.8500000000000012,0.6166572812936485,0.31718061674008813,0.375,0.2748091603053435,0.6682464454976303,0.8645447816432272
2.2500000000000018,1.0,1.9000000000000012,0.6182136692330782,0.3185840707964602,0.375,0.27692307692307694,0.669833729216152,0.8662232076866223
2.2500000000000018,1.0,1.9500000000000013,0.6169447312961777,0.3185840707964602,0.375,0.27692307692307694,0.6666666666666666,0.8655834564254062
2.2500000000000018,1.0,2.0000000000000013,0.6174194881625222,0.32432432432432434,0.375,0.2857142857142857,0.6602870813397129,0.8676470588235294
2.2500000000000018,1.0,2.0500000000000016,0.6221191861496373,0.3302752293577982,0.375,0.29508196721311475,0.6634615384615384,0.8726207906295754
2.2500000000000018,1.0,2.1000000000000014,0.6221191861496373,0.3302752293577982,0.375,0.29508196721311475,0.6634615384615384,0.8726207906295754
2.2500000000000018,1.0,2.1500000000000012,0.623687959214275,0.3333333333333333,0.375,0.3,0.6634615384615384,0.8742690058479532
2.2500000000000018,1.0,2.2000000000000015,0.6251078576218888,0.3364485981308411,0.375,0.3050847457627119,0.6650602409638554,0.8738147337709701
2.2500000000000018,1.0,2.2500000000000018,0.6254254799307476,0.33962264150943394,0.375,0.3103448275862069,0.6618357487922706,0.8748180494905385
2.2500000000000018,1.0,2.3000000000000016,0.6254254799307476,0.33962264150943394,0.375,0.3103448275862069,0.6618357487922706,0.8748180494905385
2.2500000000000018,1.0,2.3500000000000014,0.6278675942456023,0.3444976076555024,0.375,0.3185840707964602,0.6618357487922706,0.8772694262890341
2.2500000000000018,1.0,2.4000000000000017,0.6286912583056964,0.34615384615384615,0.375,0.32142857142857145,0.6618357487922706,0.8780841799709724
2.2500000000000018,1.0,2.450000000000002,0.629519862580997,0.34782608695652173,0.375,0.32432432432432434,0.6618357487922706,0.8788977519941987
2.2500000000000018,1.0,2.5000000000000018,0.6282275327227428,0.34782608695652173,0.375,0.32432432432432434,0.6585956416464891,0.8782608695652174
2.2500000000000018,1.0,2.5500000000000016,0.6280548507644842,0.34782608695652173,0.375,0.32432432432432434,0.6585365853658537,0.8778018799710774
2.2500000000000018,1.0,2.600000000000002,0.626273408255133,0.34951456310679613,0.375,0.32727272727272727,0.6519607843137255,0.8773448773448773
2.3000000000000016,1.0,0.5,0.5775620928947833,0.2969187675070028,0.5520833333333334,0.20306513409961685,0.6721311475409836,0.7636363636363637
2.3000000000000016,1.0,0.55,0.5827351053370694,0.2994350282485876,0.5520833333333334,0.2054263565891473,0.6776859504132231,0.7710843373493976
2.3000000000000016,1.0,0.6000000000000001,0.5908979838807341,0.30678466076696165,0.5416666666666666,0.2139917695473251,0.6804979253112033,0.7854113655640373
2.3000000000000016,1.0,0.6500000000000001,0.5961314347051796,0.3119266055045872,0.53125,0.22077922077922077,0.6804979253112033,0.7959697732997482
2.3000000000000016,1.0,0.7000000000000002,0.6002674970812331,0.3184713375796178,0.5208333333333334,0.22935779816513763,0.6750524109014675,0.8072787427626137
2.3000000000000016,1.0,0.7500000000000002,0.608185521445534,0.32786885245901637,0.5208333333333334,0.23923444976076555,0.679324894514768,0.8173628173628174
2.3000000000000016,1.0,0.8000000000000003,0.6129096935025897,0.33444816053511706,0.5208333333333334,0.24630541871921183,0.6809421841541756,0.8233387358184765
2.3000000000000016,1.0,0.8500000000000003,0.6153870450554131,0.3412969283276451,0.5208333333333334,0.25380710659898476,0.6781115879828327,0.8267526188557615
2.3000000000000016,1.0,0.9000000000000004,0.6162329394743188,0.3356643356643357,0.5,0.25263157894736843,0.6810344827586207,0.832
2.3000000000000016,1.0,0.9500000000000004,0.6189585700884572,0.3404255319148936,0.5,0.25806451612903225,0.6811279826464208,0.8353221957040573
2.3000000000000016,1.0,1.0000000000000004,0.6212119714965285,0.33935018050541516,0.4895833333333333,0.2596685082872928,0.6840958605664488,0.8401898734177216
2.3000000000000016,1.0,1.0500000000000005,0.6263434954394621,0.34686346863468637,0.4895833333333333,0.26857142857142857,0.6855895196506551,0.8465774980330448
2.3000000000000016,1.0,1.1000000000000005,0.627988468102144,0.34944237918215615,0.4895833333333333,0.27167630057803466,0.6872246696035242,0.8472983555207517
2.3000000000000016,1.0,1.1500000000000006,0.6294986781374561,0.352059925093633,0.4895833333333333,0.27485380116959063,0.6859688195991092,0.8504672897196262
2.3000000000000016,1.0,1.2000000000000006,0.6297818490035471,0.35471698113207545,0.4895833333333333,0.2781065088757396,0.6830357142857143,0.8515928515928516
2.3000000000000016,1.0,1.2500000000000007,0.6259033184550228,0.3435114503816794,0.46875,0.2710843373493976,0.6830357142857143,0.8511627906976744
2.3000000000000016,1.0,1.3000000000000007,0.6233660470948607,0.3333333333333333,0.4479166666666667,0.2654320987654321,0.6846846846846847,0.8520801232665639
2.3000000000000016,1.0,1.3500000000000008,0.6250216145286644,0.3333333333333333,0.4375,0.2692307692307692,0.6848072562358276,0.8569242540168325
2.3000000000000016,1.0,1.4000000000000008,0.6221022438121674,0.328,0.4270833333333333,0.2662337662337662,0.6818181818181818,0.8564885496183207
2.3000000000000016,1.0,1.4500000000000008,0.6211960751343323,0.3293172690763052,0.4270833333333333,0.2679738562091503,0.6773455377574371,0.8569254185692542
2.3000000000000016,1.0,1.5000000000000009,0.6223138675412404,0.33064516129032256,0.4270833333333333,0.26973684210526316,0.6774193548387096,0.858877086494689
2.3000000000000016,1.0,1.550000000000001,0.6155619966969371,0.3114754098360656,0.3958333333333333,0.25675675675675674,0.6774193548387096,0.8577912254160364
2.3000000000000016,1.0,1.600000000000001,0.6167782240071397,0.30833333333333335,0.3854166666666667,0.2569444444444444,0.6805555555555556,0.8614457831325302
2.3000000000000016,1.0,1.650000000000001,0.6188849546966286,0.3162393162393162,0.3854166666666667,0.26811594202898553,0.6774941995359629,0.8629213483146068
2.3000000000000016,1.0,1.700000000000001,0.6191877754071021,0.31759656652360513,0.3854166666666667,0.27007299270072993,0.675990675990676,0.8639760837070254
2.3000000000000016,1.0,1.750000000000001,0.619488228360833,0.31896551724137934,0.3854166666666667,0.27205882352941174,0.6744730679156908,0.8650260999254288
2.3000000000000016,1.0,1.8000000000000012,0.6169301475361554,0.314410480349345,0.375,0.2706766917293233,0.6713947990543735,0.8649851632047477
2.3000000000000016,1.0,1.8500000000000012,0.6143991064816575,0.314410480349345,0.375,0.2706766917293233,0.665083135391924,0.8637037037037038
2.3000000000000016,1.0,1.9000000000000012,0.6159469185784975,0.3157894736842105,0.375,0.2727272727272727,0.6666666666666666,0.8653846153846154
2.3000000000000016,1.0,1.9500000000000013,0.6154161866796676,0.31718061674008813,0.375,0.2748091603053435,0.6634844868735084,0.8655834564254062
2.3000000000000016,1.0,2.0000000000000013,0.6128539139761443,0.31718061674008813,0.375,0.2748091603053435,0.657074340527578,0.8643067846607669
2.3000000000000016,1.0,2.0500000000000016,0.619000186998175,0.3257918552036199,0.375,0.288,0.6602409638554216,0.8709677419354839
2.3000000000000016,1.0,2.1000000000000014,0.6205429592575561,0.3287671232876712,0.375,0.2926829268292683,0.6602409638554216,0.8726207906295754
2.3000000000000016,1.0,2.1500000000000012,0.6205429592575561,0.3287671232876712,0.375,0.2926829268292683,0.6602409638554216,0.8726207906295754
2.3000000000000016,1.0,2.2000000000000015,0.6227205942851769,0.3333333333333333,0.375,0.3,0.6618357487922706,0.872992700729927
2.3000000000000016,1.0,2.2500000000000018,0.6235114011644911,0.33488372093023255,0.375,0.3025210084033613,0.6618357487922706,0.8738147337709701
2.3000000000000016,1.0,2.3000000000000016,0.6254254799307476,0.33962264150943394,0.375,0.3103448275862069,0.6618357487922706,0.8748180494905385
2.3000000000000016,1.0,2.3500000000000014,0.6254254799307476,0.33962264150943394,0.375,0.3103448275862069,0.6618357487922706,0.8748180494905385
2.3000000000000016,1.0,2.4000000000000017,0.6278675942456023,0.3444976076555024,0.375,0.3185840707964602,0.6618357487922706,0.8772694262890341
2.3000000000000016,1.0,2.450000000000002,0.6286912583056964,0.34615384615384615,0.375,0.32142857142857145,0.6618357487922706,0.8780841799709724
2.3000000000000016,1.0,2.5000000000000018,0.6282275327227428,0.34782608695652173,0.375,0.32432432432432434,0.6585956416464891,0.8782608695652174
2.3000000000000016,1.0,2.5500000000000016,0.6280548507644842,0.34782608695652173,0.375,0.32432432432432434,0.6585365853658537,0.8778018799710774
2.3000000000000016,1.0,2.600000000000002,0.6254403890997094,0.34782608695652173,0.375,0.32432432432432434,0.6519607843137255,0.8765342960288809
2.3500000000000014,1.0,0.5,0.5776598984006391,0.3021978021978022,0.5729166666666666,0.20522388059701493,0.6707818930041153,0.76
2.3500000000000014,1.0,0.55,0.5836012238613647,0.30337078651685395,0.5625,0.2076923076923077,0.6763485477178424,0.7710843373493976
2.3500000000000014,1.0,0.6000000000000001,0.5905173537230566,0.30903790087463556,0.5520833333333334,0.2145748987854251,0.6791666666666667,0.7833474936278675
2.3500000000000014,1.0,0.6500000000000001,0.5944637877135771,0.3123123123123123,0.5416666666666666,0.21940928270042195,0.6791666666666667,0.7919123841617524
2.3500000000000014,1.0,0.7000000000000002,0.5999137767195498,0.32075471698113206,0.53125,0.22972972972972974,0.6736842105263158,0.8053024026512013
2.3500000000000014,1.0,0.7500000000000002,0.6076967712608067,0.32903225806451614,0.53125,0.2383177570093458,0.6779661016949152,0.8160919540229885
2.3500000000000014,1.0,0.8000000000000003,0.6125440424226755,0.33663366336633666,0.53125,0.2463768115942029,0.6795698924731183,0.8214285714285714
2.3500000000000014,1.0,0.8500000000000003,0.614145615924082,0.3411371237458194,0.53125,0.2512315270935961,0.6767241379310345,0.824575586095392
2.3500000000000014,1.0,0.9000000000000004,0.6152044984128583,0.33676975945017185,0.5104166666666666,0.2512820512820513,0.6796536796536796,0.8291900561347233
2.3500000000000014,1.0,0.9500000000000004,0.6186206800690045,0.34265734265734266,0.5104166666666666,0.2578947368421053,0.6797385620915033,0.8334661354581673
2.3500000000000014,1.0,1.0000000000000004,0.620189830154202,0.3404255319148936,0.5,0.25806451612903225,0.6827133479212254,0.8374306106264869
2.3500000000000014,1.0,1.0500000000000005,0.6252950645713172,0.34782608695652173,0.5,0.26666666666666666,0.6842105263157895,0.8438485804416404
2.3500000000000014,1.0,1.1000000000000005,0.6283922895870696,0.35294117647058826,0.5,0.2727272727272727,0.6858407079646017,0.8463949843260188
2.3500000000000014,1.0,1.1500000000000006,0.6306361238429874,0.35687732342007433,0.5,0.2774566473988439,0.6845637583892618,0.8504672897196262
2.3500000000000014,1.0,1.2000000000000006,0.6294323735555588,0.35687732342007433,0.5,0.2774566473988439,0.6816143497757847,0.8498054474708171
2.3500000000000014,1.0,1.2500000000000007,0.6316670258215239,0.3609022556390977,0.5,0.2823529411764706,0.6816143497757847,0.8524844720496895
2.3500000000000014,1.0,1.3000000000000007,0.6254761642370679,0.34220532319391633,0.46875,0.2694610778443114,0.6832579185520362,0.850965250965251
2.3500000000000014,1.0,1.3500000000000008,0.6264688949474175,0.34108527131782945,0.4583333333333333,0.2716049382716049,0.683371298405467,0.8549501151189562
2.3500000000000014,1.0,1.4000000000000008,0.6250723623729515,0.33858267716535434,0.4479166666666667,0.2721518987341772,0.680365296803653,0.8562691131498471
2.3500000000000014,1.0,1.4500000000000008,0.6217500795172355,0.3333333333333333,0.4375,0.2692307692307692,0.6758620689655173,0.856054836252856
2.3500000000000014,1.0,1.5000000000000009,0.6228659702425988,0.3346613545816733,0.4375,0.2709677419354839,0.6759259259259259,0.8580106302201974
2.3500000000000014,1.0,1.550000000000001,0.6243391841592072,0.3373493975903614,0.4375,0.27450980392156865,0.6759259259259259,0.8597422289613343
2.3500000000000014,1.0,1.600000000000001,0.6192714909570673,0.3183673469387755,0.40625,0.26174496644295303,0.6790697674418604,0.8603773584905661
2.3500000000000014,1.0,1.650000000000001,0.618388911364118,0.31666666666666665,0.3958333333333333,0.2638888888888889,0.675990675990676,0.8625093914350113
2.3500000000000014,1.0,1.700000000000001,0.6198777895380645,0.3220338983050847,0.3958333333333333,0.2714285714285714,0.6744730679156908,0.8631264023934181
2.3500000000000014,1.0,1.750000000000001,0.6209178670607806,0.3247863247863248,0.3958333333333333,0.2753623188405797,0.6729411764705883,0.8650260999254288
2.3500000000000014,1.0,1.8000000000000012,0.6169096528146888,0.31759656652360513,0.3854166666666667,0.27007299270072993,0.669833729216152,0.8632986627043091
2.3500000000000014,1.0,1.8500000000000012,0.6158448369745108,0.3203463203463203,0.3854166666666667,0.2740740740740741,0.6634844868735084,0.8637037037037038
2.3500000000000014,1.0,1.9000000000000012,0.6173985053847754,0.3217391304347826,0.3854166666666667,0.27611940298507465,0.6650717703349283,0.8653846153846154
2.3500000000000014,1.0,1.9500000000000013,0.616866021608674,0.3231441048034934,0.3854166666666667,0.2781954887218045,0.6618705035971223,0.8655834564254062
2.3500000000000014,1.0,2.0000000000000013,0.6142908587370828,0.3231441048034934,0.3854166666666667,0.2781954887218045,0.655421686746988,0.8643067846607669
2.3500000000000014,1.0,2.0500000000000016,0.6166569596188373,0.32456140350877194,0.3854166666666667,0.2803030303030303,0.6585956416464891,0.8668138337012509
2.3500000000000014,1.0,2.1000000000000014,0.6212412822582314,0.3333333333333333,0.3854166666666667,0.29365079365079366,0.6585956416464891,0.8717948717948718
2.3500000000000014,1.0,2.1500000000000012,0.6220193537451135,0.334841628959276,0.3854166666666667,0.296,0.6585956416464891,0.8726207906295754
2.3500000000000014,1.0,2.2000000000000015,0.6223394156743561,0.334841628959276,0.3854166666666667,0.296,0.6601941747572816,0.8719824433065106
2.3500000000000014,1.0,2.2500000000000018,0.6242121389238707,0.3394495412844037,0.3854166666666667,0.30327868852459017,0.6601941747572816,0.872992700729927
2.3500000000000014,1.0,2.3000000000000016,0.6250075778043481,0.34101382488479265,0.3854166666666667,0.30578512396694213,0.6601941747572816,0.8738147337709701
2.3500000000000014,1.0,2.3500000000000014,0.6269355389237282,0.34579439252336447,0.3854166666666667,0.3135593220338983,0.6601941747572816,0.8748180494905385
2.3500000000000014,1.0,2.4000000000000017,0.6269355389237282,0.34579439252336447,0.3854166666666667,0.3135593220338983,0.6601941747572816,0.8748180494905385
2.3500000000000014,1.0,2.450000000000002,0.6293915005067497,0.35071090047393366,0.3854166666666667,0.3217391304347826,0.6601941747572816,0.8772694262890341
2.3500000000000014,1.0,2.5000000000000018,0.6289208948736905,0.3523809523809524,0.3854166666666667,0.32456140350877194,0.656934306569343,0.8774474256707759
2.3500000000000014,1.0,2.5500000000000016,0.6295772035716832,0.35406698564593303,0.3854166666666667,0.3274336283185841,0.6568627450980392,0.8778018799710774
2.3500000000000014,1.0,2.600000000000002,0.6269491956978444,0.35406698564593303,0.3854166666666667,0.3274336283185841,0.6502463054187192,0.8765342960288809
2.4000000000000017,1.0,0.5,0.577437290712918,0.30727762803234504,0.59375,0.20727272727272728,0.668041237113402,0.756993006993007
2.4000000000000017,1.0,0.55,0.5824006731164776,0.3025210084033613,0.5625,0.20689655172413793,0.6735966735966736,0.7710843373493976
2.4000000000000017,1.0,0.6000000000000001,0.5860970369191836,0.3037249283667622,0.5520833333333334,0.20948616600790515,0.6764091858037579,0.7781569965870307
2.4000000000000017,1.0,0.6500000000000001,0.5925835691791389,0.31044776119402984,0.5416666666666666,0.2175732217573222,0.6764091858037579,0.790893760539629
2.4000000000000017,1.0,0.7000000000000002,0.5992847177908165,0.32298136645962733,0.5416666666666666,0.23008849557522124,0.6708860759493671,0.8039867109634552
2.4000000000000017,1.0,0.7500000000000002,0.6050608555866988,0.3258785942492013,0.53125,0.2350230414746544,0.6751592356687898,0.8141447368421053
2.4000000000000017,1.0,0.8000000000000003,0.6112263417163598,0.3355263157894737,0.53125,0.24519230769230768,0.6767241379310345,0.8214285714285714
2.4000000000000017,1.0,0.8500000000000003,0.6121203726918955,0.3388704318936877,0.53125,0.24878048780487805,0.673866090712743,0.8236245954692557
2.4000000000000017,1.0,0.9000000000000004,0.617378097762011,0.34576271186440677,0.53125,0.2562814070351759,0.6767895878524945,0.8295819935691319
2.4000000000000017,1.0,0.9500000000000004,0.6158534637523907,0.3391003460207612,0.5104166666666666,0.2538860103626943,0.6768558951965066,0.8316041500399042
2.4000000000000017,1.0,1.0000000000000004,0.6188259289569951,0.3392226148409894,0.5,0.25668449197860965,0.6798245614035088,0.8374306106264869
2.4000000000000017,1.0,1.0500000000000005,0.6217608478478044,0.34285714285714286,0.5,0.2608695652173913,0.6813186813186813,0.841106719367589
2.4000000000000017,1.0,1.1000000000000005,0.6267835387671181,0.35036496350364965,0.5,0.2696629213483146,0.6829268292682927,0.8470588235294118
2.4000000000000017,1.0,1.1500000000000006,0.6277431577347504,0.35294117647058826,0.5,0.2727272727272727,0.6816143497757847,0.8486739469578783
2.4000000000000017,1.0,1.2000000000000006,0.6280042294732103,0.35555555555555557,0.5,0.27586206896551724,0.6786516853932584,0.8498054474708171
2.4000000000000017,1.0,1.2500000000000007,0.6294844974033302,0.3582089552238806,0.5,0.27906976744186046,0.6786516853932584,0.8515928515928516
2.4000000000000017,1.0,1.3000000000000007,0.6286456944482519,0.3533834586466165,0.4895833333333333,0.27647058823529413,0.6802721088435374,0.8522815158546017
2.4000000000000017,1.0,1.3500000000000008,0.6259076336771621,0.3435114503816794,0.46875,0.2710843373493976,0.680365296803653,0.8538461538461538
2.4000000000000017,1.0,1.4000000000000008,0.6228923566306989,0.3359375,0.4479166666666667,0.26875,0.6773455377574371,0.8553940321346595
2.4000000000000017,1.0,1.4500000000000008,0.6202939021457899,0.33201581027667987,0.4375,0.267515923566879,0.6728110599078341,0.856054836252856
2.4000000000000017,1.0,1.5000000000000009,0.6206708319086004,0.33201581027667987,0.4375,0.267515923566879,0.6728538283062645,0.8571428571428571
2.4000000000000017,1.0,1.550000000000001,0.6221307564608756,0.3346613545816733,0.4375,0.2709677419354839,0.6728538283062645,0.858877086494689
2.4000000000000017,1.0,1.600000000000001,0.6220416296970623,0.3293172690763052,0.4270833333333333,0.2679738562091503,0.675990675990676,0.8608169440242057
2.4000000000000017,1.0,1.650000000000001,0.617284111737505,0.3183673469387755,0.40625,0.26174496644295303,0.6728971962616822,0.8605877920120573
2.4000000000000017,1.0,1.700000000000001,0.6176548941805504,0.31932773109243695,0.3958333333333333,0.2676056338028169,0.6713615023474179,0.8622754491017964
2.4000000000000017,1.0,1.750000000000001,0.6179390900511058,0.3206751054852321,0.3958333333333333,0.2695035460992908,0.6698113207547169,0.8633308439133682
2.4000000000000017,1.0,1.8000000000000012,0.6180038141439708,0.32340425531914896,0.3958333333333333,0.2733812949640288,0.6666666666666666,0.8639405204460967
2.4000000000000017,1.0,1.8500000000000012,0.6143187674282653,0.31896551724137934,0.3854166666666667,0.27205882352941174,0.6602870813397129,0.8637037037037038
2.4000000000000017,1.0,1.9000000000000012,0.6151269341605763,0.31896551724137934,0.3854166666666667,0.27205882352941174,0.6618705035971223,0.8645447816432272
2.4000000000000017,1.0,1.9500000000000013,0.6145817258622136,0.3203463203463203,0.3854166666666667,0.2740740740740741,0.6586538461538461,0.8647450110864745
2.4000000000000017,1.0,2.0000000000000013,0.6127399427130092,0.3217391304347826,0.3854166666666667,0.27611940298507465,0.6521739130434783,0.8643067846607669
2.4000000000000017,1.0,2.0500000000000016,0.6143527725677748,0.3217391304347826,0.3854166666666667,0.27611940298507465,0.6553398058252428,0.865979381443299
2.4000000000000017,1.0,2.1000000000000014,0.6150992481099956,0.3231441048034934,0.3854166666666667,0.2781954887218045,0.6553398058252428,0.8668138337012509
2.4000000000000017,1.0,2.1500000000000012,0.619657747547512,0.33183856502242154,0.3854166666666667,0.29133858267716534,0.6553398058252428,0.8717948717948718
2.4000000000000017,1.0,2.2000000000000015,0.6207500277363956,0.3333333333333333,0.3854166666666667,0.29365079365079366,0.656934306569343,0.8719824433065106
2.4000000000000017,1.0,2.2500000000000018,0.6207500277363956,0.3333333333333333,0.3854166666666667,0.29365079365079366,0.656934306569343,0.8719824433065106
2.4000000000000017,1.0,2.3000000000000016,0.6226088502260885,0.3378995433789954,0.3854166666666667,0.3008130081300813,0.656934306569343,0.872992700729927
2.4000000000000017,1.0,2.3500000000000014,0.623399527208239,0.3394495412844037,0.3854166666666667,0.30327868852459017,0.656934306569343,0.8738147337709701
2.4000000000000017,1.0,2.4000000000000017,0.6253128008571699,0.34418604651162793,0.3854166666666667,0.31092436974789917,0.656934306569343,0.8748180494905385
2.4000000000000017,1.0,2.450000000000002,0.6253128008571699,0.34418604651162793,0.3854166666666667,0.31092436974789917,0.656934306569343,0.8748180494905385
2.4000000000000017,1.0,2.5000000000000018,0.6264493138400179,0.3490566037735849,0.3854166666666667,0.31896551724137934,0.6536585365853659,0.8766328011611031
2.4000000000000017,1.0,2.5500000000000016,0.627087807930189,0.35071090047393366,0.3854166666666667,0.3217391304347826,0.6535626535626535,0.8769898697539797
2.4000000000000017,1.0,2.600000000000002,0.6252762762189156,0.3523809523809524,0.3854166666666667,0.32456140350877194,0.6469135802469136,0.8765342960288809
2.450000000000002,1.0,0.5,0.5791748290636711,0.3118279569892473,0.6041666666666666,0.21014492753623187,0.668041237113402,0.757655293088364
2.450000000000002,1.0,0.55,0.5824006731164776,0.3025210084033613,0.5625,0.20689655172413793,0.6735966735966736,0.7710843373493976
2.450000000000002,1.0,0.6000000000000001,0.5853765833013626,0.3050847457627119,0.5625,0.20930232558139536,0.6764091858037579,0.7746358183376179
2.450000000000002,1.0,0.6500000000000001,0.5912886261338,0.3086053412462908,0.5416666666666666,0.2157676348547718,0.6764091858037579,0.7888513513513513
2.450000000000002,1.0,0.7000000000000002,0.5966348269524475,0.31901840490797545,0.5416666666666666,0.22608695652173913,0.6708860759493671,0.8
2.450000000000002,1.0,0.7500000000000002,0.6023856067617652,0.3217665615141956,0.53125,0.23076923076923078,0.6751592356687898,0.8102310231023102
2.450000000000002,1.0,0.8000000000000003,0.6090370700474037,0.33116883116883117,0.53125,0.24056603773584906,0.6767241379310345,0.8192182410423453
2.450000000000002,1.0,0.8500000000000003,0.6114288332869773,0.33774834437086093,0.53125,0.24757281553398058,0.673866090712743,0.8226720647773279
2.450000000000002,1.0,0.9000000000000004,0.6166748562031997,0.34459459459459457,0.53125,0.255,0.6767895878524945,0.82864038616251
2.450000000000002,1.0,0.9500000000000004,0.6158534637523907,0.3391003460207612,0.5104166666666666,0.2538860103626943,0.6768558951965066,0.8316041500399042
2.450000000000002,1.0,1.0000000000000004,0.6195766389264842,0.34265734265734266,0.5104166666666666,0.2578947368421053,0.6798245614035088,0.8362480127186009
2.450000000000002,1.0,1.0500000000000005,0.6203385962823978,0.3404255319148936,0.5,0.25806451612903225,0.6813186813186813,0.8392715756136183
2.450000000000002,1.0,1.1000000000000005,0.6253334544001542,0.34782608695652173,0.5,0.26666666666666666,0.6829268292682927,0.845247446975648
2.450000000000002,1.0,1.1500000000000006,0.6270126256893882,0.3516483516483517,0.5,0.2711864406779661,0.6816143497757847,0.8477751756440282
2.450000000000002,1.0,1.2000000000000006,0.6280042294732103,0.35555555555555557,0.5,0.27586206896551724,0.6786516853932584,0.8498054474708171
2.450000000000002,1.0,1.2500000000000007,0.6280042294732103,0.35555555555555557,0.5,0.27586206896551724,0.6786516853932584,0.8498054474708171
2.450000000000002,1.0,1.3000000000000007,0.6309212823706262,0.3595505617977528,0.5,0.2807017543859649,0.6802721088435374,0.8529411764705882
2.450000000000002,1.0,1.3500000000000008,0.6244515036597692,0.3409090909090909,0.46875,0.26785714285714285,0.680365296803653,0.8520801232665639
2.450000000000002,1.0,1.4000000000000008,0.6238027853511281,0.33976833976833976,0.4583333333333333,0.26993865030674846,0.6773455377574371,0.8542944785276073
2.450000000000002,1.0,1.4500000000000008,0.6219670673810728,0.33725490196078434,0.4479166666666667,0.27044025157232704,0.6728110599078341,0.8558352402745996
2.450000000000002,1.0,1.5000000000000009,0.6206708319086004,0.33201581027667987,0.4375,0.267515923566879,0.6728538283062645,0.8571428571428571
2.450000000000002,1.0,1.550000000000001,0.6213992639532652,0.3333333333333333,0.4375,0.2692307692307692,0.6728538283062645,0.8580106302201974
2.450000000000002,1.0,1.600000000000001,0.6237526970594699,0.3346613545816733,0.4375,0.2709677419354839,0.675990675990676,0.8606060606060606
2.450000000000002,1.0,1.650000000000001,0.6158515314913982,0.3157894736842105,0.40625,0.2582781456953642,0.6728971962616822,0.8588679245283019
2.450000000000002,1.0,1.700000000000001,0.6150418219422389,0.31275720164609055,0.3958333333333333,0.2585034013605442,0.6713615023474179,0.8610067618332081
2.450000000000002,1.0,1.750000000000001,0.6179390900511058,0.3206751054852321,0.3958333333333333,0.2695035460992908,0.6698113207547169,0.8633308439133682
2.450000000000002,1.0,1.8000000000000012,0.6172652676889965,0.3220338983050847,0.3958333333333333,0.2714285714285714,0.6666666666666666,0.8630952380952381
2.450000000000002,1.0,1.8500000000000012,0.6154496982131866,0.32340425531914896,0.3958333333333333,0.2733812949640288,0.6602870813397129,0.8626577579806979
2.450000000000002,1.0,1.9000000000000012,0.6151269341605763,0.31896551724137934,0.3854166666666667,0.27205882352941174,0.6618705035971223,0.8645447816432272
2.450000000000002,1.0,1.9500000000000013,0.6138415629463375,0.31896551724137934,0.3854166666666667,0.27205882352941174,0.6586538461538461,0.863905325443787
2.450000000000002,1.0,2.0000000000000013,0.6119962893587152,0.3203463203463203,0.3854166666666667,0.2740740740740741,0.6521739130434783,0.8634686346863468
2.450000000000002,1.0,2.0500000000000016,0.6143527725677748,0.3217391304347826,0.3854166666666667,0.27611940298507465,0.6553398058252428,0.865979381443299
2.450000000000002,1.0,2.1000000000000014,0.6143527725677748,0.3217391304347826,0.3854166666666667,0.27611940298507465,0.6553398058252428,0.865979381443299
2.450000000000002,1.0,2.1500000000000012,0.6150992481099956,0.3231441048034934,0.3854166666666667,0.2781954887218045,0.6553398058252428,0.8668138337012509
2.450000000000002,1.0,2.2000000000000015,0.6207500277363956,0.3333333333333333,0.3854166666666667,0.29365079365079366,0.656934306569343,0.8719824433065106
2.450000000000002,1.0,2.2500000000000018,0.6207500277363956,0.3333333333333333,0.3854166666666667,0.29365079365079366,0.656934306569343,0.8719824433065106
2.450000000000002,1.0,2.3000000000000016,0.6207500277363956,0.3333333333333333,0.3854166666666667,0.29365079365079366,0.656934306569343,0.8719824433065106
2.450000000000002,1.0,2.3500000000000014,0.6226088502260885,0.3378995433789954,0.3854166666666667,0.3008130081300813,0.656934306569343,0.872992700729927
2.450000000000002,1.0,2.4000000000000017,0.623399527208239,0.3394495412844037,0.3854166666666667,0.30327868852459017,0.656934306569343,0.8738147337709701
2.450000000000002,1.0,2.450000000000002,0.6253128008571699,0.34418604651162793,0.3854166666666667,0.31092436974789917,0.656934306569343,0.8748180494905385
2.450000000000002,1.0,2.5000000000000018,0.6240088004262706,0.34418604651162793,0.3854166666666667,0.31092436974789917,0.6536585365853659,0.8741818181818182
2.450000000000002,1.0,2.5500000000000016,0.626265313632958,0.3490566037735849,0.3854166666666667,0.31896551724137934,0.6535626535626535,0.8761766835626358
2.450000000000002,1.0,2.600000000000002,0.6244490080244828,0.35071090047393366,0.3854166666666667,0.3217391304347826,0.6469135802469136,0.8757225433526011
2.5000000000000018,1.0,0.5,0.5821550535385412,0.3191489361702128,0.625,0.21428571428571427,0.6694214876033058,0.7578947368421053
2.5000000000000018,1.0,0.55,0.5806907800130179,0.29916897506925205,0.5625,0.2037735849056604,0.675,0.7679033649698016
2.5000000000000018,1.0,0.6000000000000001,0.584926653319886,0.30337078651685395,0.5625,0.2076923076923077,0.6778242677824268,0.7735849056603774
2.5000000000000018,1.0,0.6500000000000001,0.5907578447403665,0.30903790087463556,0.5520833333333334,0.2145748987854251,0.6778242677824268,0.7854113655640373
2.5000000000000018,1.0,0.7000000000000002,0.5922135374432947,0.31137724550898205,0.5416666666666666,0.2184873949579832,0.6723044397463002,0.7929589270746018
2.5000000000000018,1.0,0.7500000000000002,0.6018645052983621,0.31974921630094044,0.53125,0.22869955156950672,0.676595744680851,0.8092485549132948
2.5000000000000018,1.0,0.8000000000000003,0.6076893352456451,0.3269230769230769,0.53125,0.2361111111111111,0.6781857451403888,0.8179591836734694
2.5000000000000018,1.0,0.8500000000000003,0.6101710910134986,0.3344262295081967,0.53125,0.24401913875598086,0.6753246753246753,0.8207623682076237
2.5000000000000018,1.0,0.9000000000000004,0.6145347545083625,0.3388704318936877,0.53125,0.24878048780487805,0.6782608695652174,0.8264729620661824
2.5000000000000018,1.0,0.9500000000000004,0.6159788685282666,0.3401360544217687,0.5208333333333334,0.25252525252525254,0.6783369803063457,0.8294635708566853
2.5000000000000018,1.0,1.0000000000000004,0.6182713105993471,0.3391003460207612,0.5104166666666666,0.2538860103626943,0.6813186813186813,0.8343949044585988
2.5000000000000018,1.0,1.0500000000000005,0.6197331249259861,0.3380281690140845,0.5,0.2553191489361702,0.6828193832599119,0.838351822503962
2.5000000000000018,1.0,1.1000000000000005,0.6232737574469858,0.34285714285714286,0.5,0.2608695652173913,0.6844444444444444,0.84251968503937
2.5000000000000018,1.0,1.1500000000000006,0.6268914921688798,0.3490909090909091,0.5,0.2681564245810056,0.6831460674157304,0.8484375
2.5000000000000018,1.0,1.2000000000000006,0.626613667533387,0.3516483516483517,0.5,0.2711864406779661,0.6801801801801802,0.848012470771629
2.5000000000000018,1.0,1.2500000000000007,0.6280763900288072,0.35424354243542433,0.5,0.2742857142857143,0.6801801801801802,0.8498054474708171
2.5000000000000018,1.0,1.3000000000000007,0.6302493925284246,0.35687732342007433,0.5,0.2774566473988439,0.6818181818181818,0.8520526723470179
2.5000000000000018,1.0,1.3500000000000008,0.6291257278727889,0.352059925093633,0.4895833333333333,0.27485380116959063,0.6819221967963387,0.8533950617283951
2.5000000000000018,1.0,1.4000000000000008,0.6240386219285302,0.3409090909090909,0.46875,0.26785714285714285,0.6788990825688074,0.8523076923076923
2.5000000000000018,1.0,1.4500000000000008,0.6213190261098415,0.3346303501945525,0.4479166666666667,0.2670807453416149,0.674364896073903,0.8549618320610687
2.5000000000000018,1.0,1.5000000000000009,0.6224271744068056,0.3359375,0.4479166666666667,0.26875,0.6744186046511628,0.8569254185692542
2.5000000000000018,1.0,1.550000000000001,0.6207567077371142,0.33070866141732286,0.4375,0.26582278481012656,0.6744186046511628,0.8571428571428571
2.5000000000000018,1.0,1.600000000000001,0.6231093775653194,0.33201581027667987,0.4375,0.267515923566879,0.677570093457944,0.8597422289613343
2.5000000000000018,1.0,1.650000000000001,0.6233171221738566,0.3346613545816733,0.4375,0.2709677419354839,0.6744730679156908,0.8608169440242057
2.5000000000000018,1.0,1.700000000000001,0.6162234697303145,0.3157894736842105,0.40625,0.2582781456953642,0.6729411764705883,0.8599397590361446
2.5000000000000018,1.0,1.750000000000001,0.6161219113819466,0.3140495867768595,0.3958333333333333,0.2602739726027397,0.6713947990543735,0.8629213483146068
2.5000000000000018,1.0,1.8000000000000012,0.6166113948676054,0.31932773109243695,0.3958333333333333,0.2676056338028169,0.6682577565632458,0.8622486969471332
2.5000000000000018,1.0,1.8500000000000012,0.6147861292285411,0.3206751054852321,0.3958333333333333,0.2695035460992908,0.6618705035971223,0.861812778603269
2.5000000000000018,1.0,1.9000000000000012,0.6163323068153828,0.3220338983050847,0.3958333333333333,0.2714285714285714,0.6634615384615384,0.8635014836795252
2.5000000000000018,1.0,1.9500000000000013,0.6139142852742713,0.31759656652360513,0.3854166666666667,0.27007299270072993,0.6602409638554216,0.863905325443787
2.5000000000000018,1.0,2.0000000000000013,0.6113262799448339,0.31759656652360513,0.3854166666666667,0.27007299270072993,0.6537530266343826,0.8626292466765141
2.5000000000000018,1.0,2.0500000000000016,0.6136811743824983,0.31896551724137934,0.3854166666666667,0.27205882352941174,0.656934306569343,0.8651436993367723
2.5000000000000018,1.0,2.1000000000000014,0.6144200027863208,0.3203463203463203,0.3854166666666667,0.2740740740740741,0.656934306569343,0.865979381443299
2.5000000000000018,1.0,2.1500000000000012,0.6144200027863208,0.3203463203463203,0.3854166666666667,0.2740740740740741,0.656934306569343,0.865979381443299
2.5000000000000018,1.0,2.2000000000000015,0.6162300806564981,0.3231441048034934,0.3854166666666667,0.2781954887218045,0.6585365853658537,0.8670095518001469
2.5000000000000018,1.0,2.2500000000000018,0.6207858645649286,0.33183856502242154,0.3854166666666667,0.29133858267716534,0.6585365853658537,0.8719824433065106
2.5000000000000018,1.0,2.3000000000000016,0.6207858645649286,0.33183856502242154,0.3854166666666667,0.29133858267716534,0.6585365853658537,0.8719824433065106
2.5000000000000018,1.0,2.3500000000000014,0.6207858645649286,0.33183856502242154,0.3854166666666667,0.29133858267716534,0.6585365853658537,0.8719824433065106
2.5000000000000018,1.0,2.4000000000000017,0.622630974153139,0.33636363636363636,0.3854166666666667,0.29838709677419356,0.6585365853658537,0.872992700729927
2.5000000000000018,1.0,2.450000000000002,0.6234169541719398,0.3378995433789954,0.3854166666666667,0.3008130081300813,0.6585365853658537,0.8738147337709701
2.5000000000000018,1.0,2.5000000000000018,0.6240103781635974,0.3425925925925926,0.3854166666666667,0.30833333333333335,0.6552567237163814,0.8741818181818182
2.5000000000000018,1.0,2.5500000000000016,0.6238316833090201,0.3425925925925926,0.3854166666666667,0.30833333333333335,0.6551724137931034,0.8737300435413643
2.5000000000000018,1.0,2.600000000000002,0.6236141028786206,0.3474178403755869,0.3854166666666667,0.3162393162393162,0.6485148514851485,0.8749096167751266
2.5500000000000016,1.0,0.5,0.5811349489445143,0.31746031746031744,0.625,0.2127659574468085,0.6680497925311203,0.7578947368421053
2.5500000000000016,1.0,0.55,0.5795785510559831,0.2997275204359673,0.5729166666666666,0.2029520295202952,0.6736401673640168,0.7653679653679654
2.5500000000000016,1.0,0.6000000000000001,0.583222154841318,0.3,0.5625,0.20454545454545456,0.6764705882352942,0.7731958762886598
2.5500000000000016,1.0,0.6500000000000001,0.5877937381849292,0.3045977011494253,0.5520833333333334,0.21031746031746032,0.6764705882352942,0.782312925170068
2.5500000000000016,1.0,0.7000000000000002,0.590488200379617,0.3086053412462908,0.5416666666666666,0.2157676348547718,0.6709129511677282,0.7919463087248322
2.5500000000000016,1.0,0.7500000000000002,0.5994272972201665,0.3157894736842105,0.53125,0.22466960352422907,0.6752136752136753,0.8072787427626137
2.5500000000000016,1.0,0.8000000000000003,0.6058641919047686,0.3238095238095238,0.53125,0.2328767123287671,0.6767895878524945,0.8169934640522876
2.5500000000000016,1.0,0.8500000000000003,0.6089743228963806,0.3322475570032573,0.53125,0.24170616113744076,0.6739130434782609,0.8207623682076237
2.5500000000000016,1.0,0.9000000000000004,0.6119525702666985,0.3344262295081967,0.53125,0.24401913875598086,0.6768558951965066,0.824575586095392
2.5500000000000016,1.0,0.9500000000000004,0.6161316707508103,0.3422818791946309,0.53125,0.2524752475247525,0.676923076923077,0.8291900561347233
2.5500000000000016,1.0,1.0000000000000004,0.6163314245311938,0.3356164383561644,0.5104166666666666,0.25,0.6799116997792495,0.8334661354581673
2.5500000000000016,1.0,1.0500000000000005,0.6199296483588519,0.3402777777777778,0.5104166666666666,0.2552083333333333,0.6814159292035398,0.8380952380952381
2.5500000000000016,1.0,1.1000000000000005,0.6198856083579113,0.3368421052631579,0.5,0.25396825396825395,0.6830357142857143,0.8397790055248618
2.5500000000000016,1.0,1.1500000000000006,0.6240464296498343,0.34532374100719426,0.5,0.26373626373626374,0.6801801801801802,0.8466353677621283
2.5500000000000016,1.0,1.2000000000000006,0.6244685655269429,0.3490909090909091,0.5,0.2681564245810056,0.6772009029345373,0.8471138845553822
2.5500000000000016,1.0,1.2500000000000007,0.6266491756253142,0.35294117647058826,0.5,0.2727272727272727,0.6772009029345373,0.8498054474708171
2.5500000000000016,1.0,1.3000000000000007,0.6273427315121811,0.35294117647058826,0.5,0.2727272727272727,0.6788154897494305,0.8502715283165244
2.5500000000000016,1.0,1.3500000000000008,0.6299434866809785,0.35687732342007433,0.5,0.2774566473988439,0.6788990825688074,0.8540540540540541
2.5500000000000016,1.0,1.4000000000000008,0.62187736868917,0.3383458646616541,0.46875,0.2647058823529412,0.6758620689655173,0.8514241724403387
2.5500000000000016,1.0,1.4500000000000008,0.6200534587832011,0.33587786259541985,0.4583333333333333,0.26506024096385544,0.6712962962962963,0.8529862174578867
2.5500000000000016,1.0,1.5000000000000009,0.6209614800308261,0.3346303501945525,0.4479166666666667,0.2670807453416149,0.6713286713286714,0.8569254185692542
2.5500000000000016,1.0,1.550000000000001,0.619294431059137,0.32941176470588235,0.4375,0.2641509433962264,0.6713286713286714,0.8571428571428571
2.5500000000000016,1.0,1.600000000000001,0.6209206397054207,0.32941176470588235,0.4375,0.2641509433962264,0.6744730679156908,0.858877086494689
2.5500000000000016,1.0,1.650000000000001,0.6211106308292791,0.33201581027667987,0.4375,0.267515923566879,0.6713615023474179,0.8599545798637396
2.5500000000000016,1.0,1.700000000000001,0.6189606354456388,0.32669322709163345,0.4270833333333333,0.2645161290322581,0.6698113207547169,0.8603773584905661
2.5500000000000016,1.0,1.750000000000001,0.614304316823246,0.31451612903225806,0.40625,0.2565789473684211,0.6682464454976303,0.8601503759398497
2.5500000000000016,1.0,1.8000000000000012,0.6143797770631249,0.31666666666666665,0.3958333333333333,0.2638888888888889,0.6650717703349283,0.8614008941877794
2.5500000000000016,1.0,1.8500000000000012,0.6125373402346462,0.3179916317991632,0.3958333333333333,0.26573426573426573,0.6586538461538461,0.8609665427509293
2.5500000000000016,1.0,1.9000000000000012,0.6148058510067264,0.3206751054852321,0.3958333333333333,0.2695035460992908,0.6602409638554216,0.8635014836795252
2.5500000000000016,1.0,1.9500000000000013,0.6135137717340723,0.3206751054852321,0.3958333333333333,0.2695035460992908,0.6570048309178744,0.8628613787991104
2.5500000000000016,1.0,2.0000000000000013,0.6097846666030114,0.3162393162393162,0.3854166666666667,0.26811594202898553,0.6504854368932039,0.8626292466765141
2.5500000000000016,1.0,2.0500000000000016,0.611401545828483,0.3162393162393162,0.3854166666666667,0.26811594202898553,0.6536585365853659,0.8643067846607669
2.5500000000000016,1.0,2.1000000000000014,0.612132934148581,0.31759656652360513,0.3854166666666667,0.27007299270072993,0.6536585365853659,0.8651436993367723
2.5500000000000016,1.0,2.1500000000000012,0.6128678117566814,0.31896551724137934,0.3854166666666667,0.27205882352941174,0.6536585365853659,0.865979381443299
2.5500000000000016,1.0,2.2000000000000015,0.6131881347710564,0.31896551724137934,0.3854166666666667,0.27205882352941174,0.6552567237163814,0.8653421633554084
2.5500000000000016,1.0,2.2500000000000018,0.615414079403835,0.3231441048034934,0.3854166666666667,0.2781954887218045,0.6552567237163814,0.8678414096916299
2.5500000000000016,1.0,2.3000000000000016,0.6191987699600117,0.33035714285714285,0.3854166666666667,0.2890625,0.6552567237163814,0.8719824433065106
2.5500000000000016,1.0,2.3500000000000014,0.6191987699600117,0.33035714285714285,0.3854166666666667,0.2890625,0.6552567237163814,0.8719824433065106
2.5500000000000016,1.0,2.4000000000000017,0.6191987699600117,0.33035714285714285,0.3854166666666667,0.2890625,0.6552567237163814,0.8719824433065106
2.5500000000000016,1.0,2.450000000000002,0.6210303511351948,0.334841628959276,0.3854166666666667,0.296,0.6552567237163814,0.872992700729927
2.5500000000000016,1.0,2.5000000000000018,0.6205007544143198,0.33636363636363636,0.3854166666666667,0.29838709677419356,0.6519607843137255,0.8731778425655977
2.5500000000000016,1.0,2.5500000000000016,0.622198573426003,0.34101382488479265,0.3854166666666667,0.30578512396694213,0.6518518518518519,0.8737300435413643
2.5500000000000016,1.0,2.600000000000002,0.6195462944411051,0.34101382488479265,0.3854166666666667,0.30578512396694213,0.6451612903225806,0.8724637681159421
2.600000000000002,1.0,0.5,0.5768111137136572,0.3133159268929504,0.625,0.20905923344947736,0.6625,0.7546174142480211
2.600000000000002,1.0,0.55,0.5753063097999056,0.2956989247311828,0.5729166666666666,0.19927536231884058,0.6680672268907563,0.7621527777777778
2.600000000000002,1.0,0.6000000000000001,0.5808081645581636,0.2983425414364641,0.5625,0.20300751879699247,0.6708860759493671,0.7731958762886598
2.600000000000002,1.0,0.6500000000000001,0.5828260335949952,0.2994350282485876,0.5520833333333334,0.2054263565891473,0.6708860759493671,0.7781569965870307
2.600000000000002,1.0,0.7000000000000002,0.5860790012066739,0.30409356725146197,0.5416666666666666,0.21138211382113822,0.6652452025586354,0.7888982338099243
2.600000000000002,1.0,0.7500000000000002,0.5955732704897809,0.31419939577039274,0.5416666666666666,0.22127659574468084,0.6695278969957081,0.8029925187032418
2.600000000000002,1.0,0.8000000000000003,0.599978416912902,0.3167701863354037,0.53125,0.22566371681415928,0.6710239651416122,0.8121410992616899
2.600000000000002,1.0,0.8500000000000003,0.6041841776714474,0.3258785942492013,0.53125,0.2350230414746544,0.6681222707423581,0.8185516680227828
2.600000000000002,1.0,0.9000000000000004,0.6092919248925323,0.3322475570032573,0.53125,0.24170616113744076,0.6710526315789473,0.824575586095392
2.600000000000002,1.0,0.9500000000000004,0.6118965391992873,0.33663366336633666,0.53125,0.2463768115942029,0.6710816777041942,0.8279742765273312
2.600000000000002,1.0,1.0000000000000004,0.6122476269294638,0.3310810810810811,0.5104166666666666,0.245,0.6740576496674058,0.8316041500399042
2.600000000000002,1.0,1.0500000000000005,0.6158066688767737,0.3356164383561644,0.5104166666666666,0.25,0.6755555555555556,0.8362480127186009
2.600000000000002,1.0,1.1000000000000005,0.6164419791393629,0.3333333333333333,0.5,0.25,0.6771300448430493,0.8388625592417062
2.600000000000002,1.0,1.1500000000000006,0.6191174427549401,0.3392226148409894,0.5,0.25668449197860965,0.6742081447963801,0.8439215686274509
2.600000000000002,1.0,1.2000000000000006,0.6214335769033931,0.34532374100719426,0.5,0.26373626373626374,0.671201814058957,0.8477751756440282
2.600000000000002,1.0,1.2500000000000007,0.6223467905957025,0.34782608695652173,0.5,0.26666666666666666,0.671201814058957,0.848012470771629
2.600000000000002,1.0,1.3000000000000007,0.6244684568462365,0.35036496350364965,0.5,0.2696629213483146,0.6727688787185355,0.8502715283165244
2.600000000000002,1.0,1.3500000000000008,0.626306902079773,0.35294117647058826,0.5,0.2727272727272727,0.6728110599078341,0.8531684698608965
2.600000000000002,1.0,1.4000000000000008,0.6257948541977935,0.35424354243542433,0.5,0.2742857142857143,0.6697459584295612,0.8533950617283951
2.600000000000002,1.0,1.4500000000000008,0.6173118794979485,0.3358208955223881,0.46875,0.2616279069767442,0.6651162790697674,0.8509984639016898
2.600000000000002,1.0,1.5000000000000009,0.6158864494958848,0.3282442748091603,0.4479166666666667,0.25903614457831325,0.6651053864168618,0.8543096872616324
2.600000000000002,1.0,1.550000000000001,0.6180257123441494,0.33204633204633205,0.4479166666666667,0.26380368098159507,0.6651053864168618,0.8569254185692542
2.600000000000002,1.0,1.600000000000001,0.6179868765465244,0.32684824902723736,0.4375,0.2608695652173913,0.668235294117647,0.858877086494689
2.600000000000002,1.0,1.650000000000001,0.6174367495711836,0.328125,0.4375,0.2625,0.6650943396226415,0.8590909090909091
2.600000000000002,1.0,1.700000000000001,0.6176950541494463,0.32941176470588235,0.4375,0.2641509433962264,0.6635071090047393,0.8601662887377173
2.600000000000002,1.0,1.750000000000001,0.6106514784318243,0.3107569721115538,0.40625,0.25161290322580643,0.6619047619047619,0.8592927012791572
2.600000000000002,1.0,1.8000000000000012,0.6088269278714304,0.3076923076923077,0.3958333333333333,0.25165562913907286,0.6586538461538461,0.8601346297681376
2.600000000000002,1.0,1.8500000000000012,0.6102978104871571,0.3153526970954357,0.3958333333333333,0.2620689655172414,0.655421686746988,0.8601190476190477
2.600000000000002,1.0,1.9000000000000012,0.6118280920626034,0.31666666666666665,0.3958333333333333,0.2638888888888889,0.6570048309178744,0.861812778603269
2.600000000000002,1.0,1.9500000000000013,0.6119807121753099,0.31932773109243695,0.3958333333333333,0.2676056338028169,0.6537530266343826,0.8628613787991104
2.600000000000002,1.0,2.0000000000000013,0.6082416033899367,0.3148936170212766,0.3854166666666667,0.26618705035971224,0.6472019464720195,0.8626292466765141
2.600000000000002,1.0,2.0500000000000016,0.6098557166161008,0.3148936170212766,0.3854166666666667,0.26618705035971224,0.6503667481662592,0.8643067846607669
2.600000000000002,1.0,2.1000000000000014,0.6098557166161008,0.3148936170212766,0.3854166666666667,0.26618705035971224,0.6503667481662592,0.8643067846607669
2.600000000000002,1.0,2.1500000000000012,0.6113142320443877,0.31759656652360513,0.3854166666666667,0.27007299270072993,0.6503667481662592,0.865979381443299
2.600000000000002,1.0,2.2000000000000015,0.6116331713975797,0.31759656652360513,0.3854166666666667,0.27007299270072993,0.6519607843137255,0.8653421633554084
2.600000000000002,1.0,2.2500000000000018,0.6116331713975797,0.31759656652360513,0.3854166666666667,0.27007299270072993,0.6519607843137255,0.8653421633554084
2.600000000000002,1.0,2.3000000000000016,0.6145923120241549,0.3231441048034934,0.3854166666666667,0.2781954887218045,0.6519607843137255,0.8686720469552458
2.600000000000002,1.0,2.3500000000000014,0.6176107055030416,0.3288888888888889,0.3854166666666667,0.2868217054263566,0.6519607843137255,0.8719824433065106
2.600000000000002,1.0,2.4000000000000017,0.6176107055030416,0.3288888888888889,0.3854166666666667,0.2868217054263566,0.6519607843137255,0.8719824433065106
2.600000000000002,1.0,2.450000000000002,0.6176107055030416,0.3288888888888889,0.3854166666666667,0.2868217054263566,0.6519607843137255,0.8719824433065106
2.600000000000002,1.0,2.5000000000000018,0.618112642182664,0.3333333333333333,0.3854166666666667,0.29365079365079366,0.6486486486486487,0.8723559445660102
2.600000000000002,1.0,2.5500000000000016,0.6186945843905658,0.334841628959276,0.3854166666666667,0.296,0.6485148514851485,0.8727272727272727
2.600000000000002,1.0,2.600000000000002,0.617901451392155,0.3394495412844037,0.3854166666666667,0.30327868852459017,0.6417910447761194,0.8724637681159421
