id_entrega,fecha,comuna_destino,tipo_vehiculo,distancia_km,peso_kg,n_paquetes,hora_salida,score_gps_ruta,costo_combustible_clp,horas_entrega
2025-00469,2025-01-01,Lebu,furgon,49.62,14.73,3,17,,10221.0,2.504
2025-00387,2025-01-01,Hualpen,moto,24.5,12.39,3,6,0.6404,4460.0,0.95
2025-00030,2025-01-01,Curanilahue,furgon,35.11,5.81,2,18,,8680.0,1.956
2025-00093,2025-01-01,Talcahuano,furgon,22.73,8.74,7,7,0.4455,6045.0,1.365
2025-01168,2025-01-01,Tome,moto,10.55,3.31,2,7,,1261.0,0.507
2025-01285,2025-01-02,Santa Juana,furgon,4.79,17.94,6,7,0.3675,3764.0,0.606
2025-00033,2025-01-02,Laja,furgon,80.57,16.58,5,16,,12159.0,2.861
2025-00447,2025-01-02,Hualpen,furgon,9.75,7.22,6,7,0.8157,2663.0,0.713
2025-00231,2025-01-02,Lebu,camion_ligero,71.08,23.16,1,6,0.8966,11726.0,2.879
2025-00800,2025-01-03,Arauco,furgon,75.27,5.46,6,10,0.7265,11544.0,2.982
2025-01036,2025-01-03,Arauco,moto,87.52,9.99,1,9,,11853.0,3.002
2025-00088,2025-01-03,Lebu,furgon,75.76,7.99,5,6,,12625.0,2.754
2025-00623,2025-01-04,Coronel,camion_ligero,17.86,16.99,1,8,0.665,3878.0,0.856
2025-00374,2025-01-04,Talcahuano,moto,16.95,22.36,8,11,,3904.0,0.935
2025-00347,2025-01-04,Talcahuano,moto,26.19,40.71,5,19,0.7011,4822.0,1.152
2025-00457,2025-01-04,Arauco,camion_ligero,54.25,7.86,2,19,,14764.0,3.411
2025-00149,2025-01-04,Penco,camion_ligero,15.24,18.34,2,16,0.6284,2736.0,0.818
2025-00923,2025-01-04,Arauco,moto,70.25,19.27,2,11,,8061.0,1.793
2025-00691,2025-01-05,Nacimiento,moto,67.43,40.63,3,12,,7273.0,1.933
2025-01020,2025-01-05,Tome,camion_ligero,27.86,15.02,6,13,0.4516,6267.0,1.516
2025-00190,2025-01-05,Nacimiento,moto,60.68,28.92,4,10,0.6742,8132.0,1.798
2025-00317,2025-01-05,Curanilahue,moto,84.35,32.28,1,12,0.7536,10795.0,2.57
2025-01299,2025-01-06,Concepcion,moto,18.38,15.36,6,13,0.711,2893.0,0.919
2025-01310,2025-01-06,Concepcion,moto,15.82,26.81,5,18,0.569,4138.0,1.014
2025-01245,2025-01-06,Arauco,camion_ligero,79.21,3.85,5,17,0.6088,20626.0,4.973
2025-00210,2025-01-07,Florida,moto,19.44,0.92,5,6,0.4033,4237.0,1.059
2025-01055,2025-01-07,Santa Juana,furgon,11.9,28.21,5,12,0.42,3417.0,0.873
2025-00241,2025-01-07,Santa Juana,camion_ligero,20.6,9.0,6,8,0.6757,6430.0,1.549
2025-01390,2025-01-08,Concepcion,furgon,20.48,2.6,5,15,0.7911,3321.0,0.679
2025-00178,2025-01-08,Santa Juana,camion_ligero,22.86,14.97,8,17,0.721,5877.0,1.54
2025-00376,2025-01-08,Talcahuano,moto,15.87,11.93,6,13,0.8614,5150.0,1.021
2025-00861,2025-01-08,Florida,moto,18.51,12.22,4,12,0.7315,3390.0,0.78
2025-01260,2025-01-09,Yumbel,camion_ligero,56.04,26.59,2,16,0.5703,9788.0,2.394
2025-00197,2025-01-09,Cabrero,moto,81.67,6.89,8,7,,12811.0,3.288
2025-01173,2025-01-10,Arauco,furgon,54.53,2.96,7,16,0.8139,9182.0,2.017
2025-01349,2025-01-10,Tome,furgon,21.82,17.3,1,12,1.0,2693.0,0.635
2025-00337,2025-01-11,Lota,moto,9.56,33.58,7,6,0.5265,2925.0,0.499
2025-00687,2025-01-11,Florida,camion_ligero,15.77,57.35,2,14,0.709,2263.0,0.698
2025-00902,2025-01-12,Curanilahue,furgon,38.79,7.02,3,18,,8951.0,2.152
2025-00490,2025-01-12,Arauco,camion_ligero,52.33,18.81,6,11,0.5515,10731.0,2.345
2025-01355,2025-01-12,Lebu,moto,53.5,16.53,4,10,0.2856,7267.0,1.83
2025-00739,2025-01-12,Santa Juana,furgon,15.99,19.38,6,16,0.7639,2343.0,0.563
2025-00121,2025-01-12,Penco,furgon,22.08,7.87,8,16,0.76,2519.0,0.686
2025-00011,2025-01-12,Laja,furgon,114.39,23.52,2,17,,28660.0,6.228
2025-00351,2025-01-12,Los Angeles,moto,44.26,11.16,7,10,,6461.0,1.487
2025-00031,2025-01-12,Arauco,moto,65.81,23.73,5,7,0.7211,10126.0,2.18
2025-00313,2025-01-13,Coronel,camion_ligero,13.5,2.99,8,9,0.414,3990.0,1.003
2025-00671,2025-01-13,Cabrero,moto,40.98,24.72,3,8,,7046.0,1.923
2025-00493,2025-01-13,Cabrero,furgon,65.31,19.51,3,10,,11618.0,2.443
2025-00784,2025-01-13,Curanilahue,furgon,84.12,3.25,2,6,,11774.0,2.568
2025-00428,2025-01-13,Lota,furgon,10.74,11.49,6,13,0.8362,4185.0,0.793
2025-00510,2025-01-13,Curanilahue,furgon,56.02,46.72,6,16,0.8296,8642.0,2.023
2025-00410,2025-01-13,Cabrero,furgon,52.44,22.9,2,12,,4838.0,1.47
2025-00624,2025-01-14,Lota,moto,24.37,13.59,5,14,0.6455,3039.0,0.761
2025-00782,2025-01-14,Laja,moto,62.23,19.92,7,12,0.4376,8503.0,2.237
2025-01394,2025-01-14,Florida,moto,15.51,29.36,3,16,0.742,1972.0,0.676
2025-00794,2025-01-14,Laja,furgon,53.31,32.29,6,10,,7019.0,1.741
2025-00393,2025-01-14,Hualqui,moto,18.42,22.34,7,6,,4434.0,1.06
2025-00261,2025-01-16,Santa Juana,furgon,26.76,8.41,7,6,0.4304,5636.0,1.42
2025-00998,2025-01-16,Coronel,camion_ligero,19.86,20.05,5,19,,7130.0,1.384
2025-00788,2025-01-17,Nacimiento,moto,113.58,22.37,6,10,,14698.0,3.882
2025-00541,2025-01-17,Hualqui,moto,23.06,11.73,8,17,,4382.0,1.243
2025-00552,2025-01-18,Penco,camion_ligero,24.17,6.46,7,15,0.6907,5224.0,1.169
2025-00613,2025-01-19,Los Angeles,furgon,52.81,26.65,5,9,0.4785,10034.0,2.687
2025-01131,2025-01-19,Laja,moto,52.43,12.02,4,6,,5550.0,1.32
2025-00588,2025-01-19,Florida,moto,16.24,21.99,1,9,0.6712,2070.0,0.504
2025-00878,2025-01-19,Coronel,moto,14.51,9.83,5,15,0.6669,1837.0,0.343
2025-00494,2025-01-20,Chiguayante,moto,22.62,34.54,3,16,,2798.0,0.696
2025-00868,2025-01-20,Talcahuano,camion_ligero,23.1,18.23,3,6,0.6186,3151.0,0.874
2025-00571,2025-01-20,Florida,furgon,11.24,51.07,7,18,0.5693,4065.0,0.97
2025-01389,2025-01-21,Cabrero,moto,14.43,20.57,6,12,0.6613,1726.0,0.501
2025-00727,2025-01-21,Cabrero,moto,61.61,21.63,1,9,,11443.0,2.432
2025-00675,2025-01-22,Hualqui,furgon,12.1,16.04,4,8,0.6323,3523.0,0.769
2025-00641,2025-01-22,Concepcion,furgon,20.3,37.06,8,9,0.6052,4773.0,1.461
2025-00882,2025-01-22,Hualpen,furgon,19.52,22.82,3,10,0.4826,2931.0,0.684
2025-01359,2025-01-22,Talcahuano,moto,13.53,24.39,8,11,0.673,2140.0,0.475
2025-00053,2025-01-22,Los Angeles,moto,81.69,33.36,5,19,,15938.0,3.662
2025-00590,2025-01-22,Concepcion,camion_ligero,19.54,18.08,1,18,0.4617,4541.0,1.03
2025-00141,2025-01-23,Coronel,moto,11.08,12.16,8,7,0.4817,5029.0,0.928
2025-00716,2025-01-23,Los Angeles,furgon,112.22,10.56,7,11,,18809.0,3.916
2025-00102,2025-01-23,Florida,camion_ligero,3.56,26.87,4,18,0.8188,203.0,0.151
2025-00050,2025-01-23,Los Angeles,moto,49.71,13.44,4,13,0.585,7290.0,1.659
2025-00476,2025-01-23,Hualpen,furgon,18.66,24.62,6,7,0.5148,5593.0,1.253
2025-00507,2025-01-24,Santa Juana,camion_ligero,26.03,13.09,2,16,0.6229,4669.0,1.292
2025-00851,2025-01-24,Cabrero,furgon,27.26,13.35,2,16,0.6695,5573.0,1.229
2025-00818,2025-01-24,Lota,furgon,20.69,17.47,4,10,0.5081,4894.0,1.299
2025-01043,2025-01-24,Tome,furgon,24.37,26.79,4,15,0.5463,4478.0,1.259
2025-00649,2025-01-24,Laja,furgon,17.32,7.84,3,18,,3772.0,1.069
2025-00460,2025-01-24,Hualpen,furgon,7.5,18.94,6,7,0.6436,2393.0,0.794
2025-00165,2025-01-25,Arauco,furgon,51.57,32.51,5,18,0.4543,13136.0,3.021
2025-00963,2025-01-25,Tome,moto,18.73,1.65,2,12,0.5137,4059.0,0.925
2025-00089,2025-01-25,Lebu,furgon,41.16,18.33,5,11,0.6789,6681.0,1.665
2025-01361,2025-01-25,San Pedro de la Paz,furgon,21.9,5.28,2,12,,3381.0,0.917
2025-01069,2025-01-25,Lebu,moto,38.62,4.83,2,14,,4658.0,0.983
2025-00871,2025-01-26,Hualpen,camion_ligero,16.13,12.21,8,6,0.7085,5218.0,0.962
2025-01214,2025-01-26,Florida,furgon,16.07,40.84,4,14,,5338.0,1.138
2025-00392,2025-01-26,Hualpen,furgon,19.79,31.95,8,16,0.3651,5029.0,1.136
2025-01121,2025-01-26,San Pedro de la Paz,furgon,8.83,10.99,7,11,0.7048,2732.0,0.709
2025-01204,2025-01-27,Hualqui,moto,20.13,10.69,7,14,0.436,4389.0,0.838
2025-00920,2025-01-27,Curanilahue,camion_ligero,61.06,44.71,7,15,,11891.0,3.189
2025-00384,2025-01-28,Lebu,moto,86.16,31.1,3,8,,11902.0,2.999
2025-00299,2025-01-28,Lota,moto,13.86,32.63,6,17,0.7386,3626.0,0.752
2025-00192,2025-01-28,Cabrero,moto,70.4,9.57,5,18,0.5311,12547.0,3.019
2025-00899,2025-01-28,Lebu,camion_ligero,47.36,20.0,6,10,,10057.0,2.413
2025-01244,2025-01-30,Arauco,furgon,38.23,17.52,3,11,,7903.0,1.804
2025-00131,2025-01-30,Talcahuano,moto,17.11,17.74,4,19,0.3324,3456.0,0.78
2025-00683,2025-01-31,Tome,furgon,16.14,11.52,8,11,0.6178,4471.0,1.021
2025-00989,2025-01-31,Hualpen,camion_ligero,18.39,13.22,6,14,0.4458,5298.0,1.296
2025-01377,2025-01-31,Hualqui,camion_ligero,21.62,3.7,7,9,0.7974,6370.0,1.258
2025-01010,2025-02-01,Laja,camion_ligero,36.62,20.76,8,15,,7238.0,1.895
2025-00321,2025-02-01,Cabrero,camion_ligero,47.1,23.61,7,19,,10569.0,2.693
2025-00536,2025-02-01,Talcahuano,furgon,5.36,19.17,2,14,0.6404,2865.0,0.318
2025-00616,2025-02-01,Lota,furgon,17.11,23.58,6,11,0.5555,5128.0,1.142
2025-00755,2025-02-01,Cabrero,moto,83.26,16.48,4,15,,9448.0,2.54
2025-00054,2025-02-02,Hualqui,furgon,17.29,15.07,6,19,0.6388,5617.0,1.33
2025-00333,2025-02-02,Laja,moto,95.89,9.26,4,10,,12250.0,2.943
2025-01076,2025-02-02,Los Angeles,camion_ligero,14.16,10.37,7,15,,5214.0,1.009
2025-00692,2025-02-03,Coronel,furgon,16.68,17.44,7,12,0.6878,3980.0,1.103
2025-00280,2025-02-03,Penco,furgon,17.08,21.95,5,18,0.5411,5085.0,1.247
2025-00911,2025-02-03,Lebu,moto,33.6,5.91,5,17,,5781.0,1.604
2025-01102,2025-02-03,Concepcion,furgon,20.73,11.11,2,14,0.4668,3448.0,1.035
2025-00925,2025-02-03,Lota,moto,17.46,19.6,8,15,0.3089,2899.0,1.001
2025-00508,2025-02-04,Hualpen,furgon,28.93,37.85,5,12,0.4768,5436.0,1.33
2025-01130,2025-02-04,Lota,furgon,22.11,26.62,5,6,0.4589,3514.0,0.985
2025-00420,2025-02-04,Coronel,furgon,19.36,9.61,6,8,0.5041,5604.0,1.112
2025-00556,2025-02-04,Los Angeles,furgon,68.07,22.69,3,18,,13579.0,3.219
2025-00912,2025-02-05,Cabrero,camion_ligero,63.31,12.85,7,16,0.7198,12634.0,2.893
2025-00597,2025-02-05,San Pedro de la Paz,camion_ligero,12.58,4.61,6,16,0.7223,3150.0,1.077
2025-00655,2025-02-05,San Pedro de la Paz,camion_ligero,9.8,36.59,7,10,0.913,3230.0,0.769
2025-00262,2025-02-05,Talcahuano,furgon,16.25,8.38,8,16,0.4324,4365.0,1.13
2025-00915,2025-02-05,Talcahuano,furgon,9.04,26.91,3,11,0.4485,1656.0,0.502
2025-00388,2025-02-06,Talcahuano,furgon,27.69,11.27,7,9,,5563.0,1.49
2025-00769,2025-02-06,Los Angeles,furgon,56.84,26.92,2,17,,11721.0,2.683
2025-00918,2025-02-07,Penco,moto,14.16,2.33,5,19,0.602,4225.0,1.163
2025-00155,2025-02-07,Los Angeles,furgon,19.43,15.64,2,18,,3793.0,0.954
2025-00568,2025-02-07,Los Angeles,furgon,99.82,18.02,3,7,,19694.0,4.782
2025-00654,2025-02-07,Hualqui,moto,26.41,6.72,8,13,,3352.0,0.781
2025-01197,2025-02-07,Hualpen,moto,19.86,19.47,8,8,0.5812,4673.0,1.142
2025-00427,2025-02-08,Lebu,furgon,54.01,33.4,1,14,0.6968,9881.0,2.187
2025-00602,2025-02-08,Los Angeles,moto,93.82,34.68,5,13,,10958.0,2.541
2025-00397,2025-02-09,Yumbel,furgon,69.21,40.65,1,17,0.8023,10883.0,2.923
2025-01382,2025-02-09,Penco,furgon,23.23,32.65,8,10,0.5673,6534.0,1.43
2025-01378,2025-02-09,Chiguayante,camion_ligero,22.98,1.75,5,17,0.3588,8742.0,1.932
2025-01319,2025-02-10,Yumbel,moto,64.2,11.55,3,15,0.5808,8604.0,2.125
2025-00378,2025-02-10,Chiguayante,camion_ligero,14.32,7.73,5,6,0.472,3671.0,0.814
2025-00609,2025-02-11,Hualqui,camion_ligero,12.7,7.53,3,19,0.6618,3528.0,0.696
2025-00375,2025-02-11,Penco,furgon,27.31,25.37,6,17,0.6434,5801.0,1.768
2025-00603,2025-02-11,Coronel,furgon,15.41,23.9,3,7,,3460.0,0.824
2025-00988,2025-02-11,Concepcion,moto,22.75,11.44,6,9,0.8001,3790.0,0.961
2025-00335,2025-02-11,Hualpen,camion_ligero,19.05,14.5,4,16,0.5686,4339.0,0.898
2025-00286,2025-02-11,Yumbel,moto,66.79,1.91,6,12,,9166.0,2.178
2025-00763,2025-02-12,Concepcion,moto,26.69,22.89,2,10,0.7192,4326.0,0.999
2025-01188,2025-02-13,Talcahuano,moto,9.87,41.79,1,10,0.5354,1908.0,0.292
2025-00160,2025-02-13,Tome,moto,24.87,3.89,7,14,0.8615,1552.0,0.476
2025-01096,2025-02-14,Concepcion,moto,30.88,43.22,6,17,0.5879,5875.0,1.514
2025-00230,2025-02-14,Hualqui,moto,12.27,10.1,2,18,0.5432,2881.0,0.796
2025-00950,2025-02-14,Lebu,furgon,83.91,45.35,8,13,0.5865,15768.0,3.604
2025-01074,2025-02-14,Concepcion,moto,19.09,27.3,8,12,0.7006,3409.0,1.089
2025-00209,2025-02-14,Talcahuano,moto,23.93,21.27,8,17,0.4025,5965.0,1.2
2025-00856,2025-02-14,Curanilahue,moto,48.2,17.32,5,7,0.6792,7669.0,1.874
2025-00677,2025-02-14,Chiguayante,moto,12.79,49.14,6,17,,5089.0,1.169
2025-01068,2025-02-15,Concepcion,camion_ligero,28.45,21.52,8,16,0.3813,7095.0,1.942
2025-01114,2025-02-15,Nacimiento,camion_ligero,31.93,34.58,5,8,,8099.0,1.786
2025-00382,2025-02-16,Chiguayante,moto,10.21,30.25,7,13,0.5763,3308.0,0.823
2025-01032,2025-02-16,San Pedro de la Paz,camion_ligero,20.69,26.5,6,11,0.6614,4514.0,1.203
2025-00901,2025-02-16,San Pedro de la Paz,moto,19.35,13.57,3,13,0.6357,3241.0,0.777
2025-01110,2025-02-16,Florida,furgon,19.42,16.39,5,13,0.6285,3522.0,0.876
2025-00765,2025-02-16,Tome,furgon,15.15,29.91,3,7,,3665.0,0.831
2025-01103,2025-02-17,Florida,moto,13.09,4.96,5,17,1.0,1782.0,0.485
2025-00898,2025-02-17,Talcahuano,furgon,17.61,17.1,4,12,0.7385,4129.0,0.829
2025-00961,2025-02-17,Chiguayante,furgon,21.01,17.12,8,9,0.8396,5414.0,1.228
2025-01083,2025-02-17,Florida,furgon,22.13,20.46,1,16,0.4574,5663.0,1.122
2025-01030,2025-02-17,Laja,camion_ligero,79.84,25.97,5,9,,20757.0,4.705
2025-00756,2025-02-18,Cabrero,moto,22.28,21.53,4,12,,4346.0,1.01
2025-00812,2025-02-18,San Pedro de la Paz,furgon,14.94,43.14,3,11,0.7482,4031.0,0.948
2025-01094,2025-02-18,Arauco,moto,74.38,10.94,1,16,,10004.0,2.496
2025-00919,2025-02-18,Penco,furgon,9.13,2.34,6,11,0.5515,3249.0,0.821
2025-00282,2025-02-19,Concepcion,moto,13.38,55.88,2,13,0.5172,2836.0,0.75
2025-00607,2025-02-20,Concepcion,moto,18.88,7.07,2,10,,3688.0,0.72
2025-00713,2025-02-20,Lebu,moto,46.5,25.57,1,11,0.6738,6078.0,1.42
2025-00380,2025-02-20,Lota,camion_ligero,19.7,50.27,8,8,0.6953,6697.0,1.557
2025-00344,2025-02-20,Curanilahue,furgon,48.58,4.85,2,19,,10353.0,2.595
2025-00364,2025-02-20,Laja,furgon,22.85,31.11,7,19,,4294.0,1.332
2025-00073,2025-02-21,Lota,moto,15.63,11.25,7,9,,4058.0,1.074
2025-00847,2025-02-21,Florida,moto,22.45,10.79,4,9,0.4711,4341.0,1.179
2025-00826,2025-02-21,San Pedro de la Paz,furgon,25.33,8.97,7,10,0.7429,4851.0,1.287
2025-00877,2025-02-21,Hualqui,furgon,15.12,29.79,1,12,0.9725,1420.0,0.693
2025-00633,2025-02-21,Arauco,furgon,39.34,10.85,2,8,,6429.0,1.543
2025-00589,2025-02-22,Lota,camion_ligero,16.04,51.85,7,8,0.8339,6150.0,1.274
2025-00941,2025-02-23,Lebu,furgon,100.47,4.24,3,18,,20715.0,5.099
2025-01016,2025-02-23,Laja,moto,24.23,11.56,1,8,,4364.0,0.935
2025-00585,2025-02-23,Laja,moto,47.01,79.85,2,9,,9069.0,1.976
2025-00673,2025-02-23,Arauco,furgon,38.19,32.11,2,6,0.6017,4753.0,1.233
2025-00711,2025-02-23,Coronel,moto,29.18,15.5,6,6,0.7962,1906.0,0.635
2025-00381,2025-02-23,Lebu,moto,39.46,23.92,5,12,,6645.0,1.473
2025-00363,2025-02-24,Hualqui,camion_ligero,20.22,32.98,7,14,0.9157,3321.0,0.848
2025-00341,2025-02-24,Yumbel,moto,62.09,39.08,3,13,0.8535,6394.0,1.697
2025-00122,2025-02-24,Los Angeles,furgon,68.38,9.93,2,17,,13302.0,3.054
2025-00665,2025-02-24,Hualqui,moto,23.58,16.89,3,11,,4640.0,0.992
2025-00194,2025-02-24,Lebu,furgon,55.54,8.49,2,6,,8777.0,2.089
2025-00246,2025-02-24,Penco,furgon,24.88,14.95,2,9,0.5255,6477.0,1.51
2025-00863,2025-02-24,San Pedro de la Paz,moto,16.22,13.39,3,17,0.6781,3976.0,0.951
2025-00758,2025-02-25,Lota,camion_ligero,10.5,39.98,8,7,0.5138,2848.0,1.074
2025-00110,2025-02-25,Lota,furgon,21.98,32.55,2,17,0.8906,4190.0,0.98
2025-00867,2025-02-26,Lota,furgon,23.31,26.76,5,17,0.7637,5280.0,1.332
2025-01092,2025-02-26,Hualpen,furgon,16.58,15.28,1,8,0.5014,3836.0,0.983
2025-00695,2025-02-26,Tome,furgon,17.04,47.71,1,14,0.5051,2960.0,0.71
2025-00766,2025-02-26,Hualpen,furgon,21.19,26.8,3,8,0.557,3883.0,1.213
2025-00167,2025-02-26,Santa Juana,camion_ligero,12.2,2.77,1,7,0.729,3640.0,0.734
2025-00222,2025-02-26,Concepcion,camion_ligero,25.43,20.13,6,8,0.9827,5969.0,1.31
2025-00946,2025-02-27,Arauco,moto,35.44,6.7,6,8,,6438.0,1.586
2025-00996,2025-02-27,Florida,moto,29.08,9.6,1,14,,4196.0,0.925
2025-00690,2025-02-27,Arauco,furgon,65.71,8.07,4,9,,13706.0,3.366
2025-01072,2025-02-27,San Pedro de la Paz,camion_ligero,17.02,4.4,6,9,0.5239,5713.0,1.265
2025-00134,2025-02-27,Curanilahue,furgon,62.38,27.19,7,6,,11607.0,3.225
2025-00256,2025-02-28,Concepcion,moto,26.42,10.69,6,16,0.6616,3658.0,0.863
2025-00629,2025-02-28,Talcahuano,furgon,29.76,2.59,7,11,0.4205,6465.0,1.463
2025-01262,2025-02-28,Tome,camion_ligero,32.12,28.65,7,11,,7465.0,1.985
2025-00880,2025-03-01,Chiguayante,furgon,25.38,0.88,6,8,0.5261,7396.0,1.665
2025-00443,2025-03-01,Florida,camion_ligero,12.78,18.94,6,12,0.5443,4782.0,0.975
2025-00353,2025-03-01,Penco,furgon,4.61,20.04,8,18,0.4378,2023.0,0.583
2025-00156,2025-03-02,Florida,moto,18.78,16.28,8,10,0.5986,5239.0,1.212
2025-00077,2025-03-02,San Pedro de la Paz,furgon,12.86,24.21,5,13,0.6575,1325.0,0.611
2025-00432,2025-03-02,Florida,camion_ligero,11.7,35.61,4,9,0.9263,4212.0,0.858
2025-00401,2025-03-03,Talcahuano,furgon,10.83,18.29,1,15,0.5477,1258.0,0.365
2025-01025,2025-03-03,Laja,moto,69.41,8.7,6,17,0.7,11206.0,2.673
2025-00257,2025-03-03,Los Angeles,camion_ligero,48.74,23.79,2,15,0.4881,6725.0,1.987
2025-00621,2025-03-03,San Pedro de la Paz,camion_ligero,15.81,27.56,4,11,0.441,5003.0,1.167
2025-01179,2025-03-03,Cabrero,moto,68.96,10.08,4,10,,7295.0,1.8
2025-00561,2025-03-04,Penco,furgon,12.53,32.92,6,7,0.6534,3493.0,1.021
2025-01282,2025-03-04,Hualpen,furgon,27.7,21.09,3,17,0.7155,6557.0,1.448
2025-00931,2025-03-04,Curanilahue,camion_ligero,57.59,7.9,1,7,0.793,13791.0,3.045
2025-00587,2025-03-04,Talcahuano,furgon,16.87,8.67,1,17,,994.0,0.575
2025-00854,2025-03-04,Penco,furgon,21.35,36.54,6,16,,4741.0,0.853
2025-00869,2025-03-05,Santa Juana,furgon,36.6,18.06,6,7,0.5158,9288.0,1.944
2025-00423,2025-03-05,Lebu,moto,85.57,9.57,8,13,,10877.0,2.107
2025-00781,2025-03-05,Penco,furgon,29.89,23.03,6,13,0.7343,4600.0,1.306
2025-00669,2025-03-05,Santa Juana,furgon,15.17,3.0,3,14,1.0,1804.0,0.452
2025-00557,2025-03-05,Tome,camion_ligero,24.96,9.77,1,14,0.4935,3566.0,0.901
2025-01345,2025-03-06,Talcahuano,moto,13.06,12.02,4,14,0.8633,3543.0,0.558
2025-01162,2025-03-07,Curanilahue,moto,83.51,16.13,4,6,0.3599,14350.0,3.206
2025-00693,2025-03-07,Los Angeles,moto,78.47,8.72,7,13,,10356.0,2.298
2025-01354,2025-03-07,Coronel,furgon,10.78,14.19,7,11,0.5006,2983.0,0.702
2025-00745,2025-03-07,Tome,moto,5.05,37.74,3,16,0.8503,2745.0,0.495
2025-00238,2025-03-07,Arauco,furgon,58.01,46.26,8,11,0.5848,9541.0,2.37
2025-00176,2025-03-08,Penco,camion_ligero,18.13,30.64,1,19,0.7325,5356.0,1.25
2025-00076,2025-03-09,Los Angeles,furgon,37.24,26.0,6,19,0.4093,8259.0,2.097
2025-00628,2025-03-10,Chiguayante,camion_ligero,4.4,14.75,6,16,,1191.0,0.414
2025-00275,2025-03-10,Coronel,moto,4.69,8.12,8,14,0.447,3149.0,0.57
2025-00884,2025-03-10,San Pedro de la Paz,camion_ligero,28.98,18.07,5,7,0.6113,8994.0,1.908
2025-01053,2025-03-11,Nacimiento,moto,61.84,23.58,3,14,0.5839,10099.0,2.118
2025-01033,2025-03-11,Hualpen,furgon,10.82,30.61,6,6,0.8573,3683.0,0.677
2025-00843,2025-03-11,Hualqui,moto,14.41,10.92,3,17,0.5883,2775.0,0.472
2025-00935,2025-03-11,Concepcion,moto,25.94,6.82,8,12,0.7111,4959.0,1.15
2025-00653,2025-03-12,Laja,furgon,64.05,10.31,6,8,,13115.0,3.134
2025-00530,2025-03-12,Nacimiento,camion_ligero,71.07,33.83,1,10,0.4881,13410.0,3.137
2025-00715,2025-03-12,Chiguayante,furgon,8.3,40.97,7,12,0.67,3504.0,0.777
2025-01183,2025-03-13,Hualpen,furgon,8.13,4.13,5,18,0.299,2232.0,0.54
2025-01167,2025-03-13,Cabrero,camion_ligero,29.02,36.34,2,15,0.3941,7073.0,1.661
2025-00907,2025-03-13,Penco,furgon,15.57,19.72,3,16,0.4859,3919.0,0.97
2025-00308,2025-03-14,Tome,furgon,3.77,43.19,6,7,0.584,1972.0,0.416
2025-00761,2025-03-14,Yumbel,camion_ligero,79.55,20.76,6,7,0.5411,19621.0,5.04
2025-00916,2025-03-14,Nacimiento,camion_ligero,66.91,18.06,7,16,0.6529,11996.0,3.339
2025-00511,2025-03-14,Hualqui,furgon,16.44,19.41,6,15,,3509.0,0.818
2025-00710,2025-03-15,Curanilahue,furgon,74.25,10.69,5,8,0.6047,14763.0,3.494
2025-00311,2025-03-15,Curanilahue,furgon,84.42,10.71,7,7,,18595.0,4.318
2025-01184,2025-03-15,Concepcion,moto,15.97,42.09,7,14,0.5941,5046.0,1.193
2025-00501,2025-03-15,Hualqui,furgon,25.96,32.13,3,15,0.5928,4576.0,1.128
2025-00258,2025-03-15,Hualpen,camion_ligero,20.94,2.51,7,14,,3651.0,1.025
2025-01307,2025-03-15,Tome,furgon,31.29,10.48,3,11,0.6189,5159.0,1.312
2025-00385,2025-03-15,Penco,moto,11.29,9.8,6,10,,3365.0,0.873
2025-00013,2025-03-15,Chiguayante,moto,12.44,2.44,8,9,0.6466,3775.0,0.996
2025-00600,2025-03-16,San Pedro de la Paz,furgon,15.56,15.7,5,7,0.9188,3789.0,0.985
2025-00083,2025-03-16,Florida,moto,11.77,4.41,8,15,0.7284,1438.0,0.421
2025-01200,2025-03-16,Los Angeles,furgon,47.05,6.09,7,11,,8018.0,2.068
2025-00513,2025-03-16,Arauco,furgon,61.45,12.12,1,8,,12138.0,3.11
2025-00582,2025-03-17,Concepcion,furgon,18.89,41.79,7,19,0.7276,5115.0,1.086
2025-00966,2025-03-18,Florida,furgon,5.14,15.8,2,7,0.5705,1743.0,0.406
2025-01004,2025-03-18,Arauco,camion_ligero,68.37,11.24,3,13,,13773.0,3.061
2025-01088,2025-03-18,Concepcion,camion_ligero,21.64,15.71,6,12,0.5233,5213.0,1.245
2025-00468,2025-03-18,Hualpen,furgon,13.5,25.91,1,18,0.6242,4646.0,0.83
2025-01399,2025-03-18,Los Angeles,moto,44.07,28.86,2,6,,7344.0,1.724
2025-00860,2025-03-19,Concepcion,moto,22.67,9.02,3,9,,3759.0,1.181
2025-00292,2025-03-20,Coronel,moto,24.91,6.09,1,17,0.5446,3189.0,1.098
2025-00051,2025-03-21,Nacimiento,camion_ligero,67.3,32.78,6,18,,18271.0,4.257
2025-01098,2025-03-21,Coronel,furgon,27.86,12.6,6,18,0.7592,5946.0,1.517
2025-00354,2025-03-21,Penco,furgon,7.43,8.02,7,8,0.4349,5226.0,0.935
2025-00491,2025-03-22,Lebu,moto,68.09,3.57,4,17,,11318.0,2.773
2025-00743,2025-03-22,Los Angeles,moto,31.84,41.06,3,16,,4427.0,1.081
2025-01278,2025-03-22,Concepcion,furgon,11.91,5.22,8,8,0.4426,3584.0,0.829
2025-00632,2025-03-22,Hualpen,camion_ligero,14.4,7.79,3,17,0.3315,2695.0,0.985
2025-00263,2025-03-22,Talcahuano,camion_ligero,14.1,7.36,2,6,0.5008,2318.0,0.803
2025-00865,2025-03-22,Penco,camion_ligero,31.0,5.39,4,19,,5394.0,1.564
2025-00454,2025-03-23,Arauco,moto,54.88,19.52,4,13,,8097.0,1.875
2025-00593,2025-03-23,Lota,furgon,20.77,26.54,8,10,,5021.0,1.057
2025-00505,2025-03-23,Penco,furgon,3.36,7.49,1,11,0.7927,437.0,0.15
2025-01235,2025-03-23,San Pedro de la Paz,moto,16.7,4.26,7,17,0.5137,3436.0,0.888
2025-00807,2025-03-23,Cabrero,moto,115.19,7.11,3,6,,14612.0,3.272
2025-00217,2025-03-23,Curanilahue,moto,48.9,58.53,4,19,,8330.0,2.109
2025-00136,2025-03-23,Penco,moto,12.86,30.43,8,11,0.5428,3147.0,0.781
2025-00596,2025-03-24,Florida,furgon,10.98,33.23,5,19,,3155.0,0.703
2025-00274,2025-03-24,Chiguayante,moto,21.25,8.01,1,19,0.6392,3955.0,1.01
2025-00071,2025-03-24,Chiguayante,furgon,14.24,22.91,6,18,0.5843,3469.0,1.045
2025-00822,2025-03-24,Talcahuano,furgon,16.52,22.98,2,9,0.8637,4585.0,0.991
2025-01317,2025-03-25,Nacimiento,moto,75.59,78.5,1,13,0.6224,11497.0,2.395
2025-00148,2025-03-25,Lota,camion_ligero,6.64,26.29,8,7,,3174.0,0.437
2025-00648,2025-03-25,Tome,furgon,12.04,19.91,8,12,0.6254,3746.0,0.937
2025-00680,2025-03-25,Lota,moto,8.11,8.99,8,9,0.453,4820.0,1.001
2025-00009,2025-03-25,Yumbel,camion_ligero,47.19,2.35,7,10,0.8855,8550.0,1.986
2025-01329,2025-03-25,Santa Juana,moto,17.91,56.18,1,11,,3529.0,0.725
2025-00890,2025-03-26,Lota,furgon,24.01,39.97,1,12,1.0,4716.0,0.878
2025-00395,2025-03-26,Los Angeles,furgon,67.75,45.17,7,11,,12108.0,2.881
2025-00045,2025-03-26,San Pedro de la Paz,moto,19.41,6.05,1,15,0.3612,2890.0,0.468
2025-01148,2025-03-26,Yumbel,furgon,42.81,7.5,6,19,,7928.0,1.979
2025-01075,2025-03-26,Hualpen,furgon,18.06,28.43,2,11,0.6092,2754.0,0.611
2025-01293,2025-03-27,Los Angeles,moto,72.99,18.78,2,8,,11596.0,2.889
2025-00154,2025-03-27,Yumbel,furgon,80.39,13.2,2,10,,10901.0,2.647
2025-00974,2025-03-28,Tome,furgon,26.16,8.14,6,7,0.4273,6286.0,1.581
2025-00968,2025-03-28,Tome,moto,26.03,7.9,6,6,0.522,4792.0,1.179
2025-01215,2025-03-29,Lota,furgon,13.92,24.55,8,16,,3563.0,0.861
2025-01118,2025-03-29,San Pedro de la Paz,moto,8.07,10.22,4,13,0.4568,325.0,0.15
2025-00670,2025-03-29,Lota,camion_ligero,25.45,29.69,1,8,0.7214,7580.0,1.683
2025-00780,2025-03-29,Florida,camion_ligero,17.08,6.1,5,13,0.8519,3257.0,0.898
2025-01000,2025-03-29,Hualpen,moto,19.25,64.55,5,14,,2931.0,0.789
2025-00413,2025-03-30,Chiguayante,furgon,9.99,19.89,3,15,0.4437,1704.0,0.424
2025-00705,2025-03-30,Talcahuano,moto,17.52,12.63,8,15,0.3224,3422.0,0.789
2025-00732,2025-03-30,Hualqui,camion_ligero,22.65,79.76,2,7,0.7855,5125.0,1.413
2025-00057,2025-03-30,Nacimiento,furgon,51.18,38.15,4,7,,9585.0,2.302
2025-00116,2025-03-30,Nacimiento,furgon,12.8,4.82,5,18,,4114.0,0.92
2025-00544,2025-03-30,Penco,furgon,13.05,25.27,8,18,0.5107,5494.0,1.044
2025-00817,2025-03-31,Santa Juana,furgon,23.59,16.64,1,10,0.7795,2412.0,0.522
2025-00290,2025-03-31,Coronel,furgon,19.55,13.52,8,10,,3455.0,0.994
2025-00097,2025-03-31,Santa Juana,furgon,20.32,8.21,3,15,0.5363,4285.0,0.865
2025-00744,2025-04-01,Laja,furgon,78.37,12.83,7,12,,10925.0,2.547
2025-00881,2025-04-01,Arauco,furgon,45.75,16.1,8,8,0.5332,10380.0,2.467
2025-00404,2025-04-01,San Pedro de la Paz,camion_ligero,20.15,9.58,6,6,0.9422,4631.0,1.256
2025-01049,2025-04-01,Coronel,moto,14.82,21.76,5,7,,3713.0,0.844
2025-01236,2025-04-01,Laja,moto,58.86,24.36,3,15,0.8241,6477.0,1.848
2025-00056,2025-04-01,Concepcion,furgon,25.42,21.09,3,9,0.7914,3687.0,0.893
2025-01024,2025-04-01,Nacimiento,furgon,100.25,12.95,2,8,,19211.0,4.072
2025-01160,2025-04-02,Curanilahue,furgon,63.27,19.22,1,15,,8682.0,2.145
2025-01219,2025-04-02,San Pedro de la Paz,furgon,13.19,58.59,2,14,0.9444,2258.0,0.456
2025-00874,2025-04-02,Arauco,moto,93.76,33.65,8,7,,14225.0,4.026
2025-00829,2025-04-03,Laja,furgon,51.37,22.48,2,16,0.7045,7501.0,1.701
2025-00101,2025-04-03,Coronel,camion_ligero,19.66,13.92,7,18,0.4504,5102.0,1.551
2025-00094,2025-04-03,Talcahuano,furgon,6.48,18.94,5,9,0.4425,3325.0,0.866
2025-00402,2025-04-03,Nacimiento,furgon,45.08,30.71,6,16,,7888.0,2.122
2025-00859,2025-04-03,Santa Juana,moto,23.39,22.51,3,10,0.6482,3874.0,1.014
2025-00082,2025-04-04,Talcahuano,furgon,13.7,23.69,2,15,0.6433,3803.0,0.681
2025-00658,2025-04-04,Laja,moto,73.26,25.88,1,15,,7193.0,1.96
2025-00002,2025-04-04,Penco,furgon,23.94,25.8,5,15,0.6815,4988.0,1.06
2025-00583,2025-04-05,Hualqui,furgon,25.68,5.48,8,18,0.5971,6343.0,1.361
2025-00471,2025-04-05,Laja,moto,21.5,49.27,7,11,,3663.0,0.886
2025-00113,2025-04-06,Talcahuano,moto,14.62,3.19,8,18,0.5756,4039.0,0.758
2025-00389,2025-04-06,Tome,camion_ligero,8.7,43.89,8,7,0.7492,3505.0,1.031
2025-01022,2025-04-07,Yumbel,furgon,69.59,25.97,6,7,,14636.0,3.524
2025-01216,2025-04-07,Arauco,camion_ligero,35.94,56.28,7,19,0.6526,9346.0,2.412
2025-01128,2025-04-07,Concepcion,moto,26.9,31.94,5,6,0.5156,4811.0,0.975
2025-00196,2025-04-07,San Pedro de la Paz,camion_ligero,14.53,50.44,2,18,0.4393,6207.0,1.157
2025-00503,2025-04-07,Tome,camion_ligero,22.25,28.41,5,19,0.5036,7521.0,1.664
2025-01112,2025-04-08,Talcahuano,moto,15.8,16.42,1,9,0.525,1657.0,0.502
2025-00717,2025-04-08,Hualqui,furgon,19.1,42.15,2,15,0.5928,2212.0,0.85
2025-01051,2025-04-08,Hualqui,furgon,17.17,26.03,3,12,0.7261,4941.0,0.973
2025-00838,2025-04-09,Curanilahue,furgon,60.64,35.27,1,16,,8834.0,2.149
2025-00848,2025-04-09,Chiguayante,moto,16.46,14.17,7,12,0.7072,2302.0,0.488
2025-01286,2025-04-10,Tome,furgon,13.9,7.83,1,18,0.7231,3865.0,0.74
2025-01256,2025-04-10,Nacimiento,furgon,63.48,25.46,8,17,,12301.0,3.021
2025-00007,2025-04-10,Coronel,moto,9.09,9.27,2,14,0.6606,2461.0,0.551
2025-00606,2025-04-10,Penco,furgon,8.16,31.85,1,12,0.5233,1036.0,0.506
2025-00913,2025-04-11,Arauco,furgon,40.86,23.6,4,8,,8925.0,2.2
2025-00206,2025-04-11,Nacimiento,moto,27.48,24.03,6,9,,4925.0,1.168
2025-00016,2025-04-11,Lebu,moto,48.81,14.19,1,12,,4373.0,1.072
2025-00331,2025-04-11,Tome,furgon,16.56,33.05,8,8,0.8034,4505.0,1.198
2025-01340,2025-04-11,Chiguayante,furgon,11.01,23.73,3,13,0.5318,2961.0,0.789
2025-01357,2025-04-12,Nacimiento,moto,55.94,23.36,8,14,,7363.0,2.025
2025-00934,2025-04-12,Florida,furgon,21.3,2.21,7,16,,4813.0,1.038
2025-00936,2025-04-12,Concepcion,furgon,16.19,8.17,2,7,0.4647,2758.0,0.645
2025-01239,2025-04-12,Arauco,moto,88.32,8.16,1,8,,15867.0,3.322
2025-00174,2025-04-12,Cabrero,moto,60.12,10.27,5,14,,7832.0,1.941
2025-00439,2025-04-12,Los Angeles,furgon,69.19,42.0,8,6,,10953.0,2.986
2025-01232,2025-04-13,Curanilahue,furgon,75.43,9.34,3,17,,15257.0,3.649
2025-00627,2025-04-13,Lebu,furgon,104.26,17.22,8,15,,17183.0,3.593
2025-00815,2025-04-13,Santa Juana,moto,30.89,27.38,5,11,,5842.0,1.376
2025-00411,2025-04-13,Coronel,furgon,13.43,27.3,2,8,0.7025,4564.0,0.756
2025-01362,2025-04-14,San Pedro de la Paz,moto,27.29,27.91,8,8,0.6076,4863.0,1.37
2025-01289,2025-04-15,Santa Juana,furgon,12.29,10.71,2,8,0.6728,2612.0,0.742
2025-00252,2025-04-15,Talcahuano,moto,8.77,21.49,2,6,0.5323,3357.0,0.701
2025-00977,2025-04-15,Lebu,furgon,64.8,14.59,3,16,,10980.0,2.454
2025-00086,2025-04-15,San Pedro de la Paz,furgon,22.43,14.64,1,11,0.4685,3542.0,0.77
2025-00502,2025-04-16,Florida,moto,18.25,23.92,7,13,0.6855,3593.0,0.549
2025-00896,2025-04-16,Penco,furgon,14.11,5.4,2,16,,2105.0,0.577
2025-01067,2025-04-16,Chiguayante,moto,14.63,31.47,2,10,0.5957,2967.0,0.658
2025-01358,2025-04-16,Tome,furgon,23.63,14.25,8,14,0.8729,4875.0,1.231
2025-01081,2025-04-16,Santa Juana,moto,22.01,6.05,1,13,0.661,2030.0,0.547
2025-00664,2025-04-16,Chiguayante,camion_ligero,10.47,13.49,7,18,,4072.0,0.834
2025-01391,2025-04-17,Arauco,moto,59.57,8.46,8,14,,10042.0,2.224
2025-00079,2025-04-17,Los Angeles,furgon,51.64,11.21,7,6,,8418.0,2.1
2025-00200,2025-04-17,Coronel,camion_ligero,14.48,15.39,2,19,0.3248,3551.0,0.944
2025-00808,2025-04-17,Lota,camion_ligero,19.64,26.56,8,19,0.7311,5802.0,1.413
2025-01065,2025-04-18,Florida,furgon,8.48,27.41,4,10,0.899,750.0,0.159
2025-01203,2025-04-18,Chiguayante,furgon,19.65,10.61,8,13,0.6612,5176.0,0.92
2025-01044,2025-04-18,Penco,camion_ligero,14.05,3.0,5,12,0.7139,2870.0,0.942
2025-01272,2025-04-18,Nacimiento,camion_ligero,52.96,34.66,5,7,,14112.0,3.358
2025-00888,2025-04-18,Florida,moto,9.72,14.88,4,8,0.3739,1612.0,0.439
2025-01041,2025-04-19,Nacimiento,furgon,84.18,7.51,7,8,,12869.0,3.411
2025-00746,2025-04-19,Florida,moto,9.17,38.71,8,16,0.5591,4156.0,0.993
2025-01254,2025-04-19,Yumbel,camion_ligero,46.65,9.2,8,6,,9612.0,2.222
2025-00118,2025-04-19,Florida,moto,21.14,1.54,4,17,,5726.0,1.026
2025-00048,2025-04-19,Talcahuano,moto,9.49,14.79,3,11,0.2926,3564.0,0.856
2025-00144,2025-04-19,Hualqui,furgon,20.56,8.08,5,7,0.5966,4917.0,1.135
2025-01333,2025-04-20,Penco,furgon,21.51,18.03,6,9,0.7385,6899.0,1.502
2025-00499,2025-04-20,Santa Juana,camion_ligero,26.86,25.63,2,7,,6502.0,1.47
2025-00976,2025-04-20,Florida,moto,21.07,8.14,5,13,0.4906,4870.0,0.955
2025-00296,2025-04-20,Curanilahue,camion_ligero,40.99,3.22,8,14,,8019.0,2.093
2025-01117,2025-04-20,Concepcion,camion_ligero,19.1,5.64,1,18,0.5223,5163.0,1.036
2025-00970,2025-04-21,Chiguayante,furgon,23.41,2.34,2,16,0.609,4424.0,0.785
2025-00046,2025-04-22,Hualqui,camion_ligero,19.64,7.54,1,7,0.583,7876.0,1.551
2025-00232,2025-04-22,Hualqui,moto,25.03,16.48,5,17,1.0,4646.0,0.858
2025-01146,2025-04-22,Hualpen,camion_ligero,21.7,8.63,7,14,0.7054,4165.0,0.986
2025-00127,2025-04-22,Chiguayante,furgon,21.15,9.18,7,14,0.9522,2007.0,0.7
2025-01347,2025-04-23,Curanilahue,camion_ligero,47.35,7.26,3,6,,9693.0,2.077
2025-00549,2025-04-23,San Pedro de la Paz,furgon,13.26,50.78,6,6,0.4815,5638.0,1.076
2025-01061,2025-04-23,Laja,moto,50.94,13.19,6,10,0.7736,6867.0,1.72
2025-00837,2025-04-23,Cabrero,camion_ligero,50.75,7.86,7,11,,9892.0,2.341
2025-00340,2025-04-24,Talcahuano,furgon,12.22,23.36,5,15,0.6766,2882.0,0.784
2025-00332,2025-04-26,Nacimiento,furgon,92.13,23.84,4,10,0.469,13647.0,3.487
2025-00986,2025-04-26,Yumbel,furgon,57.3,36.67,4,19,,11464.0,2.828
2025-01192,2025-04-26,Curanilahue,furgon,36.66,4.25,3,19,,9398.0,1.945
2025-00346,2025-04-26,Lota,furgon,19.31,36.79,3,12,0.6273,2571.0,0.581
2025-01318,2025-04-26,Concepcion,furgon,21.83,27.5,3,6,0.7995,4746.0,0.999
2025-00060,2025-04-26,Talcahuano,camion_ligero,7.39,24.86,3,17,0.6594,1881.0,0.409
2025-01363,2025-04-26,Cabrero,furgon,60.06,10.61,4,13,,7483.0,2.035
2025-00129,2025-04-27,Florida,furgon,15.52,8.07,4,14,0.702,2967.0,0.686
2025-00731,2025-04-27,Coronel,camion_ligero,23.21,12.75,5,16,0.8804,5145.0,1.121
2025-01208,2025-04-27,Penco,furgon,20.32,39.36,7,15,0.8705,5650.0,0.937
2025-00225,2025-04-27,Coronel,moto,15.12,5.71,4,8,0.5615,2583.0,0.702
2025-00786,2025-04-27,Curanilahue,furgon,57.23,5.85,1,11,0.6872,6884.0,1.908
2025-00417,2025-04-27,Penco,moto,19.56,29.9,5,18,0.7737,5861.0,0.905
2025-00685,2025-04-27,Penco,furgon,21.21,18.86,6,8,,6918.0,1.441
2025-00193,2025-04-28,Penco,furgon,16.07,17.59,1,7,0.4313,4509.0,0.905
2025-00424,2025-04-28,Cabrero,camion_ligero,39.35,18.9,6,17,,10003.0,2.499
2025-00722,2025-04-29,Tome,furgon,6.0,24.53,1,15,0.6318,1537.0,0.286
2025-00526,2025-04-29,Hualqui,camion_ligero,11.21,32.03,6,14,0.8353,3488.0,0.8
2025-00730,2025-04-29,Coronel,furgon,15.61,26.5,6,8,0.6778,3537.0,0.819
2025-01052,2025-04-29,Cabrero,furgon,71.7,27.17,8,18,,15719.0,3.943
2025-00459,2025-04-30,Arauco,moto,84.4,25.23,1,10,,10218.0,2.578
2025-00949,2025-04-30,Talcahuano,moto,21.79,34.6,7,11,0.4795,5435.0,1.211
2025-01360,2025-04-30,Lota,moto,22.97,8.37,6,9,0.9393,3552.0,1.083
2025-00236,2025-04-30,Arauco,camion_ligero,47.35,1.88,4,9,,12153.0,2.784
2025-00034,2025-04-30,Curanilahue,furgon,81.82,21.09,8,14,,14603.0,3.403
2025-00960,2025-05-01,Curanilahue,furgon,89.58,31.97,7,13,,15375.0,3.429
2025-00362,2025-05-01,Lota,moto,26.12,11.87,7,12,0.7332,4512.0,1.03
2025-00933,2025-05-01,Yumbel,furgon,4.5,7.83,3,10,,2026.0,0.4
2025-00945,2025-05-01,Lota,furgon,20.41,32.28,1,16,0.4711,3942.0,0.775
2025-00772,2025-05-02,Hualqui,furgon,31.26,22.74,7,10,0.7602,5791.0,1.438
2025-01202,2025-05-02,Penco,moto,10.16,19.25,1,16,,1445.0,0.15
2025-00028,2025-05-03,Hualpen,furgon,10.33,30.25,7,12,0.8023,2185.0,0.458
2025-01331,2025-05-04,San Pedro de la Paz,moto,28.32,43.31,1,17,,5620.0,1.1
2025-00409,2025-05-04,Lota,moto,21.39,32.71,5,8,0.6776,6002.0,1.317
2025-01027,2025-05-04,San Pedro de la Paz,furgon,15.98,18.71,2,17,,4231.0,1.091
2025-00221,2025-05-04,Yumbel,moto,43.26,12.97,2,7,0.3622,8177.0,1.884
2025-00285,2025-05-05,Concepcion,moto,26.13,16.69,3,18,0.3641,5700.0,1.274
2025-00017,2025-05-05,San Pedro de la Paz,furgon,10.04,16.01,7,10,0.6405,2838.0,0.414
2025-00415,2025-05-06,Tome,furgon,18.14,5.03,7,17,0.5964,4912.0,1.122
2025-01246,2025-05-06,Curanilahue,moto,97.69,9.51,4,18,,16180.0,3.672
2025-00294,2025-05-06,Arauco,furgon,89.86,3.17,8,9,,20945.0,5.012
2025-00391,2025-05-06,Coronel,furgon,26.14,33.85,3,8,0.7771,7420.0,1.595
2025-01309,2025-05-07,San Pedro de la Paz,furgon,16.62,12.34,7,19,0.6393,6367.0,1.509
2025-01388,2025-05-07,San Pedro de la Paz,moto,13.68,35.1,4,19,0.7224,1084.0,0.464
2025-01328,2025-05-07,Cabrero,furgon,67.86,39.48,4,16,,10961.0,2.569
2025-01243,2025-05-07,Penco,camion_ligero,25.48,31.52,1,13,0.7798,3312.0,1.043
2025-00029,2025-05-07,Nacimiento,furgon,39.81,31.13,7,15,0.5582,7507.0,1.871
2025-01223,2025-05-07,Hualpen,furgon,17.39,34.95,3,12,0.6342,3358.0,0.765
2025-00068,2025-05-07,Talcahuano,camion_ligero,25.71,27.45,7,19,0.3137,8654.0,2.064
2025-00234,2025-05-07,Nacimiento,moto,83.64,2.32,5,12,,8460.0,2.193
2025-00482,2025-05-07,Penco,furgon,19.73,2.03,4,11,0.6558,3858.0,0.855
2025-00806,2025-05-08,Laja,furgon,70.59,41.92,8,9,,15902.0,3.762
2025-01064,2025-05-08,Florida,furgon,18.79,28.93,3,8,0.7122,3113.0,1.068
2025-00212,2025-05-08,Yumbel,moto,69.25,22.31,1,7,,8177.0,2.571
2025-00142,2025-05-08,Talcahuano,moto,14.47,14.03,2,16,0.9285,1585.0,0.487
2025-00189,2025-05-08,Arauco,camion_ligero,72.4,30.22,6,6,,14235.0,3.647
2025-00922,2025-05-08,Lota,furgon,10.09,16.17,6,11,0.6044,3677.0,0.626
2025-00059,2025-05-08,Santa Juana,furgon,19.19,40.52,4,10,0.6746,5600.0,1.045
2025-01300,2025-05-09,Tome,furgon,22.22,76.48,8,7,0.4414,7288.0,1.714
2025-00706,2025-05-09,Los Angeles,furgon,98.71,1.52,1,15,,12646.0,3.127
2025-00456,2025-05-09,Nacimiento,moto,66.86,28.45,6,15,,10798.0,2.39
2025-00921,2025-05-09,Lota,furgon,22.21,8.94,8,8,0.6078,6688.0,1.345
2025-00371,2025-05-09,Lebu,furgon,68.08,15.13,3,8,0.784,12522.0,2.968
2025-00237,2025-05-10,Santa Juana,furgon,7.84,17.43,3,15,,1591.0,0.202
2025-01338,2025-05-10,Hualqui,furgon,11.45,16.07,1,6,0.5283,858.0,0.397
2025-00440,2025-05-11,Chiguayante,camion_ligero,17.96,12.94,5,17,0.6706,5076.0,1.032
2025-00191,2025-05-11,Lebu,camion_ligero,31.1,51.69,4,13,,6550.0,1.619
2025-01376,2025-05-11,Santa Juana,furgon,21.37,10.75,1,19,0.8076,4192.0,1.153
2025-00430,2025-05-12,Yumbel,furgon,51.43,23.01,8,11,,10482.0,2.396
2025-00795,2025-05-12,Chiguayante,furgon,13.7,35.54,7,10,0.7091,4519.0,0.974
2025-00652,2025-05-13,Tome,furgon,14.73,19.15,7,9,0.9497,2984.0,0.663
2025-00500,2025-05-13,Nacimiento,furgon,24.57,2.95,2,7,0.6748,4253.0,1.074
2025-00473,2025-05-13,Tome,camion_ligero,15.27,21.22,3,14,0.6004,3951.0,1.084
2025-01242,2025-05-13,Penco,furgon,16.31,39.45,8,13,0.9126,2341.0,0.654
2025-00928,2025-05-13,Los Angeles,furgon,59.99,30.37,2,13,,7572.0,1.641
2025-00058,2025-05-13,Tome,furgon,13.05,7.45,6,9,0.919,3699.0,0.824
2025-00114,2025-05-13,Curanilahue,moto,76.96,42.74,8,15,,12224.0,3.053
2025-01279,2025-05-14,Lebu,furgon,71.54,14.15,3,12,,10413.0,2.44
2025-00320,2025-05-14,Penco,furgon,10.08,11.38,4,19,0.4508,3163.0,0.705
2025-01315,2025-05-14,Yumbel,furgon,31.53,26.67,6,13,,6556.0,1.48
2025-00694,2025-05-14,Hualqui,furgon,13.58,16.16,1,16,,2148.0,0.753
2025-00862,2025-05-14,Curanilahue,furgon,40.83,23.62,5,17,,8882.0,2.253
2025-01124,2025-05-14,Cabrero,moto,87.26,25.56,7,12,,9452.0,2.695
2025-01035,2025-05-15,Santa Juana,furgon,23.34,16.2,3,6,,1878.0,0.716
2025-00492,2025-05-15,Santa Juana,camion_ligero,8.2,15.36,7,15,0.4989,4646.0,0.911
2025-00325,2025-05-15,Yumbel,furgon,45.68,10.84,2,10,0.609,7892.0,1.9
2025-01087,2025-05-16,Curanilahue,furgon,86.98,5.02,7,13,0.3131,18220.0,3.803
2025-00219,2025-05-16,Laja,camion_ligero,52.33,15.31,8,19,0.3109,13495.0,3.664
2025-01071,2025-05-16,Talcahuano,furgon,27.89,30.21,6,9,,6717.0,1.84
2025-01156,2025-05-16,San Pedro de la Paz,moto,17.76,6.28,7,17,0.9216,4662.0,1.009
2025-00835,2025-05-17,Cabrero,furgon,51.41,79.77,5,15,0.6789,10280.0,2.212
2025-00412,2025-05-17,Hualqui,furgon,22.37,21.37,4,7,0.4583,6713.0,1.617
2025-00775,2025-05-17,Penco,camion_ligero,22.56,18.92,4,18,0.6457,5778.0,1.195
2025-00825,2025-05-17,Santa Juana,furgon,20.83,21.71,5,8,0.8134,5368.0,1.147
2025-00704,2025-05-17,Hualqui,furgon,19.36,20.57,1,13,0.9123,2754.0,0.885
2025-00098,2025-05-18,Yumbel,furgon,61.12,9.0,2,19,,12867.0,2.786
2025-01078,2025-05-18,Arauco,furgon,76.3,69.35,4,7,0.7205,15931.0,3.431
2025-00799,2025-05-18,Hualqui,moto,23.4,21.11,2,9,0.9802,2708.0,0.773
2025-00462,2025-05-19,Chiguayante,furgon,15.47,11.06,7,18,0.9025,5008.0,1.082
2025-00480,2025-05-19,Los Angeles,furgon,25.81,22.68,5,15,0.3064,5864.0,1.324
2025-00233,2025-05-19,San Pedro de la Paz,furgon,10.72,39.44,2,12,0.705,3859.0,0.679
2025-01296,2025-05-19,Santa Juana,furgon,16.08,25.75,5,18,0.4238,4771.0,1.18
2025-01364,2025-05-19,Los Angeles,moto,55.32,17.42,8,8,0.8204,9181.0,2.239
2025-00714,2025-05-19,Hualqui,furgon,15.43,26.53,6,16,0.9095,3985.0,1.01
2025-00985,2025-05-19,Yumbel,moto,90.7,25.56,5,11,,13157.0,2.644
2025-00472,2025-05-20,Laja,furgon,64.36,22.99,1,11,,9674.0,2.502
2025-00539,2025-05-20,Concepcion,furgon,12.05,16.2,5,15,0.7021,2489.0,0.628
2025-00342,2025-05-21,Lebu,furgon,82.42,18.18,1,18,,14261.0,3.821
2025-00698,2025-05-21,Los Angeles,furgon,25.63,13.44,1,9,,6408.0,1.13
2025-00039,2025-05-21,Penco,furgon,21.06,22.79,6,9,0.367,6298.0,1.387
2025-00697,2025-05-21,Hualpen,furgon,22.43,14.65,2,13,0.4199,5317.0,1.252
2025-01101,2025-05-22,Hualpen,furgon,15.67,22.9,2,11,0.3223,4568.0,0.902
2025-01080,2025-05-22,Yumbel,moto,46.46,28.44,6,9,,9105.0,1.922
2025-00900,2025-05-22,Coronel,moto,24.94,18.1,1,12,0.7688,1619.0,0.419
2025-01050,2025-05-22,Hualqui,moto,12.37,18.5,7,15,0.5678,2882.0,0.78
2025-01297,2025-05-22,Hualpen,furgon,25.71,11.47,2,9,,6344.0,1.485
2025-00185,2025-05-23,Concepcion,furgon,12.82,23.15,5,10,0.5911,2001.0,0.651
2025-00990,2025-05-23,Yumbel,furgon,29.9,45.0,2,10,,3783.0,1.121
2025-00726,2025-05-24,Lebu,furgon,63.99,9.01,1,16,0.5992,9605.0,2.413
2025-01034,2025-05-24,Chiguayante,moto,4.61,14.94,1,10,0.3664,405.0,0.15
2025-00753,2025-05-24,Talcahuano,camion_ligero,23.75,17.87,1,18,0.4987,8649.0,1.688
2025-00106,2025-05-24,San Pedro de la Paz,camion_ligero,16.32,17.36,4,13,0.5217,5426.0,1.344
2025-00125,2025-05-25,Talcahuano,furgon,2.0,29.95,6,7,0.483,2693.0,0.404
2025-01066,2025-05-25,Lota,moto,20.66,13.04,5,9,0.7452,5962.0,1.062
2025-00419,2025-05-26,Penco,furgon,27.46,11.14,1,10,0.7281,4041.0,0.991
2025-01163,2025-05-26,Santa Juana,moto,13.82,56.42,7,17,,4468.0,1.151
2025-01381,2025-05-26,Curanilahue,furgon,74.05,23.86,7,18,0.381,16294.0,4.15
2025-01206,2025-05-26,Arauco,moto,29.13,13.66,5,16,0.6808,4685.0,1.024
2025-00577,2025-05-26,Lebu,moto,77.45,8.72,2,10,0.699,8976.0,2.119
2025-00999,2025-05-26,Tome,moto,19.78,10.18,5,14,,4838.0,0.91
2025-00087,2025-05-26,Lebu,furgon,21.04,32.86,5,19,,6145.0,1.347
2025-00489,2025-05-27,Arauco,moto,81.61,15.88,5,15,,9956.0,2.313
2025-00959,2025-05-27,Arauco,moto,65.71,11.72,8,14,,8990.0,2.205
2025-00215,2025-05-28,San Pedro de la Paz,moto,12.51,3.32,5,19,0.6056,2032.0,0.625
2025-00849,2025-05-28,Hualqui,furgon,19.3,11.74,4,10,0.5613,1444.0,0.375
2025-00875,2025-05-28,Yumbel,camion_ligero,67.16,22.74,7,8,0.7322,14172.0,3.627
2025-00036,2025-05-28,Penco,moto,32.16,29.77,2,9,0.4386,6324.0,1.158
2025-00811,2025-05-28,Nacimiento,furgon,57.43,7.77,8,17,,11894.0,2.811
2025-00894,2025-05-29,Arauco,camion_ligero,77.65,9.25,6,19,,18004.0,4.677
2025-00184,2025-05-29,Yumbel,furgon,26.74,25.76,4,12,,3948.0,1.07
2025-00964,2025-05-30,Arauco,furgon,72.27,12.15,6,9,,15515.0,3.918
2025-01284,2025-05-30,Los Angeles,camion_ligero,65.54,18.66,3,11,,10504.0,2.95
2025-00824,2025-05-31,Lebu,furgon,90.14,15.74,7,13,,13432.0,3.479
2025-01237,2025-05-31,San Pedro de la Paz,camion_ligero,12.08,13.07,6,17,0.7465,3443.0,1.021
2025-00366,2025-05-31,Lebu,furgon,57.17,14.55,7,16,,10226.0,2.147
2025-01180,2025-05-31,Tome,furgon,20.27,9.12,2,8,0.5551,3109.0,0.809
2025-00975,2025-05-31,Arauco,furgon,85.66,59.64,4,9,,16842.0,4.095
2025-01251,2025-05-31,Curanilahue,furgon,51.55,6.58,5,8,0.539,12621.0,2.645
2025-00942,2025-06-02,Penco,furgon,28.33,8.04,4,13,1.0,3243.0,0.66
2025-00249,2025-06-02,Coronel,moto,20.36,6.54,6,9,0.4739,5308.0,1.171
2025-00338,2025-06-02,Santa Juana,moto,23.25,5.41,8,19,0.227,5119.0,1.287
2025-00474,2025-06-02,Cabrero,furgon,91.74,19.71,3,13,,13123.0,3.257
2025-00186,2025-06-02,Yumbel,moto,10.98,32.5,4,9,,5002.0,0.898
2025-00138,2025-06-02,Curanilahue,camion_ligero,56.75,15.47,4,17,,16559.0,3.582
2025-00645,2025-06-02,Penco,camion_ligero,16.39,8.06,1,17,0.7889,1280.0,0.74
2025-00119,2025-06-03,Florida,moto,17.29,14.69,1,9,0.7506,2839.0,0.664
2025-00547,2025-06-03,Chiguayante,camion_ligero,14.77,8.82,3,18,0.5304,4093.0,0.878
2025-01021,2025-06-03,Lota,furgon,17.78,17.09,6,18,,5984.0,1.342
2025-00840,2025-06-03,Lebu,furgon,93.43,13.63,5,8,,17896.0,4.35
2025-00304,2025-06-04,Florida,camion_ligero,25.8,7.79,7,13,0.4349,5808.0,1.423
2025-00725,2025-06-04,Chiguayante,moto,6.01,26.88,1,12,0.455,654.0,0.317
2025-01142,2025-06-05,Florida,furgon,4.66,12.51,3,11,0.5664,1751.0,0.464
2025-01266,2025-06-05,Chiguayante,moto,19.21,48.08,8,14,0.6273,5276.0,1.385
2025-00330,2025-06-05,Penco,moto,16.9,18.98,6,12,0.0706,2198.0,0.753
2025-01344,2025-06-05,Arauco,moto,6.65,56.8,5,10,0.5991,1326.0,0.277
2025-00203,2025-06-05,Nacimiento,moto,46.4,30.3,4,7,0.484,8440.0,2.036
2025-01042,2025-06-06,Talcahuano,furgon,19.51,4.44,5,19,0.5501,3850.0,1.01
2025-00565,2025-06-06,Florida,camion_ligero,11.34,27.73,5,6,0.3852,3431.0,0.725
2025-00497,2025-06-07,Santa Juana,furgon,21.98,19.52,2,11,0.6548,3841.0,1.048
2025-00736,2025-06-07,Curanilahue,furgon,56.65,49.26,4,8,,10639.0,2.441
2025-01194,2025-06-07,Talcahuano,camion_ligero,28.46,17.58,5,10,0.6813,7338.0,1.422
2025-00554,2025-06-07,Florida,camion_ligero,26.31,9.36,6,12,0.7232,5375.0,1.48
2025-01238,2025-06-07,Lota,camion_ligero,7.7,7.04,8,12,,1821.0,0.292
2025-00604,2025-06-07,Nacimiento,furgon,110.62,24.76,1,6,,15089.0,3.385
2025-00857,2025-06-07,Arauco,furgon,61.34,44.26,5,13,0.819,9877.0,2.196
2025-00676,2025-06-07,Chiguayante,moto,8.88,27.4,4,17,0.6781,2173.0,0.474
2025-00978,2025-06-08,Chiguayante,moto,25.3,8.54,4,11,0.6268,4041.0,0.944
2025-00223,2025-06-08,Yumbel,camion_ligero,51.78,14.52,7,17,,14268.0,3.228
2025-00657,2025-06-08,Tome,furgon,19.67,14.58,1,8,0.4634,2850.0,0.939
2025-01144,2025-06-09,Cabrero,furgon,58.61,11.11,3,18,,10526.0,2.765
2025-00150,2025-06-09,Concepcion,camion_ligero,13.5,48.42,5,18,0.4986,4978.0,1.096
2025-00512,2025-06-09,Santa Juana,moto,15.46,13.0,3,12,0.7244,1687.0,0.357
2025-01217,2025-06-09,Los Angeles,moto,76.72,34.98,1,19,,11941.0,3.057
2025-00845,2025-06-09,Lota,furgon,20.42,13.98,8,14,0.5522,4103.0,1.102
2025-00297,2025-06-10,Florida,camion_ligero,8.45,25.88,3,8,0.9435,3221.0,0.627
2025-00195,2025-06-10,Coronel,furgon,13.99,20.75,7,10,,2532.0,0.653
2025-00721,2025-06-10,Arauco,moto,79.74,9.72,6,9,,14416.0,3.322
2025-00421,2025-06-10,Curanilahue,furgon,74.92,44.12,6,9,,15425.0,3.743
2025-01373,2025-06-10,Coronel,furgon,13.29,6.73,4,15,0.4564,1484.0,0.432
2025-00516,2025-06-10,San Pedro de la Paz,moto,10.63,16.52,3,14,0.5032,1858.0,0.535
2025-00639,2025-06-10,Chiguayante,furgon,23.59,14.98,1,10,0.754,2528.0,0.735
2025-00550,2025-06-10,Lebu,furgon,53.09,19.87,5,7,0.8708,9605.0,2.665
2025-01280,2025-06-12,Hualpen,furgon,19.25,9.98,3,13,0.6105,3782.0,0.863
2025-01304,2025-06-12,Los Angeles,furgon,100.66,16.64,3,8,,22891.0,4.839
2025-01265,2025-06-12,Penco,furgon,6.22,10.22,7,6,0.5004,3090.0,0.654
2025-01119,2025-06-12,Hualqui,moto,19.25,15.23,7,12,,4886.0,0.956
2025-01270,2025-06-12,San Pedro de la Paz,furgon,24.85,9.47,4,16,,4397.0,0.988
2025-00947,2025-06-12,Nacimiento,moto,91.01,14.16,4,11,0.4819,10271.0,2.86
2025-00442,2025-06-13,Hualpen,camion_ligero,20.28,26.19,3,12,0.6583,4415.0,1.061
2025-00757,2025-06-13,Florida,camion_ligero,8.43,41.53,1,17,0.5514,2913.0,0.509
2025-01070,2025-06-13,Curanilahue,moto,27.4,20.89,4,19,,6611.0,1.34
2025-01097,2025-06-13,Los Angeles,moto,73.51,33.17,3,9,0.638,13925.0,2.892
2025-00735,2025-06-14,Talcahuano,moto,12.94,36.13,1,14,0.5604,2491.0,0.582
2025-00750,2025-06-14,Lebu,furgon,29.11,10.68,4,13,,5974.0,1.319
2025-00062,2025-06-15,Talcahuano,camion_ligero,21.34,30.81,2,12,0.6338,4019.0,0.93
2025-00638,2025-06-15,Hualqui,moto,12.03,25.98,5,8,0.8838,3674.0,0.717
2025-01059,2025-06-15,Lota,camion_ligero,15.15,1.85,2,9,0.5103,2863.0,1.049
2025-00938,2025-06-16,Los Angeles,furgon,60.29,17.18,6,10,,10589.0,2.461
2025-01342,2025-06-16,Hualqui,moto,14.84,20.38,7,15,0.5656,5277.0,0.963
2025-01253,2025-06-16,Hualqui,furgon,20.93,46.11,3,17,0.7001,3533.0,0.976
2025-00992,2025-06-17,Penco,furgon,2.8,18.07,6,16,0.3235,2023.0,0.702
2025-00124,2025-06-17,Penco,camion_ligero,26.31,4.9,1,8,0.6476,6698.0,1.688
2025-00289,2025-06-18,Hualpen,moto,15.11,17.95,3,12,,2080.0,0.61
2025-00069,2025-06-18,Santa Juana,camion_ligero,15.39,13.88,5,10,0.506,4471.0,1.185
2025-01398,2025-06-18,Penco,moto,10.17,35.13,6,12,0.7952,3084.0,0.478
2025-01136,2025-06-18,Yumbel,furgon,55.3,14.24,1,12,,6549.0,1.78
2025-00643,2025-06-18,Cabrero,furgon,54.3,7.63,8,17,0.7569,10198.0,2.753
2025-00128,2025-06-18,Penco,furgon,10.27,21.44,3,10,0.769,1654.0,0.58
2025-01234,2025-06-19,Hualqui,moto,16.92,21.81,1,14,0.7143,586.0,0.413
2025-00821,2025-06-19,Lota,furgon,14.47,10.33,8,12,,2122.0,0.64
2025-00301,2025-06-20,Talcahuano,moto,26.63,27.63,5,18,,6203.0,1.291
2025-00309,2025-06-20,Cabrero,camion_ligero,11.14,7.12,6,16,,4097.0,0.988
2025-00100,2025-06-20,Laja,moto,73.43,32.08,7,6,,9713.0,2.394
2025-01312,2025-06-21,San Pedro de la Paz,furgon,15.3,21.89,7,7,0.4203,5176.0,1.287
2025-00703,2025-06-21,Hualqui,furgon,9.48,8.8,6,13,,3117.0,0.645
2025-00107,2025-06-22,Nacimiento,camion_ligero,52.22,31.68,7,7,,16579.0,3.463
2025-00140,2025-06-22,Laja,furgon,53.56,10.39,7,6,,8220.0,2.052
2025-01019,2025-06-23,Hualpen,moto,3.59,17.05,3,6,0.4568,1628.0,0.375
2025-00969,2025-06-23,Santa Juana,moto,4.21,26.36,5,11,0.2528,2539.0,0.718
2025-00422,2025-06-23,Chiguayante,moto,21.07,35.12,1,7,0.2478,4631.0,1.208
2025-00615,2025-06-24,Santa Juana,furgon,23.86,7.73,1,9,0.6465,4010.0,1.087
2025-00538,2025-06-24,Tome,furgon,10.16,16.08,2,19,0.5395,2656.0,0.52
2025-01129,2025-06-24,San Pedro de la Paz,furgon,15.16,6.87,2,7,,3596.0,0.769
2025-01005,2025-06-25,Curanilahue,moto,48.88,16.46,5,11,,6349.0,1.256
2025-00486,2025-06-25,Tome,camion_ligero,24.6,14.38,4,15,0.6543,3646.0,1.136
2025-01014,2025-06-25,Concepcion,moto,23.04,29.62,3,10,0.968,5489.0,0.953
2025-01290,2025-06-25,Florida,furgon,14.8,4.1,4,12,0.6266,3605.0,0.903
2025-00584,2025-06-25,Tome,moto,24.87,12.4,2,13,0.7654,3016.0,0.619
2025-00326,2025-06-26,Concepcion,furgon,15.22,50.04,2,9,0.5448,2663.0,0.891
2025-00431,2025-06-26,Talcahuano,moto,16.89,29.77,8,16,0.8257,3370.0,1.043
2025-01006,2025-06-26,Florida,camion_ligero,11.35,14.29,6,13,0.7463,2557.0,0.67
2025-00458,2025-06-27,Santa Juana,furgon,22.63,11.26,8,8,0.4906,6306.0,1.522
2025-00555,2025-06-27,Hualqui,moto,20.55,6.24,1,14,0.4496,1841.0,0.332
2025-01267,2025-06-27,Concepcion,moto,6.66,19.27,2,8,0.7134,363.0,0.314
2025-00537,2025-06-27,Laja,moto,62.23,20.23,6,8,,10474.0,2.609
2025-00239,2025-06-27,Concepcion,camion_ligero,19.14,5.21,4,16,0.7471,5115.0,1.135
2025-00709,2025-06-28,Chiguayante,furgon,3.3,12.75,5,9,,1131.0,0.25
2025-01125,2025-06-28,Los Angeles,moto,59.4,3.04,3,8,0.6414,8604.0,2.267
2025-00619,2025-06-28,Penco,furgon,21.26,9.44,2,15,0.8096,4044.0,1.087
2025-00173,2025-06-28,Hualqui,moto,17.26,26.18,7,15,0.2704,4071.0,0.97
2025-00651,2025-06-29,Los Angeles,moto,73.12,5.18,4,16,,8017.0,2.072
2025-01247,2025-06-29,Chiguayante,moto,12.91,6.12,7,8,,5257.0,1.15
2025-00852,2025-06-29,San Pedro de la Paz,furgon,19.0,26.98,7,8,0.5445,7051.0,1.587
2025-00006,2025-06-30,Hualpen,furgon,15.21,14.08,7,19,0.8251,3943.0,0.795
2025-00842,2025-06-30,Arauco,moto,70.34,27.42,5,7,,10761.0,2.946
2025-00724,2025-07-01,Chiguayante,furgon,18.5,1.01,6,15,0.7543,3473.0,0.86
2025-00279,2025-07-01,Santa Juana,moto,36.02,5.61,4,12,,2975.0,0.911
2025-00426,2025-07-01,Hualpen,furgon,15.66,22.23,2,12,0.4969,3811.0,1.017
2025-01037,2025-07-02,Lebu,furgon,58.83,38.19,8,9,0.5072,13269.0,3.359
2025-01126,2025-07-02,Yumbel,moto,75.27,0.51,2,17,,11582.0,2.865
2025-00064,2025-07-02,Chiguayante,camion_ligero,6.21,21.49,8,12,0.6733,3841.0,0.837
2025-01302,2025-07-02,Florida,moto,12.5,17.78,3,18,0.5248,2598.0,0.709
2025-00020,2025-07-02,Nacimiento,furgon,58.19,6.12,8,16,0.6043,7465.0,1.907
2025-01213,2025-07-02,Santa Juana,camion_ligero,18.63,8.19,7,16,0.4867,5290.0,1.238
2025-00032,2025-07-03,Lebu,furgon,82.01,2.2,2,19,,15614.0,3.634
2025-00569,2025-07-03,Talcahuano,moto,11.81,13.91,5,18,0.6932,3889.0,1.056
2025-01330,2025-07-03,Florida,moto,6.78,27.86,4,15,0.676,1543.0,0.515
2025-01228,2025-07-04,Lebu,moto,78.27,17.03,8,18,,14262.0,3.179
2025-00605,2025-07-04,Penco,furgon,18.4,23.59,4,13,0.5673,4427.0,1.093
2025-00523,2025-07-04,Curanilahue,furgon,54.65,23.23,2,11,,8029.0,1.818
2025-00872,2025-07-05,Yumbel,camion_ligero,61.42,17.0,3,7,0.7602,15340.0,3.473
2025-00334,2025-07-06,Santa Juana,moto,20.9,6.3,4,17,0.7098,3799.0,0.839
2025-00159,2025-07-07,Lota,furgon,24.55,17.04,3,17,0.4312,5380.0,1.093
2025-01205,2025-07-07,Chiguayante,moto,29.49,17.87,7,11,,5359.0,1.282
2025-00958,2025-07-07,Chiguayante,furgon,27.16,15.13,1,17,0.662,3849.0,1.02
2025-01011,2025-07-07,Penco,furgon,16.96,18.27,6,10,0.6806,3010.0,0.808
2025-00558,2025-07-07,Los Angeles,camion_ligero,87.85,11.17,6,17,,21053.0,4.812
2025-01012,2025-07-07,Lebu,camion_ligero,41.39,6.19,3,11,,7596.0,1.744
2025-00066,2025-07-08,Coronel,furgon,18.44,22.18,7,15,0.4127,4107.0,1.361
2025-01380,2025-07-08,Los Angeles,furgon,42.75,44.34,5,8,,10636.0,2.538
2025-00265,2025-07-08,Hualqui,camion_ligero,10.89,30.9,7,6,0.5902,4085.0,1.036
2025-00103,2025-07-08,Lota,furgon,16.04,6.46,3,10,,3226.0,0.686
2025-00573,2025-07-08,Cabrero,moto,80.88,13.2,3,12,,10284.0,2.335
2025-00689,2025-07-09,Concepcion,furgon,24.82,11.11,3,13,,3307.0,1.06
2025-00372,2025-07-09,Hualqui,moto,24.82,17.38,2,8,0.6123,4797.0,1.089
2025-01386,2025-07-10,Curanilahue,moto,82.8,37.81,4,10,0.6147,10999.0,2.855
2025-00218,2025-07-10,Yumbel,furgon,70.72,21.63,6,6,0.8906,9880.0,2.481
2025-00259,2025-07-10,Cabrero,furgon,85.91,38.51,6,12,,11876.0,3.131
2025-01152,2025-07-11,Chiguayante,furgon,31.53,16.87,1,8,0.6186,7419.0,1.755
2025-01187,2025-07-11,Cabrero,furgon,26.65,16.37,6,8,,4622.0,1.423
2025-00707,2025-07-11,Los Angeles,camion_ligero,64.19,22.77,3,11,0.8756,10978.0,2.465
2025-01240,2025-07-11,Cabrero,camion_ligero,81.86,14.44,7,12,0.5,15922.0,3.765
2025-01196,2025-07-11,Cabrero,furgon,60.65,23.82,4,19,,13004.0,2.992
2025-00177,2025-07-11,Talcahuano,moto,19.89,24.27,7,7,0.4583,4078.0,0.847
2025-00762,2025-07-12,Penco,furgon,9.96,8.77,3,8,0.6015,2782.0,0.507
2025-01077,2025-07-12,Santa Juana,moto,11.81,18.69,7,12,0.5615,2851.0,0.733
2025-01261,2025-07-12,Concepcion,furgon,15.08,11.42,1,18,0.3831,5209.0,1.116
2025-00465,2025-07-12,Curanilahue,furgon,72.48,3.29,4,7,,14966.0,3.61
2025-00640,2025-07-12,Tome,furgon,17.64,5.51,5,18,0.9848,2518.0,0.761
2025-00348,2025-07-12,Yumbel,moto,93.95,15.03,6,14,,14102.0,3.099
2025-00251,2025-07-13,Laja,camion_ligero,71.43,18.56,1,16,0.6419,13581.0,3.144
2025-01305,2025-07-13,Chiguayante,moto,32.3,19.07,7,13,0.6622,6180.0,1.433
2025-00870,2025-07-14,Coronel,furgon,9.77,6.32,7,11,0.3038,3088.0,0.774
2025-00327,2025-07-14,Hualqui,furgon,18.25,5.64,2,17,0.5246,4355.0,0.977
2025-00759,2025-07-14,Arauco,moto,77.45,17.32,3,18,,12305.0,2.681
2025-00130,2025-07-14,Penco,furgon,15.04,7.36,7,19,0.3461,4532.0,0.932
2025-00823,2025-07-15,Florida,camion_ligero,21.62,17.49,2,6,0.6995,2231.0,0.796
2025-00095,2025-07-16,Coronel,moto,18.63,10.57,3,11,0.6682,2732.0,0.681
2025-00483,2025-07-16,Laja,moto,83.14,3.81,1,13,,11764.0,2.552
2025-01233,2025-07-16,Penco,furgon,25.66,6.99,4,9,0.6188,3796.0,1.186
2025-00314,2025-07-16,Yumbel,moto,51.56,23.34,8,17,,10968.0,2.449
2025-00684,2025-07-16,Florida,furgon,23.96,31.93,7,9,0.8064,6316.0,1.358
2025-00752,2025-07-17,San Pedro de la Paz,camion_ligero,11.65,8.29,1,11,0.9301,4071.0,0.437
2025-00509,2025-07-17,Tome,moto,6.56,6.62,5,11,0.4345,41.0,0.15
2025-01353,2025-07-17,Santa Juana,moto,8.89,4.08,5,19,0.7197,1273.0,0.314
2025-01383,2025-07-17,Arauco,furgon,84.13,38.95,5,17,0.5679,17341.0,4.229
2025-00403,2025-07-17,Santa Juana,moto,16.17,4.78,4,12,,3246.0,0.56
2025-00622,2025-07-17,Lota,furgon,22.96,31.63,5,11,0.5817,4815.0,1.083
2025-00495,2025-07-18,Arauco,furgon,33.49,5.84,6,17,,7248.0,2.006
2025-00139,2025-07-18,Hualpen,moto,24.52,40.26,4,6,,3789.0,1.066
2025-00433,2025-07-18,Lota,furgon,16.44,32.2,5,14,,2561.0,0.823
2025-00414,2025-07-19,Laja,moto,65.4,10.45,4,16,,8315.0,1.906
2025-00572,2025-07-19,Chiguayante,camion_ligero,11.32,5.58,4,18,0.5871,3389.0,0.865
2025-00067,2025-07-20,Chiguayante,moto,7.78,17.82,6,7,0.7061,1966.0,0.661
2025-01017,2025-07-20,Penco,moto,29.07,17.29,2,8,,4432.0,1.361
2025-00592,2025-07-20,Florida,furgon,22.98,9.82,8,12,0.7399,3641.0,0.918
2025-00303,2025-07-20,Chiguayante,camion_ligero,11.24,11.88,2,10,0.6556,2499.0,0.481
2025-00729,2025-07-20,Nacimiento,furgon,54.95,17.85,1,11,,7711.0,2.066
2025-00268,2025-07-21,Tome,furgon,13.01,13.54,2,10,0.9968,2016.0,0.366
2025-01151,2025-07-21,Yumbel,camion_ligero,12.82,10.69,7,7,,5873.0,1.47
2025-00937,2025-07-21,Laja,moto,46.19,12.1,3,9,,6943.0,1.753
2025-01095,2025-07-23,Santa Juana,furgon,7.44,8.21,4,16,,2686.0,0.809
2025-00612,2025-07-23,Tome,furgon,18.7,16.04,2,9,0.6868,5012.0,1.098
2025-01396,2025-07-23,Talcahuano,moto,25.59,17.05,1,6,,4100.0,0.918
2025-00358,2025-07-23,Los Angeles,furgon,40.41,4.59,3,12,,6726.0,1.547
2025-00123,2025-07-23,Cabrero,moto,98.99,3.3,3,17,,11177.0,3.512
2025-00631,2025-07-23,Yumbel,furgon,59.08,54.65,2,13,,10188.0,2.36
2025-00926,2025-07-23,Yumbel,moto,66.39,15.07,7,19,,9877.0,2.338
2025-00322,2025-07-24,Hualqui,furgon,19.1,6.18,5,18,0.7163,4402.0,0.993
2025-01291,2025-07-24,Tome,furgon,20.02,18.89,7,7,0.9632,5351.0,1.073
2025-01132,2025-07-24,Hualqui,moto,26.15,1.37,6,9,0.767,4053.0,1.069
2025-00253,2025-07-24,Lebu,camion_ligero,26.33,11.24,7,17,,6127.0,1.728
2025-00819,2025-07-25,Nacimiento,moto,59.72,2.11,3,8,0.691,10532.0,2.365
2025-01023,2025-07-25,Florida,moto,14.44,32.82,8,6,0.5939,3706.0,0.911
2025-00169,2025-07-25,San Pedro de la Paz,camion_ligero,18.71,17.8,8,13,,8090.0,1.649
2025-00108,2025-07-26,Arauco,camion_ligero,71.12,23.85,6,13,0.5884,13713.0,3.532
2025-01029,2025-07-26,Nacimiento,furgon,83.26,13.79,6,6,,12655.0,2.882
2025-01111,2025-07-26,Yumbel,furgon,78.56,34.99,3,8,,15447.0,3.428
2025-00081,2025-07-26,Curanilahue,camion_ligero,58.16,6.88,4,14,,8296.0,2.383
2025-01134,2025-07-26,Laja,moto,44.25,6.16,4,14,0.6103,5787.0,1.431
2025-00617,2025-07-27,Laja,moto,52.09,13.47,5,6,0.7111,7080.0,1.544
2025-00839,2025-07-27,Nacimiento,camion_ligero,33.57,15.17,3,19,,8776.0,1.91
2025-00626,2025-07-27,Hualpen,moto,14.54,46.02,3,14,0.5229,3130.0,0.54
2025-01001,2025-07-27,Arauco,furgon,67.55,15.03,6,19,,14734.0,3.834
2025-00820,2025-07-27,Cabrero,moto,100.06,22.72,5,14,0.9165,9833.0,2.569
2025-01269,2025-07-27,Tome,furgon,21.48,11.81,3,7,0.6623,3941.0,1.03
2025-00981,2025-07-27,Los Angeles,furgon,12.33,9.5,3,18,,4945.0,0.911
2025-00678,2025-07-28,Yumbel,moto,55.38,31.45,8,17,,11120.0,2.613
2025-00012,2025-07-28,Penco,furgon,17.1,7.94,2,9,0.7746,4085.0,1.018
2025-01153,2025-07-29,Yumbel,moto,50.75,49.88,7,13,,7684.0,1.969
2025-01303,2025-07-29,Tome,furgon,24.63,13.89,3,6,0.7966,3196.0,0.771
2025-00120,2025-07-29,Santa Juana,camion_ligero,11.64,9.94,3,12,0.6634,3864.0,0.798
2025-00306,2025-07-30,Talcahuano,furgon,17.05,11.7,6,6,,4060.0,0.938
2025-01326,2025-07-30,Arauco,camion_ligero,54.67,23.09,5,6,,10445.0,2.661
2025-00023,2025-07-30,Santa Juana,moto,14.76,28.14,6,12,0.7269,2362.0,0.64
2025-01086,2025-07-30,Lebu,moto,55.46,16.02,6,7,,9412.0,2.298
2025-01159,2025-07-30,Nacimiento,furgon,87.47,21.28,4,10,,14470.0,3.185
2025-01277,2025-07-30,Florida,moto,20.37,30.86,7,18,0.6756,6408.0,1.544
2025-00833,2025-07-31,Cabrero,furgon,49.27,23.39,5,13,,7677.0,1.836
2025-00599,2025-07-31,Coronel,moto,25.36,3.36,8,11,0.348,5619.0,1.276
2025-01343,2025-07-31,Nacimiento,furgon,53.45,14.81,1,10,,8975.0,2.037
2025-00416,2025-08-01,Concepcion,furgon,12.36,22.69,6,17,0.669,3027.0,0.694
2025-00733,2025-08-01,Hualqui,moto,25.72,19.92,3,12,0.5966,3889.0,1.071
2025-01008,2025-08-01,Florida,camion_ligero,18.01,35.93,6,11,0.7081,4002.0,1.099
2025-01241,2025-08-01,Coronel,furgon,18.76,8.17,4,17,0.6428,4534.0,1.003
2025-00924,2025-08-02,Hualqui,camion_ligero,26.55,7.77,1,6,0.5683,4939.0,1.023
2025-01002,2025-08-02,Talcahuano,furgon,5.04,19.53,6,11,0.7008,738.0,0.213
2025-00024,2025-08-02,Coronel,camion_ligero,24.96,29.97,5,7,0.3151,8405.0,1.983
2025-01226,2025-08-03,Hualqui,furgon,21.67,12.74,7,16,0.4835,5545.0,1.071
2025-00247,2025-08-03,Florida,moto,10.7,23.66,2,10,0.498,279.0,0.363
2025-01178,2025-08-03,Laja,camion_ligero,75.58,9.16,2,6,,14955.0,3.377
2025-01031,2025-08-03,Coronel,camion_ligero,19.89,7.94,3,11,0.5223,4000.0,1.079
2025-00681,2025-08-03,Laja,furgon,23.98,5.64,2,10,,3800.0,0.848
2025-00163,2025-08-04,Cabrero,moto,52.64,11.51,6,15,0.6306,6363.0,1.785
2025-00400,2025-08-04,Yumbel,furgon,91.23,45.3,6,18,,20386.0,4.613
2025-00278,2025-08-04,Nacimiento,furgon,46.15,17.3,4,6,,7666.0,2.002
2025-00944,2025-08-04,Laja,furgon,18.21,4.54,1,16,,2035.0,0.508
2025-00855,2025-08-05,Arauco,moto,18.95,15.69,1,8,,2902.0,0.656
2025-00452,2025-08-05,Laja,moto,78.83,14.98,2,13,0.3624,10648.0,2.459
2025-00187,2025-08-05,Hualqui,camion_ligero,24.2,14.27,5,9,,4267.0,1.136
2025-01057,2025-08-05,Talcahuano,furgon,20.36,14.77,3,13,0.7619,3357.0,0.868
2025-01209,2025-08-05,Tome,moto,12.89,20.35,1,16,0.4357,1122.0,0.396
2025-00520,2025-08-05,Hualqui,moto,16.66,20.02,3,13,,2601.0,0.715
2025-00668,2025-08-05,Talcahuano,camion_ligero,27.93,5.29,1,6,0.6485,5121.0,1.139
2025-00533,2025-08-05,San Pedro de la Paz,furgon,29.84,13.5,6,19,0.6463,7115.0,1.691
2025-00660,2025-08-05,Coronel,furgon,23.62,20.07,6,11,0.5766,5065.0,1.236
2025-00656,2025-08-05,Yumbel,furgon,73.25,44.23,5,15,,12171.0,2.891
2025-01133,2025-08-06,Hualqui,furgon,19.12,15.69,4,19,0.8446,4309.0,0.981
2025-00075,2025-08-06,Penco,camion_ligero,8.94,9.58,8,17,0.3527,3891.0,1.083
2025-00594,2025-08-08,Tome,furgon,20.09,9.41,4,8,0.4803,3556.0,0.95
2025-00152,2025-08-08,Coronel,furgon,13.31,8.7,6,15,1.0,3330.0,0.646
2025-00188,2025-08-08,Tome,furgon,2.96,4.18,8,6,0.2749,2449.0,0.611
2025-00827,2025-08-08,Coronel,camion_ligero,10.15,4.95,2,9,0.5752,3732.0,0.667
2025-00245,2025-08-08,Arauco,furgon,50.21,27.05,7,8,,9726.0,2.574
2025-01191,2025-08-09,Concepcion,moto,19.66,7.69,7,18,0.6949,4085.0,0.838
2025-00742,2025-08-09,Tome,camion_ligero,17.87,3.77,8,15,0.6624,4691.0,1.063
2025-01249,2025-08-09,Arauco,moto,23.55,23.13,1,16,,1459.0,0.433
2025-00099,2025-08-09,Concepcion,furgon,20.67,1.94,5,10,0.6441,5144.0,0.979
2025-00307,2025-08-09,Curanilahue,moto,22.62,32.15,6,6,,4181.0,0.855
2025-00575,2025-08-09,Tome,moto,15.76,29.16,8,18,0.5437,4390.0,1.17
2025-00318,2025-08-10,Chiguayante,furgon,17.52,34.29,1,15,0.5773,3176.0,0.754
2025-00487,2025-08-10,Yumbel,camion_ligero,47.86,43.21,7,10,,9961.0,2.567
2025-00951,2025-08-10,Cabrero,furgon,42.82,5.44,3,6,,5049.0,1.419
2025-00172,2025-08-10,Arauco,furgon,61.55,25.03,1,11,,9147.0,2.232
2025-01324,2025-08-10,Nacimiento,camion_ligero,61.79,30.63,4,13,,11074.0,2.767
2025-00897,2025-08-11,Hualpen,moto,18.65,16.84,1,17,0.4543,3314.0,0.687
2025-01186,2025-08-11,Santa Juana,moto,17.02,22.67,6,7,0.8041,4903.0,0.875
2025-00277,2025-08-11,Coronel,camion_ligero,15.41,26.09,7,10,,4952.0,1.231
2025-00266,2025-08-11,Cabrero,moto,54.69,7.95,5,14,0.6386,6787.0,1.65
2025-01273,2025-08-11,Hualpen,camion_ligero,13.87,32.21,5,15,0.6558,2493.0,0.918
2025-00157,2025-08-12,Santa Juana,moto,15.2,15.47,2,15,0.643,2268.0,0.601
2025-01264,2025-08-12,Santa Juana,furgon,26.85,7.97,2,16,,3766.0,1.045
2025-01248,2025-08-12,Nacimiento,furgon,78.63,5.54,8,19,0.4737,19350.0,4.104
2025-01079,2025-08-12,Florida,camion_ligero,30.5,9.7,5,11,0.6251,7010.0,1.454
2025-00813,2025-08-12,Hualpen,moto,23.56,7.72,5,18,0.3295,6265.0,1.186
2025-01372,2025-08-12,Curanilahue,furgon,17.33,10.47,4,11,0.551,3820.0,0.868
2025-00831,2025-08-12,Cabrero,moto,55.9,13.68,5,14,0.7661,7594.0,1.627
2025-01259,2025-08-12,Nacimiento,furgon,49.4,7.91,3,6,,6862.0,1.645
2025-01003,2025-08-13,Yumbel,camion_ligero,15.95,24.36,7,15,0.5299,4077.0,0.969
2025-00198,2025-08-13,Arauco,moto,73.76,9.23,2,10,,9508.0,2.403
2025-00672,2025-08-13,Los Angeles,furgon,63.5,8.59,5,17,,11779.0,2.808
2025-00284,2025-08-14,Tome,moto,19.74,14.23,6,8,0.7511,3391.0,1.016
2025-01063,2025-08-14,Arauco,moto,81.33,54.79,2,7,,11912.0,2.945
2025-00879,2025-08-14,Coronel,furgon,23.77,25.66,1,18,0.3055,5614.0,1.274
2025-00771,2025-08-14,Tome,camion_ligero,11.87,18.83,8,13,0.75,4380.0,1.034
2025-00143,2025-08-15,San Pedro de la Paz,furgon,23.99,8.56,3,7,0.5539,5055.0,1.341
2025-01116,2025-08-15,Concepcion,furgon,24.76,16.94,1,16,0.6249,4243.0,0.804
2025-01258,2025-08-15,Chiguayante,moto,11.78,19.16,2,19,0.7654,4384.0,0.81
2025-00008,2025-08-15,Hualqui,camion_ligero,25.8,10.42,6,11,0.2803,6465.0,1.443
2025-01255,2025-08-15,Talcahuano,furgon,23.29,7.3,4,16,0.6341,3280.0,0.673
2025-00663,2025-08-16,Hualqui,furgon,10.68,71.38,8,11,0.7276,4707.0,1.026
2025-00778,2025-08-16,Cabrero,moto,44.75,32.33,6,11,,7181.0,1.565
2025-00043,2025-08-16,Cabrero,furgon,53.42,10.19,2,10,0.875,7145.0,1.714
2025-00519,2025-08-16,Florida,furgon,18.49,16.65,3,19,0.8061,3473.0,0.892
2025-00205,2025-08-16,Arauco,furgon,26.99,9.53,4,15,,3852.0,1.134
2025-01177,2025-08-16,Yumbel,furgon,71.47,0.8,4,16,0.5857,8669.0,2.0
2025-01058,2025-08-17,Yumbel,furgon,64.83,11.99,8,7,,14466.0,3.555
2025-01308,2025-08-19,San Pedro de la Paz,moto,11.83,31.1,4,13,0.6761,2463.0,0.617
2025-01314,2025-08-20,Florida,furgon,9.04,2.19,4,11,,498.0,0.302
2025-00785,2025-08-20,Lota,moto,12.25,2.92,2,6,0.4536,3357.0,0.697
2025-01367,2025-08-21,Concepcion,moto,8.28,42.34,2,18,0.4137,1104.0,0.236
2025-00830,2025-08-21,Lebu,camion_ligero,64.47,32.08,8,15,,14598.0,3.188
2025-01227,2025-08-21,Los Angeles,furgon,45.74,13.89,5,6,0.6056,6866.0,1.8
2025-00078,2025-08-22,Curanilahue,furgon,48.24,21.46,6,7,0.7943,11005.0,2.392
2025-00809,2025-08-23,Coronel,furgon,24.13,19.41,8,16,0.7127,2996.0,1.037
2025-00115,2025-08-23,Arauco,moto,61.71,23.63,3,7,,8916.0,2.292
2025-00096,2025-08-23,Los Angeles,furgon,36.65,10.65,5,19,0.3869,7996.0,1.997
2025-00161,2025-08-23,Lebu,furgon,38.71,19.65,2,14,,7119.0,1.665
2025-00383,2025-08-23,Hualpen,furgon,14.89,33.29,1,11,,2264.0,0.588
2025-00686,2025-08-24,Nacimiento,camion_ligero,44.06,21.88,7,7,0.7294,12166.0,2.858
2025-00917,2025-08-24,Los Angeles,moto,59.94,22.82,4,16,,5585.0,1.513
2025-00003,2025-08-25,Nacimiento,furgon,89.58,20.53,1,8,,19727.0,4.162
2025-01220,2025-08-25,Chiguayante,moto,28.02,32.27,4,17,,4213.0,1.051
2025-01385,2025-08-25,Hualpen,camion_ligero,21.88,8.77,3,7,0.4392,6530.0,1.511
2025-01295,2025-08-25,San Pedro de la Paz,moto,19.13,7.26,8,6,0.6086,4456.0,1.029
2025-01327,2025-08-26,Tome,moto,12.51,13.42,5,6,0.912,3763.0,0.677
2025-00204,2025-08-26,Hualqui,moto,12.55,24.5,4,13,0.8952,3470.0,0.802
2025-01268,2025-08-26,Tome,moto,28.33,6.02,1,16,,4620.0,1.052
2025-00242,2025-08-27,Chiguayante,furgon,15.94,5.15,1,11,0.7227,2217.0,0.538
2025-00559,2025-08-27,Tome,moto,15.7,6.86,5,11,0.4157,2747.0,0.802
2025-00407,2025-08-27,Lebu,moto,72.96,20.51,1,13,,9439.0,2.302
2025-00773,2025-08-27,Yumbel,furgon,71.81,2.33,6,17,,15241.0,3.503
2025-00635,2025-08-27,Yumbel,moto,97.07,12.92,8,17,,17534.0,4.236
2025-00027,2025-08-28,Hualpen,moto,27.92,11.96,5,9,0.4717,3286.0,0.985
2025-00254,2025-08-28,Yumbel,camion_ligero,52.57,22.79,4,18,,15090.0,3.57
2025-00873,2025-08-28,Hualqui,furgon,29.38,10.7,6,9,0.6185,8905.0,1.836
2025-00662,2025-08-29,Hualpen,moto,13.9,2.76,1,7,0.801,2873.0,0.631
2025-00370,2025-08-29,Cabrero,moto,53.48,28.95,8,13,,8909.0,1.997
2025-01222,2025-08-29,Cabrero,furgon,27.4,10.61,1,18,,6056.0,1.521
2025-00429,2025-08-30,Concepcion,moto,29.95,6.66,7,15,0.4836,3632.0,0.96
2025-00329,2025-08-30,Cabrero,furgon,47.53,63.07,8,9,0.3488,11296.0,2.782
2025-00229,2025-08-30,Curanilahue,furgon,66.83,7.5,6,19,,16686.0,3.815
2025-00435,2025-08-30,Hualpen,furgon,9.5,18.91,8,17,0.4884,5149.0,1.016
2025-00598,2025-08-31,Chiguayante,moto,24.83,31.56,7,11,0.631,4327.0,0.977
2025-00168,2025-08-31,Chiguayante,furgon,19.63,3.31,8,8,0.7436,4915.0,1.112
2025-00634,2025-08-31,Florida,camion_ligero,16.73,12.73,8,19,0.4975,6556.0,1.319
2025-01176,2025-08-31,Hualqui,furgon,17.92,14.8,2,11,,2326.0,0.436
2025-01138,2025-09-01,Lota,furgon,10.1,24.71,7,17,0.4685,3586.0,0.79
2025-00038,2025-09-01,Hualqui,camion_ligero,14.36,21.72,3,7,0.8821,3072.0,0.756
2025-01276,2025-09-01,Hualqui,moto,28.17,6.57,5,6,0.4506,4811.0,1.13
2025-00283,2025-09-01,Los Angeles,furgon,89.77,19.38,7,18,,16856.0,3.921
2025-00074,2025-09-01,Hualqui,furgon,9.66,13.77,4,6,0.7625,2102.0,0.407
2025-00790,2025-09-01,Tome,moto,19.77,18.35,2,11,0.4348,2833.0,0.559
2025-01198,2025-09-01,Arauco,furgon,62.23,35.49,5,7,,13794.0,3.335
2025-00213,2025-09-01,Tome,camion_ligero,27.98,24.15,5,11,,5339.0,1.417
2025-00418,2025-09-02,Nacimiento,furgon,86.68,19.2,6,15,,12592.0,2.959
2025-00336,2025-09-02,Los Angeles,moto,76.32,58.7,2,7,,10547.0,2.96
2025-00291,2025-09-02,Curanilahue,moto,63.08,21.78,3,14,,6127.0,1.737
2025-01147,2025-09-02,Hualpen,moto,16.64,12.68,4,17,0.3504,4129.0,0.631
2025-00315,2025-09-02,Talcahuano,furgon,17.57,14.02,6,17,,6330.0,1.197
2025-01336,2025-09-02,Hualqui,furgon,22.97,83.85,2,7,0.454,5851.0,1.38
2025-01115,2025-09-03,Hualqui,moto,11.19,12.69,3,14,0.543,3328.0,0.636
2025-00090,2025-09-03,Coronel,moto,9.75,10.86,7,13,0.4392,835.0,0.217
2025-01073,2025-09-03,Tome,camion_ligero,22.88,6.21,3,19,0.4012,5691.0,1.447
2025-00461,2025-09-04,Nacimiento,furgon,25.64,13.45,7,10,0.7744,4523.0,1.271
2025-01007,2025-09-04,Florida,moto,6.64,16.07,1,13,0.669,1619.0,0.41
2025-00316,2025-09-04,Hualpen,furgon,13.65,6.4,6,8,0.6747,2414.0,0.728
2025-01375,2025-09-04,Arauco,camion_ligero,49.17,21.55,5,9,,13567.0,2.904
2025-01143,2025-09-05,Chiguayante,moto,21.75,25.25,8,13,0.9713,3684.0,1.053
2025-00764,2025-09-05,Lebu,furgon,49.07,6.53,1,17,,8461.0,1.818
2025-00216,2025-09-06,Yumbel,camion_ligero,33.8,26.45,4,11,,8591.0,1.841
2025-01356,2025-09-06,Concepcion,furgon,14.78,27.42,6,16,,2293.0,0.601
2025-00276,2025-09-06,Laja,furgon,97.93,26.11,8,8,0.3924,22463.0,5.141
2025-01252,2025-09-06,Nacimiento,camion_ligero,37.94,13.89,8,7,,8845.0,2.078
2025-00581,2025-09-07,Talcahuano,camion_ligero,14.94,12.51,1,13,0.7276,3781.0,0.991
2025-00037,2025-09-07,Nacimiento,furgon,53.59,11.83,7,14,,6599.0,1.852
2025-00740,2025-09-08,Chiguayante,furgon,18.02,27.53,7,18,,5607.0,1.175
2025-01397,2025-09-08,Lebu,moto,95.49,17.34,3,13,,10279.0,2.242
2025-00498,2025-09-08,Curanilahue,furgon,64.62,25.9,2,16,,10590.0,2.37
2025-00224,2025-09-09,Chiguayante,furgon,22.0,5.08,8,13,,3391.0,1.12
2025-00886,2025-09-09,Chiguayante,moto,19.96,38.01,4,12,0.6081,4078.0,1.073
2025-00396,2025-09-09,Hualqui,moto,21.74,4.07,5,8,1.0,3982.0,1.033
2025-00580,2025-09-09,Hualpen,moto,15.38,3.76,3,18,,2819.0,0.631
2025-01154,2025-09-10,Los Angeles,furgon,70.0,14.1,2,6,,9002.0,2.065
2025-00728,2025-09-10,Los Angeles,moto,44.91,4.07,2,13,0.6958,5482.0,1.238
2025-00406,2025-09-10,Santa Juana,moto,30.47,30.68,4,10,0.4152,5783.0,1.306
2025-00368,2025-09-10,Coronel,furgon,20.48,9.69,3,7,0.6168,4494.0,0.883
2025-00955,2025-09-10,Curanilahue,moto,65.29,5.45,3,6,,9050.0,2.038
2025-00783,2025-09-10,Nacimiento,furgon,73.4,10.16,2,10,,7745.0,2.244
2025-00997,2025-09-10,Cabrero,moto,86.26,2.29,7,16,,13208.0,2.884
2025-00560,2025-09-10,Hualpen,furgon,24.47,33.08,6,17,0.7078,5407.0,1.447
2025-00551,2025-09-11,San Pedro de la Paz,furgon,14.77,10.41,5,12,0.6892,3651.0,0.908
2025-00018,2025-09-11,Hualpen,furgon,16.69,20.68,1,7,0.2641,5059.0,1.172
2025-01334,2025-09-11,Coronel,moto,18.09,25.68,8,9,1.0,5153.0,1.062
2025-00226,2025-09-12,San Pedro de la Paz,moto,18.2,32.21,6,8,0.7765,3078.0,1.169
2025-00248,2025-09-12,Coronel,moto,17.44,11.37,8,14,0.4168,3193.0,0.91
2025-00147,2025-09-12,Chiguayante,moto,22.98,49.64,1,15,0.9176,4276.0,0.709
2025-00618,2025-09-12,Nacimiento,furgon,42.04,12.36,7,7,,8312.0,1.942
2025-00467,2025-09-13,Talcahuano,moto,16.33,57.25,3,10,0.7754,2569.0,0.615
2025-00479,2025-09-13,Penco,moto,17.5,9.68,4,15,0.7111,2113.0,0.462
2025-00302,2025-09-13,Hualqui,camion_ligero,15.6,2.22,8,19,0.9176,5452.0,1.303
2025-00005,2025-09-13,Cabrero,moto,47.3,27.14,7,8,0.7113,8467.0,1.892
2025-01174,2025-09-13,Concepcion,camion_ligero,15.6,22.08,6,11,0.5362,4084.0,0.862
2025-00953,2025-09-13,Hualpen,moto,25.74,55.11,8,19,0.4431,7845.0,1.676
2025-00563,2025-09-14,San Pedro de la Paz,camion_ligero,13.91,33.89,7,11,0.4637,5390.0,1.021
2025-00042,2025-09-14,Cabrero,camion_ligero,94.44,25.75,2,15,,18422.0,4.389
2025-01366,2025-09-14,Santa Juana,furgon,14.42,14.41,4,18,0.6909,4665.0,1.066
2025-01108,2025-09-14,Florida,furgon,12.58,1.91,7,8,0.5037,3917.0,0.919
2025-00904,2025-09-15,Lebu,moto,64.17,16.83,2,16,,8162.0,2.181
2025-01229,2025-09-15,Tome,moto,26.84,17.38,3,7,0.4903,6220.0,1.329
2025-00207,2025-09-15,Talcahuano,moto,23.99,30.25,4,18,0.5667,4654.0,1.109
2025-00542,2025-09-15,Florida,camion_ligero,16.12,9.55,6,11,0.6005,5616.0,1.175
2025-00228,2025-09-15,Concepcion,furgon,21.73,28.99,4,13,0.627,4823.0,0.973
2025-00679,2025-09-16,Lebu,furgon,71.56,6.4,8,15,,10530.0,2.474
2025-00010,2025-09-16,Yumbel,moto,53.29,22.61,1,19,,6550.0,1.793
2025-00751,2025-09-16,Los Angeles,furgon,44.51,10.67,4,7,0.6108,8690.0,2.101
2025-01218,2025-09-16,Santa Juana,furgon,15.73,16.3,4,9,0.4743,2886.0,0.817
2025-00797,2025-09-16,Penco,camion_ligero,19.01,19.2,7,9,0.6014,7099.0,1.561
2025-01283,2025-09-16,Coronel,moto,7.78,22.23,3,14,1.0,257.0,0.216
2025-00455,2025-09-16,Hualqui,moto,20.68,8.94,2,9,0.3775,3410.0,0.971
2025-00264,2025-09-17,Tome,moto,4.19,8.12,8,18,0.6503,1555.0,0.458
2025-00529,2025-09-17,Lebu,furgon,47.75,35.42,4,14,0.5241,10130.0,2.198
2025-01149,2025-09-18,Chiguayante,furgon,6.22,5.34,2,7,0.5337,1368.0,0.28
2025-01195,2025-09-18,Arauco,camion_ligero,87.02,40.18,8,16,0.8656,18847.0,3.967
2025-00984,2025-09-18,Laja,furgon,73.05,4.88,1,14,,9763.0,2.378
2025-00240,2025-09-19,Los Angeles,furgon,67.95,28.94,1,11,,8612.0,2.156
2025-00579,2025-09-19,Talcahuano,furgon,24.84,43.74,3,9,0.7385,4648.0,1.016
2025-00828,2025-09-19,Laja,furgon,68.16,17.98,7,8,,10211.0,2.785
2025-00343,2025-09-19,Lebu,moto,105.34,11.49,4,19,,17302.0,3.842
2025-00441,2025-09-19,Tome,furgon,21.95,17.84,6,13,0.6158,4658.0,0.982
2025-00171,2025-09-19,Lebu,moto,43.88,2.2,5,14,0.4781,5306.0,1.485
2025-00208,2025-09-19,Santa Juana,furgon,14.76,23.76,1,10,0.7475,73.0,0.211
2025-00250,2025-09-20,Cabrero,furgon,96.07,27.51,5,12,0.4396,16254.0,3.913
2025-01054,2025-09-20,Santa Juana,moto,17.44,15.83,7,12,,5820.0,1.301
2025-00162,2025-09-20,Concepcion,camion_ligero,6.82,35.3,5,6,0.9948,3539.0,0.668
2025-00972,2025-09-21,Yumbel,furgon,75.63,27.21,7,17,0.7608,17490.0,3.52
2025-01046,2025-09-22,Cabrero,furgon,62.3,36.8,8,7,,15699.0,3.39
2025-00092,2025-09-22,Arauco,furgon,73.24,3.13,1,11,0.755,9759.0,2.202
2025-00943,2025-09-22,Cabrero,moto,68.05,12.46,8,13,0.767,8925.0,1.924
2025-01207,2025-09-23,Hualpen,furgon,18.62,18.87,7,19,0.596,4197.0,0.948
2025-01335,2025-09-23,Curanilahue,moto,103.4,3.81,8,10,,12847.0,3.201
2025-00965,2025-09-24,Lota,moto,11.99,6.65,2,18,0.7264,2586.0,0.622
2025-00470,2025-09-24,Santa Juana,furgon,30.87,32.47,5,9,0.2563,7827.0,2.011
2025-01045,2025-09-24,Arauco,furgon,44.78,26.08,6,17,,8571.0,1.962
2025-00610,2025-09-25,Yumbel,moto,74.78,12.27,3,17,,9806.0,2.617
2025-01185,2025-09-25,Laja,camion_ligero,55.82,28.59,3,14,,11316.0,2.592
2025-00895,2025-09-25,Laja,moto,25.42,20.97,7,9,0.5594,7556.0,1.646
2025-01201,2025-09-25,Yumbel,moto,42.48,10.87,3,12,0.5457,4812.0,1.364
2025-00524,2025-09-25,Florida,furgon,8.1,43.21,7,12,0.3635,4578.0,1.09
2025-00377,2025-09-25,Curanilahue,camion_ligero,60.8,18.66,2,19,,16659.0,3.924
2025-00647,2025-09-25,Coronel,camion_ligero,12.33,23.76,2,12,,3966.0,0.834
2025-00962,2025-09-26,Penco,camion_ligero,18.43,29.0,8,12,0.3268,4686.0,1.267
2025-00712,2025-09-26,Curanilahue,camion_ligero,2.0,33.28,1,10,0.6917,1697.0,0.425
2025-00084,2025-09-27,Coronel,furgon,13.59,37.46,5,18,0.5853,4714.0,0.95
2025-00357,2025-09-27,Los Angeles,camion_ligero,58.84,21.95,4,15,,10816.0,2.429
2025-00109,2025-09-27,Tome,moto,25.9,7.56,3,10,0.3545,2560.0,0.918
2025-01193,2025-09-27,Lebu,furgon,53.36,28.28,6,16,,9174.0,2.195
2025-01089,2025-09-27,Nacimiento,camion_ligero,68.85,18.87,6,6,,14138.0,3.361
2025-01015,2025-09-28,Talcahuano,furgon,15.95,9.32,5,16,0.9121,4049.0,0.719
2025-01137,2025-09-28,Coronel,moto,13.68,22.65,2,14,0.6532,949.0,0.195
2025-00768,2025-09-29,Lota,moto,22.97,16.21,8,10,0.4468,3911.0,1.049
2025-00506,2025-09-30,Lota,moto,12.35,26.81,3,12,0.723,2268.0,0.261
2025-01313,2025-09-30,Chiguayante,furgon,19.01,9.01,8,13,0.795,2115.0,0.802
2025-00527,2025-09-30,Santa Juana,moto,7.89,25.9,8,17,0.5958,3475.0,0.661
2025-00792,2025-09-30,Nacimiento,moto,63.37,20.4,2,17,,9751.0,2.371
2025-00065,2025-10-01,Lebu,furgon,90.63,17.48,1,6,,14370.0,3.307
2025-00091,2025-10-01,Laja,furgon,77.69,5.81,4,11,,13253.0,2.74
2025-01100,2025-10-01,Concepcion,furgon,20.91,10.58,3,19,0.7656,5309.0,1.187
2025-00373,2025-10-01,Los Angeles,furgon,59.91,21.39,7,6,0.6852,10099.0,2.559
2025-01106,2025-10-02,Chiguayante,moto,25.48,36.08,8,6,,6136.0,1.351
2025-00300,2025-10-02,Coronel,furgon,29.74,11.24,6,17,0.6895,6475.0,1.462
2025-00570,2025-10-02,Tome,camion_ligero,28.31,5.68,3,12,0.8754,5269.0,1.2
2025-00022,2025-10-02,San Pedro de la Paz,camion_ligero,11.8,1.15,7,10,0.2971,4870.0,0.996
2025-00532,2025-10-02,Nacimiento,furgon,60.07,9.46,5,12,,9685.0,2.56
2025-00637,2025-10-03,Nacimiento,furgon,55.98,24.61,4,15,0.5375,9251.0,2.319
2025-00021,2025-10-03,Lebu,moto,37.27,16.68,6,11,,6548.0,1.79
2025-00754,2025-10-04,Tome,furgon,26.28,19.08,6,16,0.6885,4635.0,1.01
2025-00991,2025-10-04,Penco,camion_ligero,16.09,5.52,6,17,,3374.0,0.864
2025-00702,2025-10-05,Concepcion,furgon,21.2,23.72,8,14,0.4548,4528.0,1.181
2025-00164,2025-10-05,Curanilahue,camion_ligero,19.73,14.2,1,18,0.5395,5806.0,1.181
2025-00199,2025-10-05,Yumbel,moto,70.81,32.29,4,15,,9062.0,2.152
2025-00522,2025-10-05,Hualqui,furgon,22.74,16.79,5,7,,6026.0,1.216
2025-00770,2025-10-05,Coronel,furgon,15.98,5.4,3,16,0.6634,911.0,0.302
2025-00352,2025-10-05,Hualqui,furgon,13.65,13.31,7,9,0.555,3881.0,0.901
2025-00367,2025-10-07,Chiguayante,furgon,13.27,13.5,7,7,0.4131,2882.0,0.788
2025-00271,2025-10-07,Hualqui,moto,8.3,9.84,4,6,0.7066,1463.0,0.408
2025-00601,2025-10-07,Los Angeles,furgon,36.35,7.73,4,11,,7157.0,1.809
2025-01321,2025-10-07,Yumbel,furgon,21.24,17.47,4,10,,3119.0,0.997
2025-00791,2025-10-07,Santa Juana,camion_ligero,29.33,12.61,7,19,,8634.0,2.115
2025-00525,2025-10-08,Chiguayante,furgon,7.53,9.78,4,13,0.5618,2805.0,0.504
2025-01169,2025-10-09,Arauco,furgon,98.39,6.5,7,19,,18448.0,4.833
2025-00957,2025-10-09,Laja,furgon,75.35,22.79,8,18,0.8762,14994.0,3.382
2025-01048,2025-10-09,Nacimiento,furgon,90.44,27.37,1,18,0.6073,18804.0,4.343
2025-01379,2025-10-10,Hualqui,furgon,30.87,18.33,2,15,0.4996,5961.0,1.259
2025-00001,2025-10-11,Coronel,camion_ligero,21.18,29.36,7,19,,5768.0,1.295
2025-00700,2025-10-12,Curanilahue,moto,30.74,6.77,8,12,,4045.0,1.031
2025-00893,2025-10-12,Santa Juana,moto,9.53,8.73,5,10,0.4246,2883.0,0.524
2025-00365,2025-10-12,Arauco,furgon,12.82,12.68,7,14,,2140.0,0.542
2025-01332,2025-10-12,San Pedro de la Paz,moto,18.78,1.45,5,11,0.6029,4021.0,0.768
2025-00349,2025-10-13,Arauco,furgon,41.81,18.14,1,11,0.5353,5694.0,1.663
2025-00117,2025-10-13,Talcahuano,moto,10.67,22.63,6,18,0.3947,3461.0,0.87
2025-00273,2025-10-13,Curanilahue,furgon,49.58,9.8,1,16,,8204.0,1.776
2025-01212,2025-10-14,Talcahuano,moto,25.12,15.87,1,11,0.5364,2610.0,0.656
2025-00748,2025-10-14,Tome,furgon,22.66,11.13,3,10,0.5346,3980.0,0.929
2025-01082,2025-10-14,Lota,moto,25.26,38.19,7,7,0.8293,6049.0,1.291
2025-01384,2025-10-14,Concepcion,moto,20.45,2.12,8,7,0.5991,3825.0,0.947
2025-01225,2025-10-14,Florida,furgon,18.1,9.66,8,17,0.6894,4598.0,1.134
2025-00061,2025-10-15,Hualpen,moto,16.19,11.52,2,14,0.7369,1740.0,0.203
2025-01392,2025-10-15,Penco,furgon,34.08,26.79,2,15,0.6978,5135.0,1.126
2025-01224,2025-10-16,Hualpen,moto,9.81,6.45,2,18,0.6262,2610.0,0.471
2025-01122,2025-10-16,Lota,furgon,16.71,13.95,4,6,0.883,3603.0,0.932
2025-00776,2025-10-16,Penco,camion_ligero,18.38,18.72,4,8,0.4337,6663.0,1.386
2025-00484,2025-10-17,Tome,camion_ligero,27.97,6.79,3,15,0.6414,4826.0,1.338
2025-01104,2025-10-17,Hualpen,furgon,9.49,1.74,1,18,0.5922,1623.0,0.423
2025-01311,2025-10-17,Penco,camion_ligero,18.13,13.59,6,8,0.6686,5491.0,1.089
2025-00369,2025-10-17,Yumbel,moto,52.11,13.78,4,16,,7801.0,1.623
2025-01387,2025-10-17,Coronel,moto,18.28,13.64,5,13,0.9523,874.0,0.502
2025-00905,2025-10-17,Yumbel,furgon,47.06,7.05,1,10,,6976.0,1.702
2025-00548,2025-10-17,Penco,furgon,20.17,13.24,1,15,,1937.0,0.563
2025-00948,2025-10-17,Arauco,moto,55.29,31.37,8,19,,9062.0,2.079
2025-00041,2025-10-17,San Pedro de la Paz,furgon,22.42,32.79,3,9,0.4412,4259.0,1.29
2025-00158,2025-10-17,Penco,furgon,23.44,37.51,7,15,0.9808,4617.0,0.927
2025-00434,2025-10-17,Coronel,furgon,17.44,38.45,5,19,0.6463,4245.0,1.011
2025-00345,2025-10-17,Lebu,moto,51.04,16.42,7,6,,7669.0,1.61
2025-00025,2025-10-18,Santa Juana,moto,21.27,19.08,4,8,0.9879,3407.0,0.607
2025-01165,2025-10-18,Hualpen,moto,21.58,5.18,4,9,0.6673,3377.0,0.853
2025-01155,2025-10-18,Coronel,camion_ligero,15.96,73.59,3,18,0.4809,6115.0,1.404
2025-00496,2025-10-18,Florida,furgon,16.5,10.28,5,14,0.6133,2870.0,0.8
2025-01123,2025-10-18,Laja,moto,50.55,4.44,1,11,0.7405,5299.0,1.198
2025-00620,2025-10-18,Los Angeles,furgon,63.74,45.76,1,7,,10909.0,2.7
2025-00350,2025-10-19,San Pedro de la Paz,furgon,13.12,7.19,8,9,0.7517,4026.0,0.933
2025-00646,2025-10-20,Cabrero,furgon,40.51,22.21,7,17,,11001.0,2.136
2025-01292,2025-10-20,Lebu,camion_ligero,51.7,27.47,6,14,,11009.0,2.671
2025-00540,2025-10-20,Florida,moto,19.78,25.51,8,19,0.4855,4697.0,1.181
2025-00701,2025-10-20,Nacimiento,furgon,53.74,22.56,5,7,,10189.0,2.713
2025-00987,2025-10-20,Florida,furgon,12.09,6.89,3,15,,1158.0,0.451
2025-00993,2025-10-20,Penco,moto,19.52,12.73,2,9,0.6235,1641.0,0.579
2025-00636,2025-10-20,Hualpen,moto,15.75,5.08,2,19,0.6889,1809.0,0.658
2025-00126,2025-10-21,San Pedro de la Paz,furgon,19.4,2.52,6,9,0.6262,4108.0,1.07
2025-00445,2025-10-21,Cabrero,moto,40.87,31.19,7,9,,7409.0,1.697
2025-00805,2025-10-21,Lebu,furgon,53.54,19.66,1,11,0.8707,6712.0,1.447
2025-00201,2025-10-22,Coronel,moto,20.47,34.53,6,8,0.4622,4477.0,1.197
2025-00132,2025-10-22,Concepcion,furgon,20.33,43.3,6,10,0.438,4204.0,0.942
2025-01211,2025-10-22,Chiguayante,furgon,23.43,29.5,8,15,0.4027,6296.0,1.483
2025-00696,2025-10-23,Hualqui,moto,18.94,13.66,5,14,,1150.0,0.401
2025-00019,2025-10-23,Santa Juana,furgon,20.5,5.41,1,19,,3264.0,0.695
2025-00903,2025-10-23,Coronel,furgon,23.64,9.46,4,10,0.4031,3854.0,1.124
2025-00910,2025-10-24,Talcahuano,moto,12.04,27.29,8,14,,3357.0,0.907
2025-00906,2025-10-24,Curanilahue,furgon,75.69,15.75,4,15,,12448.0,2.966
2025-00650,2025-10-24,Lebu,furgon,49.72,4.35,7,10,,8085.0,1.948
2025-00293,2025-10-25,Arauco,camion_ligero,84.21,26.49,3,12,0.368,18301.0,4.268
2025-00319,2025-10-25,Coronel,furgon,12.77,12.55,5,14,,3553.0,0.833
2025-00475,2025-10-25,Curanilahue,moto,69.57,12.57,6,12,,8237.0,2.031
2025-00608,2025-10-25,Coronel,camion_ligero,25.28,15.28,6,19,1.0,4919.0,1.463
2025-00932,2025-10-25,Los Angeles,furgon,63.93,26.96,6,17,,10772.0,2.902
2025-00864,2025-10-25,Santa Juana,moto,16.87,4.61,7,6,0.5364,3541.0,0.769
2025-01190,2025-10-27,Nacimiento,furgon,45.46,29.03,8,13,,10243.0,2.068
2025-01322,2025-10-27,Arauco,moto,68.26,5.64,8,13,0.6871,7807.0,2.137
2025-00000,2025-10-27,Arauco,camion_ligero,50.98,24.19,6,8,,13598.0,3.34
2025-00980,2025-10-27,Coronel,furgon,24.46,16.58,8,15,0.6581,5628.0,1.236
2025-00734,2025-10-27,Chiguayante,moto,24.01,15.14,8,15,0.6987,4140.0,0.951
2025-00175,2025-10-28,San Pedro de la Paz,moto,13.19,21.55,8,15,0.7456,4083.0,0.986
2025-00386,2025-10-28,Tome,furgon,18.96,32.11,2,15,0.2225,5299.0,1.246
2025-01060,2025-10-30,Lota,camion_ligero,25.53,13.82,2,9,0.4013,7270.0,1.651
2025-00723,2025-10-30,Coronel,camion_ligero,13.99,27.37,7,14,,3530.0,1.06
2025-00528,2025-10-30,Santa Juana,moto,28.44,22.39,4,7,0.7141,5736.0,1.347
2025-00939,2025-10-30,Talcahuano,furgon,22.79,24.79,3,6,0.7663,5344.0,1.131
2025-00463,2025-10-30,Arauco,moto,78.57,50.02,3,17,0.536,13031.0,3.101
2025-01325,2025-10-30,Hualqui,camion_ligero,9.88,34.74,2,17,0.5695,4169.0,0.813
2025-00287,2025-10-30,Penco,furgon,14.37,12.42,5,7,0.7904,4122.0,0.97
2025-00153,2025-10-30,Lota,furgon,25.17,4.35,1,6,,1906.0,0.622
2025-00072,2025-10-30,Florida,furgon,18.49,26.18,3,19,0.5593,4245.0,0.932
2025-00682,2025-10-31,Penco,camion_ligero,9.93,21.17,2,17,0.7428,3884.0,0.94
2025-00104,2025-10-31,Florida,furgon,18.6,12.9,2,16,0.613,3247.0,0.953
2025-00774,2025-10-31,Coronel,moto,17.71,12.12,1,10,0.7711,2600.0,0.743
2025-01189,2025-10-31,Los Angeles,furgon,93.97,55.71,3,7,,17620.0,4.064
2025-00312,2025-10-31,Arauco,furgon,65.37,15.67,5,13,,9962.0,2.164
2025-00546,2025-10-31,Santa Juana,moto,6.27,19.26,7,10,0.7148,1880.0,0.54
2025-00699,2025-10-31,Laja,camion_ligero,67.38,23.32,6,14,0.4144,14594.0,3.394
2025-01038,2025-11-01,Hualpen,moto,14.21,9.96,1,18,0.6662,2331.0,0.627
2025-00850,2025-11-01,Hualpen,furgon,9.8,7.52,7,8,0.5894,3849.0,0.958
2025-00049,2025-11-01,Lota,moto,18.47,7.88,3,18,0.8741,2935.0,0.562
2025-00405,2025-11-02,Concepcion,furgon,23.42,4.27,2,10,0.8758,5202.0,1.12
2025-00425,2025-11-02,Talcahuano,moto,25.8,23.28,7,12,0.6923,4148.0,1.105
2025-01164,2025-11-02,Penco,furgon,20.55,11.54,5,15,0.5904,4195.0,0.901
2025-01369,2025-11-03,Florida,moto,16.47,18.09,8,17,1.0,3765.0,1.037
2025-01395,2025-11-03,Tome,furgon,28.25,6.35,6,6,0.4591,5950.0,1.344
2025-00015,2025-11-03,Santa Juana,furgon,9.74,0.57,7,19,1.0,3472.0,0.814
2025-01181,2025-11-04,Nacimiento,moto,66.09,39.84,4,6,,6539.0,1.654
2025-00982,2025-11-04,Coronel,moto,5.59,7.14,1,16,,1077.0,0.342
2025-00437,2025-11-04,Tome,furgon,14.43,10.28,7,10,,3394.0,0.933
2025-00361,2025-11-04,Nacimiento,moto,45.27,7.33,2,18,,5470.0,1.523
2025-00298,2025-11-04,Cabrero,camion_ligero,90.99,1.92,7,13,,13589.0,3.343
2025-01175,2025-11-05,Tome,furgon,8.95,2.55,8,17,0.5166,4148.0,0.913
2025-01350,2025-11-05,Curanilahue,furgon,24.15,22.03,5,16,0.562,4766.0,1.205
2025-00004,2025-11-05,Concepcion,furgon,20.62,5.4,2,9,0.598,4230.0,1.005
2025-00477,2025-11-05,Penco,furgon,15.67,17.43,2,13,,2042.0,0.762
2025-01210,2025-11-06,Los Angeles,moto,77.52,16.54,8,12,,12292.0,2.723
2025-00214,2025-11-06,San Pedro de la Paz,furgon,9.72,45.25,1,15,0.6393,602.0,0.32
2025-01182,2025-11-06,Talcahuano,furgon,13.22,15.53,7,10,,4432.0,1.007
2025-00967,2025-11-07,Hualqui,furgon,25.26,6.21,8,17,0.7312,5969.0,1.376
2025-00611,2025-11-07,Talcahuano,moto,19.97,15.8,3,9,0.4893,4351.0,1.039
2025-00464,2025-11-07,San Pedro de la Paz,moto,38.38,39.31,3,10,0.5002,7636.0,1.753
2025-01230,2025-11-08,Lota,moto,14.83,41.84,5,14,,3662.0,0.748
2025-01351,2025-11-08,Hualpen,camion_ligero,13.65,3.73,5,18,0.4884,3348.0,0.804
2025-00630,2025-11-08,Concepcion,furgon,30.27,43.64,1,17,0.8346,5466.0,1.295
2025-01107,2025-11-08,Tome,furgon,13.79,31.8,5,7,,3759.0,1.012
2025-00220,2025-11-08,Hualpen,camion_ligero,13.49,38.82,4,11,0.4659,4972.0,0.93
2025-01250,2025-11-09,Laja,furgon,44.59,10.16,8,11,,9207.0,2.106
2025-00591,2025-11-09,Hualpen,moto,20.78,16.84,1,9,0.3384,3584.0,0.889
2025-00973,2025-11-09,Concepcion,furgon,17.23,31.46,8,19,0.6235,6144.0,1.253
2025-01090,2025-11-09,Lebu,furgon,43.8,12.79,6,8,,8573.0,2.587
2025-00688,2025-11-09,Chiguayante,moto,18.41,14.3,2,11,0.4794,1603.0,0.592
2025-00466,2025-11-10,Tome,furgon,19.89,34.03,6,8,0.5406,4844.0,1.32
2025-01301,2025-11-10,Concepcion,furgon,9.75,29.43,3,8,,4083.0,0.873
2025-00954,2025-11-10,Curanilahue,furgon,2.0,6.17,5,18,,1340.0,0.353
2025-00804,2025-11-10,Santa Juana,furgon,21.67,17.28,8,10,0.9756,4672.0,0.963
2025-00891,2025-11-10,Penco,furgon,18.12,20.24,8,14,0.7374,4175.0,1.151
2025-00444,2025-11-11,Chiguayante,furgon,15.49,12.53,6,12,0.4152,3671.0,1.11
2025-00914,2025-11-11,Florida,camion_ligero,19.14,40.31,1,16,0.4889,3813.0,1.008
2025-00014,2025-11-11,Hualpen,moto,19.65,9.61,5,17,0.6073,4046.0,0.896
2025-01170,2025-11-12,Nacimiento,moto,85.19,17.01,6,9,0.4603,10993.0,3.19
2025-00211,2025-11-12,Lota,furgon,23.24,20.18,7,10,0.9705,3981.0,1.045
2025-00841,2025-11-13,Concepcion,moto,16.25,11.89,1,12,0.7955,768.0,0.633
2025-00324,2025-11-13,Laja,moto,66.92,25.27,7,8,,10507.0,2.894
2025-00810,2025-11-13,Concepcion,camion_ligero,9.77,12.44,7,15,0.7292,2737.0,0.844
2025-01105,2025-11-13,Curanilahue,moto,45.94,11.17,5,16,0.5508,5697.0,1.633
2025-00796,2025-11-13,Yumbel,furgon,70.61,23.45,4,15,,11172.0,2.909
2025-00450,2025-11-13,Lebu,moto,78.07,5.18,4,12,,9590.0,2.147
2025-00504,2025-11-13,Santa Juana,furgon,28.39,16.02,1,9,0.5413,5299.0,1.254
2025-00517,2025-11-14,Penco,moto,18.29,34.47,1,11,0.5522,2643.0,0.708
2025-01275,2025-11-14,Santa Juana,furgon,23.01,24.81,8,16,0.6446,5277.0,1.009
2025-00355,2025-11-14,Hualqui,furgon,18.36,10.35,3,7,0.5924,5517.0,1.333
2025-00777,2025-11-14,Cabrero,furgon,87.48,25.31,6,16,,16142.0,3.452
2025-00814,2025-11-14,Concepcion,camion_ligero,21.39,12.57,8,7,0.316,8417.0,1.889
2025-00181,2025-11-14,Florida,moto,21.81,20.43,1,15,0.8246,3409.0,0.777
2025-00398,2025-11-14,Cabrero,moto,66.45,22.55,8,9,,12251.0,2.84
2025-00170,2025-11-15,Curanilahue,furgon,92.76,21.43,6,8,,18221.0,4.27
2025-01139,2025-11-15,Concepcion,furgon,22.16,21.54,4,17,0.4414,6632.0,1.334
2025-01323,2025-11-15,Los Angeles,furgon,37.8,37.24,7,18,,9084.0,2.202
2025-00844,2025-11-15,Hualpen,camion_ligero,16.87,20.62,4,15,0.6185,3442.0,0.999
2025-01026,2025-11-15,Curanilahue,furgon,106.22,1.49,5,9,,21104.0,4.767
2025-00488,2025-11-15,Lebu,camion_ligero,94.48,9.11,6,17,,25226.0,6.079
2025-00908,2025-11-15,Arauco,furgon,33.95,64.7,5,9,,7291.0,2.094
2025-00514,2025-11-16,Hualqui,camion_ligero,7.45,2.39,6,16,0.7194,2382.0,0.585
2025-00708,2025-11-16,Tome,moto,17.27,10.28,5,10,0.5343,4011.0,0.889
2025-00737,2025-11-16,Arauco,furgon,64.95,9.72,1,6,,10478.0,2.375
2025-00390,2025-11-16,Lota,furgon,24.29,9.08,3,16,0.8494,2809.0,0.743
2025-00971,2025-11-16,Yumbel,furgon,93.03,38.48,6,7,,19163.0,4.501
2025-00578,2025-11-16,Hualqui,furgon,25.01,27.67,2,6,0.5191,3341.0,0.832
2025-00243,2025-11-16,Lota,camion_ligero,32.48,20.69,1,8,0.7197,7684.0,1.945
2025-00408,2025-11-17,Chiguayante,furgon,12.98,14.65,1,19,0.3429,2171.0,0.75
2025-00889,2025-11-17,Tome,camion_ligero,9.27,3.34,6,17,0.6643,3770.0,0.675
2025-01287,2025-11-18,Chiguayante,moto,10.5,11.71,7,10,0.4554,2371.0,0.596
2025-00644,2025-11-18,Chiguayante,furgon,11.79,43.52,7,18,1.0,3078.0,0.825
2025-00787,2025-11-18,Florida,moto,19.71,10.1,4,18,0.8236,5176.0,0.994
2025-00567,2025-11-19,Cabrero,furgon,57.51,9.94,3,11,,7209.0,1.799
2025-00394,2025-11-19,Talcahuano,furgon,17.07,29.41,3,19,0.6794,5116.0,1.296
2025-01365,2025-11-19,Los Angeles,furgon,54.84,16.22,6,8,,11381.0,2.997
2025-00235,2025-11-19,Curanilahue,camion_ligero,80.9,72.74,1,15,0.669,15468.0,3.507
2025-00574,2025-11-20,Coronel,moto,11.58,17.5,7,7,0.4746,3251.0,0.69
2025-01271,2025-11-20,Yumbel,moto,62.77,31.4,1,15,,8858.0,1.853
2025-00481,2025-11-20,Florida,moto,26.18,10.1,3,14,0.8202,2268.0,0.612
2025-00305,2025-11-20,Nacimiento,furgon,46.78,17.91,1,15,,6263.0,1.748
2025-00080,2025-11-20,Lota,furgon,19.97,34.86,3,12,,3988.0,0.875
2025-01221,2025-11-20,Los Angeles,furgon,101.8,17.74,5,10,,16992.0,3.608
2025-00802,2025-11-20,Concepcion,furgon,10.89,11.58,2,15,0.7385,2750.0,0.623
2025-00044,2025-11-20,Tome,moto,15.06,15.3,1,18,0.7425,2699.0,0.706
2025-00553,2025-11-21,Penco,furgon,22.4,28.24,7,13,0.7801,6409.0,1.197
2025-00659,2025-11-21,San Pedro de la Paz,furgon,16.82,13.86,4,10,0.8058,2782.0,0.458
2025-00166,2025-11-21,Santa Juana,camion_ligero,19.01,40.24,2,19,0.5699,5492.0,1.365
2025-00720,2025-11-21,Yumbel,furgon,18.38,25.19,7,8,,5367.0,1.289
2025-01231,2025-11-21,Yumbel,furgon,66.7,18.81,7,15,,9120.0,2.211
2025-00531,2025-11-22,Curanilahue,furgon,85.61,16.93,1,9,1.0,15514.0,3.571
2025-01141,2025-11-23,Laja,moto,45.19,29.76,8,11,,6080.0,1.487
2025-00956,2025-11-23,Florida,camion_ligero,18.76,15.85,2,18,,5023.0,1.128
2025-00040,2025-11-24,Coronel,furgon,16.77,9.85,2,11,0.5568,2039.0,0.42
2025-00105,2025-11-24,Laja,moto,107.86,9.54,6,10,0.7184,11949.0,2.726
2025-00269,2025-11-24,San Pedro de la Paz,moto,30.94,20.32,4,9,,6212.0,1.493
2025-01172,2025-11-25,Tome,furgon,2.0,21.83,2,10,0.841,1923.0,0.363
2025-00272,2025-11-26,Penco,moto,8.69,19.17,3,8,0.8522,1774.0,0.447
2025-00521,2025-11-26,Nacimiento,moto,35.1,34.65,8,19,,8190.0,1.775
2025-00738,2025-11-26,Cabrero,moto,81.73,34.12,2,15,0.8601,9371.0,2.137
2025-00070,2025-11-26,Nacimiento,furgon,75.9,45.22,4,19,,14207.0,3.744
2025-00595,2025-11-26,San Pedro de la Paz,moto,5.24,17.93,6,13,0.6203,4110.0,0.954
2025-01161,2025-11-26,Laja,furgon,50.33,13.72,1,8,,9975.0,2.111
2025-00112,2025-11-27,Lebu,furgon,23.24,34.75,7,19,,6793.0,1.448
2025-01166,2025-11-27,Nacimiento,furgon,29.25,35.16,3,17,,4720.0,1.149
2025-01374,2025-11-28,Talcahuano,moto,22.92,16.65,5,11,0.4022,4831.0,1.076
2025-00614,2025-11-28,Hualpen,furgon,7.84,4.46,5,9,0.6034,2220.0,0.392
2025-01145,2025-11-28,Lota,furgon,4.95,12.42,6,15,0.5292,3276.0,0.712
2025-00399,2025-11-28,Penco,moto,10.0,41.67,8,16,0.4874,4086.0,1.05
2025-00887,2025-11-29,Coronel,furgon,8.59,25.23,6,7,0.667,3932.0,0.858
2025-00666,2025-11-29,Yumbel,moto,64.25,10.49,6,19,,11449.0,2.658
2025-00270,2025-11-29,Florida,furgon,18.39,10.44,7,19,0.6795,5835.0,1.354
2025-01288,2025-11-30,Santa Juana,moto,11.32,44.67,3,16,0.8295,2033.0,0.443
2025-00063,2025-11-30,Lota,furgon,6.43,29.26,7,10,0.8628,1053.0,0.431
2025-00518,2025-11-30,Penco,furgon,5.77,43.51,4,14,,1280.0,0.424
2025-00995,2025-11-30,Concepcion,furgon,19.08,3.6,3,10,,5005.0,0.937
2025-01056,2025-11-30,Penco,furgon,28.58,14.95,2,14,,3651.0,1.03
2025-00940,2025-11-30,Talcahuano,moto,22.42,31.69,8,6,0.5992,4078.0,0.994
2025-00566,2025-11-30,Arauco,furgon,6.24,9.96,7,8,0.6787,2615.0,0.536
2025-00202,2025-11-30,San Pedro de la Paz,camion_ligero,19.33,18.67,7,13,0.8317,7071.0,1.314
2025-01348,2025-11-30,Tome,furgon,10.14,6.32,7,9,0.8023,2922.0,0.72
2025-01346,2025-11-30,Lota,moto,21.31,20.9,8,14,0.5629,1989.0,0.75
2025-00328,2025-11-30,Los Angeles,moto,64.8,51.07,4,12,0.7977,8603.0,1.752
2025-00111,2025-12-01,Chiguayante,furgon,17.83,9.64,8,16,0.411,4577.0,1.175
2025-00255,2025-12-01,Lota,camion_ligero,26.28,19.18,5,9,0.6185,7577.0,1.644
2025-00035,2025-12-01,Cabrero,moto,119.63,25.16,6,18,,15797.0,4.108
2025-01337,2025-12-01,Hualqui,moto,16.46,7.51,6,19,0.5278,4306.0,0.863
2025-01150,2025-12-01,Tome,furgon,32.8,5.56,1,13,,5154.0,1.272
2025-01085,2025-12-02,Los Angeles,camion_ligero,103.94,5.36,1,12,0.6659,17835.0,4.388
2025-00562,2025-12-02,Lota,moto,10.66,30.57,3,13,0.4439,1985.0,0.396
2025-00576,2025-12-02,Hualqui,furgon,8.8,30.76,8,13,0.5017,2407.0,0.693
2025-00260,2025-12-03,Nacimiento,furgon,76.77,15.95,4,10,,11347.0,2.716
2025-01393,2025-12-03,Chiguayante,furgon,28.99,47.72,8,14,,4715.0,1.413
2025-01113,2025-12-03,San Pedro de la Paz,moto,17.37,5.42,8,7,,5803.0,1.132
2025-01158,2025-12-03,Chiguayante,furgon,21.2,30.6,2,13,0.448,3305.0,0.866
2025-00543,2025-12-03,Coronel,furgon,15.88,2.98,4,7,0.5887,3861.0,1.179
2025-00929,2025-12-03,Penco,furgon,16.5,2.7,4,13,0.6596,2072.0,0.589
2025-01339,2025-12-04,Cabrero,moto,55.9,4.56,2,19,0.5892,7175.0,2.081
2025-00515,2025-12-04,Lota,furgon,18.77,8.59,6,12,0.7598,3095.0,1.051
2025-01062,2025-12-04,Lebu,camion_ligero,28.51,24.51,8,7,,6661.0,1.977
2025-00883,2025-12-04,Penco,moto,26.3,45.82,3,17,,2932.0,0.797
2025-00085,2025-12-04,Talcahuano,moto,26.51,28.71,6,10,0.6487,4178.0,1.038
2025-00793,2025-12-05,Los Angeles,furgon,45.51,4.88,8,14,,9461.0,2.14
2025-00876,2025-12-05,Laja,moto,28.09,16.27,8,18,0.8221,6144.0,1.466
2025-01306,2025-12-05,Yumbel,camion_ligero,30.74,30.11,6,6,,7054.0,1.484
2025-00052,2025-12-05,Nacimiento,moto,60.49,41.71,2,6,0.9063,8842.0,1.776
2025-00718,2025-12-06,Los Angeles,furgon,79.58,9.54,3,6,,11857.0,3.077
2025-00846,2025-12-06,Coronel,camion_ligero,23.56,22.92,6,15,0.7396,5335.0,1.576
2025-01013,2025-12-06,Cabrero,camion_ligero,52.2,9.88,3,17,,12689.0,3.25
2025-01120,2025-12-06,Cabrero,furgon,50.84,6.08,4,11,,9518.0,2.093
2025-01047,2025-12-06,Talcahuano,furgon,11.0,34.9,3,17,0.5266,3167.0,0.758
2025-00836,2025-12-06,Concepcion,furgon,19.3,16.14,4,12,0.6745,4189.0,0.832
2025-00909,2025-12-07,San Pedro de la Paz,furgon,22.04,1.76,8,7,,5116.0,1.165
2025-00667,2025-12-07,Florida,moto,24.57,30.93,2,9,,4920.0,1.135
2025-00047,2025-12-07,Hualpen,furgon,15.23,5.01,4,8,0.6359,3350.0,0.76
2025-00801,2025-12-07,Penco,moto,19.09,11.98,6,8,0.6112,4643.0,0.977
2025-00244,2025-12-07,Lota,moto,19.03,26.28,7,17,0.6473,3931.0,0.891
2025-00834,2025-12-08,Tome,camion_ligero,19.15,55.58,2,6,0.7672,3760.0,1.02
2025-00545,2025-12-08,Cabrero,moto,69.56,19.37,4,12,,9152.0,2.197
2025-01091,2025-12-08,Tome,moto,13.57,16.52,1,13,1.0,2175.0,0.344
2025-00146,2025-12-09,Nacimiento,camion_ligero,86.65,19.99,7,11,,18403.0,4.183
2025-01370,2025-12-09,Yumbel,moto,90.74,10.82,2,9,0.6033,14093.0,3.449
2025-00182,2025-12-09,Laja,camion_ligero,71.46,2.82,1,9,,17569.0,3.627
2025-00927,2025-12-09,Lota,furgon,17.34,34.57,6,9,0.7365,4023.0,1.111
2025-00446,2025-12-09,Laja,furgon,90.81,8.41,8,15,0.5786,15848.0,3.422
2025-00760,2025-12-09,Lota,moto,20.12,31.04,6,18,,5398.0,1.075
2025-00359,2025-12-09,Chiguayante,furgon,9.42,16.53,4,14,0.4868,2004.0,0.369
2025-00151,2025-12-09,Hualpen,furgon,6.78,6.56,3,19,0.633,1280.0,0.416
2025-01040,2025-12-09,Yumbel,moto,68.22,19.61,4,9,,12113.0,2.613
2025-00853,2025-12-10,San Pedro de la Paz,furgon,16.64,10.81,7,10,0.5855,5402.0,0.953
2025-00625,2025-12-10,Yumbel,furgon,30.69,26.69,6,11,,6028.0,1.204
2025-01135,2025-12-10,Lota,moto,14.61,5.1,7,8,0.6279,5164.0,1.064
2025-01352,2025-12-11,Florida,furgon,8.5,25.86,4,9,0.7646,135.0,0.16
2025-01127,2025-12-11,Curanilahue,furgon,41.4,26.31,1,14,,6757.0,1.647
2025-00310,2025-12-11,Arauco,furgon,32.63,62.05,5,12,,7335.0,1.676
2025-00339,2025-12-12,Talcahuano,moto,19.81,27.66,5,17,0.7717,2875.0,0.812
2025-00227,2025-12-12,Penco,moto,27.39,8.21,5,15,0.4993,3699.0,0.843
2025-00749,2025-12-12,Lebu,furgon,56.42,9.43,3,11,0.7832,5280.0,1.518
2025-01371,2025-12-12,Tome,furgon,22.84,12.31,4,15,0.9284,4257.0,0.94
2025-00741,2025-12-12,Lota,furgon,16.31,18.57,3,6,0.7022,3248.0,0.779
2025-00892,2025-12-12,Cabrero,moto,96.19,14.14,1,15,1.0,8575.0,1.973
2025-00135,2025-12-13,Laja,moto,38.18,25.76,3,8,,5831.0,1.593
2025-00281,2025-12-13,Arauco,moto,38.19,7.25,3,15,,5492.0,1.229
2025-00478,2025-12-13,Talcahuano,moto,26.89,32.24,6,7,0.6134,5606.0,1.316
2025-01263,2025-12-13,Hualqui,furgon,7.44,9.31,2,14,0.6178,701.0,0.328
2025-00449,2025-12-13,Hualqui,moto,22.18,20.96,8,15,0.4017,3688.0,0.902
2025-00267,2025-12-14,Santa Juana,furgon,22.05,10.18,3,16,0.4643,4105.0,1.107
2025-00183,2025-12-15,Coronel,furgon,23.05,54.77,8,17,0.6694,6785.0,1.752
2025-00360,2025-12-15,Coronel,moto,24.47,29.98,8,8,0.4856,5000.0,1.261
2025-00979,2025-12-15,Yumbel,furgon,40.23,16.68,1,7,,7641.0,1.858
2025-00451,2025-12-15,San Pedro de la Paz,furgon,5.83,16.58,1,15,,2577.0,0.478
2025-00180,2025-12-16,Talcahuano,furgon,20.69,8.24,1,6,0.8082,3570.0,0.85
2025-01294,2025-12-16,Laja,moto,58.69,12.7,7,14,,8302.0,1.772
2025-01341,2025-12-16,Penco,camion_ligero,17.7,9.63,8,19,0.2254,6104.0,1.445
2025-00323,2025-12-16,Coronel,moto,15.03,12.69,4,19,,2712.0,0.837
2025-00952,2025-12-16,Lota,camion_ligero,12.46,15.7,8,7,0.5709,6026.0,1.412
2025-01109,2025-12-16,Santa Juana,furgon,23.46,11.74,3,8,0.7448,4937.0,1.126
2025-00816,2025-12-16,Talcahuano,furgon,22.06,10.2,5,19,,4889.0,1.317
2025-01039,2025-12-17,Hualqui,camion_ligero,15.89,8.23,2,14,0.6927,2565.0,0.61
2025-00145,2025-12-17,Hualpen,camion_ligero,5.5,7.55,8,17,0.449,4280.0,0.988
2025-01171,2025-12-17,Nacimiento,camion_ligero,83.04,15.02,1,6,1.0,14243.0,3.065
2025-00798,2025-12-17,Lota,furgon,20.36,7.93,1,17,0.9325,4758.0,1.003
2025-01157,2025-12-17,Hualqui,camion_ligero,21.59,23.3,6,18,0.6246,7200.0,1.712
2025-00779,2025-12-17,Hualqui,furgon,18.41,38.87,7,17,0.4998,5718.0,1.408
2025-00535,2025-12-18,Santa Juana,moto,20.21,6.03,5,16,,4157.0,0.981
2025-00379,2025-12-18,Yumbel,furgon,80.98,18.87,6,12,,11709.0,2.486
2025-00767,2025-12-18,Coronel,furgon,24.43,45.42,1,17,0.4496,6478.0,1.215
2025-00295,2025-12-18,Tome,moto,19.48,43.24,3,6,0.916,561.0,0.42
2025-00133,2025-12-19,Lota,moto,24.93,19.2,8,17,0.2614,5873.0,1.368
2025-01274,2025-12-19,Curanilahue,furgon,65.09,24.03,7,13,,13199.0,2.811
2025-01257,2025-12-19,Florida,furgon,21.97,14.09,6,8,1.0,6414.0,1.458
2025-00642,2025-12-19,Laja,furgon,67.66,20.96,2,11,0.4229,9998.0,2.484
2025-00026,2025-12-20,Laja,furgon,5.18,55.35,7,8,,1964.0,0.586
2025-00436,2025-12-20,Chiguayante,moto,22.76,24.47,3,17,0.7892,2453.0,0.637
2025-00288,2025-12-20,Laja,furgon,81.52,18.12,4,7,,17209.0,4.186
2025-00866,2025-12-20,Cabrero,moto,85.08,5.12,7,19,0.6579,12513.0,3.074
2025-00832,2025-12-20,Chiguayante,moto,2.0,25.15,1,13,0.6777,1028.0,0.302
2025-01199,2025-12-21,Hualpen,camion_ligero,11.41,6.56,1,10,0.7908,3312.0,0.616
2025-00453,2025-12-21,Santa Juana,moto,22.7,38.16,5,19,,4084.0,1.169
2025-01018,2025-12-22,Los Angeles,camion_ligero,33.3,28.18,2,12,,8706.0,1.983
2025-00586,2025-12-22,Arauco,moto,14.8,13.89,6,10,0.8372,2769.0,0.455
2025-01298,2025-12-22,Curanilahue,camion_ligero,65.71,39.35,6,8,,19963.0,4.403
2025-01099,2025-12-23,Arauco,camion_ligero,91.25,20.98,3,12,,16460.0,4.065
2025-00179,2025-12-24,Curanilahue,camion_ligero,115.98,37.65,5,16,,22221.0,5.195
2025-00448,2025-12-24,Tome,furgon,30.45,28.51,1,9,,6699.0,1.628
2025-01028,2025-12-25,Concepcion,furgon,9.09,2.8,5,11,0.5994,2782.0,0.59
2025-01009,2025-12-25,Curanilahue,camion_ligero,49.51,5.83,8,8,0.1804,15719.0,3.702
2025-00789,2025-12-25,Nacimiento,furgon,59.76,33.53,2,6,0.377,9143.0,2.201
2025-00674,2025-12-25,Arauco,moto,50.6,21.68,1,11,,7443.0,1.488
2025-01320,2025-12-25,Laja,furgon,51.57,13.82,2,11,,7465.0,1.728
2025-00564,2025-12-25,Curanilahue,furgon,82.06,24.27,3,14,,13234.0,2.973
2025-01084,2025-12-26,Hualqui,moto,22.44,22.75,5,7,0.4523,4709.0,1.26
2025-00534,2025-12-26,Hualqui,camion_ligero,11.96,26.25,5,7,0.5678,4290.0,1.312
2025-00803,2025-12-26,Arauco,moto,102.59,14.18,8,13,0.3347,15613.0,3.526
2025-01316,2025-12-27,Tome,furgon,18.59,35.02,3,11,0.703,3417.0,0.946
2025-00719,2025-12-27,San Pedro de la Paz,camion_ligero,17.69,28.2,4,6,0.5611,4857.0,1.017
2025-00858,2025-12-27,Nacimiento,camion_ligero,41.91,24.13,3,14,0.533,7337.0,1.994
2025-01281,2025-12-28,Curanilahue,moto,104.56,4.8,1,7,,17132.0,4.084
2025-01368,2025-12-28,Lebu,furgon,60.2,8.5,1,13,,12215.0,2.603
2025-00485,2025-12-28,Yumbel,moto,4.8,25.46,3,16,1.0,2799.0,0.481
2025-00994,2025-12-28,Cabrero,furgon,67.63,26.98,7,10,0.592,11526.0,2.703
2025-00055,2025-12-29,Los Angeles,moto,70.19,17.86,5,6,,6962.0,1.763
2025-00747,2025-12-29,Los Angeles,moto,68.43,5.43,2,16,0.6664,8702.0,1.717
2025-00661,2025-12-30,Talcahuano,moto,20.1,12.55,6,11,0.2251,3479.0,0.827
2025-00930,2025-12-30,Concepcion,furgon,19.99,22.82,8,10,0.6685,5179.0,1.289
2025-01093,2025-12-30,Chiguayante,furgon,14.49,61.4,1,17,,3263.0,0.713
2025-00137,2025-12-30,Florida,moto,2.0,2.35,8,11,0.4575,1644.0,0.471
2025-00356,2025-12-30,Penco,moto,20.63,10.27,1,11,0.4375,3688.0,0.853
2025-00885,2025-12-31,Tome,camion_ligero,4.0,13.28,7,18,0.8357,1553.0,0.39
2025-00438,2025-12-31,Chiguayante,camion_ligero,25.34,24.75,2,19,0.627,6243.0,1.585
2025-00983,2025-12-31,Santa Juana,furgon,8.62,6.64,3,11,0.5895,-29.0,0.191
2025-01140,2025-12-31,Curanilahue,furgon,83.0,32.11,1,9,,13386.0,3.614
